2026-03-10 18:00:01,566   INFO  **********************Start logging**********************
2026-03-10 18:00:01,566   INFO  CUDA_VISIBLE_DEVICES=0,1
2026-03-10 18:00:01,566   INFO  total_batch_size: 4
2026-03-10 18:00:01,566   INFO  cfg_file         tools/cfgs/waymo_models/msf_8frames.yaml
2026-03-10 18:00:01,566   INFO  batch_size       4
2026-03-10 18:00:01,566   INFO  epochs           6
2026-03-10 18:00:01,566   INFO  workers          8
2026-03-10 18:00:01,567   INFO  extra_tag        default
2026-03-10 18:00:01,567   INFO  ckpt             output/cfgs/waymo_models/msf_8frames/default/ckpt/latest_model.pth
2026-03-10 18:00:01,567   INFO  pretrained_model None
2026-03-10 18:00:01,567   INFO  launcher         slurm
2026-03-10 18:00:01,567   INFO  tcp_port         18888
2026-03-10 18:00:01,567   INFO  sync_bn          False
2026-03-10 18:00:01,567   INFO  fix_random_seed  False
2026-03-10 18:00:01,567   INFO  ckpt_save_interval 1
2026-03-10 18:00:01,567   INFO  local_rank       0
2026-03-10 18:00:01,567   INFO  max_ckpt_save_num 30
2026-03-10 18:00:01,567   INFO  merge_all_iters_to_one_epoch False
2026-03-10 18:00:01,567   INFO  set_cfgs         ['DATA_CONFIG.ROI_BOXES_PATH.train', '/storage/project/r-gchou3-0/spanse30/OpenPCDet/output/cfgs/custom_models/centerpoint_multiframe_waymo/default/eval/epoch_36/train/default/result_fixed.pkl', 'DATA_CONFIG.ROI_BOXES_PATH.test', '/storage/project/r-gchou3-0/spanse30/OpenPCDet/output/cfgs/custom_models/centerpoint_multiframe_waymo/default/eval/epoch_36/val/default/result_fixed.pkl']
2026-03-10 18:00:01,567   INFO  max_waiting_mins 0
2026-03-10 18:00:01,567   INFO  start_epoch      0
2026-03-10 18:00:01,567   INFO  num_epochs_to_eval 0
2026-03-10 18:00:01,567   INFO  save_to_file     False
2026-03-10 18:00:01,567   INFO  use_tqdm_to_record False
2026-03-10 18:00:01,567   INFO  logger_iter_interval 50
2026-03-10 18:00:01,567   INFO  ckpt_save_time_interval 300
2026-03-10 18:00:01,567   INFO  wo_gpu_stat      False
2026-03-10 18:00:01,567   INFO  cfg.ROOT_DIR: /storage/project/r-gchou3-0/spanse30/MSF
2026-03-10 18:00:01,567   INFO  cfg.LOCAL_RANK: 0
2026-03-10 18:00:01,567   INFO  cfg.CLASS_NAMES: ['Vehicle', 'Pedestrian', 'Cyclist']
2026-03-10 18:00:01,567   INFO  
cfg.DATA_CONFIG = edict()
2026-03-10 18:00:01,567   INFO  cfg.DATA_CONFIG.DATASET: WaymoDataset
2026-03-10 18:00:01,567   INFO  cfg.DATA_CONFIG.DATA_PATH: /storage/project/r-gchou3-0/shared/waymo
2026-03-10 18:00:01,567   INFO  cfg.DATA_CONFIG.PROCESSED_DATA_TAG: waymo_processed_data_v0_5_0
2026-03-10 18:00:01,567   INFO  cfg.DATA_CONFIG.POINT_CLOUD_RANGE: [-75.2, -75.2, -2, 75.2, 75.2, 4]
2026-03-10 18:00:01,567   INFO  
cfg.DATA_CONFIG.DATA_SPLIT = edict()
2026-03-10 18:00:01,567   INFO  cfg.DATA_CONFIG.DATA_SPLIT.train: train
2026-03-10 18:00:01,567   INFO  cfg.DATA_CONFIG.DATA_SPLIT.test: val
2026-03-10 18:00:01,567   INFO  
cfg.DATA_CONFIG.SAMPLED_INTERVAL = edict()
2026-03-10 18:00:01,567   INFO  cfg.DATA_CONFIG.SAMPLED_INTERVAL.train: 1
2026-03-10 18:00:01,567   INFO  cfg.DATA_CONFIG.SAMPLED_INTERVAL.test: 1
2026-03-10 18:00:01,567   INFO  cfg.DATA_CONFIG.FILTER_EMPTY_BOXES_FOR_TRAIN: True
2026-03-10 18:00:01,567   INFO  cfg.DATA_CONFIG.DISABLE_NLZ_FLAG_ON_POINTS: True
2026-03-10 18:00:01,567   INFO  cfg.DATA_CONFIG.USE_SHARED_MEMORY: False
2026-03-10 18:00:01,567   INFO  cfg.DATA_CONFIG.SHARED_MEMORY_FILE_LIMIT: 35000
2026-03-10 18:00:01,567   INFO  
cfg.DATA_CONFIG.DATA_AUGMENTOR = edict()
2026-03-10 18:00:01,567   INFO  cfg.DATA_CONFIG.DATA_AUGMENTOR.DISABLE_AUG_LIST: ['placeholder']
2026-03-10 18:00:01,567   INFO  cfg.DATA_CONFIG.DATA_AUGMENTOR.AUG_CONFIG_LIST: [{'NAME': 'random_world_flip', 'ALONG_AXIS_LIST': ['x', 'y']}, {'NAME': 'random_world_rotation', 'WORLD_ROT_ANGLE': [-0.78539816, 0.78539816]}, {'NAME': 'random_world_scaling', 'WORLD_SCALE_RANGE': [0.95, 1.05]}]
2026-03-10 18:00:01,567   INFO  
cfg.DATA_CONFIG.POINT_FEATURE_ENCODING = edict()
2026-03-10 18:00:01,567   INFO  cfg.DATA_CONFIG.POINT_FEATURE_ENCODING.encoding_type: absolute_coordinates_encoding
2026-03-10 18:00:01,567   INFO  cfg.DATA_CONFIG.POINT_FEATURE_ENCODING.used_feature_list: ['x', 'y', 'z', 'intensity', 'elongation', 'time']
2026-03-10 18:00:01,568   INFO  cfg.DATA_CONFIG.POINT_FEATURE_ENCODING.src_feature_list: ['x', 'y', 'z', 'intensity', 'elongation', 'time']
2026-03-10 18:00:01,568   INFO  cfg.DATA_CONFIG.DATA_PROCESSOR: [{'NAME': 'mask_points_and_boxes_outside_range', 'REMOVE_OUTSIDE_BOXES': True}, {'NAME': 'shuffle_points', 'SHUFFLE_ENABLED': {'train': True, 'test': True}}]
2026-03-10 18:00:01,568   INFO  cfg.DATA_CONFIG._BASE_CONFIG_: /storage/project/r-gchou3-0/spanse30/MSF/tools/cfgs/dataset_configs/waymo_dataset.yaml
2026-03-10 18:00:01,568   INFO  
cfg.DATA_CONFIG.SEQUENCE_CONFIG = edict()
2026-03-10 18:00:01,568   INFO  cfg.DATA_CONFIG.SEQUENCE_CONFIG.ENABLED: True
2026-03-10 18:00:01,568   INFO  cfg.DATA_CONFIG.SEQUENCE_CONFIG.SAMPLE_OFFSET: [-7, 0]
2026-03-10 18:00:01,568   INFO  cfg.DATA_CONFIG.USE_PREDBOX: True
2026-03-10 18:00:01,568   INFO  
cfg.DATA_CONFIG.ROI_BOXES_PATH = edict()
2026-03-10 18:00:01,568   INFO  cfg.DATA_CONFIG.ROI_BOXES_PATH.train: /storage/project/r-gchou3-0/spanse30/OpenPCDet/output/cfgs/custom_models/centerpoint_multiframe_waymo/default/eval/epoch_36/train/default/result_fixed.pkl
2026-03-10 18:00:01,568   INFO  cfg.DATA_CONFIG.ROI_BOXES_PATH.test: /storage/project/r-gchou3-0/spanse30/OpenPCDet/output/cfgs/custom_models/centerpoint_multiframe_waymo/default/eval/epoch_36/val/default/result_fixed.pkl
2026-03-10 18:00:01,568   INFO  
cfg.MODEL = edict()
2026-03-10 18:00:01,568   INFO  cfg.MODEL.NAME: MSF
2026-03-10 18:00:01,568   INFO  
cfg.MODEL.ROI_HEAD = edict()
2026-03-10 18:00:01,568   INFO  cfg.MODEL.ROI_HEAD.NAME: MSFHead
2026-03-10 18:00:01,568   INFO  cfg.MODEL.ROI_HEAD.TRANS_INPUT: 256
2026-03-10 18:00:01,568   INFO  cfg.MODEL.ROI_HEAD.CLASS_AGNOSTIC: True
2026-03-10 18:00:01,568   INFO  
cfg.MODEL.ROI_HEAD.USE_BOX_ENCODING = edict()
2026-03-10 18:00:01,568   INFO  cfg.MODEL.ROI_HEAD.USE_BOX_ENCODING.ENABLED: True
2026-03-10 18:00:01,568   INFO  cfg.MODEL.ROI_HEAD.AVG_STAGE1_SCORE: True
2026-03-10 18:00:01,568   INFO  cfg.MODEL.ROI_HEAD.USE_TRAJ_EMPTY_MASK: True
2026-03-10 18:00:01,568   INFO  cfg.MODEL.ROI_HEAD.USE_AUX_LOSS: True
2026-03-10 18:00:01,568   INFO  cfg.MODEL.ROI_HEAD.IOU_WEIGHT: [0.5, 0.4]
2026-03-10 18:00:01,568   INFO  
cfg.MODEL.ROI_HEAD.VoxelSampler = edict()
2026-03-10 18:00:01,568   INFO  cfg.MODEL.ROI_HEAD.VoxelSampler.voxel_size: 0.4
2026-03-10 18:00:01,568   INFO  cfg.MODEL.ROI_HEAD.VoxelSampler.pc_range: [-75.2, -75.2, -10, 75.2, 75.2, 10]
2026-03-10 18:00:01,568   INFO  cfg.MODEL.ROI_HEAD.VoxelSampler.max_points_per_voxel: 32
2026-03-10 18:00:01,568   INFO  
cfg.MODEL.ROI_HEAD.ROI_GRID_POOL = edict()
2026-03-10 18:00:01,568   INFO  cfg.MODEL.ROI_HEAD.ROI_GRID_POOL.GRID_SIZE: 4
2026-03-10 18:00:01,568   INFO  cfg.MODEL.ROI_HEAD.ROI_GRID_POOL.MLPS: [[128, 128], [128, 128]]
2026-03-10 18:00:01,568   INFO  cfg.MODEL.ROI_HEAD.ROI_GRID_POOL.POOL_RADIUS: [0.8, 1.6]
2026-03-10 18:00:01,568   INFO  cfg.MODEL.ROI_HEAD.ROI_GRID_POOL.NSAMPLE: [16, 16]
2026-03-10 18:00:01,568   INFO  cfg.MODEL.ROI_HEAD.ROI_GRID_POOL.POOL_METHOD: max_pool
2026-03-10 18:00:01,568   INFO  
cfg.MODEL.ROI_HEAD.Transformer = edict()
2026-03-10 18:00:01,568   INFO  cfg.MODEL.ROI_HEAD.Transformer.num_lidar_points: 128
2026-03-10 18:00:01,568   INFO  cfg.MODEL.ROI_HEAD.Transformer.pos_hidden_dim: 64
2026-03-10 18:00:01,568   INFO  cfg.MODEL.ROI_HEAD.Transformer.enc_layers: 3
2026-03-10 18:00:01,568   INFO  cfg.MODEL.ROI_HEAD.Transformer.dim_feedforward: 512
2026-03-10 18:00:01,568   INFO  cfg.MODEL.ROI_HEAD.Transformer.hidden_dim: 256
2026-03-10 18:00:01,568   INFO  cfg.MODEL.ROI_HEAD.Transformer.dropout: 0.1
2026-03-10 18:00:01,568   INFO  cfg.MODEL.ROI_HEAD.Transformer.nheads: 4
2026-03-10 18:00:01,568   INFO  cfg.MODEL.ROI_HEAD.Transformer.pre_norm: False
2026-03-10 18:00:01,568   INFO  cfg.MODEL.ROI_HEAD.Transformer.num_frames: 4
2026-03-10 18:00:01,568   INFO  cfg.MODEL.ROI_HEAD.Transformer.num_groups: 4
2026-03-10 18:00:01,568   INFO  
cfg.MODEL.ROI_HEAD.Transformer.use_grid_pos = edict()
2026-03-10 18:00:01,568   INFO  cfg.MODEL.ROI_HEAD.Transformer.use_grid_pos.enabled: True
2026-03-10 18:00:01,568   INFO  cfg.MODEL.ROI_HEAD.Transformer.use_grid_pos.init_type: index
2026-03-10 18:00:01,568   INFO  
cfg.MODEL.ROI_HEAD.Transformer.use_mlp_mixer = edict()
2026-03-10 18:00:01,569   INFO  cfg.MODEL.ROI_HEAD.Transformer.use_mlp_mixer.enabled: True
2026-03-10 18:00:01,569   INFO  cfg.MODEL.ROI_HEAD.Transformer.use_mlp_mixer.hidden_dim: 16
2026-03-10 18:00:01,569   INFO  
cfg.MODEL.ROI_HEAD.TARGET_CONFIG = edict()
2026-03-10 18:00:01,569   INFO  cfg.MODEL.ROI_HEAD.TARGET_CONFIG.BOX_CODER: ResidualCoder
2026-03-10 18:00:01,569   INFO  cfg.MODEL.ROI_HEAD.TARGET_CONFIG.ROI_PER_IMAGE: 96
2026-03-10 18:00:01,569   INFO  cfg.MODEL.ROI_HEAD.TARGET_CONFIG.FG_RATIO: 0.5
2026-03-10 18:00:01,569   INFO  cfg.MODEL.ROI_HEAD.TARGET_CONFIG.REG_AUG_METHOD: single
2026-03-10 18:00:01,569   INFO  cfg.MODEL.ROI_HEAD.TARGET_CONFIG.ROI_FG_AUG_TIMES: 10
2026-03-10 18:00:01,569   INFO  cfg.MODEL.ROI_HEAD.TARGET_CONFIG.RATIO: 0.2
2026-03-10 18:00:01,569   INFO  cfg.MODEL.ROI_HEAD.TARGET_CONFIG.USE_ROI_AUG: True
2026-03-10 18:00:01,569   INFO  
cfg.MODEL.ROI_HEAD.TARGET_CONFIG.USE_TRAJ_AUG = edict()
2026-03-10 18:00:01,569   INFO  cfg.MODEL.ROI_HEAD.TARGET_CONFIG.USE_TRAJ_AUG.ENABLED: True
2026-03-10 18:00:01,569   INFO  cfg.MODEL.ROI_HEAD.TARGET_CONFIG.USE_TRAJ_AUG.THRESHOD: 0.8
2026-03-10 18:00:01,569   INFO  cfg.MODEL.ROI_HEAD.TARGET_CONFIG.SAMPLE_ROI_BY_EACH_CLASS: True
2026-03-10 18:00:01,569   INFO  cfg.MODEL.ROI_HEAD.TARGET_CONFIG.CLS_SCORE_TYPE: roi_iou
2026-03-10 18:00:01,569   INFO  cfg.MODEL.ROI_HEAD.TARGET_CONFIG.CLS_FG_THRESH: 0.75
2026-03-10 18:00:01,569   INFO  cfg.MODEL.ROI_HEAD.TARGET_CONFIG.CLS_BG_THRESH: 0.25
2026-03-10 18:00:01,569   INFO  cfg.MODEL.ROI_HEAD.TARGET_CONFIG.CLS_BG_THRESH_LO: 0.1
2026-03-10 18:00:01,569   INFO  cfg.MODEL.ROI_HEAD.TARGET_CONFIG.HARD_BG_RATIO: 0.8
2026-03-10 18:00:01,569   INFO  cfg.MODEL.ROI_HEAD.TARGET_CONFIG.REG_FG_THRESH: 0.55
2026-03-10 18:00:01,569   INFO  
cfg.MODEL.ROI_HEAD.LOSS_CONFIG = edict()
2026-03-10 18:00:01,569   INFO  cfg.MODEL.ROI_HEAD.LOSS_CONFIG.CLS_LOSS: BinaryCrossEntropy
2026-03-10 18:00:01,569   INFO  cfg.MODEL.ROI_HEAD.LOSS_CONFIG.REG_LOSS: smooth-l1
2026-03-10 18:00:01,569   INFO  cfg.MODEL.ROI_HEAD.LOSS_CONFIG.CORNER_LOSS_REGULARIZATION: True
2026-03-10 18:00:01,569   INFO  
cfg.MODEL.ROI_HEAD.LOSS_CONFIG.LOSS_WEIGHTS = edict()
2026-03-10 18:00:01,569   INFO  cfg.MODEL.ROI_HEAD.LOSS_CONFIG.LOSS_WEIGHTS.rcnn_cls_weight: 1.0
2026-03-10 18:00:01,569   INFO  cfg.MODEL.ROI_HEAD.LOSS_CONFIG.LOSS_WEIGHTS.rcnn_reg_weight: 1.0
2026-03-10 18:00:01,569   INFO  cfg.MODEL.ROI_HEAD.LOSS_CONFIG.LOSS_WEIGHTS.rcnn_corner_weight: 2.0
2026-03-10 18:00:01,569   INFO  cfg.MODEL.ROI_HEAD.LOSS_CONFIG.LOSS_WEIGHTS.traj_reg_weight: [2.0, 2.0, 2.0]
2026-03-10 18:00:01,569   INFO  cfg.MODEL.ROI_HEAD.LOSS_CONFIG.LOSS_WEIGHTS.code_weights: [1.0, 1.0, 1.0, 1.0, 1.0, 1.0, 1.0]
2026-03-10 18:00:01,569   INFO  
cfg.MODEL.POST_PROCESSING = edict()
2026-03-10 18:00:01,569   INFO  cfg.MODEL.POST_PROCESSING.RECALL_THRESH_LIST: [0.3, 0.5, 0.7]
2026-03-10 18:00:01,569   INFO  cfg.MODEL.POST_PROCESSING.SCORE_THRESH: 0.1
2026-03-10 18:00:01,569   INFO  cfg.MODEL.POST_PROCESSING.OUTPUT_RAW_SCORE: False
2026-03-10 18:00:01,569   INFO  cfg.MODEL.POST_PROCESSING.SAVE_BBOX: False
2026-03-10 18:00:01,569   INFO  cfg.MODEL.POST_PROCESSING.EVAL_METRIC: waymo
2026-03-10 18:00:01,569   INFO  cfg.MODEL.POST_PROCESSING.NOT_APPLY_NMS_FOR_VEL: True
2026-03-10 18:00:01,569   INFO  
cfg.MODEL.POST_PROCESSING.NMS_CONFIG = edict()
2026-03-10 18:00:01,569   INFO  cfg.MODEL.POST_PROCESSING.NMS_CONFIG.MULTI_CLASSES_NMS: False
2026-03-10 18:00:01,570   INFO  cfg.MODEL.POST_PROCESSING.NMS_CONFIG.NMS_TYPE: nms_gpu
2026-03-10 18:00:01,570   INFO  cfg.MODEL.POST_PROCESSING.NMS_CONFIG.NMS_THRESH: 0.7
2026-03-10 18:00:01,570   INFO  cfg.MODEL.POST_PROCESSING.NMS_CONFIG.NMS_PRE_MAXSIZE: 4096
2026-03-10 18:00:01,570   INFO  cfg.MODEL.POST_PROCESSING.NMS_CONFIG.NMS_POST_MAXSIZE: 500
2026-03-10 18:00:01,570   INFO  
cfg.OPTIMIZATION = edict()
2026-03-10 18:00:01,570   INFO  cfg.OPTIMIZATION.BATCH_SIZE_PER_GPU: 4
2026-03-10 18:00:01,570   INFO  cfg.OPTIMIZATION.NUM_EPOCHS: 6
2026-03-10 18:00:01,570   INFO  cfg.OPTIMIZATION.OPTIMIZER: adam_onecycle
2026-03-10 18:00:01,570   INFO  cfg.OPTIMIZATION.LR: 0.006
2026-03-10 18:00:01,570   INFO  cfg.OPTIMIZATION.WEIGHT_DECAY: 0.01
2026-03-10 18:00:01,570   INFO  cfg.OPTIMIZATION.MOMENTUM: 0.9
2026-03-10 18:00:01,570   INFO  cfg.OPTIMIZATION.MOMS: [0.95, 0.85]
2026-03-10 18:00:01,570   INFO  cfg.OPTIMIZATION.PCT_START: 0.4
2026-03-10 18:00:01,570   INFO  cfg.OPTIMIZATION.DIV_FACTOR: 10
2026-03-10 18:00:01,570   INFO  cfg.OPTIMIZATION.DECAY_STEP_LIST: [35, 45]
2026-03-10 18:00:01,570   INFO  cfg.OPTIMIZATION.LR_DECAY: 0.1
2026-03-10 18:00:01,570   INFO  cfg.OPTIMIZATION.LR_CLIP: 1e-07
2026-03-10 18:00:01,570   INFO  cfg.OPTIMIZATION.LR_WARMUP: False
2026-03-10 18:00:01,570   INFO  cfg.OPTIMIZATION.WARMUP_EPOCH: 1
2026-03-10 18:00:01,570   INFO  cfg.OPTIMIZATION.GRAD_NORM_CLIP: 10
2026-03-10 18:00:01,570   INFO  cfg.TAG: msf_8frames
2026-03-10 18:00:01,570   INFO  cfg.EXP_GROUP_PATH: cfgs/waymo_models
2026-03-10 18:00:01,593   INFO  Loading Waymo dataset
2026-03-10 18:00:14,116   INFO  Total skipped info 0
2026-03-10 18:00:14,116   INFO  Total samples for Waymo dataset: 147182
2026-03-10 18:00:14,117   INFO  Loading and reorganizing pred_boxes to dict from path: /storage/project/r-gchou3-0/spanse30/OpenPCDet/output/cfgs/custom_models/centerpoint_multiframe_waymo/default/eval/epoch_36/train/default/result_fixed.pkl
2026-03-10 18:00:30,945   INFO  Predicted boxes has been loaded, total sequences: 798
2026-03-10 18:00:31,321   INFO  ==> Loading parameters from checkpoint output/cfgs/waymo_models/msf_8frames/default/ckpt/latest_model.pth to CPU
2026-03-10 18:00:31,540   INFO  ==> Loading optimizer parameters from checkpoint output/cfgs/waymo_models/msf_8frames/default/ckpt/latest_model.pth to CPU
2026-03-10 18:00:31,552   INFO  ==> Done
2026-03-10 18:00:31,930   INFO  DistributedDataParallel(
  (module): MSF(
    (vfe): None
    (backbone_3d): None
    (map_to_bev_module): None
    (pfe): None
    (backbone_2d): None
    (dense_head): None
    (point_head): None
    (roi_head): MSFHead(
      (proposal_target_layer): ProposalTargetLayerMPPNet()
      (reg_loss_func): WeightedSmoothL1Loss()
      (seqboxembed): PointNet(
        (feat): PointNetfeat(
          (conv1): Conv1d(8, 64, kernel_size=(1,), stride=(1,))
          (conv2): Conv1d(64, 128, kernel_size=(1,), stride=(1,))
          (conv3): Conv1d(128, 256, kernel_size=(1,), stride=(1,))
          (conv4): Conv1d(256, 512, kernel_size=(1,), stride=(1,))
          (bn1): BatchNorm1d(64, eps=1e-05, momentum=0.1, affine=True, track_running_stats=True)
          (bn2): BatchNorm1d(128, eps=1e-05, momentum=0.1, affine=True, track_running_stats=True)
          (bn3): BatchNorm1d(256, eps=1e-05, momentum=0.1, affine=True, track_running_stats=True)
          (bn4): BatchNorm1d(512, eps=1e-05, momentum=0.1, affine=True, track_running_stats=True)
        )
        (fc1): Linear(in_features=512, out_features=256, bias=True)
        (fc2): Linear(in_features=256, out_features=256, bias=True)
        (pre_bn): BatchNorm1d(8, eps=1e-05, momentum=0.1, affine=True, track_running_stats=True)
        (bn1): BatchNorm1d(256, eps=1e-05, momentum=0.1, affine=True, track_running_stats=True)
        (bn2): BatchNorm1d(256, eps=1e-05, momentum=0.1, affine=True, track_running_stats=True)
        (relu): ReLU()
        (fc_s1): Linear(in_features=256, out_features=256, bias=True)
        (fc_s2): Linear(in_features=256, out_features=3, bias=False)
        (fc_ce1): Linear(in_features=256, out_features=256, bias=True)
        (fc_ce2): Linear(in_features=256, out_features=3, bias=False)
        (fc_hr1): Linear(in_features=256, out_features=256, bias=True)
        (fc_hr2): Linear(in_features=256, out_features=1, bias=False)
      )
      (jointembed): MLP(
        (layers): ModuleList(
          (0): Linear(in_features=1280, out_features=256, bias=True)
          (1-2): 2 x Linear(in_features=256, out_features=256, bias=True)
          (3): Linear(in_features=256, out_features=7, bias=True)
        )
      )
      (up_dimension_geometry): MLP(
        (layers): ModuleList(
          (0): Linear(in_features=29, out_features=64, bias=True)
          (1): Linear(in_features=64, out_features=64, bias=True)
          (2): Linear(in_features=64, out_features=256, bias=True)
        )
      )
      (up_dimension_motion): MLP(
        (layers): ModuleList(
          (0): Linear(in_features=30, out_features=64, bias=True)
          (1): Linear(in_features=64, out_features=64, bias=True)
          (2): Linear(in_features=64, out_features=256, bias=True)
        )
      )
      (transformer): Transformer(
        (encoder): TransformerEncoder(
          (layers): ModuleList(
            (0-1): 2 x TransformerEncoderLayer(
              (self_attn): MultiheadAttention(
                (out_proj): NonDynamicallyQuantizableLinear(in_features=256, out_features=256, bias=True)
              )
              (linear1): Linear(in_features=256, out_features=512, bias=True)
              (dropout): Dropout(p=0.1, inplace=False)
              (linear2): Linear(in_features=512, out_features=256, bias=True)
              (norm1): LayerNorm((256,), eps=1e-05, elementwise_affine=True)
              (norm2): LayerNorm((256,), eps=1e-05, elementwise_affine=True)
              (dropout1): Dropout(p=0.1, inplace=False)
              (dropout2): Dropout(p=0.1, inplace=False)
              (cross_conv_1): Linear(in_features=512, out_features=256, bias=True)
              (cross_norm_1): LayerNorm((256,), eps=1e-05, elementwise_affine=True)
              (cross_conv_2): Linear(in_features=512, out_features=256, bias=True)
              (cross_norm_2): LayerNorm((256,), eps=1e-05, elementwise_affine=True)
              (mlp_mixer_3d): SpatialMixerBlock(
                (mixer): MultiheadAttention(
                  (out_proj): NonDynamicallyQuantizableLinear(in_features=256, out_features=256, bias=True)
                )
                (dropout): Dropout(p=0.0, inplace=False)
                (norm): LayerNorm((256,), eps=1e-05, elementwise_affine=True)
                (norm_channel): LayerNorm((256,), eps=1e-05, elementwise_affine=True)
                (ffn): Sequential(
                  (0): Linear(in_features=256, out_features=512, bias=True)
                  (1): ReLU()
                  (2): Dropout(p=0.0, inplace=False)
                  (3): Linear(in_features=512, out_features=256, bias=True)
                )
              )
            )
            (2): TransformerEncoderLayer(
              (self_attn): MultiheadAttention(
                (out_proj): NonDynamicallyQuantizableLinear(in_features=256, out_features=256, bias=True)
              )
              (linear1): Linear(in_features=256, out_features=512, bias=True)
              (dropout): Dropout(p=0.1, inplace=False)
              (linear2): Linear(in_features=512, out_features=256, bias=True)
              (norm1): LayerNorm((256,), eps=1e-05, elementwise_affine=True)
              (norm2): LayerNorm((256,), eps=1e-05, elementwise_affine=True)
              (dropout1): Dropout(p=0.1, inplace=False)
              (dropout2): Dropout(p=0.1, inplace=False)
              (mlp_mixer_3d): SpatialMixerBlock(
                (mixer): MultiheadAttention(
                  (out_proj): NonDynamicallyQuantizableLinear(in_features=256, out_features=256, bias=True)
                )
                (dropout): Dropout(p=0.0, inplace=False)
                (norm): LayerNorm((256,), eps=1e-05, elementwise_affine=True)
                (norm_channel): LayerNorm((256,), eps=1e-05, elementwise_affine=True)
                (ffn): Sequential(
                  (0): Linear(in_features=256, out_features=512, bias=True)
                  (1): ReLU()
                  (2): Dropout(p=0.0, inplace=False)
                  (3): Linear(in_features=512, out_features=256, bias=True)
                )
              )
            )
          )
        )
      )
      (class_embed): ModuleList(
        (0): Linear(in_features=256, out_features=1, bias=True)
      )
      (bbox_embed): ModuleList(
        (0-3): 4 x MLP(
          (layers): ModuleList(
            (0-2): 3 x Linear(in_features=256, out_features=256, bias=True)
            (3): Linear(in_features=256, out_features=7, bias=True)
          )
        )
      )
    )
  )
)
2026-03-10 18:00:31,931   INFO  **********************Start training cfgs/waymo_models/msf_8frames(default)**********************
epochs:   0%|          | 0/5 [00:00<?, ?it/s]
train:   0%|          | 0/36796 [00:00<?, ?it/s][A/storage/project/r-gchou3-0/spanse30/MSF/pcdet/ops/iou3d_nms/iou3d_nms_utils.py:66: UserWarning: The torch.cuda.*DtypeTensor constructors are no longer recommended. It's best to use methods such as torch.tensor(data, dtype=*, device='cuda') to create tensors. (Triggered internally at ../torch/csrc/tensor/python_tensor.cpp:83.)
  overlaps_bev = torch.cuda.FloatTensor(torch.Size((boxes_a.shape[0], boxes_b.shape[0]))).zero_()  # (N, M)
2026-03-10 18:01:09,251   INFO  epoch: 1/6, acc_iter=62947, cur_iter=26150/36796, batch_size=4, time_cost(epoch): 00:34/101:43:52, time_cost(all): 00:37/1508:11:38, loss=1.5929723978042603, d_time=17.14(17.14), f_time=17.26(17.26), b_time=34.40(34.40), lr=0.004973448194028097
2026-03-10 18:01:14,800   INFO  epoch: 1/6, acc_iter=62950, cur_iter=26153/36796, batch_size=4, time_cost(epoch): 00:39/29:31:36, time_cost(all): 00:42/437:51:28, loss=1.0469717979431152, d_time=0.25(4.41), f_time=1.91(5.52), b_time=2.16(9.93), lr=0.004973674317355359
2026-03-10 18:03:04,993   INFO  epoch: 1/6, acc_iter=63000, cur_iter=26203/36796, batch_size=4, time_cost(epoch): 02:30/8:10:53, time_cost(all): 02:33/121:51:28, loss=1.2186278104782104, d_time=0.25(0.56), f_time=1.42(2.22), b_time=1.67(2.78), lr=0.0049774402309856625
/bin/sh: line 1: gpustat: command not found
2026-03-10 18:03:05,307   INFO  
2026-03-10 18:04:51,408   INFO  epoch: 1/6, acc_iter=63050, cur_iter=26253/36796, batch_size=4, time_cost(epoch): 04:16/7:13:28, time_cost(all): 04:19/108:04:57, loss=1.549424171447754, d_time=0.25(0.41), f_time=2.50(2.05), b_time=2.75(2.46), lr=0.004981200837397996
2026-03-10 18:05:34,993   INFO  Save latest model to /storage/project/r-gchou3-0/spanse30/MSF/output/cfgs/waymo_models/msf_8frames/default/ckpt/latest_model
2026-03-10 18:06:35,664   INFO  epoch: 1/6, acc_iter=63100, cur_iter=26303/36796, batch_size=4, time_cost(epoch): 06:00/6:49:44, time_cost(all): 06:03/102:37:08, loss=1.5592721700668335, d_time=0.25(0.36), f_time=1.29(1.98), b_time=1.54(2.34), lr=0.004984956124694254
2026-03-10 18:08:20,098   INFO  epoch: 1/6, acc_iter=63150, cur_iter=26353/36796, batch_size=4, time_cost(epoch): 07:45/6:36:56, time_cost(all): 07:48/99:51:28, loss=1.519993782043457, d_time=0.24(0.33), f_time=2.13(1.95), b_time=2.37(2.28), lr=0.004988706080993163
/bin/sh: line 1: gpustat: command not found
2026-03-10 18:08:20,377   INFO  
2026-03-10 18:10:06,107   INFO  epoch: 1/6, acc_iter=63200, cur_iter=26403/36796, batch_size=4, time_cost(epoch): 09:31/6:29:34, time_cost(all): 09:34/98:26:37, loss=1.0827968120574951, d_time=0.25(0.32), f_time=1.97(1.93), b_time=2.22(2.25), lr=0.004992450694430314
2026-03-10 18:10:36,198   INFO  Save latest model to /storage/project/r-gchou3-0/spanse30/MSF/output/cfgs/waymo_models/msf_8frames/default/ckpt/latest_model
2026-03-10 18:11:51,441   INFO  epoch: 1/6, acc_iter=63250, cur_iter=26453/36796, batch_size=4, time_cost(epoch): 11:16/6:23:39, time_cost(all): 11:19/97:23:16, loss=1.3034933805465698, d_time=0.25(0.31), f_time=1.93(1.92), b_time=2.18(2.22), lr=0.004996189953158204
2026-03-10 18:13:35,402   INFO  epoch: 1/6, acc_iter=63300, cur_iter=26503/36796, batch_size=4, time_cost(epoch): 13:00/6:18:15, time_cost(all): 13:03/96:27:08, loss=1.116619348526001, d_time=0.25(0.30), f_time=1.36(1.91), b_time=1.61(2.20), lr=0.00499992384534627
/bin/sh: line 1: gpustat: command not found
2026-03-10 18:13:35,696   INFO  
2026-03-10 18:15:21,946   INFO  epoch: 1/6, acc_iter=63350, cur_iter=26553/36796, batch_size=4, time_cost(epoch): 14:47/6:14:51, time_cost(all): 14:50/96:01:15, loss=1.3242192268371582, d_time=0.25(0.29), f_time=2.54(1.90), b_time=2.78(2.20), lr=0.005003652359180929
2026-03-10 18:15:36,466   INFO  Save latest model to /storage/project/r-gchou3-0/spanse30/MSF/output/cfgs/waymo_models/msf_8frames/default/ckpt/latest_model
2026-03-10 18:17:09,525   INFO  epoch: 1/6, acc_iter=63400, cur_iter=26603/36796, batch_size=4, time_cost(epoch): 16:34/6:12:11, time_cost(all): 16:37/95:46:39, loss=1.1113399267196655, d_time=0.25(0.29), f_time=1.51(1.90), b_time=1.76(2.19), lr=0.005007375482865615
2026-03-10 18:18:53,895   INFO  epoch: 1/6, acc_iter=63450, cur_iter=26653/36796, batch_size=4, time_cost(epoch): 18:19/6:08:38, time_cost(all): 18:21/95:17:54, loss=1.298748254776001, d_time=0.25(0.28), f_time=2.03(1.90), b_time=2.28(2.18), lr=0.005011093204620813
/bin/sh: line 1: gpustat: command not found
2026-03-10 18:18:54,200   INFO  
2026-03-10 18:20:34,312   INFO  epoch: 1/6, acc_iter=63500, cur_iter=26703/36796, batch_size=4, time_cost(epoch): 19:59/6:04:12, time_cost(all): 20:02/94:35:19, loss=1.3095266819000244, d_time=0.24(0.28), f_time=2.25(1.88), b_time=2.49(2.16), lr=0.005014805512684103
2026-03-10 18:20:36,487   INFO  Save latest model to /storage/project/r-gchou3-0/spanse30/MSF/output/cfgs/waymo_models/msf_8frames/default/ckpt/latest_model
2026-03-10 18:22:18,703   INFO  epoch: 1/6, acc_iter=63550, cur_iter=26753/36796, batch_size=4, time_cost(epoch): 21:43/6:01:19, time_cost(all): 21:46/94:16:45, loss=1.1976399421691895, d_time=0.25(0.28), f_time=1.89(1.88), b_time=2.13(2.16), lr=0.005018512395310191
2026-03-10 18:24:04,284   INFO  epoch: 1/6, acc_iter=63600, cur_iter=26803/36796, batch_size=4, time_cost(epoch): 23:29/5:58:55, time_cost(all): 23:32/94:05:31, loss=1.5029535293579102, d_time=0.25(0.28), f_time=1.94(1.88), b_time=2.19(2.15), lr=0.00502221384077095
/bin/sh: line 1: gpustat: command not found
2026-03-10 18:24:04,586   INFO  
2026-03-10 18:25:35,282   INFO  Save latest model to /storage/project/r-gchou3-0/spanse30/MSF/output/cfgs/waymo_models/msf_8frames/default/ckpt/latest_model
2026-03-10 18:25:50,299   INFO  epoch: 1/6, acc_iter=63650, cur_iter=26853/36796, batch_size=4, time_cost(epoch): 25:15/5:56:43, time_cost(all): 25:18/93:57:15, loss=1.9125980138778687, d_time=0.25(0.28), f_time=2.88(1.88), b_time=3.13(2.15), lr=0.005025909837355452
2026-03-10 18:27:35,338   INFO  epoch: 1/6, acc_iter=63700, cur_iter=26903/36796, batch_size=4, time_cost(epoch): 27:00/5:54:21, time_cost(all): 27:03/93:46:28, loss=1.4167296886444092, d_time=0.25(0.27), f_time=2.27(1.87), b_time=2.52(2.15), lr=0.005029600373370011
2026-03-10 18:29:22,325   INFO  epoch: 1/6, acc_iter=63750, cur_iter=26953/36796, batch_size=4, time_cost(epoch): 28:47/5:52:28, time_cost(all): 28:50/93:43:08, loss=1.316236138343811, d_time=0.25(0.27), f_time=1.68(1.88), b_time=1.93(2.15), lr=0.005033285437138218
/bin/sh: line 1: gpustat: command not found
2026-03-10 18:29:22,656   INFO  
2026-03-10 18:30:36,139   INFO  Save latest model to /storage/project/r-gchou3-0/spanse30/MSF/output/cfgs/waymo_models/msf_8frames/default/ckpt/latest_model
2026-03-10 18:31:09,173   INFO  epoch: 1/6, acc_iter=63800, cur_iter=27003/36796, batch_size=4, time_cost(epoch): 30:34/5:50:34, time_cost(all): 30:37/93:39:33, loss=1.213317632675171, d_time=0.25(0.27), f_time=1.61(1.88), b_time=1.86(2.15), lr=0.005036965017000978
2026-03-10 18:32:55,558   INFO  epoch: 1/6, acc_iter=63850, cur_iter=27053/36796, batch_size=4, time_cost(epoch): 32:20/5:48:36, time_cost(all): 32:23/93:34:51, loss=1.54011869430542, d_time=0.25(0.27), f_time=2.08(1.88), b_time=2.33(2.15), lr=0.005040639101316545
2026-03-10 18:34:42,259   INFO  epoch: 1/6, acc_iter=63900, cur_iter=27103/36796, batch_size=4, time_cost(epoch): 34:07/5:46:42, time_cost(all): 34:10/93:31:18, loss=1.3586742877960205, d_time=0.25(0.27), f_time=2.44(1.88), b_time=2.69(2.15), lr=0.005044307678460561
/bin/sh: line 1: gpustat: command not found
2026-03-10 18:34:42,555   INFO  
2026-03-10 18:35:36,812   INFO  Save latest model to /storage/project/r-gchou3-0/spanse30/MSF/output/cfgs/waymo_models/msf_8frames/default/ckpt/latest_model
2026-03-10 18:36:30,283   INFO  epoch: 1/6, acc_iter=63950, cur_iter=27153/36796, batch_size=4, time_cost(epoch): 35:55/5:45:02, time_cost(all): 35:58/93:31:23, loss=1.633253812789917, d_time=0.25(0.27), f_time=1.87(1.88), b_time=2.12(2.15), lr=0.00504797073682609
2026-03-10 18:38:14,691   INFO  epoch: 1/6, acc_iter=64000, cur_iter=27203/36796, batch_size=4, time_cost(epoch): 37:39/5:42:47, time_cost(all): 37:42/93:22:19, loss=1.5426816940307617, d_time=0.24(0.27), f_time=2.31(1.88), b_time=2.56(2.14), lr=0.00505162826482366
2026-03-10 18:39:56,900   INFO  epoch: 1/6, acc_iter=64050, cur_iter=27253/36796, batch_size=4, time_cost(epoch): 39:22/5:40:17, time_cost(all): 39:24/93:08:43, loss=1.4570459127426147, d_time=0.26(0.27), f_time=2.29(1.87), b_time=2.55(2.14), lr=0.005055280250881296
/bin/sh: line 1: gpustat: command not found
2026-03-10 18:39:57,200   INFO  
2026-03-10 18:40:36,934   INFO  Save latest model to /storage/project/r-gchou3-0/spanse30/MSF/output/cfgs/waymo_models/msf_8frames/default/ckpt/latest_model
2026-03-10 18:41:40,287   INFO  epoch: 1/6, acc_iter=64100, cur_iter=27303/36796, batch_size=4, time_cost(epoch): 41:05/5:38:01, time_cost(all): 41:08/92:58:49, loss=1.5103648900985718, d_time=0.25(0.27), f_time=2.19(1.87), b_time=2.44(2.14), lr=0.005058926683444554
2026-03-10 18:43:26,825   INFO  epoch: 1/6, acc_iter=64150, cur_iter=27353/36796, batch_size=4, time_cost(epoch): 42:51/5:36:12, time_cost(all): 42:54/92:56:25, loss=1.3544895648956299, d_time=0.24(0.27), f_time=1.49(1.87), b_time=1.73(2.14), lr=0.005062567550976562
2026-03-10 18:45:08,960   INFO  epoch: 1/6, acc_iter=64200, cur_iter=27403/36796, batch_size=4, time_cost(epoch): 44:34/5:33:50, time_cost(all): 44:37/92:44:54, loss=1.2329317331314087, d_time=0.25(0.27), f_time=1.37(1.87), b_time=1.62(2.13), lr=0.005066202841958056
/bin/sh: line 1: gpustat: command not found
2026-03-10 18:45:09,305   INFO  
2026-03-10 18:45:35,647   INFO  Save latest model to /storage/project/r-gchou3-0/spanse30/MSF/output/cfgs/waymo_models/msf_8frames/default/ckpt/latest_model
2026-03-10 18:46:56,620   INFO  epoch: 1/6, acc_iter=64250, cur_iter=27453/36796, batch_size=4, time_cost(epoch): 46:21/5:32:11, time_cost(all): 46:24/92:45:12, loss=1.5199579000473022, d_time=0.25(0.27), f_time=2.30(1.87), b_time=2.55(2.13), lr=0.005069832544887416
2026-03-10 18:48:38,976   INFO  epoch: 1/6, acc_iter=64300, cur_iter=27503/36796, batch_size=4, time_cost(epoch): 48:04/5:29:54, time_cost(all): 48:07/92:35:08, loss=1.5537164211273193, d_time=0.25(0.27), f_time=2.19(1.86), b_time=2.44(2.13), lr=0.005073456648280701
2026-03-10 18:50:21,293   INFO  epoch: 1/6, acc_iter=64350, cur_iter=27553/36796, batch_size=4, time_cost(epoch): 49:46/5:27:40, time_cost(all): 49:49/92:25:35, loss=1.2909574508666992, d_time=0.24(0.26), f_time=1.50(1.86), b_time=1.74(2.13), lr=0.005077075140671685
/bin/sh: line 1: gpustat: command not found
2026-03-10 18:50:21,597   INFO  
2026-03-10 18:50:36,425   INFO  Save latest model to /storage/project/r-gchou3-0/spanse30/MSF/output/cfgs/waymo_models/msf_8frames/default/ckpt/latest_model
2026-03-10 18:52:08,272   INFO  epoch: 1/6, acc_iter=64400, cur_iter=27603/36796, batch_size=4, time_cost(epoch): 51:33/5:25:58, time_cost(all): 51:36/92:24:56, loss=1.1872822046279907, d_time=0.25(0.26), f_time=1.62(1.86), b_time=1.86(2.13), lr=0.0050806880106118975
2026-03-10 18:53:56,491   INFO  epoch: 1/6, acc_iter=64450, cur_iter=27653/36796, batch_size=4, time_cost(epoch): 53:21/5:24:23, time_cost(all): 53:24/92:26:21, loss=1.1585501432418823, d_time=0.25(0.26), f_time=2.10(1.86), b_time=2.35(2.13), lr=0.0050842952466706535
2026-03-10 18:55:36,467   INFO  Save latest model to /storage/project/r-gchou3-0/spanse30/MSF/output/cfgs/waymo_models/msf_8frames/default/ckpt/latest_model
2026-03-10 18:55:42,359   INFO  epoch: 1/6, acc_iter=64500, cur_iter=27703/36796, batch_size=4, time_cost(epoch): 55:07/5:22:33, time_cost(all): 55:10/92:23:37, loss=1.2227568626403809, d_time=0.25(0.26), f_time=1.71(1.86), b_time=1.96(2.13), lr=0.005087896837435096
/bin/sh: line 1: gpustat: command not found
2026-03-10 18:55:42,739   INFO  
2026-03-10 18:57:25,723   INFO  epoch: 1/6, acc_iter=64550, cur_iter=27753/36796, batch_size=4, time_cost(epoch): 56:50/5:20:29, time_cost(all): 56:53/92:16:53, loss=1.2297852039337158, d_time=0.25(0.26), f_time=1.87(1.86), b_time=2.12(2.13), lr=0.005091492771510225
2026-03-10 18:59:07,658   INFO  epoch: 1/6, acc_iter=64600, cur_iter=27803/36796, batch_size=4, time_cost(epoch): 58:32/5:18:19, time_cost(all): 58:35/92:08:12, loss=1.9128785133361816, d_time=0.25(0.26), f_time=1.29(1.86), b_time=1.54(2.12), lr=0.005095083037518944
2026-03-10 19:00:35,988   INFO  Save latest model to /storage/project/r-gchou3-0/spanse30/MSF/output/cfgs/waymo_models/msf_8frames/default/ckpt/latest_model
2026-03-10 19:00:51,570   INFO  epoch: 1/6, acc_iter=64650, cur_iter=27853/36796, batch_size=4, time_cost(epoch): 1:00:16/5:16:21, time_cost(all): 1:00:19/92:02:57, loss=1.573462963104248, d_time=0.24(0.26), f_time=1.40(1.86), b_time=1.64(2.12), lr=0.005098667624102082
/bin/sh: line 1: gpustat: command not found
2026-03-10 19:00:51,867   INFO  
2026-03-10 19:02:36,346   INFO  epoch: 1/6, acc_iter=64700, cur_iter=27903/36796, batch_size=4, time_cost(epoch): 1:02:01/5:14:28, time_cost(all): 1:02:04/91:59:11, loss=1.6766860485076904, d_time=0.25(0.26), f_time=2.67(1.86), b_time=2.91(2.12), lr=0.005102246519918442
2026-03-10 19:04:19,999   INFO  epoch: 1/6, acc_iter=64750, cur_iter=27953/36796, batch_size=4, time_cost(epoch): 1:03:45/5:12:30, time_cost(all): 1:03:48/91:53:55, loss=1.4342812299728394, d_time=0.25(0.26), f_time=2.18(1.86), b_time=2.43(2.12), lr=0.005105819713644832
2026-03-10 19:05:35,212   INFO  Save latest model to /storage/project/r-gchou3-0/spanse30/MSF/output/cfgs/waymo_models/msf_8frames/default/ckpt/latest_model
2026-03-10 19:06:02,928   INFO  epoch: 1/6, acc_iter=64800, cur_iter=28003/36796, batch_size=4, time_cost(epoch): 1:05:28/5:10:29, time_cost(all): 1:05:30/91:47:49, loss=1.575632095336914, d_time=0.25(0.26), f_time=2.39(1.86), b_time=2.64(2.12), lr=0.005109387193976096
/bin/sh: line 1: gpustat: command not found
2026-03-10 19:06:03,234   INFO  
2026-03-10 19:07:44,770   INFO  epoch: 1/6, acc_iter=64850, cur_iter=28053/36796, batch_size=4, time_cost(epoch): 1:07:09/5:08:25, time_cost(all): 1:07:12/91:40:27, loss=1.531724452972412, d_time=0.25(0.26), f_time=2.10(1.85), b_time=2.35(2.12), lr=0.0051129489496251615
2026-03-10 19:09:26,709   INFO  epoch: 1/6, acc_iter=64900, cur_iter=28103/36796, batch_size=4, time_cost(epoch): 1:08:51/5:06:21, time_cost(all): 1:08:54/91:33:31, loss=1.061223030090332, d_time=0.25(0.26), f_time=1.51(1.85), b_time=1.76(2.11), lr=0.005116504969323062
2026-03-10 19:10:36,456   INFO  Save latest model to /storage/project/r-gchou3-0/spanse30/MSF/output/cfgs/waymo_models/msf_8frames/default/ckpt/latest_model
2026-03-10 19:11:12,677   INFO  epoch: 1/6, acc_iter=64950, cur_iter=28153/36796, batch_size=4, time_cost(epoch): 1:10:37/5:04:37, time_cost(all): 1:10:40/91:32:04, loss=1.6443877220153809, d_time=0.25(0.26), f_time=2.49(1.85), b_time=2.74(2.11), lr=0.005120055241818982
/bin/sh: line 1: gpustat: command not found
2026-03-10 19:11:12,969   INFO  
2026-03-10 19:12:58,763   INFO  epoch: 1/6, acc_iter=65000, cur_iter=28203/36796, batch_size=4, time_cost(epoch): 1:12:23/5:02:52, time_cost(all): 1:12:26/91:30:45, loss=1.2560621500015259, d_time=0.25(0.26), f_time=0.96(1.85), b_time=1.21(2.11), lr=0.005123599755880288
2026-03-10 19:14:45,889   INFO  epoch: 1/6, acc_iter=65050, cur_iter=28253/36796, batch_size=4, time_cost(epoch): 1:14:11/5:01:12, time_cost(all): 1:14:13/91:30:42, loss=1.4393317699432373, d_time=0.25(0.26), f_time=1.89(1.85), b_time=2.14(2.12), lr=0.005127138500292569
2026-03-10 19:15:37,074   INFO  Save latest model to /storage/project/r-gchou3-0/spanse30/MSF/output/cfgs/waymo_models/msf_8frames/default/ckpt/latest_model
2026-03-10 19:16:34,210   INFO  epoch: 1/6, acc_iter=65100, cur_iter=28303/36796, batch_size=4, time_cost(epoch): 1:15:59/4:59:37, time_cost(all): 1:16:02/91:32:00, loss=1.4702908992767334, d_time=0.25(0.26), f_time=2.29(1.86), b_time=2.54(2.12), lr=0.005130671463859663
/bin/sh: line 1: gpustat: command not found
2026-03-10 19:16:34,521   INFO  
2026-03-10 19:18:18,858   INFO  epoch: 1/6, acc_iter=65150, cur_iter=28353/36796, batch_size=4, time_cost(epoch): 1:17:44/4:57:46, time_cost(all): 1:17:46/91:28:50, loss=1.0875427722930908, d_time=0.24(0.26), f_time=0.99(1.86), b_time=1.24(2.12), lr=0.005134198635403702
2026-03-10 19:20:00,817   INFO  epoch: 1/6, acc_iter=65200, cur_iter=28403/36796, batch_size=4, time_cost(epoch): 1:19:25/4:55:46, time_cost(all): 1:19:28/91:22:39, loss=1.3400839567184448, d_time=0.24(0.26), f_time=1.50(1.85), b_time=1.74(2.11), lr=0.005137720003765142
2026-03-10 19:20:36,413   INFO  Save latest model to /storage/project/r-gchou3-0/spanse30/MSF/output/cfgs/waymo_models/msf_8frames/default/ckpt/latest_model
2026-03-10 19:21:46,320   INFO  epoch: 1/6, acc_iter=65250, cur_iter=28453/36796, batch_size=4, time_cost(epoch): 1:21:11/4:54:00, time_cost(all): 1:21:14/91:20:39, loss=1.0774599313735962, d_time=0.24(0.26), f_time=1.11(1.85), b_time=1.36(2.11), lr=0.005141235557802798
/bin/sh: line 1: gpustat: command not found
2026-03-10 19:21:46,614   INFO  
2026-03-10 19:23:30,864   INFO  epoch: 1/6, acc_iter=65300, cur_iter=28503/36796, batch_size=4, time_cost(epoch): 1:22:56/4:52:10, time_cost(all): 1:22:58/91:17:35, loss=1.1065558195114136, d_time=0.26(0.26), f_time=1.85(1.85), b_time=2.11(2.11), lr=0.0051447452863938835
2026-03-10 19:25:15,447   INFO  epoch: 1/6, acc_iter=65350, cur_iter=28553/36796, batch_size=4, time_cost(epoch): 1:24:40/4:50:20, time_cost(all): 1:24:43/91:14:38, loss=1.3655122518539429, d_time=0.24(0.26), f_time=1.69(1.85), b_time=1.93(2.11), lr=0.0051482491784340416
2026-03-10 19:25:35,629   INFO  Save latest model to /storage/project/r-gchou3-0/spanse30/MSF/output/cfgs/waymo_models/msf_8frames/default/ckpt/latest_model
2026-03-10 19:26:59,238   INFO  epoch: 1/6, acc_iter=65400, cur_iter=28603/36796, batch_size=4, time_cost(epoch): 1:26:24/4:48:28, time_cost(all): 1:26:27/91:10:53, loss=1.617559790611267, d_time=0.25(0.26), f_time=2.15(1.85), b_time=2.40(2.11), lr=0.005151747222837382
/bin/sh: line 1: gpustat: command not found
2026-03-10 19:26:59,620   INFO  
2026-03-10 19:28:38,126   INFO  epoch: 1/6, acc_iter=65450, cur_iter=28653/36796, batch_size=4, time_cost(epoch): 1:28:03/4:46:21, time_cost(all): 1:28:06/91:02:09, loss=1.4894359111785889, d_time=0.25(0.26), f_time=1.76(1.85), b_time=2.01(2.11), lr=0.005155239408536515
2026-03-10 19:30:21,404   INFO  epoch: 1/6, acc_iter=65500, cur_iter=28703/36796, batch_size=4, time_cost(epoch): 1:29:46/4:44:28, time_cost(all): 1:29:49/90:58:09, loss=1.2945455312728882, d_time=0.25(0.26), f_time=1.96(1.85), b_time=2.21(2.11), lr=0.005158725724482588
2026-03-10 19:30:36,462   INFO  Save latest model to /storage/project/r-gchou3-0/spanse30/MSF/output/cfgs/waymo_models/msf_8frames/default/ckpt/latest_model
2026-03-10 19:32:06,926   INFO  epoch: 1/6, acc_iter=65550, cur_iter=28753/36796, batch_size=4, time_cost(epoch): 1:31:32/4:42:43, time_cost(all): 1:31:34/90:56:28, loss=1.0690193176269531, d_time=0.25(0.26), f_time=2.05(1.85), b_time=2.30(2.11), lr=0.005162206159645318
/bin/sh: line 1: gpustat: command not found
2026-03-10 19:32:07,233   INFO  
2026-03-10 19:33:49,741   INFO  epoch: 1/6, acc_iter=65600, cur_iter=28803/36796, batch_size=4, time_cost(epoch): 1:33:14/4:40:50, time_cost(all): 1:33:17/90:52:08, loss=1.331893801689148, d_time=0.25(0.26), f_time=1.94(1.85), b_time=2.19(2.11), lr=0.00516568070301303
2026-03-10 19:35:33,436   INFO  epoch: 1/6, acc_iter=65650, cur_iter=28853/36796, batch_size=4, time_cost(epoch): 1:34:58/4:38:59, time_cost(all): 1:35:01/90:48:44, loss=1.143533706665039, d_time=0.25(0.26), f_time=1.46(1.85), b_time=1.71(2.11), lr=0.00516914934359269
2026-03-10 19:35:36,069   INFO  Save latest model to /storage/project/r-gchou3-0/spanse30/MSF/output/cfgs/waymo_models/msf_8frames/default/ckpt/latest_model
2026-03-10 19:37:20,174   INFO  epoch: 1/6, acc_iter=65700, cur_iter=28903/36796, batch_size=4, time_cost(epoch): 1:36:45/4:37:18, time_cost(all): 1:36:48/90:48:16, loss=1.5449705123901367, d_time=0.25(0.26), f_time=1.79(1.85), b_time=2.04(2.11), lr=0.005172612070409937
/bin/sh: line 1: gpustat: command not found
2026-03-10 19:37:20,474   INFO  
2026-03-10 19:39:03,630   INFO  epoch: 1/6, acc_iter=65750, cur_iter=28953/36796, batch_size=4, time_cost(epoch): 1:38:28/4:35:27, time_cost(all): 1:38:31/90:44:43, loss=1.1269505023956299, d_time=0.25(0.26), f_time=1.36(1.85), b_time=1.60(2.11), lr=0.005176068872509123
2026-03-10 19:40:35,454   INFO  Save latest model to /storage/project/r-gchou3-0/spanse30/MSF/output/cfgs/waymo_models/msf_8frames/default/ckpt/latest_model
2026-03-10 19:40:49,055   INFO  epoch: 1/6, acc_iter=65800, cur_iter=29003/36796, batch_size=4, time_cost(epoch): 1:40:14/4:33:42, time_cost(all): 1:40:17/90:43:01, loss=1.8718751668930054, d_time=0.24(0.26), f_time=1.59(1.85), b_time=1.83(2.11), lr=0.005179519738953344
2026-03-10 19:42:30,821   INFO  epoch: 1/6, acc_iter=65850, cur_iter=29053/36796, batch_size=4, time_cost(epoch): 1:41:55/4:31:47, time_cost(all): 1:41:58/90:38:04, loss=1.2413418292999268, d_time=0.25(0.26), f_time=1.90(1.85), b_time=2.14(2.11), lr=0.005182964658824478
/bin/sh: line 1: gpustat: command not found
2026-03-10 19:42:31,118   INFO  
2026-03-10 19:44:13,707   INFO  epoch: 1/6, acc_iter=65900, cur_iter=29103/36796, batch_size=4, time_cost(epoch): 1:43:38/4:29:55, time_cost(all): 1:43:41/90:34:12, loss=1.3089635372161865, d_time=0.25(0.26), f_time=1.94(1.85), b_time=2.19(2.11), lr=0.005186403621223212
2026-03-10 19:45:35,794   INFO  Save latest model to /storage/project/r-gchou3-0/spanse30/MSF/output/cfgs/waymo_models/msf_8frames/default/ckpt/latest_model
2026-03-10 19:45:55,379   INFO  epoch: 1/6, acc_iter=65950, cur_iter=29153/36796, batch_size=4, time_cost(epoch): 1:45:20/4:28:01, time_cost(all): 1:45:23/90:29:21, loss=1.4951322078704834, d_time=0.25(0.26), f_time=1.83(1.85), b_time=2.08(2.10), lr=0.005189836615269087
2026-03-10 19:47:37,207   INFO  epoch: 1/6, acc_iter=66000, cur_iter=29203/36796, batch_size=4, time_cost(epoch): 1:47:02/4:26:07, time_cost(all): 1:47:05/90:24:45, loss=1.4380425214767456, d_time=0.25(0.26), f_time=1.97(1.84), b_time=2.22(2.10), lr=0.005193263630100525
/bin/sh: line 1: gpustat: command not found
2026-03-10 19:47:37,522   INFO  
2026-03-10 19:49:20,669   INFO  epoch: 1/6, acc_iter=66050, cur_iter=29253/36796, batch_size=4, time_cost(epoch): 1:48:45/4:24:18, time_cost(all): 1:48:48/90:21:36, loss=1.198059320449829, d_time=0.25(0.26), f_time=1.63(1.84), b_time=1.88(2.10), lr=0.005196684654874865
2026-03-10 19:50:36,139   INFO  Save latest model to /storage/project/r-gchou3-0/spanse30/MSF/output/cfgs/waymo_models/msf_8frames/default/ckpt/latest_model
2026-03-10 19:51:03,231   INFO  epoch: 1/6, acc_iter=66100, cur_iter=29303/36796, batch_size=4, time_cost(epoch): 1:50:28/4:22:27, time_cost(all): 1:50:31/90:17:45, loss=2.102992057800293, d_time=0.25(0.26), f_time=0.55(1.84), b_time=0.80(2.10), lr=0.0052000996787684006
2026-03-10 19:52:50,706   INFO  epoch: 1/6, acc_iter=66150, cur_iter=29353/36796, batch_size=4, time_cost(epoch): 1:52:15/4:20:47, time_cost(all): 1:52:18/90:17:56, loss=1.387873649597168, d_time=0.25(0.26), f_time=1.80(1.84), b_time=2.05(2.10), lr=0.005203508690976405
/bin/sh: line 1: gpustat: command not found
2026-03-10 19:52:51,003   INFO  
2026-03-10 19:54:36,076   INFO  epoch: 1/6, acc_iter=66200, cur_iter=29403/36796, batch_size=4, time_cost(epoch): 1:54:01/4:19:03, time_cost(all): 1:54:04/90:16:23, loss=1.0805935859680176, d_time=0.25(0.26), f_time=1.18(1.84), b_time=1.43(2.10), lr=0.00520691168071318
2026-03-10 19:55:35,573   INFO  Save latest model to /storage/project/r-gchou3-0/spanse30/MSF/output/cfgs/waymo_models/msf_8frames/default/ckpt/latest_model
2026-03-10 19:56:20,415   INFO  epoch: 1/6, acc_iter=66250, cur_iter=29453/36796, batch_size=4, time_cost(epoch): 1:55:45/4:17:16, time_cost(all): 1:55:48/90:14:01, loss=1.9885424375534058, d_time=0.25(0.26), f_time=3.00(1.84), b_time=3.24(2.10), lr=0.005210308637212075
2026-03-10 19:58:06,569   INFO  epoch: 1/6, acc_iter=66300, cur_iter=29503/36796, batch_size=4, time_cost(epoch): 1:57:31/4:15:33, time_cost(all): 1:57:34/90:13:04, loss=1.3734462261199951, d_time=0.25(0.26), f_time=1.81(1.84), b_time=2.05(2.10), lr=0.005213699549725534
/bin/sh: line 1: gpustat: command not found
2026-03-10 19:58:06,857   INFO  
2026-03-10 19:59:54,991   INFO  epoch: 1/6, acc_iter=66350, cur_iter=29553/36796, batch_size=4, time_cost(epoch): 1:59:20/4:13:55, time_cost(all): 1:59:23/90:13:49, loss=1.5966885089874268, d_time=0.27(0.26), f_time=2.39(1.85), b_time=2.66(2.10), lr=0.0052170844075251155
2026-03-10 20:00:35,810   INFO  Save latest model to /storage/project/r-gchou3-0/spanse30/MSF/output/cfgs/waymo_models/msf_8frames/default/ckpt/latest_model
2026-03-10 20:01:40,753   INFO  epoch: 1/6, acc_iter=66400, cur_iter=29603/36796, batch_size=4, time_cost(epoch): 2:01:05/4:12:11, time_cost(all): 2:01:08/90:12:30, loss=1.6485695838928223, d_time=0.25(0.26), f_time=1.86(1.85), b_time=2.11(2.10), lr=0.005220463199901543
2026-03-10 20:03:25,342   INFO  epoch: 1/6, acc_iter=66450, cur_iter=29653/36796, batch_size=4, time_cost(epoch): 2:02:50/4:10:24, time_cost(all): 2:02:53/90:10:19, loss=1.0615558624267578, d_time=0.26(0.26), f_time=1.34(1.85), b_time=1.60(2.10), lr=0.0052238359161647235
/bin/sh: line 1: gpustat: command not found
2026-03-10 20:03:25,768   INFO  
2026-03-10 20:05:08,218   INFO  epoch: 1/6, acc_iter=66500, cur_iter=29703/36796, batch_size=4, time_cost(epoch): 2:04:33/4:08:35, time_cost(all): 2:04:36/90:06:54, loss=1.2107561826705933, d_time=0.25(0.26), f_time=1.61(1.84), b_time=1.86(2.10), lr=0.0052272025456437925
2026-03-10 20:05:35,432   INFO  Save latest model to /storage/project/r-gchou3-0/spanse30/MSF/output/cfgs/waymo_models/msf_8frames/default/ckpt/latest_model
2026-03-10 20:06:53,593   INFO  epoch: 1/6, acc_iter=66550, cur_iter=29753/36796, batch_size=4, time_cost(epoch): 2:06:18/4:06:50, time_cost(all): 2:06:21/90:05:19, loss=2.0211217403411865, d_time=0.25(0.26), f_time=2.37(1.85), b_time=2.62(2.10), lr=0.005230563077687139
2026-03-10 20:08:36,042   INFO  epoch: 1/6, acc_iter=66600, cur_iter=29803/36796, batch_size=4, time_cost(epoch): 2:08:01/4:05:00, time_cost(all): 2:08:04/90:01:40, loss=1.399017095565796, d_time=0.25(0.26), f_time=2.10(1.84), b_time=2.35(2.10), lr=0.00523391750166245
/bin/sh: line 1: gpustat: command not found
2026-03-10 20:08:36,333   INFO  
2026-03-10 20:10:20,208   INFO  epoch: 1/6, acc_iter=66650, cur_iter=29853/36796, batch_size=4, time_cost(epoch): 2:09:45/4:03:13, time_cost(all): 2:09:48/89:59:16, loss=1.4583840370178223, d_time=0.25(0.26), f_time=2.04(1.84), b_time=2.29(2.10), lr=0.00523726580695673
2026-03-10 20:10:35,119   INFO  Save latest model to /storage/project/r-gchou3-0/spanse30/MSF/output/cfgs/waymo_models/msf_8frames/default/ckpt/latest_model
2026-03-10 20:12:05,667   INFO  epoch: 1/6, acc_iter=66700, cur_iter=29903/36796, batch_size=4, time_cost(epoch): 2:11:30/4:01:28, time_cost(all): 2:11:33/89:57:46, loss=1.4416568279266357, d_time=0.25(0.26), f_time=1.27(1.84), b_time=1.51(2.10), lr=0.005240607982976348
2026-03-10 20:13:52,208   INFO  epoch: 1/6, acc_iter=66750, cur_iter=29953/36796, batch_size=4, time_cost(epoch): 2:13:17/3:59:46, time_cost(all): 2:13:20/89:56:59, loss=1.4064373970031738, d_time=0.24(0.26), f_time=1.87(1.84), b_time=2.11(2.10), lr=0.0052439440191470645
/bin/sh: line 1: gpustat: command not found
2026-03-10 20:13:52,516   INFO  
2026-03-10 20:15:36,986   INFO  Save latest model to /storage/project/r-gchou3-0/spanse30/MSF/output/cfgs/waymo_models/msf_8frames/default/ckpt/latest_model
2026-03-10 20:15:38,985   INFO  epoch: 1/6, acc_iter=66800, cur_iter=30003/36796, batch_size=4, time_cost(epoch): 2:15:04/3:58:04, time_cost(all): 2:15:07/89:56:20, loss=1.284254789352417, d_time=0.43(0.26), f_time=1.75(1.85), b_time=2.18(2.10), lr=0.005247273904914061
2026-03-10 20:17:21,673   INFO  epoch: 1/6, acc_iter=66850, cur_iter=30053/36796, batch_size=4, time_cost(epoch): 2:16:46/3:56:14, time_cost(all): 2:16:49/89:52:58, loss=0.9898297786712646, d_time=0.25(0.26), f_time=1.28(1.84), b_time=1.53(2.10), lr=0.005250597629741986
2026-03-10 20:19:06,061   INFO  epoch: 1/6, acc_iter=66900, cur_iter=30103/36796, batch_size=4, time_cost(epoch): 2:18:31/3:54:28, time_cost(all): 2:18:34/89:50:45, loss=1.674201488494873, d_time=0.25(0.26), f_time=2.39(1.84), b_time=2.63(2.10), lr=0.005253915183114973
/bin/sh: line 1: gpustat: command not found
2026-03-10 20:19:06,362   INFO  
2026-03-10 20:20:36,833   INFO  Save latest model to /storage/project/r-gchou3-0/spanse30/MSF/output/cfgs/waymo_models/msf_8frames/default/ckpt/latest_model
2026-03-10 20:20:50,785   INFO  epoch: 1/6, acc_iter=66950, cur_iter=30153/36796, batch_size=4, time_cost(epoch): 2:20:15/3:52:42, time_cost(all): 2:20:18/89:48:46, loss=1.360968828201294, d_time=0.25(0.26), f_time=1.97(1.84), b_time=2.22(2.10), lr=0.005257226554536687
2026-03-10 20:22:36,821   INFO  epoch: 1/6, acc_iter=67000, cur_iter=30203/36796, batch_size=4, time_cost(epoch): 2:22:01/3:50:59, time_cost(all): 2:22:04/89:47:36, loss=1.1438068151474, d_time=0.25(0.26), f_time=1.49(1.84), b_time=1.74(2.10), lr=0.005260531733530346
2026-03-10 20:24:23,140   INFO  epoch: 1/6, acc_iter=67050, cur_iter=30253/36796, batch_size=4, time_cost(epoch): 2:23:48/3:49:16, time_cost(all): 2:23:51/89:46:37, loss=1.7210354804992676, d_time=0.27(0.26), f_time=2.00(1.85), b_time=2.28(2.10), lr=0.005263830709638767
/bin/sh: line 1: gpustat: command not found
2026-03-10 20:24:23,435   INFO  
2026-03-10 20:25:34,991   INFO  Save latest model to /storage/project/r-gchou3-0/spanse30/MSF/output/cfgs/waymo_models/msf_8frames/default/ckpt/latest_model
2026-03-10 20:26:06,296   INFO  epoch: 1/6, acc_iter=67100, cur_iter=30303/36796, batch_size=4, time_cost(epoch): 2:25:31/3:47:27, time_cost(all): 2:25:34/89:43:39, loss=1.2300376892089844, d_time=0.25(0.26), f_time=1.68(1.84), b_time=1.93(2.10), lr=0.005267123472424386
2026-03-10 20:27:50,860   INFO  epoch: 1/6, acc_iter=67150, cur_iter=30353/36796, batch_size=4, time_cost(epoch): 2:27:16/3:45:41, time_cost(all): 2:27:18/89:41:34, loss=1.4831666946411133, d_time=0.25(0.26), f_time=2.06(1.84), b_time=2.31(2.10), lr=0.0052704100114693035
2026-03-10 20:29:35,756   INFO  epoch: 1/6, acc_iter=67200, cur_iter=30403/36796, batch_size=4, time_cost(epoch): 2:29:00/3:43:56, time_cost(all): 2:29:03/89:39:42, loss=1.4065097570419312, d_time=0.25(0.26), f_time=2.25(1.84), b_time=2.50(2.10), lr=0.005273690316375304
/bin/sh: line 1: gpustat: command not found
2026-03-10 20:29:36,053   INFO  
2026-03-10 20:30:35,793   INFO  Save latest model to /storage/project/r-gchou3-0/spanse30/MSF/output/cfgs/waymo_models/msf_8frames/default/ckpt/latest_model
2026-03-10 20:31:16,843   INFO  epoch: 1/6, acc_iter=67250, cur_iter=30453/36796, batch_size=4, time_cost(epoch): 2:30:41/3:42:05, time_cost(all): 2:30:44/89:35:34, loss=1.1893095970153809, d_time=0.25(0.26), f_time=1.24(1.84), b_time=1.49(2.10), lr=0.0052769643767639
2026-03-10 20:32:57,663   INFO  epoch: 1/6, acc_iter=67300, cur_iter=30503/36796, batch_size=4, time_cost(epoch): 2:32:22/3:40:14, time_cost(all): 2:32:25/89:31:21, loss=1.2080434560775757, d_time=0.25(0.26), f_time=1.46(1.84), b_time=1.71(2.10), lr=0.005280232182276362
2026-03-10 20:34:41,027   INFO  epoch: 1/6, acc_iter=67350, cur_iter=30553/36796, batch_size=4, time_cost(epoch): 2:34:06/3:38:27, time_cost(all): 2:34:09/89:28:39, loss=1.5279093980789185, d_time=0.25(0.26), f_time=2.58(1.84), b_time=2.83(2.10), lr=0.005283493722573747
/bin/sh: line 1: gpustat: command not found
2026-03-10 20:34:41,318   INFO  
2026-03-10 20:35:36,086   INFO  Save latest model to /storage/project/r-gchou3-0/spanse30/MSF/output/cfgs/waymo_models/msf_8frames/default/ckpt/latest_model
2026-03-10 20:36:25,516   INFO  epoch: 1/6, acc_iter=67400, cur_iter=30603/36796, batch_size=4, time_cost(epoch): 2:35:50/3:36:41, time_cost(all): 2:35:53/89:26:37, loss=1.0866024494171143, d_time=0.25(0.26), f_time=1.15(1.84), b_time=1.41(2.10), lr=0.005286748987336937
2026-03-10 20:38:11,578   INFO  epoch: 1/6, acc_iter=67450, cur_iter=30653/36796, batch_size=4, time_cost(epoch): 2:37:36/3:34:58, time_cost(all): 2:37:39/89:25:29, loss=1.4229334592819214, d_time=0.25(0.26), f_time=1.87(1.84), b_time=2.12(2.10), lr=0.0052899979662666685
2026-03-10 20:39:55,895   INFO  epoch: 1/6, acc_iter=67500, cur_iter=30703/36796, batch_size=4, time_cost(epoch): 2:39:21/3:33:12, time_cost(all): 2:39:23/89:23:22, loss=1.5683484077453613, d_time=0.25(0.26), f_time=1.86(1.84), b_time=2.11(2.10), lr=0.005293240649083565
/bin/sh: line 1: gpustat: command not found
2026-03-10 20:39:56,215   INFO  
2026-03-10 20:40:36,142   INFO  Save latest model to /storage/project/r-gchou3-0/spanse30/MSF/output/cfgs/waymo_models/msf_8frames/default/ckpt/latest_model
2026-03-10 20:41:39,675   INFO  epoch: 1/6, acc_iter=67550, cur_iter=30753/36796, batch_size=4, time_cost(epoch): 2:41:04/3:31:25, time_cost(all): 2:41:07/89:20:57, loss=1.3253428936004639, d_time=0.25(0.26), f_time=2.21(1.84), b_time=2.46(2.10), lr=0.005296477025528169
2026-03-10 20:43:25,106   INFO  epoch: 1/6, acc_iter=67600, cur_iter=30803/36796, batch_size=4, time_cost(epoch): 2:42:50/3:29:41, time_cost(all): 2:42:53/89:19:28, loss=1.4295382499694824, d_time=0.25(0.26), f_time=2.24(1.84), b_time=2.49(2.10), lr=0.005299707085360979
2026-03-10 20:45:06,010   INFO  epoch: 1/6, acc_iter=67650, cur_iter=30853/36796, batch_size=4, time_cost(epoch): 2:44:31/3:27:51, time_cost(all): 2:44:34/89:15:31, loss=1.4505414962768555, d_time=0.25(0.26), f_time=2.45(1.84), b_time=2.69(2.10), lr=0.005302930818362476
/bin/sh: line 1: gpustat: command not found
2026-03-10 20:45:06,313   INFO  
2026-03-10 20:45:36,854   INFO  Save latest model to /storage/project/r-gchou3-0/spanse30/MSF/output/cfgs/waymo_models/msf_8frames/default/ckpt/latest_model
2026-03-10 20:46:48,883   INFO  epoch: 1/6, acc_iter=67700, cur_iter=30903/36796, batch_size=4, time_cost(epoch): 2:46:14/3:26:03, time_cost(all): 2:46:16/89:12:40, loss=1.339819312095642, d_time=0.25(0.26), f_time=1.28(1.84), b_time=1.53(2.10), lr=0.005306148214333156
2026-03-10 20:48:30,069   INFO  epoch: 1/6, acc_iter=67750, cur_iter=30953/36796, batch_size=4, time_cost(epoch): 2:47:55/3:24:14, time_cost(all): 2:47:58/89:08:56, loss=1.2378880977630615, d_time=0.25(0.26), f_time=1.29(1.84), b_time=1.54(2.10), lr=0.005309359263093572
2026-03-10 20:50:11,214   INFO  epoch: 1/6, acc_iter=67800, cur_iter=31003/36796, batch_size=4, time_cost(epoch): 2:49:36/3:22:24, time_cost(all): 2:49:39/89:05:14, loss=1.337634563446045, d_time=0.25(0.26), f_time=2.20(1.84), b_time=2.45(2.10), lr=0.00531256395448435
/bin/sh: line 1: gpustat: command not found
2026-03-10 20:50:11,510   INFO  
2026-03-10 20:50:35,487   INFO  Save latest model to /storage/project/r-gchou3-0/spanse30/MSF/output/cfgs/waymo_models/msf_8frames/default/ckpt/latest_model
2026-03-10 20:51:55,009   INFO  epoch: 1/6, acc_iter=67850, cur_iter=31053/36796, batch_size=4, time_cost(epoch): 2:51:20/3:20:38, time_cost(all): 2:51:23/89:02:57, loss=1.4068167209625244, d_time=0.25(0.26), f_time=1.81(1.84), b_time=2.06(2.10), lr=0.005315762278366236
2026-03-10 20:53:37,183   INFO  epoch: 1/6, acc_iter=67900, cur_iter=31103/36796, batch_size=4, time_cost(epoch): 2:53:02/3:18:51, time_cost(all): 2:53:05/88:59:51, loss=1.3283240795135498, d_time=0.24(0.26), f_time=1.77(1.84), b_time=2.02(2.10), lr=0.00531895422462012
2026-03-10 20:55:22,866   INFO  epoch: 1/6, acc_iter=67950, cur_iter=31153/36796, batch_size=4, time_cost(epoch): 2:54:48/3:17:07, time_cost(all): 2:54:50/88:58:34, loss=1.9632489681243896, d_time=0.25(0.26), f_time=2.15(1.84), b_time=2.40(2.10), lr=0.005322139783147071
/bin/sh: line 1: gpustat: command not found
2026-03-10 20:55:23,153   INFO  
2026-03-10 20:55:35,433   INFO  Save latest model to /storage/project/r-gchou3-0/spanse30/MSF/output/cfgs/waymo_models/msf_8frames/default/ckpt/latest_model
2026-03-10 20:57:08,189   INFO  epoch: 1/6, acc_iter=68000, cur_iter=31203/36796, batch_size=4, time_cost(epoch): 2:56:33/3:15:23, time_cost(all): 2:56:36/88:57:05, loss=1.29099702835083, d_time=0.25(0.26), f_time=2.09(1.84), b_time=2.34(2.10), lr=0.005325318943868365
2026-03-10 20:58:53,345   INFO  epoch: 1/6, acc_iter=68050, cur_iter=31253/36796, batch_size=4, time_cost(epoch): 2:58:18/3:13:38, time_cost(all): 2:58:21/88:55:31, loss=1.227063536643982, d_time=0.25(0.26), f_time=1.22(1.84), b_time=1.46(2.10), lr=0.005328491696725525
2026-03-10 21:00:35,448   INFO  Save latest model to /storage/project/r-gchou3-0/spanse30/MSF/output/cfgs/waymo_models/msf_8frames/default/ckpt/latest_model
2026-03-10 21:00:42,149   INFO  epoch: 1/6, acc_iter=68100, cur_iter=31303/36796, batch_size=4, time_cost(epoch): 3:00:07/3:11:58, time_cost(all): 3:00:10/88:55:44, loss=1.5742628574371338, d_time=0.25(0.26), f_time=1.82(1.84), b_time=2.07(2.10), lr=0.005331658031680342
/bin/sh: line 1: gpustat: command not found
2026-03-10 21:00:42,447   INFO  
2026-03-10 21:02:28,824   INFO  epoch: 1/6, acc_iter=68150, cur_iter=31353/36796, batch_size=4, time_cost(epoch): 3:01:53/3:10:15, time_cost(all): 3:01:56/88:54:53, loss=1.509901762008667, d_time=0.32(0.26), f_time=2.24(1.84), b_time=2.56(2.10), lr=0.005334817938714916
2026-03-10 21:04:09,266   INFO  epoch: 1/6, acc_iter=68200, cur_iter=31403/36796, batch_size=4, time_cost(epoch): 3:03:34/3:08:25, time_cost(all): 3:03:37/88:51:00, loss=1.8569316864013672, d_time=0.25(0.26), f_time=2.25(1.84), b_time=2.50(2.10), lr=0.0053379714078316855
2026-03-10 21:05:35,595   INFO  Save latest model to /storage/project/r-gchou3-0/spanse30/MSF/output/cfgs/waymo_models/msf_8frames/default/ckpt/latest_model
2026-03-10 21:05:50,137   INFO  epoch: 1/6, acc_iter=68250, cur_iter=31453/36796, batch_size=4, time_cost(epoch): 3:05:15/3:06:37, time_cost(all): 3:05:18/88:47:22, loss=1.1620690822601318, d_time=0.25(0.26), f_time=2.16(1.84), b_time=2.41(2.10), lr=0.005341118429053451
/bin/sh: line 1: gpustat: command not found
2026-03-10 21:05:50,444   INFO  
2026-03-10 21:07:36,298   INFO  epoch: 1/6, acc_iter=68300, cur_iter=31503/36796, batch_size=4, time_cost(epoch): 3:07:01/3:04:53, time_cost(all): 3:07:04/88:46:16, loss=1.179795503616333, d_time=0.25(0.26), f_time=1.20(1.84), b_time=1.45(2.10), lr=0.005344258992423424
2026-03-10 21:09:23,197   INFO  epoch: 1/6, acc_iter=68350, cur_iter=31553/36796, batch_size=4, time_cost(epoch): 3:08:48/3:03:10, time_cost(all): 3:08:51/88:45:31, loss=1.3348398208618164, d_time=0.25(0.26), f_time=1.87(1.84), b_time=2.12(2.10), lr=0.005347393088005237
2026-03-10 21:10:36,177   INFO  Save latest model to /storage/project/r-gchou3-0/spanse30/MSF/output/cfgs/waymo_models/msf_8frames/default/ckpt/latest_model
2026-03-10 21:11:08,380   INFO  epoch: 1/6, acc_iter=68400, cur_iter=31603/36796, batch_size=4, time_cost(epoch): 3:10:33/3:01:26, time_cost(all): 3:10:36/88:43:56, loss=1.3478983640670776, d_time=0.25(0.26), f_time=1.76(1.84), b_time=2.01(2.10), lr=0.005350520705882994
/bin/sh: line 1: gpustat: command not found
2026-03-10 21:11:08,692   INFO  
2026-03-10 21:12:49,580   INFO  epoch: 1/6, acc_iter=68450, cur_iter=31653/36796, batch_size=4, time_cost(epoch): 3:12:14/2:59:38, time_cost(all): 3:12:17/88:40:31, loss=1.4583966732025146, d_time=0.25(0.26), f_time=1.51(1.84), b_time=1.75(2.10), lr=0.005353641836161287
2026-03-10 21:14:35,628   INFO  epoch: 1/6, acc_iter=68500, cur_iter=31703/36796, batch_size=4, time_cost(epoch): 3:14:00/2:57:54, time_cost(all): 3:14:03/88:39:21, loss=1.3955466747283936, d_time=0.25(0.26), f_time=2.95(1.84), b_time=3.20(2.10), lr=0.0053567564689652415
2026-03-10 21:15:35,274   INFO  Save latest model to /storage/project/r-gchou3-0/spanse30/MSF/output/cfgs/waymo_models/msf_8frames/default/ckpt/latest_model
2026-03-10 21:16:22,062   INFO  epoch: 1/6, acc_iter=68550, cur_iter=31753/36796, batch_size=4, time_cost(epoch): 3:15:47/2:56:11, time_cost(all): 3:15:50/88:38:21, loss=1.5538122653961182, d_time=0.25(0.26), f_time=1.79(1.84), b_time=2.04(2.10), lr=0.005359864594440533
/bin/sh: line 1: gpustat: command not found
2026-03-10 21:16:22,360   INFO  
2026-03-10 21:18:09,008   INFO  epoch: 1/6, acc_iter=68600, cur_iter=31803/36796, batch_size=4, time_cost(epoch): 3:17:34/2:54:28, time_cost(all): 3:17:37/88:37:33, loss=1.32077157497406, d_time=0.25(0.26), f_time=1.49(1.84), b_time=1.74(2.10), lr=0.005362966202753429
2026-03-10 21:19:54,872   INFO  epoch: 1/6, acc_iter=68650, cur_iter=31853/36796, batch_size=4, time_cost(epoch): 3:19:20/2:52:44, time_cost(all): 3:19:22/88:36:16, loss=1.3075716495513916, d_time=0.25(0.26), f_time=1.74(1.84), b_time=1.99(2.10), lr=0.005366061284090818
2026-03-10 21:20:35,710   INFO  Save latest model to /storage/project/r-gchou3-0/spanse30/MSF/output/cfgs/waymo_models/msf_8frames/default/ckpt/latest_model
2026-03-10 21:21:37,960   INFO  epoch: 1/6, acc_iter=68700, cur_iter=31903/36796, batch_size=4, time_cost(epoch): 3:21:03/2:50:58, time_cost(all): 3:21:06/88:33:45, loss=1.7423758506774902, d_time=0.25(0.26), f_time=2.52(1.84), b_time=2.77(2.10), lr=0.0053691498286602335
/bin/sh: line 1: gpustat: command not found
2026-03-10 21:21:38,260   INFO  
2026-03-10 21:23:22,369   INFO  epoch: 1/6, acc_iter=68750, cur_iter=31953/36796, batch_size=4, time_cost(epoch): 3:22:47/2:49:12, time_cost(all): 3:22:50/88:31:49, loss=1.1149380207061768, d_time=0.25(0.26), f_time=1.69(1.84), b_time=1.94(2.10), lr=0.005372231826689897
2026-03-10 21:25:05,312   INFO  epoch: 1/6, acc_iter=68800, cur_iter=32003/36796, batch_size=4, time_cost(epoch): 3:24:30/2:47:26, time_cost(all): 3:24:33/88:29:16, loss=1.149475336074829, d_time=0.25(0.26), f_time=1.61(1.84), b_time=1.86(2.10), lr=0.005375307268428739
2026-03-10 21:25:35,050   INFO  Save latest model to /storage/project/r-gchou3-0/spanse30/MSF/output/cfgs/waymo_models/msf_8frames/default/ckpt/latest_model
2026-03-10 21:26:53,746   INFO  epoch: 1/6, acc_iter=68850, cur_iter=32053/36796, batch_size=4, time_cost(epoch): 3:26:18/2:45:44, time_cost(all): 3:26:21/88:29:04, loss=1.373460054397583, d_time=0.25(0.26), f_time=1.60(1.84), b_time=1.85(2.10), lr=0.005378376144146433
/bin/sh: line 1: gpustat: command not found
2026-03-10 21:26:54,056   INFO  
2026-03-10 21:28:36,135   INFO  epoch: 1/6, acc_iter=68900, cur_iter=32103/36796, batch_size=4, time_cost(epoch): 3:28:01/2:43:57, time_cost(all): 3:28:04/88:26:17, loss=1.1527800559997559, d_time=0.25(0.26), f_time=2.25(1.84), b_time=2.49(2.10), lr=0.0053814384441334285
2026-03-10 21:30:20,753   INFO  epoch: 1/6, acc_iter=68950, cur_iter=32153/36796, batch_size=4, time_cost(epoch): 3:29:45/2:42:12, time_cost(all): 3:29:48/88:24:27, loss=1.3219940662384033, d_time=0.25(0.26), f_time=2.03(1.84), b_time=2.28(2.10), lr=0.005384494158700979
2026-03-10 21:30:35,461   INFO  Save latest model to /storage/project/r-gchou3-0/spanse30/MSF/output/cfgs/waymo_models/msf_8frames/default/ckpt/latest_model
2026-03-10 21:32:05,556   INFO  epoch: 1/6, acc_iter=69000, cur_iter=32203/36796, batch_size=4, time_cost(epoch): 3:31:30/2:40:28, time_cost(all): 3:31:33/88:22:42, loss=1.4642560482025146, d_time=0.25(0.26), f_time=2.09(1.84), b_time=2.34(2.10), lr=0.005387543278181171
/bin/sh: line 1: gpustat: command not found
2026-03-10 21:32:05,931   INFO  
2026-03-10 21:33:55,095   INFO  epoch: 1/6, acc_iter=69050, cur_iter=32253/36796, batch_size=4, time_cost(epoch): 3:33:20/2:38:46, time_cost(all): 3:33:23/88:22:55, loss=1.4164433479309082, d_time=0.25(0.26), f_time=1.96(1.84), b_time=2.21(2.10), lr=0.005390585792926962
2026-03-10 21:35:35,194   INFO  Save latest model to /storage/project/r-gchou3-0/spanse30/MSF/output/cfgs/waymo_models/msf_8frames/default/ckpt/latest_model
2026-03-10 21:35:40,880   INFO  epoch: 1/6, acc_iter=69100, cur_iter=32303/36796, batch_size=4, time_cost(epoch): 3:35:06/2:37:02, time_cost(all): 3:35:08/88:21:33, loss=1.2922043800354004, d_time=0.18(0.26), f_time=1.96(1.84), b_time=2.14(2.10), lr=0.0053936216933122005
2026-03-10 21:37:24,504   INFO  epoch: 1/6, acc_iter=69150, cur_iter=32353/36796, batch_size=4, time_cost(epoch): 3:36:49/2:35:16, time_cost(all): 3:36:52/88:19:18, loss=1.4724023342132568, d_time=0.25(0.26), f_time=2.00(1.84), b_time=2.25(2.10), lr=0.0053966509697316685
/bin/sh: line 1: gpustat: command not found
2026-03-10 21:37:24,810   INFO  
2026-03-10 21:39:09,675   INFO  epoch: 1/6, acc_iter=69200, cur_iter=32403/36796, batch_size=4, time_cost(epoch): 3:38:34/2:33:32, time_cost(all): 3:38:37/88:17:41, loss=1.081521987915039, d_time=0.25(0.26), f_time=1.37(1.84), b_time=1.62(2.10), lr=0.0053996736126011
2026-03-10 21:40:35,469   INFO  Save latest model to /storage/project/r-gchou3-0/spanse30/MSF/output/cfgs/waymo_models/msf_8frames/default/ckpt/latest_model
2026-03-10 21:40:55,887   INFO  epoch: 1/6, acc_iter=69250, cur_iter=32453/36796, batch_size=4, time_cost(epoch): 3:40:21/2:31:48, time_cost(all): 3:40:23/88:16:29, loss=1.1430327892303467, d_time=0.25(0.26), f_time=0.85(1.84), b_time=1.10(2.10), lr=0.0054026896123572175
2026-03-10 21:42:41,450   INFO  epoch: 1/6, acc_iter=69300, cur_iter=32503/36796, batch_size=4, time_cost(epoch): 3:42:06/2:30:03, time_cost(all): 3:42:09/88:15:01, loss=1.3580994606018066, d_time=0.25(0.26), f_time=1.37(1.84), b_time=1.61(2.10), lr=0.0054056989594577646
/bin/sh: line 1: gpustat: command not found
2026-03-10 21:42:41,781   INFO  
2026-03-10 21:44:27,265   INFO  epoch: 1/6, acc_iter=69350, cur_iter=32553/36796, batch_size=4, time_cost(epoch): 3:43:52/2:28:19, time_cost(all): 3:43:55/88:13:38, loss=1.5533384084701538, d_time=0.25(0.26), f_time=1.87(1.84), b_time=2.12(2.10), lr=0.00540870164438153
2026-03-10 21:45:36,707   INFO  Save latest model to /storage/project/r-gchou3-0/spanse30/MSF/output/cfgs/waymo_models/msf_8frames/default/ckpt/latest_model
2026-03-10 21:46:09,129   INFO  epoch: 1/6, acc_iter=69400, cur_iter=32603/36796, batch_size=4, time_cost(epoch): 3:45:34/2:26:32, time_cost(all): 3:45:37/88:10:43, loss=1.2444111108779907, d_time=0.25(0.26), f_time=1.66(1.84), b_time=1.91(2.10), lr=0.005411697657628382
2026-03-10 21:47:51,668   INFO  epoch: 1/6, acc_iter=69450, cur_iter=32653/36796, batch_size=4, time_cost(epoch): 3:47:16/2:24:46, time_cost(all): 3:47:19/88:08:04, loss=1.4944822788238525, d_time=0.25(0.26), f_time=1.94(1.84), b_time=2.18(2.10), lr=0.005414686989719298
/bin/sh: line 1: gpustat: command not found
2026-03-10 21:47:51,972   INFO  
2026-03-10 21:49:37,742   INFO  epoch: 1/6, acc_iter=69500, cur_iter=32703/36796, batch_size=4, time_cost(epoch): 3:49:02/2:23:02, time_cost(all): 3:49:05/88:06:48, loss=1.3394566774368286, d_time=0.25(0.26), f_time=1.95(1.84), b_time=2.20(2.10), lr=0.005417669631196392
2026-03-10 21:50:36,486   INFO  Save latest model to /storage/project/r-gchou3-0/spanse30/MSF/output/cfgs/waymo_models/msf_8frames/default/ckpt/latest_model
2026-03-10 21:51:23,336   INFO  epoch: 1/6, acc_iter=69550, cur_iter=32753/36796, batch_size=4, time_cost(epoch): 3:50:48/2:21:18, time_cost(all): 3:50:51/88:05:20, loss=1.1313672065734863, d_time=0.31(0.26), f_time=1.59(1.84), b_time=1.90(2.10), lr=0.005420645572622946
2026-03-10 21:53:05,975   INFO  epoch: 1/6, acc_iter=69600, cur_iter=32803/36796, batch_size=4, time_cost(epoch): 3:52:31/2:19:31, time_cost(all): 3:52:34/88:02:45, loss=1.421025037765503, d_time=0.25(0.26), f_time=1.55(1.84), b_time=1.80(2.10), lr=0.005423614804583444
/bin/sh: line 1: gpustat: command not found
2026-03-10 21:53:06,321   INFO  
2026-03-10 21:54:53,060   INFO  epoch: 1/6, acc_iter=69650, cur_iter=32853/36796, batch_size=4, time_cost(epoch): 3:54:18/2:17:48, time_cost(all): 3:54:21/88:01:51, loss=1.5002466440200806, d_time=0.25(0.26), f_time=2.17(1.84), b_time=2.41(2.10), lr=0.005426577317683594
2026-03-10 21:55:36,009   INFO  Save latest model to /storage/project/r-gchou3-0/spanse30/MSF/output/cfgs/waymo_models/msf_8frames/default/ckpt/latest_model
2026-03-10 21:56:33,671   INFO  epoch: 1/6, acc_iter=69700, cur_iter=32903/36796, batch_size=4, time_cost(epoch): 3:55:58/2:16:01, time_cost(all): 3:56:01/87:58:31, loss=1.5687320232391357, d_time=0.25(0.26), f_time=2.45(1.84), b_time=2.69(2.10), lr=0.005429533102550362
2026-03-10 21:58:14,196   INFO  epoch: 1/6, acc_iter=69750, cur_iter=32953/36796, batch_size=4, time_cost(epoch): 3:57:39/2:14:13, time_cost(all): 3:57:42/87:55:11, loss=1.543304681777954, d_time=0.25(0.26), f_time=2.21(1.84), b_time=2.46(2.10), lr=0.005432482149832003
/bin/sh: line 1: gpustat: command not found
2026-03-10 21:58:14,498   INFO  
2026-03-10 21:59:59,720   INFO  epoch: 1/6, acc_iter=69800, cur_iter=33003/36796, batch_size=4, time_cost(epoch): 3:59:24/2:12:29, time_cost(all): 3:59:27/87:53:43, loss=1.3568426370620728, d_time=0.25(0.26), f_time=1.86(1.84), b_time=2.11(2.10), lr=0.005435424450198088
2026-03-10 22:00:35,695   INFO  Save latest model to /storage/project/r-gchou3-0/spanse30/MSF/output/cfgs/waymo_models/msf_8frames/default/ckpt/latest_model
2026-03-10 22:01:46,588   INFO  epoch: 1/6, acc_iter=69850, cur_iter=33053/36796, batch_size=4, time_cost(epoch): 4:01:11/2:10:45, time_cost(all): 4:01:14/87:52:43, loss=1.2696906328201294, d_time=0.25(0.26), f_time=2.07(1.84), b_time=2.32(2.10), lr=0.005438359994339536
2026-03-10 22:03:33,129   INFO  epoch: 1/6, acc_iter=69900, cur_iter=33103/36796, batch_size=4, time_cost(epoch): 4:02:58/2:09:01, time_cost(all): 4:03:01/87:51:36, loss=1.4437617063522339, d_time=0.25(0.26), f_time=2.53(1.84), b_time=2.78(2.10), lr=0.005441288772968639
/bin/sh: line 1: gpustat: command not found
2026-03-10 22:03:33,443   INFO  
2026-03-10 22:05:18,001   INFO  epoch: 1/6, acc_iter=69950, cur_iter=33153/36796, batch_size=4, time_cost(epoch): 4:04:43/2:07:17, time_cost(all): 4:04:46/87:49:52, loss=1.3397045135498047, d_time=0.25(0.26), f_time=2.26(1.84), b_time=2.51(2.10), lr=0.005444210776819096
2026-03-10 22:05:35,643   INFO  Save latest model to /storage/project/r-gchou3-0/spanse30/MSF/output/cfgs/waymo_models/msf_8frames/default/ckpt/latest_model
2026-03-10 22:07:03,164   INFO  epoch: 1/6, acc_iter=70000, cur_iter=33203/36796, batch_size=4, time_cost(epoch): 4:06:28/2:05:32, time_cost(all): 4:06:31/87:48:15, loss=1.2094558477401733, d_time=0.25(0.26), f_time=1.95(1.84), b_time=2.19(2.10), lr=0.00544712599664604
2026-03-10 22:08:47,380   INFO  epoch: 1/6, acc_iter=70050, cur_iter=33253/36796, batch_size=4, time_cost(epoch): 4:08:12/2:03:47, time_cost(all): 4:08:15/87:46:17, loss=1.1969038248062134, d_time=0.25(0.26), f_time=1.38(1.84), b_time=1.63(2.10), lr=0.005450034423226067
/bin/sh: line 1: gpustat: command not found
2026-03-10 22:08:47,677   INFO  
2026-03-10 22:10:34,963   INFO  Save latest model to /storage/project/r-gchou3-0/spanse30/MSF/output/cfgs/waymo_models/msf_8frames/default/ckpt/latest_model
2026-03-10 22:10:36,694   INFO  epoch: 1/6, acc_iter=70100, cur_iter=33303/36796, batch_size=4, time_cost(epoch): 4:10:01/2:02:04, time_cost(all): 4:10:04/87:46:07, loss=1.1671113967895508, d_time=0.36(0.26), f_time=1.48(1.84), b_time=1.84(2.10), lr=0.005452936047357271
2026-03-10 22:12:24,124   INFO  epoch: 1/6, acc_iter=70150, cur_iter=33353/36796, batch_size=4, time_cost(epoch): 4:11:49/2:00:21, time_cost(all): 4:11:52/87:45:16, loss=1.5923652648925781, d_time=0.25(0.26), f_time=2.55(1.84), b_time=2.80(2.10), lr=0.00545583085985926
2026-03-10 22:14:07,468   INFO  epoch: 1/6, acc_iter=70200, cur_iter=33403/36796, batch_size=4, time_cost(epoch): 4:13:32/1:58:35, time_cost(all): 4:13:35/87:43:00, loss=1.0985612869262695, d_time=0.25(0.26), f_time=0.88(1.84), b_time=1.13(2.10), lr=0.0054587188515731995
/bin/sh: line 1: gpustat: command not found
2026-03-10 22:14:07,772   INFO  
2026-03-10 22:15:35,174   INFO  Save latest model to /storage/project/r-gchou3-0/spanse30/MSF/output/cfgs/waymo_models/msf_8frames/default/ckpt/latest_model
2026-03-10 22:15:55,203   INFO  epoch: 1/6, acc_iter=70250, cur_iter=33453/36796, batch_size=4, time_cost(epoch): 4:15:20/1:56:52, time_cost(all): 4:15:23/87:42:14, loss=1.4250478744506836, d_time=0.25(0.26), f_time=2.14(1.84), b_time=2.39(2.10), lr=0.005461600013361833
2026-03-10 22:17:39,915   INFO  epoch: 1/6, acc_iter=70300, cur_iter=33503/36796, batch_size=4, time_cost(epoch): 4:17:05/1:55:07, time_cost(all): 4:17:07/87:40:26, loss=1.4822410345077515, d_time=0.25(0.26), f_time=2.23(1.84), b_time=2.48(2.10), lr=0.005464474336109513
2026-03-10 22:19:23,137   INFO  epoch: 1/6, acc_iter=70350, cur_iter=33553/36796, batch_size=4, time_cost(epoch): 4:18:48/1:53:21, time_cost(all): 4:18:51/87:38:08, loss=1.3786550760269165, d_time=0.25(0.26), f_time=1.71(1.84), b_time=1.96(2.10), lr=0.0054673418107222295
/bin/sh: line 1: gpustat: command not found
2026-03-10 22:19:23,436   INFO  
2026-03-10 22:20:35,348   INFO  Save latest model to /storage/project/r-gchou3-0/spanse30/MSF/output/cfgs/waymo_models/msf_8frames/default/ckpt/latest_model
2026-03-10 22:21:09,237   INFO  epoch: 1/6, acc_iter=70400, cur_iter=33603/36796, batch_size=4, time_cost(epoch): 4:20:34/1:51:37, time_cost(all): 4:20:37/87:36:48, loss=1.2394139766693115, d_time=0.25(0.26), f_time=1.51(1.84), b_time=1.76(2.10), lr=0.0054702024281276405
2026-03-10 22:22:59,027   INFO  epoch: 1/6, acc_iter=70450, cur_iter=33653/36796, batch_size=4, time_cost(epoch): 4:22:24/1:49:54, time_cost(all): 4:22:27/87:36:41, loss=1.633458137512207, d_time=0.25(0.26), f_time=2.19(1.84), b_time=2.44(2.10), lr=0.005473056179275098
2026-03-10 22:24:45,737   INFO  epoch: 1/6, acc_iter=70500, cur_iter=33703/36796, batch_size=4, time_cost(epoch): 4:24:10/1:48:10, time_cost(all): 4:24:13/87:35:32, loss=1.2349964380264282, d_time=0.25(0.26), f_time=2.20(1.84), b_time=2.45(2.10), lr=0.005475903055135679
/bin/sh: line 1: gpustat: command not found
2026-03-10 22:24:46,037   INFO  
2026-03-10 22:25:36,660   INFO  Save latest model to /storage/project/r-gchou3-0/spanse30/MSF/output/cfgs/waymo_models/msf_8frames/default/ckpt/latest_model
2026-03-10 22:26:28,897   INFO  epoch: 1/6, acc_iter=70550, cur_iter=33753/36796, batch_size=4, time_cost(epoch): 4:25:54/1:46:24, time_cost(all): 4:25:56/87:33:13, loss=1.4338791370391846, d_time=0.25(0.26), f_time=2.04(1.84), b_time=2.29(2.10), lr=0.005478743046702213
2026-03-10 22:28:14,687   INFO  epoch: 1/6, acc_iter=70600, cur_iter=33803/36796, batch_size=4, time_cost(epoch): 4:27:39/1:44:39, time_cost(all): 4:27:42/87:31:45, loss=1.122584342956543, d_time=0.25(0.26), f_time=1.50(1.84), b_time=1.75(2.10), lr=0.005481576144989308
2026-03-10 22:29:58,634   INFO  epoch: 1/6, acc_iter=70650, cur_iter=33853/36796, batch_size=4, time_cost(epoch): 4:29:23/1:42:54, time_cost(all): 4:29:26/87:29:41, loss=1.6099469661712646, d_time=0.25(0.26), f_time=1.96(1.84), b_time=2.21(2.10), lr=0.005484402341033387
/bin/sh: line 1: gpustat: command not found
2026-03-10 22:29:58,937   INFO  
2026-03-10 22:30:36,770   INFO  Save latest model to /storage/project/r-gchou3-0/spanse30/MSF/output/cfgs/waymo_models/msf_8frames/default/ckpt/latest_model
2026-03-10 22:31:41,945   INFO  epoch: 1/6, acc_iter=70700, cur_iter=33903/36796, batch_size=4, time_cost(epoch): 4:31:07/1:41:09, time_cost(all): 4:31:10/87:27:26, loss=1.3493680953979492, d_time=0.25(0.26), f_time=2.17(1.84), b_time=2.42(2.10), lr=0.005487221625892705
2026-03-10 22:33:31,438   INFO  epoch: 1/6, acc_iter=70750, cur_iter=33953/36796, batch_size=4, time_cost(epoch): 4:32:56/1:39:25, time_cost(all): 4:32:59/87:27:09, loss=1.5970999002456665, d_time=0.24(0.26), f_time=1.37(1.84), b_time=1.62(2.10), lr=0.005490033990647388
2026-03-10 22:35:12,707   INFO  epoch: 1/6, acc_iter=70800, cur_iter=34003/36796, batch_size=4, time_cost(epoch): 4:34:37/1:37:39, time_cost(all): 4:34:40/87:24:14, loss=1.4726886749267578, d_time=0.25(0.26), f_time=1.92(1.84), b_time=2.17(2.10), lr=0.0054928394263994516
/bin/sh: line 1: gpustat: command not found
2026-03-10 22:35:13,014   INFO  
2026-03-10 22:35:36,529   INFO  Save latest model to /storage/project/r-gchou3-0/spanse30/MSF/output/cfgs/waymo_models/msf_8frames/default/ckpt/latest_model
2026-03-10 22:36:58,261   INFO  epoch: 1/6, acc_iter=70850, cur_iter=34053/36796, batch_size=4, time_cost(epoch): 4:36:23/1:35:55, time_cost(all): 4:36:26/87:22:42, loss=1.5525643825531006, d_time=0.25(0.26), f_time=1.67(1.84), b_time=1.91(2.10), lr=0.005495637924272839
2026-03-10 22:38:45,292   INFO  epoch: 1/6, acc_iter=70900, cur_iter=34103/36796, batch_size=4, time_cost(epoch): 4:38:10/1:34:10, time_cost(all): 4:38:13/87:21:37, loss=1.3709675073623657, d_time=0.25(0.26), f_time=1.94(1.84), b_time=2.19(2.10), lr=0.005498429475413439
2026-03-10 22:40:30,452   INFO  epoch: 1/6, acc_iter=70950, cur_iter=34153/36796, batch_size=4, time_cost(epoch): 4:39:55/1:32:26, time_cost(all): 4:39:58/87:19:57, loss=1.5438942909240723, d_time=0.33(0.26), f_time=2.00(1.84), b_time=2.33(2.10), lr=0.005501214070989123
/bin/sh: line 1: gpustat: command not found
2026-03-10 22:40:30,759   INFO  
2026-03-10 22:40:36,848   INFO  Save latest model to /storage/project/r-gchou3-0/spanse30/MSF/output/cfgs/waymo_models/msf_8frames/default/ckpt/latest_model
2026-03-10 22:42:13,703   INFO  epoch: 1/6, acc_iter=71000, cur_iter=34203/36796, batch_size=4, time_cost(epoch): 4:41:38/1:30:40, time_cost(all): 4:41:41/87:17:41, loss=1.0805774927139282, d_time=0.25(0.26), f_time=1.59(1.84), b_time=1.84(2.10), lr=0.005503991702189769
2026-03-10 22:43:56,622   INFO  epoch: 1/6, acc_iter=71050, cur_iter=34253/36796, batch_size=4, time_cost(epoch): 4:43:21/1:28:55, time_cost(all): 4:43:24/87:15:19, loss=1.4478347301483154, d_time=0.25(0.26), f_time=1.56(1.84), b_time=1.81(2.10), lr=0.005506762360227284
2026-03-10 22:45:37,212   INFO  Save latest model to /storage/project/r-gchou3-0/spanse30/MSF/output/cfgs/waymo_models/msf_8frames/default/ckpt/latest_model
2026-03-10 22:45:40,386   INFO  epoch: 1/6, acc_iter=71100, cur_iter=34303/36796, batch_size=4, time_cost(epoch): 4:45:05/1:27:09, time_cost(all): 4:45:08/87:13:13, loss=1.5456033945083618, d_time=0.25(0.26), f_time=1.60(1.84), b_time=1.85(2.10), lr=0.005509526036335644
/bin/sh: line 1: gpustat: command not found
2026-03-10 22:45:40,696   INFO  
2026-03-10 22:47:26,323   INFO  epoch: 1/6, acc_iter=71150, cur_iter=34353/36796, batch_size=4, time_cost(epoch): 4:46:51/1:25:25, time_cost(all): 4:46:54/87:11:47, loss=1.388403296470642, d_time=0.25(0.26), f_time=1.82(1.84), b_time=2.07(2.10), lr=0.005512282721770911
2026-03-10 22:49:07,573   INFO  epoch: 1/6, acc_iter=71200, cur_iter=34403/36796, batch_size=4, time_cost(epoch): 4:48:32/1:23:39, time_cost(all): 4:48:35/87:08:57, loss=1.5632566213607788, d_time=0.25(0.26), f_time=2.37(1.84), b_time=2.61(2.10), lr=0.005515032407811266
2026-03-10 22:50:35,448   INFO  Save latest model to /storage/project/r-gchou3-0/spanse30/MSF/output/cfgs/waymo_models/msf_8frames/default/ckpt/latest_model
2026-03-10 22:50:53,965   INFO  epoch: 1/6, acc_iter=71250, cur_iter=34453/36796, batch_size=4, time_cost(epoch): 4:50:19/1:21:54, time_cost(all): 4:50:22/87:07:39, loss=1.446447730064392, d_time=0.25(0.26), f_time=1.71(1.84), b_time=1.96(2.10), lr=0.005517775085757035
/bin/sh: line 1: gpustat: command not found
2026-03-10 22:50:54,305   INFO  
2026-03-10 22:52:41,696   INFO  epoch: 1/6, acc_iter=71300, cur_iter=34503/36796, batch_size=4, time_cost(epoch): 4:52:06/1:20:10, time_cost(all): 4:52:09/87:06:45, loss=1.2211980819702148, d_time=0.25(0.26), f_time=1.66(1.84), b_time=1.90(2.10), lr=0.005520510746930718
2026-03-10 22:54:27,738   INFO  epoch: 1/6, acc_iter=71350, cur_iter=34553/36796, batch_size=4, time_cost(epoch): 4:53:52/1:18:26, time_cost(all): 4:53:55/87:05:20, loss=1.3715804815292358, d_time=0.24(0.26), f_time=1.54(1.84), b_time=1.78(2.10), lr=0.005523239382677012
2026-03-10 22:55:35,126   INFO  Save latest model to /storage/project/r-gchou3-0/spanse30/MSF/output/cfgs/waymo_models/msf_8frames/default/ckpt/latest_model
2026-03-10 22:56:16,686   INFO  epoch: 1/6, acc_iter=71400, cur_iter=34603/36796, batch_size=4, time_cost(epoch): 4:55:41/1:16:42, time_cost(all): 4:55:44/87:04:47, loss=1.1423344612121582, d_time=0.25(0.25), f_time=1.70(1.84), b_time=1.95(2.10), lr=0.005525960984362845
/bin/sh: line 1: gpustat: command not found
2026-03-10 22:56:17,003   INFO  
2026-03-10 22:58:00,236   INFO  epoch: 1/6, acc_iter=71450, cur_iter=34653/36796, batch_size=4, time_cost(epoch): 4:57:25/1:14:57, time_cost(all): 4:57:28/87:02:38, loss=1.6976925134658813, d_time=0.24(0.25), f_time=2.07(1.84), b_time=2.31(2.10), lr=0.005528675543377397
2026-03-10 22:59:46,321   INFO  epoch: 1/6, acc_iter=71500, cur_iter=34703/36796, batch_size=4, time_cost(epoch): 4:59:11/1:13:12, time_cost(all): 4:59:14/87:01:13, loss=1.9200294017791748, d_time=0.25(0.25), f_time=1.85(1.84), b_time=2.10(2.10), lr=0.005531383051132132
2026-03-10 23:00:37,193   INFO  Save latest model to /storage/project/r-gchou3-0/spanse30/MSF/output/cfgs/waymo_models/msf_8frames/default/ckpt/latest_model
2026-03-10 23:01:30,668   INFO  epoch: 1/6, acc_iter=71550, cur_iter=34753/36796, batch_size=4, time_cost(epoch): 5:00:55/1:11:27, time_cost(all): 5:00:58/86:59:18, loss=1.463135004043579, d_time=0.25(0.25), f_time=1.73(1.84), b_time=1.97(2.10), lr=0.005534083499060825
/bin/sh: line 1: gpustat: command not found
2026-03-10 23:01:30,994   INFO  
2026-03-10 23:03:14,620   INFO  epoch: 1/6, acc_iter=71600, cur_iter=34803/36796, batch_size=4, time_cost(epoch): 5:02:39/1:09:42, time_cost(all): 5:02:42/86:57:16, loss=1.5743159055709839, d_time=0.25(0.25), f_time=1.91(1.84), b_time=2.16(2.10), lr=0.0055367768786195835
2026-03-10 23:04:59,732   INFO  epoch: 1/6, acc_iter=71650, cur_iter=34853/36796, batch_size=4, time_cost(epoch): 5:04:24/1:07:57, time_cost(all): 5:04:27/86:55:35, loss=1.6443417072296143, d_time=0.25(0.25), f_time=1.94(1.84), b_time=2.19(2.10), lr=0.005539463181286881
2026-03-10 23:05:34,996   INFO  Save latest model to /storage/project/r-gchou3-0/spanse30/MSF/output/cfgs/waymo_models/msf_8frames/default/ckpt/latest_model
2026-03-10 23:06:43,149   INFO  epoch: 1/6, acc_iter=71700, cur_iter=34903/36796, batch_size=4, time_cost(epoch): 5:06:08/1:06:12, time_cost(all): 5:06:11/86:53:24, loss=1.616898536682129, d_time=0.25(0.25), f_time=2.01(1.84), b_time=2.26(2.10), lr=0.00554214239856358
/bin/sh: line 1: gpustat: command not found
2026-03-10 23:06:43,463   INFO  
2026-03-10 23:08:30,759   INFO  epoch: 1/6, acc_iter=71750, cur_iter=34953/36796, batch_size=4, time_cost(epoch): 5:07:55/1:04:27, time_cost(all): 5:07:58/86:52:25, loss=1.404799461364746, d_time=0.25(0.25), f_time=2.83(1.84), b_time=3.08(2.10), lr=0.005544814521972963
2026-03-10 23:10:15,430   INFO  epoch: 1/6, acc_iter=71800, cur_iter=35003/36796, batch_size=4, time_cost(epoch): 5:09:40/1:02:42, time_cost(all): 5:09:43/86:50:35, loss=1.4248082637786865, d_time=0.24(0.25), f_time=1.51(1.84), b_time=1.75(2.10), lr=0.005547479543060752
2026-03-10 23:10:35,136   INFO  Save latest model to /storage/project/r-gchou3-0/spanse30/MSF/output/cfgs/waymo_models/msf_8frames/default/ckpt/latest_model
2026-03-10 23:12:03,915   INFO  epoch: 1/6, acc_iter=71850, cur_iter=35053/36796, batch_size=4, time_cost(epoch): 5:11:29/1:00:58, time_cost(all): 5:11:31/86:49:50, loss=1.3125516176223755, d_time=0.25(0.25), f_time=1.25(1.84), b_time=1.50(2.10), lr=0.005550137453395145
/bin/sh: line 1: gpustat: command not found
2026-03-10 23:12:04,295   INFO  
2026-03-10 23:13:52,728   INFO  epoch: 1/6, acc_iter=71900, cur_iter=35103/36796, batch_size=4, time_cost(epoch): 5:13:17/59:14, time_cost(all): 5:13:20/86:49:09, loss=1.4442951679229736, d_time=0.25(0.25), f_time=2.03(1.84), b_time=2.28(2.10), lr=0.005552788244566834
2026-03-10 23:15:36,144   INFO  Save latest model to /storage/project/r-gchou3-0/spanse30/MSF/output/cfgs/waymo_models/msf_8frames/default/ckpt/latest_model
2026-03-10 23:15:38,493   INFO  epoch: 1/6, acc_iter=71950, cur_iter=35153/36796, batch_size=4, time_cost(epoch): 5:15:03/57:29, time_cost(all): 5:15:06/86:47:38, loss=1.6644656658172607, d_time=0.48(0.25), f_time=2.10(1.84), b_time=2.58(2.10), lr=0.005555431908189038
2026-03-10 23:17:22,672   INFO  epoch: 1/6, acc_iter=72000, cur_iter=35203/36796, batch_size=4, time_cost(epoch): 5:16:47/55:44, time_cost(all): 5:16:50/86:45:40, loss=1.2313731908798218, d_time=0.25(0.25), f_time=1.86(1.84), b_time=2.11(2.10), lr=0.005558068435897523
/bin/sh: line 1: gpustat: command not found
2026-03-10 23:17:22,993   INFO  
2026-03-10 23:19:10,734   INFO  epoch: 1/6, acc_iter=72050, cur_iter=35253/36796, batch_size=4, time_cost(epoch): 5:18:35/53:59, time_cost(all): 5:18:38/86:44:45, loss=1.217555284500122, d_time=0.25(0.25), f_time=1.63(1.84), b_time=1.88(2.10), lr=0.005560697819350637
2026-03-10 23:20:35,620   INFO  Save latest model to /storage/project/r-gchou3-0/spanse30/MSF/output/cfgs/waymo_models/msf_8frames/default/ckpt/latest_model
2026-03-10 23:20:55,101   INFO  epoch: 1/6, acc_iter=72100, cur_iter=35303/36796, batch_size=4, time_cost(epoch): 5:20:20/52:14, time_cost(all): 5:20:23/86:42:50, loss=1.4677457809448242, d_time=0.25(0.25), f_time=1.90(1.84), b_time=2.15(2.10), lr=0.005563320050229325
2026-03-10 23:22:40,502   INFO  epoch: 1/6, acc_iter=72150, cur_iter=35353/36796, batch_size=4, time_cost(epoch): 5:22:05/50:29, time_cost(all): 5:22:08/86:41:12, loss=1.6665711402893066, d_time=0.25(0.25), f_time=2.02(1.84), b_time=2.27(2.10), lr=0.0055659351202371685
/bin/sh: line 1: gpustat: command not found
2026-03-10 23:22:40,819   INFO  
2026-03-10 23:24:26,534   INFO  epoch: 1/6, acc_iter=72200, cur_iter=35403/36796, batch_size=4, time_cost(epoch): 5:23:51/48:45, time_cost(all): 5:23:54/86:39:44, loss=1.2626922130584717, d_time=0.24(0.25), f_time=1.71(1.84), b_time=1.95(2.10), lr=0.005568543021100402
2026-03-10 23:25:35,913   INFO  Save latest model to /storage/project/r-gchou3-0/spanse30/MSF/output/cfgs/waymo_models/msf_8frames/default/ckpt/latest_model
2026-03-10 23:26:15,381   INFO  epoch: 1/6, acc_iter=72250, cur_iter=35453/36796, batch_size=4, time_cost(epoch): 5:25:40/47:00, time_cost(all): 5:25:43/86:39:00, loss=1.2259652614593506, d_time=0.25(0.25), f_time=1.82(1.85), b_time=2.07(2.10), lr=0.005571143744567943
2026-03-10 23:28:05,236   INFO  epoch: 1/6, acc_iter=72300, cur_iter=35503/36796, batch_size=4, time_cost(epoch): 5:27:30/45:16, time_cost(all): 5:27:33/86:38:32, loss=1.5121736526489258, d_time=0.25(0.25), f_time=2.00(1.85), b_time=2.25(2.10), lr=0.005573737282411415
/bin/sh: line 1: gpustat: command not found
2026-03-10 23:28:05,549   INFO  
2026-03-10 23:29:52,628   INFO  epoch: 1/6, acc_iter=72350, cur_iter=35553/36796, batch_size=4, time_cost(epoch): 5:29:17/43:31, time_cost(all): 5:29:20/86:37:24, loss=1.3407267332077026, d_time=0.25(0.25), f_time=2.01(1.85), b_time=2.26(2.10), lr=0.00557632362642518
2026-03-10 23:30:35,018   INFO  Save latest model to /storage/project/r-gchou3-0/spanse30/MSF/output/cfgs/waymo_models/msf_8frames/default/ckpt/latest_model
2026-03-10 23:31:42,154   INFO  epoch: 1/6, acc_iter=72400, cur_iter=35603/36796, batch_size=4, time_cost(epoch): 5:31:07/41:47, time_cost(all): 5:31:10/86:36:49, loss=1.5017638206481934, d_time=0.25(0.25), f_time=2.58(1.85), b_time=2.83(2.10), lr=0.005578902768426357
2026-03-10 23:33:29,896   INFO  epoch: 1/6, acc_iter=72450, cur_iter=35653/36796, batch_size=4, time_cost(epoch): 5:32:55/40:02, time_cost(all): 5:32:57/86:35:46, loss=1.3991820812225342, d_time=0.25(0.25), f_time=1.89(1.85), b_time=2.14(2.10), lr=0.005581474700254854
/bin/sh: line 1: gpustat: command not found
2026-03-10 23:33:30,208   INFO  
2026-03-10 23:35:18,050   INFO  epoch: 1/6, acc_iter=72500, cur_iter=35703/36796, batch_size=4, time_cost(epoch): 5:34:43/38:17, time_cost(all): 5:34:46/86:34:48, loss=1.132015347480774, d_time=0.25(0.25), f_time=1.83(1.85), b_time=2.08(2.10), lr=0.00558403941377339
2026-03-10 23:35:35,403   INFO  Save latest model to /storage/project/r-gchou3-0/spanse30/MSF/output/cfgs/waymo_models/msf_8frames/default/ckpt/latest_model
2026-03-10 23:37:07,092   INFO  epoch: 1/6, acc_iter=72550, cur_iter=35753/36796, batch_size=4, time_cost(epoch): 5:36:32/36:32, time_cost(all): 5:36:35/86:34:04, loss=1.502416968345642, d_time=0.25(0.25), f_time=1.80(1.85), b_time=2.05(2.10), lr=0.005586596900867521
2026-03-10 23:38:51,265   INFO  epoch: 1/6, acc_iter=72600, cur_iter=35803/36796, batch_size=4, time_cost(epoch): 5:38:16/34:47, time_cost(all): 5:38:19/86:32:04, loss=1.180252194404602, d_time=0.25(0.25), f_time=1.31(1.85), b_time=1.56(2.10), lr=0.005589147153445666
/bin/sh: line 1: gpustat: command not found
2026-03-10 23:38:51,645   INFO  
2026-03-10 23:40:35,254   INFO  Save latest model to /storage/project/r-gchou3-0/spanse30/MSF/output/cfgs/waymo_models/msf_8frames/default/ckpt/latest_model
2026-03-10 23:40:39,234   INFO  epoch: 1/6, acc_iter=72650, cur_iter=35853/36796, batch_size=4, time_cost(epoch): 5:40:04/33:02, time_cost(all): 5:40:07/86:31:03, loss=1.2690682411193848, d_time=0.25(0.25), f_time=2.02(1.85), b_time=2.27(2.10), lr=0.005591690163439137
2026-03-10 23:42:28,431   INFO  epoch: 1/6, acc_iter=72700, cur_iter=35903/36796, batch_size=4, time_cost(epoch): 5:41:53/31:18, time_cost(all): 5:41:56/86:30:19, loss=1.3811029195785522, d_time=0.25(0.25), f_time=1.42(1.85), b_time=1.67(2.10), lr=0.005594225922802155
2026-03-10 23:44:11,690   INFO  epoch: 1/6, acc_iter=72750, cur_iter=35953/36796, batch_size=4, time_cost(epoch): 5:43:36/29:32, time_cost(all): 5:43:39/86:28:06, loss=1.5486619472503662, d_time=0.25(0.25), f_time=2.15(1.85), b_time=2.40(2.10), lr=0.005596754423511887
/bin/sh: line 1: gpustat: command not found
2026-03-10 23:44:11,962   INFO  
2026-03-10 23:45:36,126   INFO  Save latest model to /storage/project/r-gchou3-0/spanse30/MSF/output/cfgs/waymo_models/msf_8frames/default/ckpt/latest_model
2026-03-10 23:45:55,553   INFO  epoch: 1/6, acc_iter=72800, cur_iter=36003/36796, batch_size=4, time_cost(epoch): 5:45:20/27:47, time_cost(all): 5:45:23/86:26:01, loss=1.391025424003601, d_time=0.25(0.25), f_time=1.90(1.85), b_time=2.15(2.10), lr=0.0055992756575684605
2026-03-10 23:47:37,899   INFO  epoch: 1/6, acc_iter=72850, cur_iter=36053/36796, batch_size=4, time_cost(epoch): 5:47:03/26:02, time_cost(all): 5:47:05/86:23:34, loss=1.3079746961593628, d_time=0.25(0.25), f_time=1.95(1.85), b_time=2.20(2.10), lr=0.005601789616994997
2026-03-10 23:49:24,064   INFO  epoch: 1/6, acc_iter=72900, cur_iter=36103/36796, batch_size=4, time_cost(epoch): 5:48:49/24:17, time_cost(all): 5:48:52/86:22:05, loss=1.1540396213531494, d_time=0.25(0.25), f_time=2.21(1.85), b_time=2.46(2.10), lr=0.005604296293837632
/bin/sh: line 1: gpustat: command not found
2026-03-10 23:49:24,315   INFO  
2026-03-10 23:50:36,959   INFO  Save latest model to /storage/project/r-gchou3-0/spanse30/MSF/output/cfgs/waymo_models/msf_8frames/default/ckpt/latest_model
2026-03-10 23:51:08,324   INFO  epoch: 1/6, acc_iter=72950, cur_iter=36153/36796, batch_size=4, time_cost(epoch): 5:50:33/22:31, time_cost(all): 5:50:36/86:20:07, loss=1.3721644878387451, d_time=0.25(0.25), f_time=2.75(1.85), b_time=3.00(2.10), lr=0.005606795680165545
2026-03-10 23:52:50,009   INFO  epoch: 1/6, acc_iter=73000, cur_iter=36203/36796, batch_size=4, time_cost(epoch): 5:52:15/20:46, time_cost(all): 5:52:18/86:17:31, loss=1.2606184482574463, d_time=0.25(0.25), f_time=1.74(1.85), b_time=2.00(2.10), lr=0.0056092877680709785
2026-03-10 23:54:33,685   INFO  epoch: 1/6, acc_iter=73050, cur_iter=36253/36796, batch_size=4, time_cost(epoch): 5:53:58/19:01, time_cost(all): 5:54:01/86:15:25, loss=1.3985110521316528, d_time=0.25(0.25), f_time=2.13(1.85), b_time=2.38(2.10), lr=0.0056117725496692685
/bin/sh: line 1: gpustat: command not found
2026-03-10 23:54:33,947   INFO  
2026-03-10 23:55:36,477   INFO  Save latest model to /storage/project/r-gchou3-0/spanse30/MSF/output/cfgs/waymo_models/msf_8frames/default/ckpt/latest_model
2026-03-10 23:56:17,598   INFO  epoch: 1/6, acc_iter=73100, cur_iter=36303/36796, batch_size=4, time_cost(epoch): 5:55:42/17:16, time_cost(all): 5:55:45/86:13:23, loss=1.4414658546447754, d_time=0.25(0.25), f_time=2.00(1.85), b_time=2.25(2.10), lr=0.005614250017098867
2026-03-10 23:58:03,299   INFO  epoch: 1/6, acc_iter=73150, cur_iter=36353/36796, batch_size=4, time_cost(epoch): 5:57:28/15:31, time_cost(all): 5:57:31/86:11:46, loss=1.113807201385498, d_time=0.25(0.25), f_time=1.43(1.85), b_time=1.68(2.10), lr=0.005616720162521365
2026-03-10 23:59:44,068   INFO  epoch: 1/6, acc_iter=73200, cur_iter=36403/36796, batch_size=4, time_cost(epoch): 5:59:09/13:45, time_cost(all): 5:59:12/86:08:59, loss=1.1319129467010498, d_time=0.25(0.25), f_time=1.61(1.85), b_time=1.86(2.10), lr=0.0056191829781215225
/bin/sh: line 1: gpustat: command not found
2026-03-10 23:59:44,329   INFO  
2026-03-11 00:00:35,392   INFO  Save latest model to /storage/project/r-gchou3-0/spanse30/MSF/output/cfgs/waymo_models/msf_8frames/default/ckpt/latest_model
2026-03-11 00:01:29,785   INFO  epoch: 1/6, acc_iter=73250, cur_iter=36453/36796, batch_size=4, time_cost(epoch): 6:00:54/12:00, time_cost(all): 6:00:57/86:07:23, loss=1.5575300455093384, d_time=0.25(0.25), f_time=2.43(1.85), b_time=2.68(2.10), lr=0.005621638456107289
2026-03-11 00:03:13,058   INFO  epoch: 1/6, acc_iter=73300, cur_iter=36503/36796, batch_size=4, time_cost(epoch): 6:02:38/10:15, time_cost(all): 6:02:41/86:05:12, loss=1.187819004058838, d_time=0.25(0.25), f_time=1.04(1.85), b_time=1.29(2.10), lr=0.005624086588709829
2026-03-11 00:04:56,508   INFO  epoch: 1/6, acc_iter=73350, cur_iter=36553/36796, batch_size=4, time_cost(epoch): 6:04:21/08:30, time_cost(all): 6:04:24/86:03:04, loss=1.3350672721862793, d_time=0.25(0.25), f_time=2.28(1.85), b_time=2.53(2.10), lr=0.005626527368183546
/bin/sh: line 1: gpustat: command not found
2026-03-11 00:04:56,760   INFO  
2026-03-11 00:05:36,164   INFO  Save latest model to /storage/project/r-gchou3-0/spanse30/MSF/output/cfgs/waymo_models/msf_8frames/default/ckpt/latest_model
2026-03-11 00:06:38,762   INFO  epoch: 1/6, acc_iter=73400, cur_iter=36603/36796, batch_size=4, time_cost(epoch): 6:06:03/06:45, time_cost(all): 6:06:06/86:00:39, loss=1.4490989446640015, d_time=0.25(0.25), f_time=1.86(1.85), b_time=2.11(2.10), lr=0.005628960786806111
2026-03-11 00:08:23,827   INFO  epoch: 1/6, acc_iter=73450, cur_iter=36653/36796, batch_size=4, time_cost(epoch): 6:07:48/05:00, time_cost(all): 6:07:51/85:58:55, loss=1.1256288290023804, d_time=0.25(0.25), f_time=1.66(1.85), b_time=1.91(2.10), lr=0.005631386836878481
2026-03-11 00:10:06,255   INFO  epoch: 1/6, acc_iter=73500, cur_iter=36703/36796, batch_size=4, time_cost(epoch): 6:09:31/03:15, time_cost(all): 6:09:34/85:56:33, loss=1.5113837718963623, d_time=0.24(0.25), f_time=2.26(1.85), b_time=2.50(2.10), lr=0.005633805510724926
/bin/sh: line 1: gpustat: command not found
2026-03-11 00:10:06,514   INFO  
2026-03-11 00:10:37,170   INFO  Save latest model to /storage/project/r-gchou3-0/spanse30/MSF/output/cfgs/waymo_models/msf_8frames/default/ckpt/latest_model
2026-03-11 00:11:49,947   INFO  epoch: 1/6, acc_iter=73550, cur_iter=36753/36796, batch_size=4, time_cost(epoch): 6:11:15/01:30, time_cost(all): 6:11:18/85:54:29, loss=1.3638914823532104, d_time=0.25(0.25), f_time=1.89(1.85), b_time=2.13(2.10), lr=0.0056362168006930564
2026-03-11 00:13:16,521   INFO  epoch: 1/6, acc_iter=73592, cur_iter=36795/36796, batch_size=4, time_cost(epoch): 6:12:41/00:02, time_cost(all): 6:12:44/85:52:38, loss=1.603611707687378, d_time=0.26(0.25), f_time=1.82(1.85), b_time=2.08(2.10), lr=0.005638236572423163

                                                [Aepochs:  20%|██        | 1/5 [6:12:45<24:51:00, 22365.09s/it]
train:   0%|          | 0/36796 [00:00<?, ?it/s][A2026-03-11 00:13:34,891   INFO  epoch: 2/6, acc_iter=73593, cur_iter=0/36796, batch_size=4, time_cost(epoch): 00:17/173:48:11, time_cost(all): 6:13:02/695:12:47, loss=1.4699329137802124, d_time=10.81(10.81), f_time=5.95(5.95), b_time=16.76(16.76), lr=0.005638284598622196
2026-03-11 00:13:49,115   INFO  epoch: 2/6, acc_iter=73600, cur_iter=7/36796, batch_size=4, time_cost(epoch): 00:31/39:53:25, time_cost(all): 6:13:17/159:35:04, loss=1.023735761642456, d_time=0.24(1.57), f_time=0.87(2.31), b_time=1.11(3.87), lr=0.005638620699153841
2026-03-11 00:15:34,986   INFO  epoch: 2/6, acc_iter=73650, cur_iter=57/36796, batch_size=4, time_cost(epoch): 02:17/24:07:22, time_cost(all): 6:15:03/96:36:15, loss=1.5395023822784424, d_time=0.25(0.43), f_time=2.11(1.93), b_time=2.36(2.36), lr=0.005641017198501637
/bin/sh: line 1: gpustat: command not found
2026-03-11 00:15:35,242   INFO  
2026-03-11 00:17:18,082   INFO  epoch: 2/6, acc_iter=73700, cur_iter=107/36796, batch_size=4, time_cost(epoch): 04:00/22:39:57, time_cost(all): 6:16:46/90:51:43, loss=1.6146368980407715, d_time=0.25(0.35), f_time=1.89(1.87), b_time=2.14(2.22), lr=0.0056434062911542085
2026-03-11 00:18:19,942   INFO  Save latest model to /storage/project/r-gchou3-0/spanse30/MSF/output/cfgs/waymo_models/msf_8frames/default/ckpt/latest_model
2026-03-11 00:18:56,659   INFO  epoch: 2/6, acc_iter=73750, cur_iter=157/36796, batch_size=4, time_cost(epoch): 05:38/21:49:18, time_cost(all): 6:18:24/87:34:04, loss=1.444984793663025, d_time=0.25(0.32), f_time=1.66(1.82), b_time=1.91(2.14), lr=0.005645787969552758
2026-03-11 00:20:36,731   INFO  epoch: 2/6, acc_iter=73800, cur_iter=207/36796, batch_size=4, time_cost(epoch): 07:18/21:26:36, time_cost(all): 6:20:04/86:08:16, loss=1.5724356174468994, d_time=0.25(0.30), f_time=1.82(1.81), b_time=2.07(2.11), lr=0.00564816222616194
/bin/sh: line 1: gpustat: command not found
2026-03-11 00:20:36,993   INFO  
2026-03-11 00:22:18,541   INFO  epoch: 2/6, acc_iter=73850, cur_iter=257/36796, batch_size=4, time_cost(epoch): 09:00/21:16:09, time_cost(all): 6:21:46/85:31:33, loss=1.3965716361999512, d_time=0.25(0.29), f_time=1.45(1.80), b_time=1.70(2.09), lr=0.005650529053469897
2026-03-11 00:23:18,646   INFO  Save latest model to /storage/project/r-gchou3-0/spanse30/MSF/output/cfgs/waymo_models/msf_8frames/default/ckpt/latest_model
2026-03-11 00:24:01,973   INFO  epoch: 2/6, acc_iter=73900, cur_iter=307/36796, batch_size=4, time_cost(epoch): 10:44/21:11:45, time_cost(all): 6:23:30/85:19:07, loss=1.3610796928405762, d_time=0.25(0.29), f_time=1.74(1.80), b_time=1.98(2.09), lr=0.0056528884439882715
2026-03-11 00:25:46,669   INFO  epoch: 2/6, acc_iter=73950, cur_iter=357/36796, batch_size=4, time_cost(epoch): 12:28/21:10:14, time_cost(all): 6:25:14/85:18:18, loss=1.2984005212783813, d_time=0.25(0.28), f_time=1.83(1.81), b_time=2.08(2.09), lr=0.005655240390252238
/bin/sh: line 1: gpustat: command not found
2026-03-11 00:25:46,925   INFO  
2026-03-11 00:27:26,583   INFO  epoch: 2/6, acc_iter=74000, cur_iter=407/36796, batch_size=4, time_cost(epoch): 14:08/21:01:34, time_cost(all): 6:26:54/84:48:36, loss=1.3833134174346924, d_time=0.25(0.28), f_time=0.97(1.80), b_time=1.22(2.08), lr=0.0056575848848205235
2026-03-11 00:28:18,376   INFO  Save latest model to /storage/project/r-gchou3-0/spanse30/MSF/output/cfgs/waymo_models/msf_8frames/default/ckpt/latest_model
2026-03-11 00:29:05,409   INFO  epoch: 2/6, acc_iter=74050, cur_iter=457/36796, batch_size=4, time_cost(epoch): 15:47/20:52:59, time_cost(all): 6:28:33/84:19:12, loss=1.7098565101623535, d_time=0.25(0.27), f_time=1.84(1.79), b_time=2.09(2.07), lr=0.0056599219202754306
2026-03-11 00:30:49,206   INFO  epoch: 2/6, acc_iter=74100, cur_iter=507/36796, batch_size=4, time_cost(epoch): 17:31/20:51:41, time_cost(all): 6:30:17/84:19:11, loss=1.386168360710144, d_time=0.25(0.27), f_time=1.24(1.80), b_time=1.49(2.07), lr=0.00566225148922286
/bin/sh: line 1: gpustat: command not found
2026-03-11 00:30:49,495   INFO  
2026-03-11 00:32:31,717   INFO  epoch: 2/6, acc_iter=74150, cur_iter=557/36796, batch_size=4, time_cost(epoch): 19:13/20:48:54, time_cost(all): 6:31:59/84:13:14, loss=1.25559401512146, d_time=0.25(0.27), f_time=2.27(1.80), b_time=2.52(2.07), lr=0.005664573584292341
2026-03-11 00:33:19,053   INFO  Save latest model to /storage/project/r-gchou3-0/spanse30/MSF/output/cfgs/waymo_models/msf_8frames/default/ckpt/latest_model
2026-03-11 00:34:12,201   INFO  epoch: 2/6, acc_iter=74200, cur_iter=607/36796, batch_size=4, time_cost(epoch): 20:54/20:44:18, time_cost(all): 6:33:40/83:59:50, loss=1.4035966396331787, d_time=0.25(0.27), f_time=2.47(1.79), b_time=2.72(2.06), lr=0.005666888198137043
2026-03-11 00:35:50,695   INFO  epoch: 2/6, acc_iter=74250, cur_iter=657/36796, batch_size=4, time_cost(epoch): 22:32/20:38:19, time_cost(all): 6:35:18/83:40:50, loss=1.383508324623108, d_time=0.25(0.27), f_time=1.98(1.79), b_time=2.23(2.06), lr=0.0056691953234338085
/bin/sh: line 1: gpustat: command not found
2026-03-11 00:35:50,974   INFO  
2026-03-11 00:37:30,765   INFO  epoch: 2/6, acc_iter=74300, cur_iter=707/36796, batch_size=4, time_cost(epoch): 24:12/20:34:17, time_cost(all): 6:36:58/83:29:43, loss=1.6123626232147217, d_time=0.25(0.27), f_time=2.07(1.79), b_time=2.32(2.05), lr=0.005671494952883172
2026-03-11 00:38:18,157   INFO  Save latest model to /storage/project/r-gchou3-0/spanse30/MSF/output/cfgs/waymo_models/msf_8frames/default/ckpt/latest_model
2026-03-11 00:39:13,072   INFO  epoch: 2/6, acc_iter=74350, cur_iter=757/36796, batch_size=4, time_cost(epoch): 25:55/20:32:21, time_cost(all): 6:38:41/83:27:03, loss=1.4592808485031128, d_time=0.25(0.27), f_time=1.53(1.79), b_time=1.78(2.05), lr=0.005673787079209383
2026-03-11 00:40:56,345   INFO  epoch: 2/6, acc_iter=74400, cur_iter=807/36796, batch_size=4, time_cost(epoch): 27:38/20:31:09, time_cost(all): 6:40:24/83:27:25, loss=1.140486240386963, d_time=0.25(0.26), f_time=1.69(1.79), b_time=1.94(2.05), lr=0.005676071695160435
/bin/sh: line 1: gpustat: command not found
2026-03-11 00:40:56,601   INFO  
2026-03-11 00:42:40,576   INFO  epoch: 2/6, acc_iter=74450, cur_iter=857/36796, batch_size=4, time_cost(epoch): 29:22/20:30:33, time_cost(all): 6:42:08/83:30:16, loss=1.2026071548461914, d_time=0.25(0.26), f_time=2.08(1.79), b_time=2.33(2.05), lr=0.005678348793508075
2026-03-11 00:43:18,378   INFO  Save latest model to /storage/project/r-gchou3-0/spanse30/MSF/output/cfgs/waymo_models/msf_8frames/default/ckpt/latest_model
2026-03-11 00:44:20,800   INFO  epoch: 2/6, acc_iter=74500, cur_iter=907/36796, batch_size=4, time_cost(epoch): 31:02/20:27:12, time_cost(all): 6:43:48/83:21:51, loss=1.50668203830719, d_time=0.25(0.26), f_time=2.44(1.79), b_time=2.69(2.05), lr=0.005680618367047841
2026-03-11 00:46:01,179   INFO  epoch: 2/6, acc_iter=74550, cur_iter=957/36796, batch_size=4, time_cost(epoch): 32:43/20:24:07, time_cost(all): 6:45:29/83:14:32, loss=1.3200395107269287, d_time=0.25(0.26), f_time=2.20(1.79), b_time=2.45(2.05), lr=0.005682880408599077
/bin/sh: line 1: gpustat: command not found
2026-03-11 00:46:01,441   INFO  
2026-03-11 00:47:39,910   INFO  epoch: 2/6, acc_iter=74600, cur_iter=1007/36796, batch_size=4, time_cost(epoch): 34:22/20:20:12, time_cost(all): 6:47:07/83:03:48, loss=1.6663308143615723, d_time=0.25(0.26), f_time=1.89(1.78), b_time=2.14(2.05), lr=0.005685134911004958
2026-03-11 00:48:18,856   INFO  Save latest model to /storage/project/r-gchou3-0/spanse30/MSF/output/cfgs/waymo_models/msf_8frames/default/ckpt/latest_model
2026-03-11 00:49:21,280   INFO  epoch: 2/6, acc_iter=74650, cur_iter=1057/36796, batch_size=4, time_cost(epoch): 36:03/20:17:58, time_cost(all): 6:48:49/82:59:59, loss=1.0989844799041748, d_time=0.25(0.26), f_time=1.64(1.78), b_time=1.89(2.04), lr=0.00568738186713251
2026-03-11 00:51:01,422   INFO  epoch: 2/6, acc_iter=74700, cur_iter=1107/36796, batch_size=4, time_cost(epoch): 37:43/20:15:09, time_cost(all): 6:50:29/82:53:40, loss=1.5512847900390625, d_time=0.25(0.26), f_time=2.59(1.78), b_time=2.84(2.04), lr=0.005689621269872635
/bin/sh: line 1: gpustat: command not found
2026-03-11 00:51:01,678   INFO  
2026-03-11 00:52:44,545   INFO  epoch: 2/6, acc_iter=74750, cur_iter=1157/36796, batch_size=4, time_cost(epoch): 39:26/20:13:57, time_cost(all): 6:52:12/82:54:02, loss=1.2925291061401367, d_time=0.25(0.26), f_time=1.83(1.78), b_time=2.08(2.04), lr=0.005691853112140136
2026-03-11 00:53:19,925   INFO  Save latest model to /storage/project/r-gchou3-0/spanse30/MSF/output/cfgs/waymo_models/msf_8frames/default/ckpt/latest_model
2026-03-11 00:54:25,243   INFO  epoch: 2/6, acc_iter=74800, cur_iter=1207/36796, batch_size=4, time_cost(epoch): 41:07/20:11:31, time_cost(all): 6:53:53/82:49:19, loss=1.2941097021102905, d_time=0.24(0.26), f_time=1.60(1.78), b_time=1.85(2.04), lr=0.0056940773868737315
2026-03-11 00:56:06,447   INFO  epoch: 2/6, acc_iter=74850, cur_iter=1257/36796, batch_size=4, time_cost(epoch): 42:48/20:09:22, time_cost(all): 6:55:34/82:45:50, loss=1.4480855464935303, d_time=0.25(0.26), f_time=1.93(1.78), b_time=2.18(2.04), lr=0.005696294087036087
/bin/sh: line 1: gpustat: command not found
2026-03-11 00:56:06,703   INFO  
2026-03-11 00:57:48,528   INFO  epoch: 2/6, acc_iter=74900, cur_iter=1307/36796, batch_size=4, time_cost(epoch): 44:30/20:07:40, time_cost(all): 6:57:16/82:44:07, loss=1.2448060512542725, d_time=0.25(0.26), f_time=1.54(1.78), b_time=1.79(2.04), lr=0.00569850320561383
2026-03-11 00:58:19,295   INFO  Save latest model to /storage/project/r-gchou3-0/spanse30/MSF/output/cfgs/waymo_models/msf_8frames/default/ckpt/latest_model
2026-03-11 00:59:31,836   INFO  epoch: 2/6, acc_iter=74950, cur_iter=1357/36796, batch_size=4, time_cost(epoch): 46:13/20:06:30, time_cost(all): 6:58:59/82:44:36, loss=1.5078959465026855, d_time=0.25(0.26), f_time=2.63(1.78), b_time=2.88(2.04), lr=0.005700704735617578
2026-03-11 01:01:12,525   INFO  epoch: 2/6, acc_iter=75000, cur_iter=1407/36796, batch_size=4, time_cost(epoch): 47:54/20:04:11, time_cost(all): 7:00:40/82:40:25, loss=1.8235664367675781, d_time=0.25(0.26), f_time=1.84(1.78), b_time=2.09(2.04), lr=0.005702898670081955
/bin/sh: line 1: gpustat: command not found
2026-03-11 01:01:12,783   INFO  
2026-03-11 01:02:56,189   INFO  epoch: 2/6, acc_iter=75050, cur_iter=1457/36796, batch_size=4, time_cost(epoch): 49:38/20:03:08, time_cost(all): 7:02:24/82:41:21, loss=1.4917843341827393, d_time=0.25(0.26), f_time=2.12(1.78), b_time=2.36(2.04), lr=0.005705085002065619
2026-03-11 01:03:20,384   INFO  Save latest model to /storage/project/r-gchou3-0/spanse30/MSF/output/cfgs/waymo_models/msf_8frames/default/ckpt/latest_model
2026-03-11 01:04:40,445   INFO  epoch: 2/6, acc_iter=75100, cur_iter=1507/36796, batch_size=4, time_cost(epoch): 51:22/20:02:15, time_cost(all): 7:04:08/82:43:03, loss=1.3923664093017578, d_time=0.25(0.26), f_time=2.09(1.79), b_time=2.34(2.04), lr=0.005707263724651279
2026-03-11 01:06:18,708   INFO  epoch: 2/6, acc_iter=75150, cur_iter=1557/36796, batch_size=4, time_cost(epoch): 53:00/19:59:04, time_cost(all): 7:05:46/82:35:12, loss=1.4718130826950073, d_time=0.25(0.26), f_time=1.80(1.78), b_time=2.05(2.04), lr=0.005709434830945721
/bin/sh: line 1: gpustat: command not found
2026-03-11 01:06:18,972   INFO  
2026-03-11 01:08:03,818   INFO  epoch: 2/6, acc_iter=75200, cur_iter=1607/36796, batch_size=4, time_cost(epoch): 54:45/19:58:28, time_cost(all): 7:07:31/82:38:05, loss=1.4890960454940796, d_time=0.25(0.26), f_time=2.72(1.79), b_time=2.97(2.04), lr=0.005711598314079827
2026-03-11 01:08:18,033   INFO  Save latest model to /storage/project/r-gchou3-0/spanse30/MSF/output/cfgs/waymo_models/msf_8frames/default/ckpt/latest_model
2026-03-11 01:09:44,424   INFO  epoch: 2/6, acc_iter=75250, cur_iter=1657/36796, batch_size=4, time_cost(epoch): 56:26/19:56:12, time_cost(all): 7:09:12/82:34:05, loss=1.762305498123169, d_time=0.25(0.26), f_time=1.58(1.78), b_time=1.83(2.04), lr=0.005713754167208599
2026-03-11 01:11:21,977   INFO  epoch: 2/6, acc_iter=75300, cur_iter=1707/36796, batch_size=4, time_cost(epoch): 58:04/19:52:56, time_cost(all): 7:10:50/82:25:53, loss=1.1286813020706177, d_time=0.25(0.26), f_time=1.40(1.78), b_time=1.65(2.04), lr=0.005715902383511177
/bin/sh: line 1: gpustat: command not found
2026-03-11 01:11:22,240   INFO  
2026-03-11 01:13:05,142   INFO  epoch: 2/6, acc_iter=75350, cur_iter=1757/36796, batch_size=4, time_cost(epoch): 59:47/19:51:38, time_cost(all): 7:12:33/82:25:48, loss=1.6199065446853638, d_time=0.25(0.26), f_time=1.70(1.78), b_time=1.95(2.04), lr=0.005718042956190865
2026-03-11 01:13:19,205   INFO  Save latest model to /storage/project/r-gchou3-0/spanse30/MSF/output/cfgs/waymo_models/msf_8frames/default/ckpt/latest_model
2026-03-11 01:14:46,194   INFO  epoch: 2/6, acc_iter=75400, cur_iter=1807/36796, batch_size=4, time_cost(epoch): 1:01:28/19:49:37, time_cost(all): 7:14:14/82:22:48, loss=1.8336117267608643, d_time=0.27(0.26), f_time=1.78(1.78), b_time=2.04(2.04), lr=0.005720175878475151
2026-03-11 01:16:24,145   INFO  epoch: 2/6, acc_iter=75450, cur_iter=1857/36796, batch_size=4, time_cost(epoch): 1:03:06/19:46:39, time_cost(all): 7:15:52/82:15:49, loss=1.3259685039520264, d_time=0.25(0.26), f_time=1.84(1.78), b_time=2.09(2.04), lr=0.005722301143615725
/bin/sh: line 1: gpustat: command not found
2026-03-11 01:16:24,419   INFO  
2026-03-11 01:18:05,471   INFO  epoch: 2/6, acc_iter=75500, cur_iter=1907/36796, batch_size=4, time_cost(epoch): 1:04:47/19:44:46, time_cost(all): 7:17:33/82:13:24, loss=1.585357904434204, d_time=0.25(0.26), f_time=2.25(1.78), b_time=2.50(2.04), lr=0.005724418744888508
2026-03-11 01:18:18,373   INFO  Save latest model to /storage/project/r-gchou3-0/spanse30/MSF/output/cfgs/waymo_models/msf_8frames/default/ckpt/latest_model
2026-03-11 01:19:45,477   INFO  epoch: 2/6, acc_iter=75550, cur_iter=1957/36796, batch_size=4, time_cost(epoch): 1:06:27/19:42:31, time_cost(all): 7:19:13/82:09:23, loss=1.988466501235962, d_time=0.25(0.26), f_time=2.01(1.78), b_time=2.25(2.04), lr=0.0057265286755936624
2026-03-11 01:21:23,171   INFO  epoch: 2/6, acc_iter=75600, cur_iter=2007/36796, batch_size=4, time_cost(epoch): 1:08:05/19:39:38, time_cost(all): 7:20:51/82:02:43, loss=1.3684896230697632, d_time=0.25(0.26), f_time=1.76(1.78), b_time=2.01(2.03), lr=0.005728630929055624
/bin/sh: line 1: gpustat: command not found
2026-03-11 01:21:23,432   INFO  
2026-03-11 01:23:01,863   INFO  epoch: 2/6, acc_iter=75650, cur_iter=2057/36796, batch_size=4, time_cost(epoch): 1:09:43/19:37:05, time_cost(all): 7:22:29/81:57:27, loss=1.1637747287750244, d_time=0.25(0.26), f_time=0.95(1.78), b_time=1.19(2.03), lr=0.005730725498623119
2026-03-11 01:23:20,093   INFO  Save latest model to /storage/project/r-gchou3-0/spanse30/MSF/output/cfgs/waymo_models/msf_8frames/default/ckpt/latest_model
2026-03-11 01:24:42,860   INFO  epoch: 2/6, acc_iter=75700, cur_iter=2107/36796, batch_size=4, time_cost(epoch): 1:11:24/19:35:13, time_cost(all): 7:24:10/81:55:00, loss=1.242861270904541, d_time=0.25(0.26), f_time=1.40(1.78), b_time=1.65(2.03), lr=0.005732812377669181
2026-03-11 01:26:22,222   INFO  epoch: 2/6, acc_iter=75750, cur_iter=2157/36796, batch_size=4, time_cost(epoch): 1:13:04/19:32:54, time_cost(all): 7:25:50/81:50:46, loss=1.4320316314697266, d_time=0.25(0.26), f_time=2.63(1.78), b_time=2.88(2.03), lr=0.005734891559591176
/bin/sh: line 1: gpustat: command not found
2026-03-11 01:26:22,482   INFO  
2026-03-11 01:28:03,340   INFO  epoch: 2/6, acc_iter=75800, cur_iter=2207/36796, batch_size=4, time_cost(epoch): 1:14:45/19:31:06, time_cost(all): 7:27:31/81:48:34, loss=1.5539963245391846, d_time=0.25(0.26), f_time=2.34(1.77), b_time=2.59(2.03), lr=0.005736963037810826
2026-03-11 01:28:18,641   INFO  Save latest model to /storage/project/r-gchou3-0/spanse30/MSF/output/cfgs/waymo_models/msf_8frames/default/ckpt/latest_model
2026-03-11 01:29:48,780   INFO  epoch: 2/6, acc_iter=75850, cur_iter=2257/36796, batch_size=4, time_cost(epoch): 1:16:30/19:30:23, time_cost(all): 7:29:16/81:51:00, loss=1.568382740020752, d_time=0.25(0.26), f_time=2.31(1.78), b_time=2.56(2.03), lr=0.005739026805774224
2026-03-11 01:31:28,284   INFO  epoch: 2/6, acc_iter=75900, cur_iter=2307/36796, batch_size=4, time_cost(epoch): 1:18:10/19:28:09, time_cost(all): 7:30:56/81:47:04, loss=1.559410810470581, d_time=0.25(0.26), f_time=1.95(1.78), b_time=2.19(2.03), lr=0.0057410828569518565
/bin/sh: line 1: gpustat: command not found
2026-03-11 01:31:28,541   INFO  
2026-03-11 01:33:11,409   INFO  epoch: 2/6, acc_iter=75950, cur_iter=2357/36796, batch_size=4, time_cost(epoch): 1:19:53/19:26:50, time_cost(all): 7:32:39/81:46:55, loss=1.6345816850662231, d_time=0.24(0.26), f_time=3.16(1.78), b_time=3.41(2.03), lr=0.005743131184838628
2026-03-11 01:33:19,562   INFO  Save latest model to /storage/project/r-gchou3-0/spanse30/MSF/output/cfgs/waymo_models/msf_8frames/default/ckpt/latest_model
2026-03-11 01:34:55,590   INFO  epoch: 2/6, acc_iter=76000, cur_iter=2407/36796, batch_size=4, time_cost(epoch): 1:21:37/19:25:44, time_cost(all): 7:34:23/81:47:46, loss=1.4719488620758057, d_time=0.25(0.26), f_time=1.81(1.78), b_time=2.06(2.03), lr=0.0057451717829538765
2026-03-11 01:36:37,284   INFO  epoch: 2/6, acc_iter=76050, cur_iter=2457/36796, batch_size=4, time_cost(epoch): 1:23:19/19:24:03, time_cost(all): 7:36:05/81:46:04, loss=1.0563931465148926, d_time=0.25(0.26), f_time=1.91(1.78), b_time=2.16(2.03), lr=0.005747204644841395
/bin/sh: line 1: gpustat: command not found
2026-03-11 01:36:37,547   INFO  
2026-03-11 01:38:18,341   INFO  epoch: 2/6, acc_iter=76100, cur_iter=2507/36796, batch_size=4, time_cost(epoch): 1:25:00/19:22:12, time_cost(all): 7:37:46/81:43:45, loss=1.4529125690460205, d_time=0.25(0.26), f_time=2.03(1.78), b_time=2.28(2.03), lr=0.005749229764069457
2026-03-11 01:38:18,444   INFO  Save latest model to /storage/project/r-gchou3-0/spanse30/MSF/output/cfgs/waymo_models/msf_8frames/default/ckpt/latest_model
2026-03-11 01:40:02,648   INFO  epoch: 2/6, acc_iter=76150, cur_iter=2557/36796, batch_size=4, time_cost(epoch): 1:26:44/19:21:06, time_cost(all): 7:39:30/81:44:32, loss=1.419999122619629, d_time=0.25(0.26), f_time=1.89(1.78), b_time=2.14(2.03), lr=0.005751247134230827
2026-03-11 01:41:46,007   INFO  epoch: 2/6, acc_iter=76200, cur_iter=2607/36796, batch_size=4, time_cost(epoch): 1:28:28/19:19:45, time_cost(all): 7:41:14/81:44:20, loss=1.2818050384521484, d_time=0.25(0.26), f_time=1.55(1.78), b_time=1.80(2.04), lr=0.005753256748942792
/bin/sh: line 1: gpustat: command not found
2026-03-11 01:41:46,268   INFO  
2026-03-11 01:43:19,103   INFO  Save latest model to /storage/project/r-gchou3-0/spanse30/MSF/output/cfgs/waymo_models/msf_8frames/default/ckpt/latest_model
2026-03-11 01:43:30,103   INFO  epoch: 2/6, acc_iter=76250, cur_iter=2657/36796, batch_size=4, time_cost(epoch): 1:30:12/19:18:33, time_cost(all): 7:42:58/81:44:45, loss=1.1424702405929565, d_time=0.25(0.26), f_time=0.80(1.78), b_time=1.05(2.04), lr=0.005755258601847175
2026-03-11 01:45:10,716   INFO  epoch: 2/6, acc_iter=76300, cur_iter=2707/36796, batch_size=4, time_cost(epoch): 1:31:52/19:16:36, time_cost(all): 7:44:38/81:42:00, loss=1.2483059167861938, d_time=0.25(0.26), f_time=1.32(1.78), b_time=1.57(2.04), lr=0.005757252686610354
2026-03-11 01:46:49,529   INFO  epoch: 2/6, acc_iter=76350, cur_iter=2757/36796, batch_size=4, time_cost(epoch): 1:33:31/19:14:18, time_cost(all): 7:46:17/81:37:42, loss=1.3986730575561523, d_time=0.25(0.26), f_time=1.39(1.78), b_time=1.64(2.03), lr=0.005759238996923285
/bin/sh: line 1: gpustat: command not found
2026-03-11 01:46:49,789   INFO  
2026-03-11 01:48:18,589   INFO  Save latest model to /storage/project/r-gchou3-0/spanse30/MSF/output/cfgs/waymo_models/msf_8frames/default/ckpt/latest_model
2026-03-11 01:48:28,755   INFO  epoch: 2/6, acc_iter=76400, cur_iter=2807/36796, batch_size=4, time_cost(epoch): 1:35:10/19:12:06, time_cost(all): 7:47:56/81:33:51, loss=1.1747632026672363, d_time=0.24(0.26), f_time=1.52(1.78), b_time=1.76(2.03), lr=0.005761217526501525
2026-03-11 01:50:10,195   INFO  epoch: 2/6, acc_iter=76450, cur_iter=2857/36796, batch_size=4, time_cost(epoch): 1:36:52/19:10:21, time_cost(all): 7:49:38/81:31:57, loss=1.257322072982788, d_time=0.25(0.26), f_time=1.27(1.78), b_time=1.53(2.03), lr=0.005763188269085244
2026-03-11 01:51:51,099   INFO  epoch: 2/6, acc_iter=76500, cur_iter=2907/36796, batch_size=4, time_cost(epoch): 1:38:33/19:08:30, time_cost(all): 7:51:19/81:29:37, loss=1.1934301853179932, d_time=0.25(0.26), f_time=1.90(1.78), b_time=2.15(2.03), lr=0.0057651512184392515
/bin/sh: line 1: gpustat: command not found
2026-03-11 01:51:51,355   INFO  
2026-03-11 01:53:19,167   INFO  Save latest model to /storage/project/r-gchou3-0/spanse30/MSF/output/cfgs/waymo_models/msf_8frames/default/ckpt/latest_model
2026-03-11 01:53:33,624   INFO  epoch: 2/6, acc_iter=76550, cur_iter=2957/36796, batch_size=4, time_cost(epoch): 1:40:15/19:06:58, time_cost(all): 7:53:01/81:28:37, loss=1.42814302444458, d_time=0.25(0.26), f_time=2.04(1.78), b_time=2.29(2.03), lr=0.005767106368353013
2026-03-11 01:55:15,667   INFO  epoch: 2/6, acc_iter=76600, cur_iter=3007/36796, batch_size=4, time_cost(epoch): 1:41:57/19:05:21, time_cost(all): 7:54:43/81:27:12, loss=1.375395655632019, d_time=0.25(0.25), f_time=2.03(1.78), b_time=2.27(2.03), lr=0.005769053712640671
2026-03-11 01:56:54,491   INFO  epoch: 2/6, acc_iter=76650, cur_iter=3057/36796, batch_size=4, time_cost(epoch): 1:43:36/19:03:07, time_cost(all): 7:56:22/81:23:15, loss=1.443392276763916, d_time=0.25(0.25), f_time=2.68(1.78), b_time=2.93(2.03), lr=0.005770993245141064
/bin/sh: line 1: gpustat: command not found
2026-03-11 01:56:54,743   INFO  
2026-03-11 01:58:18,409   INFO  Save latest model to /storage/project/r-gchou3-0/spanse30/MSF/output/cfgs/waymo_models/msf_8frames/default/ckpt/latest_model
2026-03-11 01:58:31,977   INFO  epoch: 2/6, acc_iter=76700, cur_iter=3107/36796, batch_size=4, time_cost(epoch): 1:45:14/19:00:41, time_cost(all): 7:58:00/81:18:21, loss=1.4313679933547974, d_time=0.25(0.25), f_time=1.64(1.78), b_time=1.89(2.03), lr=0.005772924959717744
2026-03-11 02:00:15,155   INFO  epoch: 2/6, acc_iter=76750, cur_iter=3157/36796, batch_size=4, time_cost(epoch): 1:46:57/18:59:16, time_cost(all): 7:59:43/81:17:52, loss=1.4243930578231812, d_time=0.25(0.25), f_time=1.88(1.78), b_time=2.13(2.03), lr=0.005774848850259003
2026-03-11 02:01:56,819   INFO  epoch: 2/6, acc_iter=76800, cur_iter=3207/36796, batch_size=4, time_cost(epoch): 1:48:38/18:57:35, time_cost(all): 8:01:24/81:16:13, loss=1.494922399520874, d_time=0.25(0.25), f_time=2.56(1.78), b_time=2.81(2.03), lr=0.0057767649106778805
/bin/sh: line 1: gpustat: command not found
2026-03-11 02:01:57,081   INFO  
2026-03-11 02:03:18,389   INFO  Save latest model to /storage/project/r-gchou3-0/spanse30/MSF/output/cfgs/waymo_models/msf_8frames/default/ckpt/latest_model
2026-03-11 02:03:40,821   INFO  epoch: 2/6, acc_iter=76850, cur_iter=3257/36796, batch_size=4, time_cost(epoch): 1:50:22/18:56:18, time_cost(all): 8:03:08/81:16:17, loss=1.2393577098846436, d_time=0.25(0.25), f_time=1.46(1.78), b_time=1.71(2.03), lr=0.005778673134912195
2026-03-11 02:05:24,501   INFO  epoch: 2/6, acc_iter=76900, cur_iter=3307/36796, batch_size=4, time_cost(epoch): 1:52:06/18:54:57, time_cost(all): 8:04:52/81:16:05, loss=1.4418249130249023, d_time=0.25(0.25), f_time=1.53(1.78), b_time=1.78(2.03), lr=0.005780573516924556
2026-03-11 02:07:08,174   INFO  epoch: 2/6, acc_iter=76950, cur_iter=3357/36796, batch_size=4, time_cost(epoch): 1:53:50/18:53:36, time_cost(all): 8:06:36/81:15:49, loss=1.0981040000915527, d_time=0.25(0.25), f_time=1.43(1.78), b_time=1.68(2.03), lr=0.005782466050702384
/bin/sh: line 1: gpustat: command not found
2026-03-11 02:07:08,435   INFO  
2026-03-11 02:08:18,055   INFO  Save latest model to /storage/project/r-gchou3-0/spanse30/MSF/output/cfgs/waymo_models/msf_8frames/default/ckpt/latest_model
2026-03-11 02:08:51,200   INFO  epoch: 2/6, acc_iter=77000, cur_iter=3407/36796, batch_size=4, time_cost(epoch): 1:55:33/18:52:07, time_cost(all): 8:08:19/81:15:03, loss=1.5562506914138794, d_time=0.24(0.25), f_time=2.42(1.78), b_time=2.66(2.03), lr=0.005784350730257932
2026-03-11 02:10:34,203   INFO  epoch: 2/6, acc_iter=77050, cur_iter=3457/36796, batch_size=4, time_cost(epoch): 1:57:16/18:50:37, time_cost(all): 8:10:02/81:14:14, loss=1.4827779531478882, d_time=0.25(0.25), f_time=2.40(1.78), b_time=2.65(2.03), lr=0.005786227549628301
2026-03-11 02:12:17,090   INFO  epoch: 2/6, acc_iter=77100, cur_iter=3507/36796, batch_size=4, time_cost(epoch): 1:58:59/18:49:07, time_cost(all): 8:11:45/81:13:20, loss=1.3358858823776245, d_time=0.25(0.25), f_time=1.74(1.78), b_time=1.99(2.04), lr=0.005788096502875462
/bin/sh: line 1: gpustat: command not found
2026-03-11 02:12:17,350   INFO  
2026-03-11 02:13:19,536   INFO  Save latest model to /storage/project/r-gchou3-0/spanse30/MSF/output/cfgs/waymo_models/msf_8frames/default/ckpt/latest_model
2026-03-11 02:14:01,556   INFO  epoch: 2/6, acc_iter=77150, cur_iter=3557/36796, batch_size=4, time_cost(epoch): 2:00:43/18:47:50, time_cost(all): 8:13:29/81:13:27, loss=1.2511526346206665, d_time=0.25(0.25), f_time=2.02(1.78), b_time=2.26(2.04), lr=0.0057899575840862725
2026-03-11 02:15:41,534   INFO  epoch: 2/6, acc_iter=77200, cur_iter=3607/36796, batch_size=4, time_cost(epoch): 2:02:23/18:45:52, time_cost(all): 8:15:09/81:10:33, loss=1.247546911239624, d_time=0.25(0.25), f_time=1.65(1.78), b_time=1.90(2.04), lr=0.005791810787372498
2026-03-11 02:17:20,182   INFO  epoch: 2/6, acc_iter=77250, cur_iter=3657/36796, batch_size=4, time_cost(epoch): 2:04:02/18:43:42, time_cost(all): 8:16:48/81:06:49, loss=1.14888596534729, d_time=0.25(0.25), f_time=1.30(1.78), b_time=1.55(2.03), lr=0.005793656106870825
/bin/sh: line 1: gpustat: command not found
2026-03-11 02:17:20,578   INFO  
2026-03-11 02:18:18,513   INFO  Save latest model to /storage/project/r-gchou3-0/spanse30/MSF/output/cfgs/waymo_models/msf_8frames/default/ckpt/latest_model
2026-03-11 02:19:01,317   INFO  epoch: 2/6, acc_iter=77300, cur_iter=3707/36796, batch_size=4, time_cost(epoch): 2:05:43/18:41:55, time_cost(all): 8:18:29/81:04:44, loss=1.8140082359313965, d_time=0.25(0.25), f_time=2.27(1.78), b_time=2.52(2.03), lr=0.0057954935367428885
2026-03-11 02:20:45,125   INFO  epoch: 2/6, acc_iter=77350, cur_iter=3757/36796, batch_size=4, time_cost(epoch): 2:07:27/18:40:31, time_cost(all): 8:20:13/81:04:22, loss=1.4199395179748535, d_time=0.25(0.25), f_time=1.83(1.78), b_time=2.08(2.03), lr=0.00579732307117528
2026-03-11 02:22:29,095   INFO  epoch: 2/6, acc_iter=77400, cur_iter=3807/36796, batch_size=4, time_cost(epoch): 2:09:11/18:39:09, time_cost(all): 8:21:57/81:04:04, loss=1.4035195112228394, d_time=0.25(0.25), f_time=2.43(1.78), b_time=2.68(2.04), lr=0.005799144704379577
/bin/sh: line 1: gpustat: command not found
2026-03-11 02:22:29,356   INFO  
2026-03-11 02:23:18,187   INFO  Save latest model to /storage/project/r-gchou3-0/spanse30/MSF/output/cfgs/waymo_models/msf_8frames/default/ckpt/latest_model
2026-03-11 02:24:13,508   INFO  epoch: 2/6, acc_iter=77450, cur_iter=3857/36796, batch_size=4, time_cost(epoch): 2:10:55/18:37:50, time_cost(all): 8:23:41/81:04:01, loss=1.4144037961959839, d_time=0.25(0.25), f_time=1.37(1.78), b_time=1.62(2.04), lr=0.00580095843059235
2026-03-11 02:25:54,157   INFO  epoch: 2/6, acc_iter=77500, cur_iter=3907/36796, batch_size=4, time_cost(epoch): 2:12:36/18:35:58, time_cost(all): 8:25:22/81:01:36, loss=1.6350061893463135, d_time=0.25(0.25), f_time=1.61(1.78), b_time=1.86(2.04), lr=0.00580276424407519
2026-03-11 02:27:35,996   INFO  epoch: 2/6, acc_iter=77550, cur_iter=3957/36796, batch_size=4, time_cost(epoch): 2:14:18/18:34:17, time_cost(all): 8:27:04/80:59:56, loss=1.284690022468567, d_time=0.24(0.25), f_time=1.76(1.78), b_time=2.00(2.04), lr=0.005804562139114721
/bin/sh: line 1: gpustat: command not found
2026-03-11 02:27:36,251   INFO  
2026-03-11 02:28:19,555   INFO  Save latest model to /storage/project/r-gchou3-0/spanse30/MSF/output/cfgs/waymo_models/msf_8frames/default/ckpt/latest_model
2026-03-11 02:29:20,070   INFO  epoch: 2/6, acc_iter=77600, cur_iter=4007/36796, batch_size=4, time_cost(epoch): 2:16:02/18:32:53, time_cost(all): 8:28:48/80:59:36, loss=1.7049592733383179, d_time=0.25(0.25), f_time=2.27(1.78), b_time=2.52(2.04), lr=0.00580635211002262
2026-03-11 02:31:02,179   INFO  epoch: 2/6, acc_iter=77650, cur_iter=4057/36796, batch_size=4, time_cost(epoch): 2:17:44/18:31:14, time_cost(all): 8:30:30/80:58:04, loss=1.3944592475891113, d_time=0.24(0.25), f_time=2.35(1.78), b_time=2.59(2.04), lr=0.0058081341511356365
2026-03-11 02:32:45,647   INFO  epoch: 2/6, acc_iter=77700, cur_iter=4107/36796, batch_size=4, time_cost(epoch): 2:19:27/18:29:45, time_cost(all): 8:32:13/80:57:19, loss=1.3890471458435059, d_time=0.25(0.25), f_time=2.42(1.78), b_time=2.67(2.04), lr=0.005809908256815608
/bin/sh: line 1: gpustat: command not found
2026-03-11 02:32:45,901   INFO  
2026-03-11 02:33:18,462   INFO  Save latest model to /storage/project/r-gchou3-0/spanse30/MSF/output/cfgs/waymo_models/msf_8frames/default/ckpt/latest_model
2026-03-11 02:34:28,030   INFO  epoch: 2/6, acc_iter=77750, cur_iter=4157/36796, batch_size=4, time_cost(epoch): 2:21:10/18:28:07, time_cost(all): 8:33:56/80:55:56, loss=1.442077398300171, d_time=0.25(0.25), f_time=1.95(1.78), b_time=2.20(2.04), lr=0.005811674421449478
2026-03-11 02:36:11,602   INFO  epoch: 2/6, acc_iter=77800, cur_iter=4207/36796, batch_size=4, time_cost(epoch): 2:22:53/18:26:39, time_cost(all): 8:35:39/80:55:12, loss=1.1826897859573364, d_time=0.25(0.25), f_time=1.36(1.78), b_time=1.61(2.04), lr=0.005813432639449316
2026-03-11 02:37:50,212   INFO  epoch: 2/6, acc_iter=77850, cur_iter=4257/36796, batch_size=4, time_cost(epoch): 2:24:32/18:24:32, time_cost(all): 8:37:18/80:51:41, loss=1.3797929286956787, d_time=0.25(0.25), f_time=1.38(1.78), b_time=1.62(2.04), lr=0.005815182905252333
/bin/sh: line 1: gpustat: command not found
2026-03-11 02:37:50,496   INFO  
2026-03-11 02:38:19,591   INFO  Save latest model to /storage/project/r-gchou3-0/spanse30/MSF/output/cfgs/waymo_models/msf_8frames/default/ckpt/latest_model
2026-03-11 02:39:37,572   INFO  epoch: 2/6, acc_iter=77900, cur_iter=4307/36796, batch_size=4, time_cost(epoch): 2:26:19/18:23:32, time_cost(all): 8:39:05/80:53:02, loss=1.4728586673736572, d_time=0.25(0.25), f_time=2.52(1.78), b_time=2.77(2.04), lr=0.005816925213320899
2026-03-11 02:41:19,547   INFO  epoch: 2/6, acc_iter=77950, cur_iter=4357/36796, batch_size=4, time_cost(epoch): 2:28:01/18:21:51, time_cost(all): 8:40:47/80:51:23, loss=1.5783722400665283, d_time=0.25(0.25), f_time=1.87(1.78), b_time=2.12(2.04), lr=0.005818659558142562
2026-03-11 02:43:01,310   INFO  epoch: 2/6, acc_iter=78000, cur_iter=4407/36796, batch_size=4, time_cost(epoch): 2:29:43/18:20:08, time_cost(all): 8:42:29/80:49:36, loss=1.355257511138916, d_time=0.25(0.25), f_time=1.44(1.78), b_time=1.68(2.04), lr=0.005820385934230066
/bin/sh: line 1: gpustat: command not found
2026-03-11 02:43:01,583   INFO  
2026-03-11 02:43:18,251   INFO  Save latest model to /storage/project/r-gchou3-0/spanse30/MSF/output/cfgs/waymo_models/msf_8frames/default/ckpt/latest_model
2026-03-11 02:44:45,333   INFO  epoch: 2/6, acc_iter=78050, cur_iter=4457/36796, batch_size=4, time_cost(epoch): 2:31:27/18:18:41, time_cost(all): 8:44:13/80:49:02, loss=1.6357954740524292, d_time=0.25(0.25), f_time=2.02(1.78), b_time=2.27(2.04), lr=0.005822104336121364
2026-03-11 02:46:25,613   INFO  epoch: 2/6, acc_iter=78100, cur_iter=4507/36796, batch_size=4, time_cost(epoch): 2:33:07/18:16:48, time_cost(all): 8:45:53/80:46:29, loss=1.3222358226776123, d_time=0.25(0.25), f_time=1.29(1.78), b_time=1.54(2.04), lr=0.005823814758379642
2026-03-11 02:48:09,387   INFO  epoch: 2/6, acc_iter=78150, cur_iter=4557/36796, batch_size=4, time_cost(epoch): 2:34:51/18:15:19, time_cost(all): 8:47:37/80:45:45, loss=1.4851244688034058, d_time=0.25(0.25), f_time=2.17(1.78), b_time=2.42(2.04), lr=0.00582551719559333
/bin/sh: line 1: gpustat: command not found
2026-03-11 02:48:09,639   INFO  
2026-03-11 02:48:18,389   INFO  Save latest model to /storage/project/r-gchou3-0/spanse30/MSF/output/cfgs/waymo_models/msf_8frames/default/ckpt/latest_model
2026-03-11 02:49:54,454   INFO  epoch: 2/6, acc_iter=78200, cur_iter=4607/36796, batch_size=4, time_cost(epoch): 2:36:36/18:13:59, time_cost(all): 8:49:22/80:45:40, loss=1.4672369956970215, d_time=0.25(0.25), f_time=2.17(1.79), b_time=2.41(2.04), lr=0.005827211642376123
2026-03-11 02:51:34,965   INFO  epoch: 2/6, acc_iter=78250, cur_iter=4657/36796, batch_size=4, time_cost(epoch): 2:38:17/18:12:07, time_cost(all): 8:51:03/80:43:14, loss=1.3192552328109741, d_time=0.25(0.25), f_time=1.39(1.79), b_time=1.64(2.04), lr=0.005828898093366996
2026-03-11 02:53:15,449   INFO  epoch: 2/6, acc_iter=78300, cur_iter=4707/36796, batch_size=4, time_cost(epoch): 2:39:57/18:10:15, time_cost(all): 8:52:43/80:40:48, loss=1.346104383468628, d_time=0.25(0.25), f_time=1.76(1.78), b_time=2.01(2.04), lr=0.0058305765432302235
/bin/sh: line 1: gpustat: command not found
2026-03-11 02:53:15,706   INFO  
2026-03-11 02:53:18,318   INFO  Save latest model to /storage/project/r-gchou3-0/spanse30/MSF/output/cfgs/waymo_models/msf_8frames/default/ckpt/latest_model
2026-03-11 02:54:58,791   INFO  epoch: 2/6, acc_iter=78350, cur_iter=4757/36796, batch_size=4, time_cost(epoch): 2:41:40/18:08:43, time_cost(all): 8:54:26/80:39:48, loss=1.172302484512329, d_time=0.25(0.25), f_time=1.38(1.79), b_time=1.63(2.04), lr=0.00583224698665539
2026-03-11 02:56:39,814   INFO  epoch: 2/6, acc_iter=78400, cur_iter=4807/36796, batch_size=4, time_cost(epoch): 2:43:21/18:06:55, time_cost(all): 8:56:07/80:37:39, loss=1.3456001281738281, d_time=0.25(0.25), f_time=2.11(1.78), b_time=2.36(2.04), lr=0.005833909418357418
2026-03-11 02:58:18,860   INFO  Save latest model to /storage/project/r-gchou3-0/spanse30/MSF/output/cfgs/waymo_models/msf_8frames/default/ckpt/latest_model
2026-03-11 02:58:20,766   INFO  epoch: 2/6, acc_iter=78450, cur_iter=4857/36796, batch_size=4, time_cost(epoch): 2:45:02/18:05:06, time_cost(all): 8:57:48/80:35:29, loss=1.302668571472168, d_time=0.35(0.25), f_time=1.66(1.78), b_time=2.01(2.04), lr=0.005835563833076573
/bin/sh: line 1: gpustat: command not found
2026-03-11 02:58:21,025   INFO  
2026-03-11 03:00:03,339   INFO  epoch: 2/6, acc_iter=78500, cur_iter=4907/36796, batch_size=4, time_cost(epoch): 2:46:45/18:03:28, time_cost(all): 8:59:31/80:34:05, loss=1.311348795890808, d_time=0.25(0.25), f_time=1.73(1.78), b_time=1.98(2.04), lr=0.005837210225578488
2026-03-11 03:01:43,202   INFO  epoch: 2/6, acc_iter=78550, cur_iter=4957/36796, batch_size=4, time_cost(epoch): 2:48:25/18:01:33, time_cost(all): 9:01:11/80:31:24, loss=1.1959965229034424, d_time=0.25(0.25), f_time=1.15(1.78), b_time=1.40(2.04), lr=0.005838848590654175
2026-03-11 03:03:18,946   INFO  Save latest model to /storage/project/r-gchou3-0/spanse30/MSF/output/cfgs/waymo_models/msf_8frames/default/ckpt/latest_model
2026-03-11 03:03:26,651   INFO  epoch: 2/6, acc_iter=78600, cur_iter=5007/36796, batch_size=4, time_cost(epoch): 2:50:08/18:00:01, time_cost(all): 9:02:54/80:30:26, loss=1.5309687852859497, d_time=0.25(0.25), f_time=1.80(1.78), b_time=2.05(2.04), lr=0.0058404789231200445
/bin/sh: line 1: gpustat: command not found
2026-03-11 03:03:26,910   INFO  
2026-03-11 03:05:09,544   INFO  epoch: 2/6, acc_iter=78650, cur_iter=5057/36796, batch_size=4, time_cost(epoch): 2:51:51/17:58:25, time_cost(all): 9:04:37/80:29:11, loss=0.9842929840087891, d_time=0.25(0.25), f_time=1.67(1.79), b_time=1.92(2.04), lr=0.005842101217817923
2026-03-11 03:06:49,734   INFO  epoch: 2/6, acc_iter=78700, cur_iter=5107/36796, batch_size=4, time_cost(epoch): 2:53:31/17:56:32, time_cost(all): 9:06:17/80:26:41, loss=1.328413486480713, d_time=0.25(0.25), f_time=1.90(1.78), b_time=2.15(2.04), lr=0.0058437154696150675
2026-03-11 03:08:18,236   INFO  Save latest model to /storage/project/r-gchou3-0/spanse30/MSF/output/cfgs/waymo_models/msf_8frames/default/ckpt/latest_model
2026-03-11 03:08:30,879   INFO  epoch: 2/6, acc_iter=78750, cur_iter=5157/36796, batch_size=4, time_cost(epoch): 2:55:12/17:54:46, time_cost(all): 9:07:58/80:24:38, loss=1.1474053859710693, d_time=0.25(0.25), f_time=1.60(1.78), b_time=1.85(2.04), lr=0.0058453216734041785
/bin/sh: line 1: gpustat: command not found
2026-03-11 03:08:31,141   INFO  
2026-03-11 03:10:10,644   INFO  epoch: 2/6, acc_iter=78800, cur_iter=5207/36796, batch_size=4, time_cost(epoch): 2:56:52/17:52:51, time_cost(all): 9:09:38/80:21:57, loss=1.2933495044708252, d_time=0.25(0.25), f_time=1.20(1.78), b_time=1.45(2.04), lr=0.0058469198241034226
2026-03-11 03:11:49,806   INFO  epoch: 2/6, acc_iter=78850, cur_iter=5257/36796, batch_size=4, time_cost(epoch): 2:58:31/17:50:53, time_cost(all): 9:11:17/80:19:02, loss=1.143248200416565, d_time=0.25(0.25), f_time=1.18(1.78), b_time=1.42(2.04), lr=0.005848509916656444
2026-03-11 03:13:19,252   INFO  Save latest model to /storage/project/r-gchou3-0/spanse30/MSF/output/cfgs/waymo_models/msf_8frames/default/ckpt/latest_model
2026-03-11 03:13:32,109   INFO  epoch: 2/6, acc_iter=78900, cur_iter=5307/36796, batch_size=4, time_cost(epoch): 3:00:14/17:49:13, time_cost(all): 9:13:00/80:17:32, loss=1.573978304862976, d_time=0.25(0.25), f_time=2.18(1.78), b_time=2.42(2.04), lr=0.005850091946032382
/bin/sh: line 1: gpustat: command not found
2026-03-11 03:13:32,372   INFO  
2026-03-11 03:15:13,641   INFO  epoch: 2/6, acc_iter=78950, cur_iter=5357/36796, batch_size=4, time_cost(epoch): 3:01:55/17:47:30, time_cost(all): 9:14:41/80:15:41, loss=1.1148622035980225, d_time=0.25(0.25), f_time=1.40(1.78), b_time=1.65(2.04), lr=0.005851665907225888
2026-03-11 03:16:58,020   INFO  epoch: 2/6, acc_iter=79000, cur_iter=5407/36796, batch_size=4, time_cost(epoch): 3:03:40/17:46:02, time_cost(all): 9:16:26/80:15:05, loss=1.4640007019042969, d_time=0.22(0.25), f_time=1.63(1.78), b_time=1.85(2.04), lr=0.0058532317952571375
2026-03-11 03:18:18,464   INFO  Save latest model to /storage/project/r-gchou3-0/spanse30/MSF/output/cfgs/waymo_models/msf_8frames/default/ckpt/latest_model
2026-03-11 03:18:44,475   INFO  epoch: 2/6, acc_iter=79050, cur_iter=5457/36796, batch_size=4, time_cost(epoch): 3:05:26/17:44:47, time_cost(all): 9:18:12/80:15:22, loss=1.3058364391326904, d_time=0.25(0.25), f_time=2.42(1.79), b_time=2.67(2.04), lr=0.005854789605171851
/bin/sh: line 1: gpustat: command not found
2026-03-11 03:18:44,763   INFO  
2026-03-11 03:20:27,947   INFO  epoch: 2/6, acc_iter=79100, cur_iter=5507/36796, batch_size=4, time_cost(epoch): 3:07:10/17:43:14, time_cost(all): 9:19:56/80:14:20, loss=1.2732900381088257, d_time=0.24(0.25), f_time=1.62(1.79), b_time=1.87(2.04), lr=0.005856339332041308
2026-03-11 03:22:11,554   INFO  epoch: 2/6, acc_iter=79150, cur_iter=5557/36796, batch_size=4, time_cost(epoch): 3:08:53/17:41:41, time_cost(all): 9:21:39/80:13:20, loss=1.7024571895599365, d_time=0.25(0.25), f_time=2.43(1.79), b_time=2.68(2.04), lr=0.005857880970962358
2026-03-11 03:23:18,414   INFO  Save latest model to /storage/project/r-gchou3-0/spanse30/MSF/output/cfgs/waymo_models/msf_8frames/default/ckpt/latest_model
2026-03-11 03:23:53,219   INFO  epoch: 2/6, acc_iter=79200, cur_iter=5607/36796, batch_size=4, time_cost(epoch): 3:10:35/17:39:57, time_cost(all): 9:23:21/80:11:31, loss=1.8789949417114258, d_time=0.25(0.25), f_time=2.33(1.79), b_time=2.58(2.04), lr=0.005859414517057442
/bin/sh: line 1: gpustat: command not found
2026-03-11 03:23:53,495   INFO  
2026-03-11 03:25:40,052   INFO  epoch: 2/6, acc_iter=79250, cur_iter=5657/36796, batch_size=4, time_cost(epoch): 3:12:22/17:38:42, time_cost(all): 9:25:08/80:11:51, loss=1.2217488288879395, d_time=0.25(0.25), f_time=1.68(1.79), b_time=1.92(2.04), lr=0.005860939965474606
2026-03-11 03:27:23,268   INFO  epoch: 2/6, acc_iter=79300, cur_iter=5707/36796, batch_size=4, time_cost(epoch): 3:14:05/17:37:07, time_cost(all): 9:26:51/80:10:39, loss=1.794701099395752, d_time=0.25(0.25), f_time=2.01(1.79), b_time=2.26(2.04), lr=0.005862457311387517
2026-03-11 03:28:19,397   INFO  Save latest model to /storage/project/r-gchou3-0/spanse30/MSF/output/cfgs/waymo_models/msf_8frames/default/ckpt/latest_model
2026-03-11 03:29:09,698   INFO  epoch: 2/6, acc_iter=79350, cur_iter=5757/36796, batch_size=4, time_cost(epoch): 3:15:51/17:35:49, time_cost(all): 9:28:37/80:10:45, loss=1.2968266010284424, d_time=0.25(0.25), f_time=1.72(1.79), b_time=1.97(2.04), lr=0.005863966549995475
/bin/sh: line 1: gpustat: command not found
2026-03-11 03:29:09,986   INFO  
2026-03-11 03:30:57,062   INFO  epoch: 2/6, acc_iter=79400, cur_iter=5807/36796, batch_size=4, time_cost(epoch): 3:17:39/17:34:35, time_cost(all): 9:30:25/80:11:13, loss=1.534703016281128, d_time=0.25(0.25), f_time=2.24(1.79), b_time=2.49(2.04), lr=0.005865467676523432
2026-03-11 03:32:39,710   INFO  epoch: 2/6, acc_iter=79450, cur_iter=5857/36796, batch_size=4, time_cost(epoch): 3:19:21/17:32:56, time_cost(all): 9:32:07/80:09:44, loss=1.5201117992401123, d_time=0.24(0.25), f_time=1.01(1.79), b_time=1.26(2.04), lr=0.005866960686222005
2026-03-11 03:33:18,821   INFO  Save latest model to /storage/project/r-gchou3-0/spanse30/MSF/output/cfgs/waymo_models/msf_8frames/default/ckpt/latest_model
2026-03-11 03:34:25,359   INFO  epoch: 2/6, acc_iter=79500, cur_iter=5907/36796, batch_size=4, time_cost(epoch): 3:21:07/17:31:32, time_cost(all): 9:33:53/80:09:27, loss=1.1938393115997314, d_time=0.25(0.25), f_time=1.55(1.79), b_time=1.80(2.04), lr=0.005868445574367491
/bin/sh: line 1: gpustat: command not found
2026-03-11 03:34:25,651   INFO  
2026-03-11 03:36:10,852   INFO  epoch: 2/6, acc_iter=79550, cur_iter=5957/36796, batch_size=4, time_cost(epoch): 3:22:52/17:30:08, time_cost(all): 9:35:38/80:09:05, loss=1.3992893695831299, d_time=0.25(0.25), f_time=1.79(1.79), b_time=2.04(2.04), lr=0.005869922336261886
2026-03-11 03:37:50,636   INFO  epoch: 2/6, acc_iter=79600, cur_iter=6007/36796, batch_size=4, time_cost(epoch): 3:24:32/17:28:13, time_cost(all): 9:37:18/80:06:27, loss=1.2851636409759521, d_time=0.25(0.25), f_time=2.20(1.79), b_time=2.45(2.04), lr=0.005871390967232891
2026-03-11 03:38:18,499   INFO  Save latest model to /storage/project/r-gchou3-0/spanse30/MSF/output/cfgs/waymo_models/msf_8frames/default/ckpt/latest_model
2026-03-11 03:39:33,831   INFO  epoch: 2/6, acc_iter=79650, cur_iter=6057/36796, batch_size=4, time_cost(epoch): 3:26:15/17:26:36, time_cost(all): 9:39:01/80:05:09, loss=1.1838288307189941, d_time=0.25(0.25), f_time=2.04(1.79), b_time=2.29(2.04), lr=0.005872851462633937
/bin/sh: line 1: gpustat: command not found
2026-03-11 03:39:34,132   INFO  
2026-03-11 03:41:15,347   INFO  epoch: 2/6, acc_iter=79700, cur_iter=6107/36796, batch_size=4, time_cost(epoch): 3:27:57/17:24:51, time_cost(all): 9:40:43/80:03:12, loss=1.415673017501831, d_time=0.25(0.25), f_time=1.94(1.79), b_time=2.19(2.04), lr=0.005874303817844193
2026-03-11 03:42:59,755   INFO  epoch: 2/6, acc_iter=79750, cur_iter=6157/36796, batch_size=4, time_cost(epoch): 3:29:41/17:23:20, time_cost(all): 9:42:27/80:02:22, loss=1.506721019744873, d_time=0.24(0.25), f_time=1.93(1.79), b_time=2.17(2.04), lr=0.005875748028268584
2026-03-11 03:43:19,849   INFO  Save latest model to /storage/project/r-gchou3-0/spanse30/MSF/output/cfgs/waymo_models/msf_8frames/default/ckpt/latest_model
2026-03-11 03:44:42,350   INFO  epoch: 2/6, acc_iter=79800, cur_iter=6207/36796, batch_size=4, time_cost(epoch): 3:31:24/17:21:40, time_cost(all): 9:44:10/80:00:50, loss=1.5210511684417725, d_time=0.27(0.25), f_time=1.80(1.79), b_time=2.07(2.04), lr=0.0058771840893378
/bin/sh: line 1: gpustat: command not found
2026-03-11 03:44:42,656   INFO  
2026-03-11 03:46:26,818   INFO  epoch: 2/6, acc_iter=79850, cur_iter=6257/36796, batch_size=4, time_cost(epoch): 3:33:08/17:20:09, time_cost(all): 9:45:54/80:00:00, loss=1.3867926597595215, d_time=0.32(0.25), f_time=1.58(1.79), b_time=1.89(2.04), lr=0.00587861199650832
2026-03-11 03:48:08,432   INFO  epoch: 2/6, acc_iter=79900, cur_iter=6307/36796, batch_size=4, time_cost(epoch): 3:34:50/17:18:24, time_cost(all): 9:47:36/79:58:05, loss=1.4168715476989746, d_time=0.25(0.25), f_time=1.63(1.79), b_time=1.88(2.04), lr=0.005880031745262418
2026-03-11 03:48:18,570   INFO  Save latest model to /storage/project/r-gchou3-0/spanse30/MSF/output/cfgs/waymo_models/msf_8frames/default/ckpt/latest_model
2026-03-11 03:49:51,442   INFO  epoch: 2/6, acc_iter=79950, cur_iter=6357/36796, batch_size=4, time_cost(epoch): 3:36:33/17:16:46, time_cost(all): 9:49:19/79:56:41, loss=1.333410620689392, d_time=0.25(0.25), f_time=1.89(1.79), b_time=2.14(2.04), lr=0.00588144333110818
/bin/sh: line 1: gpustat: command not found
2026-03-11 03:49:51,742   INFO  
2026-03-11 03:51:35,549   INFO  epoch: 2/6, acc_iter=80000, cur_iter=6407/36796, batch_size=4, time_cost(epoch): 3:38:17/17:15:13, time_cost(all): 9:51:03/79:55:41, loss=1.4934563636779785, d_time=0.25(0.25), f_time=1.60(1.79), b_time=1.85(2.04), lr=0.005882846749579519
2026-03-11 03:53:18,272   INFO  epoch: 2/6, acc_iter=80050, cur_iter=6457/36796, batch_size=4, time_cost(epoch): 3:40:00/17:13:34, time_cost(all): 9:52:46/79:54:11, loss=1.5055625438690186, d_time=0.25(0.25), f_time=1.98(1.79), b_time=2.22(2.04), lr=0.00588424199623619
2026-03-11 03:53:18,388   INFO  Save latest model to /storage/project/r-gchou3-0/spanse30/MSF/output/cfgs/waymo_models/msf_8frames/default/ckpt/latest_model
2026-03-11 03:55:02,324   INFO  epoch: 2/6, acc_iter=80100, cur_iter=6507/36796, batch_size=4, time_cost(epoch): 3:41:44/17:12:00, time_cost(all): 9:54:30/79:53:08, loss=1.4750730991363525, d_time=0.25(0.25), f_time=1.79(1.79), b_time=2.04(2.04), lr=0.0058856290666638
/bin/sh: line 1: gpustat: command not found
2026-03-11 03:55:02,630   INFO  
2026-03-11 03:56:49,695   INFO  epoch: 2/6, acc_iter=80150, cur_iter=6557/36796, batch_size=4, time_cost(epoch): 3:43:31/17:10:41, time_cost(all): 9:56:17/79:53:17, loss=1.3474020957946777, d_time=0.25(0.25), f_time=2.15(1.79), b_time=2.39(2.05), lr=0.005887007956473827
2026-03-11 03:58:18,827   INFO  Save latest model to /storage/project/r-gchou3-0/spanse30/MSF/output/cfgs/waymo_models/msf_8frames/default/ckpt/latest_model
2026-03-11 03:58:36,907   INFO  epoch: 2/6, acc_iter=80200, cur_iter=6607/36796, batch_size=4, time_cost(epoch): 3:45:19/17:09:22, time_cost(all): 9:58:04/79:53:20, loss=1.5247344970703125, d_time=0.25(0.25), f_time=1.88(1.79), b_time=2.13(2.05), lr=0.00588837866130363
2026-03-11 04:00:25,526   INFO  epoch: 2/6, acc_iter=80250, cur_iter=6657/36796, batch_size=4, time_cost(epoch): 3:47:07/17:08:08, time_cost(all): 9:59:53/79:53:51, loss=1.3329745531082153, d_time=0.25(0.25), f_time=2.42(1.79), b_time=2.67(2.05), lr=0.005889741176816464
/bin/sh: line 1: gpustat: command not found
2026-03-11 04:00:25,833   INFO  
2026-03-11 04:02:11,561   INFO  epoch: 2/6, acc_iter=80300, cur_iter=6707/36796, batch_size=4, time_cost(epoch): 3:48:53/17:06:42, time_cost(all): 10:01:39/79:53:26, loss=1.3282839059829712, d_time=0.24(0.25), f_time=2.82(1.79), b_time=3.06(2.05), lr=0.005891095498701496
2026-03-11 04:03:18,279   INFO  Save latest model to /storage/project/r-gchou3-0/spanse30/MSF/output/cfgs/waymo_models/msf_8frames/default/ckpt/latest_model
2026-03-11 04:03:55,997   INFO  epoch: 2/6, acc_iter=80350, cur_iter=6757/36796, batch_size=4, time_cost(epoch): 3:50:38/17:05:09, time_cost(all): 10:03:24/79:52:27, loss=1.4449429512023926, d_time=0.25(0.25), f_time=2.11(1.79), b_time=2.36(2.05), lr=0.005892441622673814
2026-03-11 04:05:39,418   INFO  epoch: 2/6, acc_iter=80400, cur_iter=6807/36796, batch_size=4, time_cost(epoch): 3:52:21/17:03:31, time_cost(all): 10:05:07/79:51:06, loss=1.3215768337249756, d_time=0.25(0.25), f_time=1.78(1.79), b_time=2.03(2.05), lr=0.0058937795444744465
/bin/sh: line 1: gpustat: command not found
2026-03-11 04:05:39,719   INFO  
2026-03-11 04:07:23,774   INFO  epoch: 2/6, acc_iter=80450, cur_iter=6857/36796, batch_size=4, time_cost(epoch): 3:54:05/17:01:58, time_cost(all): 10:06:51/79:50:04, loss=1.5994677543640137, d_time=0.25(0.25), f_time=1.48(1.79), b_time=1.73(2.05), lr=0.00589510925987037
2026-03-11 04:08:19,060   INFO  Save latest model to /storage/project/r-gchou3-0/spanse30/MSF/output/cfgs/waymo_models/msf_8frames/default/ckpt/latest_model
2026-03-11 04:09:08,747   INFO  epoch: 2/6, acc_iter=80500, cur_iter=6907/36796, batch_size=4, time_cost(epoch): 3:55:50/17:00:26, time_cost(all): 10:08:36/79:49:13, loss=1.160365343093872, d_time=0.25(0.25), f_time=1.77(1.80), b_time=2.02(2.05), lr=0.005896430764654524
2026-03-11 04:10:53,070   INFO  epoch: 2/6, acc_iter=80550, cur_iter=6957/36796, batch_size=4, time_cost(epoch): 3:57:35/16:58:52, time_cost(all): 10:10:21/79:48:09, loss=1.2063337564468384, d_time=0.25(0.25), f_time=1.77(1.80), b_time=2.02(2.05), lr=0.00589774405464583
/bin/sh: line 1: gpustat: command not found
2026-03-11 04:10:53,371   INFO  
2026-03-11 04:12:40,083   INFO  epoch: 2/6, acc_iter=80600, cur_iter=7007/36796, batch_size=4, time_cost(epoch): 3:59:22/16:57:29, time_cost(all): 10:12:08/79:47:58, loss=1.3309521675109863, d_time=0.24(0.25), f_time=2.67(1.80), b_time=2.92(2.05), lr=0.005899049125689196
2026-03-11 04:13:18,235   INFO  Save latest model to /storage/project/r-gchou3-0/spanse30/MSF/output/cfgs/waymo_models/msf_8frames/default/ckpt/latest_model
2026-03-11 04:14:25,937   INFO  epoch: 2/6, acc_iter=80650, cur_iter=7057/36796, batch_size=4, time_cost(epoch): 4:01:08/16:56:01, time_cost(all): 10:13:54/79:47:23, loss=1.1644706726074219, d_time=0.25(0.25), f_time=1.46(1.80), b_time=1.71(2.05), lr=0.005900345973655535
2026-03-11 04:16:10,446   INFO  epoch: 2/6, acc_iter=80700, cur_iter=7107/36796, batch_size=4, time_cost(epoch): 4:02:52/16:54:27, time_cost(all): 10:15:38/79:46:20, loss=1.719226360321045, d_time=0.25(0.25), f_time=2.33(1.80), b_time=2.58(2.05), lr=0.005901634594441776
/bin/sh: line 1: gpustat: command not found
2026-03-11 04:16:10,743   INFO  
2026-03-11 04:17:57,393   INFO  epoch: 2/6, acc_iter=80750, cur_iter=7157/36796, batch_size=4, time_cost(epoch): 4:04:39/16:53:03, time_cost(all): 10:17:25/79:46:05, loss=1.5443638563156128, d_time=0.24(0.25), f_time=1.72(1.80), b_time=1.97(2.05), lr=0.005902914983970882
2026-03-11 04:18:18,345   INFO  Save latest model to /storage/project/r-gchou3-0/spanse30/MSF/output/cfgs/waymo_models/msf_8frames/default/ckpt/latest_model
2026-03-11 04:19:41,247   INFO  epoch: 2/6, acc_iter=80800, cur_iter=7207/36796, batch_size=4, time_cost(epoch): 4:06:23/16:51:26, time_cost(all): 10:19:09/79:44:48, loss=1.346869707107544, d_time=0.25(0.25), f_time=2.51(1.80), b_time=2.76(2.05), lr=0.005904187138191851
2026-03-11 04:21:26,639   INFO  epoch: 2/6, acc_iter=80850, cur_iter=7257/36796, batch_size=4, time_cost(epoch): 4:08:08/16:49:55, time_cost(all): 10:20:54/79:44:00, loss=1.2526519298553467, d_time=0.25(0.25), f_time=2.12(1.80), b_time=2.37(2.05), lr=0.0059054510530797445
/bin/sh: line 1: gpustat: command not found
2026-03-11 04:21:26,953   INFO  
2026-03-11 04:23:13,991   INFO  epoch: 2/6, acc_iter=80900, cur_iter=7307/36796, batch_size=4, time_cost(epoch): 4:09:56/16:48:31, time_cost(all): 10:22:42/79:43:49, loss=1.5783878564834595, d_time=0.25(0.25), f_time=1.83(1.80), b_time=2.08(2.05), lr=0.005906706724635688
2026-03-11 04:23:18,358   INFO  Save latest model to /storage/project/r-gchou3-0/spanse30/MSF/output/cfgs/waymo_models/msf_8frames/default/ckpt/latest_model
2026-03-11 04:24:58,496   INFO  epoch: 2/6, acc_iter=80950, cur_iter=7357/36796, batch_size=4, time_cost(epoch): 4:11:40/16:46:56, time_cost(all): 10:24:26/79:42:42, loss=1.50447416305542, d_time=0.25(0.25), f_time=2.22(1.80), b_time=2.47(2.05), lr=0.005907954148886886
2026-03-11 04:26:45,960   INFO  epoch: 2/6, acc_iter=81000, cur_iter=7407/36796, batch_size=4, time_cost(epoch): 4:13:28/16:45:33, time_cost(all): 10:26:14/79:42:31, loss=1.599413514137268, d_time=0.25(0.25), f_time=2.31(1.80), b_time=2.55(2.05), lr=0.005909193321886643
/bin/sh: line 1: gpustat: command not found
2026-03-11 04:26:46,242   INFO  
2026-03-11 04:28:18,102   INFO  Save latest model to /storage/project/r-gchou3-0/spanse30/MSF/output/cfgs/waymo_models/msf_8frames/default/ckpt/latest_model
2026-03-11 04:28:28,696   INFO  epoch: 2/6, acc_iter=81050, cur_iter=7457/36796, batch_size=4, time_cost(epoch): 4:15:10/16:43:51, time_cost(all): 10:27:56/79:40:50, loss=1.2916874885559082, d_time=0.25(0.25), f_time=1.90(1.80), b_time=2.15(2.05), lr=0.005910424239714363
2026-03-11 04:30:08,611   INFO  epoch: 2/6, acc_iter=81100, cur_iter=7507/36796, batch_size=4, time_cost(epoch): 4:16:50/16:41:57, time_cost(all): 10:29:36/79:38:17, loss=1.3273967504501343, d_time=0.29(0.25), f_time=1.13(1.80), b_time=1.42(2.05), lr=0.005911646898475571
2026-03-11 04:31:51,809   INFO  epoch: 2/6, acc_iter=81150, cur_iter=7557/36796, batch_size=4, time_cost(epoch): 4:18:33/16:40:17, time_cost(all): 10:31:19/79:36:45, loss=1.6381094455718994, d_time=0.25(0.25), f_time=1.85(1.80), b_time=2.10(2.05), lr=0.005912861294301923
/bin/sh: line 1: gpustat: command not found
2026-03-11 04:31:52,141   INFO  
2026-03-11 04:33:18,832   INFO  Save latest model to /storage/project/r-gchou3-0/spanse30/MSF/output/cfgs/waymo_models/msf_8frames/default/ckpt/latest_model
2026-03-11 04:33:39,352   INFO  epoch: 2/6, acc_iter=81200, cur_iter=7607/36796, batch_size=4, time_cost(epoch): 4:20:21/16:38:53, time_cost(all): 10:33:07/79:36:32, loss=1.4303609132766724, d_time=0.24(0.25), f_time=1.73(1.80), b_time=1.97(2.05), lr=0.005914067423351218
2026-03-11 04:35:24,326   INFO  epoch: 2/6, acc_iter=81250, cur_iter=7657/36796, batch_size=4, time_cost(epoch): 4:22:06/16:37:19, time_cost(all): 10:34:52/79:35:32, loss=1.3305858373641968, d_time=0.25(0.25), f_time=2.20(1.80), b_time=2.45(2.05), lr=0.005915265281807409
2026-03-11 04:37:09,194   INFO  epoch: 2/6, acc_iter=81300, cur_iter=7707/36796, batch_size=4, time_cost(epoch): 4:23:51/16:35:45, time_cost(all): 10:36:37/79:34:29, loss=1.325574517250061, d_time=0.25(0.25), f_time=1.40(1.80), b_time=1.64(2.05), lr=0.005916454865880617
/bin/sh: line 1: gpustat: command not found
2026-03-11 04:37:09,488   INFO  
2026-03-11 04:38:18,502   INFO  Save latest model to /storage/project/r-gchou3-0/spanse30/MSF/output/cfgs/waymo_models/msf_8frames/default/ckpt/latest_model
2026-03-11 04:38:53,467   INFO  epoch: 2/6, acc_iter=81350, cur_iter=7757/36796, batch_size=4, time_cost(epoch): 4:25:35/16:34:08, time_cost(all): 10:38:21/79:33:14, loss=1.4289019107818604, d_time=0.25(0.25), f_time=1.80(1.80), b_time=2.05(2.05), lr=0.005917636171807142
2026-03-11 04:40:39,547   INFO  epoch: 2/6, acc_iter=81400, cur_iter=7807/36796, batch_size=4, time_cost(epoch): 4:27:21/16:32:38, time_cost(all): 10:40:07/79:32:32, loss=1.364176630973816, d_time=0.25(0.25), f_time=1.79(1.80), b_time=2.05(2.05), lr=0.005918809195849474
2026-03-11 04:42:23,243   INFO  epoch: 2/6, acc_iter=81450, cur_iter=7857/36796, batch_size=4, time_cost(epoch): 4:29:05/16:30:59, time_cost(all): 10:41:51/79:31:06, loss=1.190088152885437, d_time=0.24(0.25), f_time=1.99(1.80), b_time=2.23(2.05), lr=0.005919973934296308
/bin/sh: line 1: gpustat: command not found
2026-03-11 04:42:23,563   INFO  
2026-03-11 04:43:19,381   INFO  Save latest model to /storage/project/r-gchou3-0/spanse30/MSF/output/cfgs/waymo_models/msf_8frames/default/ckpt/latest_model
2026-03-11 04:44:08,274   INFO  epoch: 2/6, acc_iter=81500, cur_iter=7907/36796, batch_size=4, time_cost(epoch): 4:30:50/16:29:24, time_cost(all): 10:43:36/79:30:04, loss=1.1864798069000244, d_time=0.25(0.25), f_time=1.12(1.80), b_time=1.37(2.05), lr=0.005921130383462553
2026-03-11 04:45:56,412   INFO  epoch: 2/6, acc_iter=81550, cur_iter=7957/36796, batch_size=4, time_cost(epoch): 4:32:38/16:28:01, time_cost(all): 10:45:24/79:29:56, loss=1.267659306526184, d_time=0.25(0.25), f_time=1.71(1.80), b_time=1.96(2.06), lr=0.005922278539689341
2026-03-11 04:47:42,596   INFO  epoch: 2/6, acc_iter=81600, cur_iter=8007/36796, batch_size=4, time_cost(epoch): 4:34:24/16:26:31, time_cost(all): 10:47:10/79:29:12, loss=1.5203999280929565, d_time=0.24(0.25), f_time=1.94(1.80), b_time=2.19(2.06), lr=0.005923418399344047
/bin/sh: line 1: gpustat: command not found
2026-03-11 04:47:42,886   INFO  
2026-03-11 04:48:18,210   INFO  Save latest model to /storage/project/r-gchou3-0/spanse30/MSF/output/cfgs/waymo_models/msf_8frames/default/ckpt/latest_model
2026-03-11 04:49:29,335   INFO  epoch: 2/6, acc_iter=81650, cur_iter=8057/36796, batch_size=4, time_cost(epoch): 4:36:11/16:25:02, time_cost(all): 10:48:57/79:28:37, loss=1.257082223892212, d_time=0.24(0.25), f_time=1.48(1.80), b_time=1.73(2.06), lr=0.0059245499588202934
2026-03-11 04:51:12,253   INFO  epoch: 2/6, acc_iter=81700, cur_iter=8107/36796, batch_size=4, time_cost(epoch): 4:37:54/16:23:19, time_cost(all): 10:50:40/79:26:56, loss=1.1442482471466064, d_time=0.25(0.25), f_time=1.59(1.80), b_time=1.84(2.06), lr=0.0059256732145379605
2026-03-11 04:52:57,122   INFO  epoch: 2/6, acc_iter=81750, cur_iter=8157/36796, batch_size=4, time_cost(epoch): 4:39:39/16:21:44, time_cost(all): 10:52:25/79:25:48, loss=1.1615883111953735, d_time=0.24(0.25), f_time=2.28(1.80), b_time=2.52(2.06), lr=0.005926788162943205
/bin/sh: line 1: gpustat: command not found
2026-03-11 04:52:57,405   INFO  
2026-03-11 04:53:19,327   INFO  Save latest model to /storage/project/r-gchou3-0/spanse30/MSF/output/cfgs/waymo_models/msf_8frames/default/ckpt/latest_model
2026-03-11 04:54:42,147   INFO  epoch: 2/6, acc_iter=81800, cur_iter=8207/36796, batch_size=4, time_cost(epoch): 4:41:24/16:20:08, time_cost(all): 10:54:10/79:24:42, loss=1.2130862474441528, d_time=0.25(0.25), f_time=1.74(1.80), b_time=1.99(2.06), lr=0.005927894800508464
2026-03-11 04:56:29,431   INFO  epoch: 2/6, acc_iter=81850, cur_iter=8257/36796, batch_size=4, time_cost(epoch): 4:43:11/16:18:41, time_cost(all): 10:55:57/79:24:14, loss=1.468874216079712, d_time=0.25(0.25), f_time=2.82(1.80), b_time=3.07(2.06), lr=0.005928993123732471
2026-03-11 04:58:14,403   INFO  epoch: 2/6, acc_iter=81900, cur_iter=8307/36796, batch_size=4, time_cost(epoch): 4:44:56/16:17:05, time_cost(all): 10:57:42/79:23:06, loss=1.4365098476409912, d_time=0.25(0.25), f_time=2.49(1.80), b_time=2.74(2.06), lr=0.005930083129140263
/bin/sh: line 1: gpustat: command not found
2026-03-11 04:58:14,699   INFO  
2026-03-11 04:58:19,153   INFO  Save latest model to /storage/project/r-gchou3-0/spanse30/MSF/output/cfgs/waymo_models/msf_8frames/default/ckpt/latest_model
2026-03-11 04:59:53,896   INFO  epoch: 2/6, acc_iter=81950, cur_iter=8357/36796, batch_size=4, time_cost(epoch): 4:46:36/16:15:11, time_cost(all): 10:59:21/79:20:26, loss=1.2654802799224854, d_time=0.25(0.25), f_time=1.46(1.80), b_time=1.71(2.06), lr=0.005931164813283196
2026-03-11 05:01:39,192   INFO  epoch: 2/6, acc_iter=82000, cur_iter=8407/36796, batch_size=4, time_cost(epoch): 4:48:21/16:13:36, time_cost(all): 11:01:07/79:19:24, loss=1.6292974948883057, d_time=0.25(0.25), f_time=1.93(1.80), b_time=2.18(2.06), lr=0.005932238172738952
2026-03-11 05:03:18,602   INFO  Save latest model to /storage/project/r-gchou3-0/spanse30/MSF/output/cfgs/waymo_models/msf_8frames/default/ckpt/latest_model
2026-03-11 05:03:22,540   INFO  epoch: 2/6, acc_iter=82050, cur_iter=8457/36796, batch_size=4, time_cost(epoch): 4:50:04/16:11:55, time_cost(all): 11:02:50/79:17:48, loss=1.0910789966583252, d_time=0.25(0.25), f_time=1.36(1.80), b_time=1.61(2.06), lr=0.005933303204111551
/bin/sh: line 1: gpustat: command not found
2026-03-11 05:03:22,869   INFO  
2026-03-11 05:05:08,903   INFO  epoch: 2/6, acc_iter=82100, cur_iter=8507/36796, batch_size=4, time_cost(epoch): 4:51:51/16:10:23, time_cost(all): 11:04:36/79:17:02, loss=1.4796537160873413, d_time=0.25(0.25), f_time=2.30(1.80), b_time=2.54(2.06), lr=0.005934359904031362
2026-03-11 05:06:55,814   INFO  epoch: 2/6, acc_iter=82150, cur_iter=8557/36796, batch_size=4, time_cost(epoch): 4:53:37/16:08:54, time_cost(all): 11:06:23/79:16:24, loss=1.434201955795288, d_time=0.25(0.25), f_time=2.14(1.81), b_time=2.39(2.06), lr=0.005935408269155115
2026-03-11 05:08:18,280   INFO  Save latest model to /storage/project/r-gchou3-0/spanse30/MSF/output/cfgs/waymo_models/msf_8frames/default/ckpt/latest_model
2026-03-11 05:08:38,529   INFO  epoch: 2/6, acc_iter=82200, cur_iter=8607/36796, batch_size=4, time_cost(epoch): 4:55:20/16:07:10, time_cost(all): 11:08:06/79:14:38, loss=1.2787339687347412, d_time=0.25(0.25), f_time=1.29(1.81), b_time=1.54(2.06), lr=0.005936448296165912
/bin/sh: line 1: gpustat: command not found
2026-03-11 05:08:38,842   INFO  
2026-03-11 05:10:26,095   INFO  epoch: 2/6, acc_iter=82250, cur_iter=8657/36796, batch_size=4, time_cost(epoch): 4:57:08/16:05:42, time_cost(all): 11:09:54/79:14:09, loss=1.7904293537139893, d_time=0.25(0.25), f_time=1.86(1.81), b_time=2.11(2.06), lr=0.0059374799817732285
2026-03-11 05:12:11,023   INFO  epoch: 2/6, acc_iter=82300, cur_iter=8707/36796, batch_size=4, time_cost(epoch): 4:58:53/16:04:06, time_cost(all): 11:11:39/79:12:57, loss=1.2617138624191284, d_time=0.25(0.25), f_time=1.86(1.81), b_time=2.11(2.06), lr=0.005938503322712939
2026-03-11 05:13:18,598   INFO  Save latest model to /storage/project/r-gchou3-0/spanse30/MSF/output/cfgs/waymo_models/msf_8frames/default/ckpt/latest_model
2026-03-11 05:13:55,025   INFO  epoch: 2/6, acc_iter=82350, cur_iter=8757/36796, batch_size=4, time_cost(epoch): 5:00:37/16:02:26, time_cost(all): 11:13:23/79:11:30, loss=1.4362798929214478, d_time=0.25(0.25), f_time=1.31(1.81), b_time=1.56(2.06), lr=0.005939518315747317
/bin/sh: line 1: gpustat: command not found
2026-03-11 05:13:55,318   INFO  
2026-03-11 05:15:42,568   INFO  epoch: 2/6, acc_iter=82400, cur_iter=8807/36796, batch_size=4, time_cost(epoch): 5:02:24/16:00:57, time_cost(all): 11:15:10/79:10:59, loss=1.381952166557312, d_time=0.25(0.25), f_time=2.09(1.81), b_time=2.34(2.06), lr=0.005940524957665045
2026-03-11 05:17:32,293   INFO  epoch: 2/6, acc_iter=82450, cur_iter=8857/36796, batch_size=4, time_cost(epoch): 5:04:14/15:59:36, time_cost(all): 11:17:00/79:11:01, loss=1.2981433868408203, d_time=0.25(0.25), f_time=1.98(1.81), b_time=2.22(2.06), lr=0.005941523245281233
2026-03-11 05:18:19,608   INFO  Save latest model to /storage/project/r-gchou3-0/spanse30/MSF/output/cfgs/waymo_models/msf_8frames/default/ckpt/latest_model
2026-03-11 05:19:16,038   INFO  epoch: 2/6, acc_iter=82500, cur_iter=8907/36796, batch_size=4, time_cost(epoch): 5:05:58/15:57:55, time_cost(all): 11:18:44/79:09:29, loss=1.1925687789916992, d_time=0.24(0.25), f_time=1.17(1.81), b_time=1.41(2.06), lr=0.005942513175437416
/bin/sh: line 1: gpustat: command not found
2026-03-11 05:19:16,473   INFO  
2026-03-11 05:21:03,264   INFO  epoch: 2/6, acc_iter=82550, cur_iter=8957/36796, batch_size=4, time_cost(epoch): 5:07:45/15:56:25, time_cost(all): 11:20:31/79:08:51, loss=1.2903435230255127, d_time=0.25(0.25), f_time=1.79(1.81), b_time=2.04(2.06), lr=0.0059434947450015775
2026-03-11 05:22:48,145   INFO  epoch: 2/6, acc_iter=82600, cur_iter=9007/36796, batch_size=4, time_cost(epoch): 5:09:30/15:54:47, time_cost(all): 11:22:16/79:07:35, loss=1.0997467041015625, d_time=0.25(0.25), f_time=1.49(1.81), b_time=1.74(2.06), lr=0.00594446795086815
2026-03-11 05:23:20,378   INFO  Save latest model to /storage/project/r-gchou3-0/spanse30/MSF/output/cfgs/waymo_models/msf_8frames/default/ckpt/latest_model
2026-03-11 05:24:31,564   INFO  epoch: 2/6, acc_iter=82650, cur_iter=9057/36796, batch_size=4, time_cost(epoch): 5:11:13/15:53:05, time_cost(all): 11:23:59/79:05:58, loss=1.36457359790802, d_time=0.25(0.25), f_time=1.55(1.81), b_time=1.80(2.06), lr=0.005945432789958026
/bin/sh: line 1: gpustat: command not found
2026-03-11 05:24:31,869   INFO  
2026-03-11 05:26:17,445   INFO  epoch: 2/6, acc_iter=82700, cur_iter=9107/36796, batch_size=4, time_cost(epoch): 5:12:59/15:51:31, time_cost(all): 11:25:45/79:04:57, loss=1.1244254112243652, d_time=0.25(0.25), f_time=1.81(1.81), b_time=2.06(2.06), lr=0.005946389259218573
2026-03-11 05:28:02,561   INFO  epoch: 2/6, acc_iter=82750, cur_iter=9157/36796, batch_size=4, time_cost(epoch): 5:14:44/15:49:54, time_cost(all): 11:27:30/79:03:44, loss=1.0379621982574463, d_time=0.25(0.25), f_time=1.35(1.81), b_time=1.60(2.06), lr=0.005947337355623638
2026-03-11 05:28:18,420   INFO  Save latest model to /storage/project/r-gchou3-0/spanse30/MSF/output/cfgs/waymo_models/msf_8frames/default/ckpt/latest_model
2026-03-11 05:29:45,183   INFO  epoch: 2/6, acc_iter=82800, cur_iter=9207/36796, batch_size=4, time_cost(epoch): 5:16:27/15:48:09, time_cost(all): 11:29:13/79:01:54, loss=1.3328089714050293, d_time=0.25(0.25), f_time=1.74(1.81), b_time=1.99(2.06), lr=0.005948277076173556
/bin/sh: line 1: gpustat: command not found
2026-03-11 05:29:45,481   INFO  
2026-03-11 05:31:29,408   INFO  epoch: 2/6, acc_iter=82850, cur_iter=9257/36796, batch_size=4, time_cost(epoch): 5:18:11/15:46:29, time_cost(all): 11:30:57/79:00:28, loss=1.4638631343841553, d_time=0.24(0.25), f_time=2.20(1.81), b_time=2.44(2.06), lr=0.005949208417895169
2026-03-11 05:33:18,166   INFO  epoch: 2/6, acc_iter=82900, cur_iter=9307/36796, batch_size=4, time_cost(epoch): 5:20:00/15:45:03, time_cost(all): 11:32:46/79:00:08, loss=1.867973804473877, d_time=0.25(0.25), f_time=2.41(1.81), b_time=2.66(2.06), lr=0.005950131377841822
2026-03-11 05:33:18,298   INFO  Save latest model to /storage/project/r-gchou3-0/spanse30/MSF/output/cfgs/waymo_models/msf_8frames/default/ckpt/latest_model
2026-03-11 05:35:02,690   INFO  epoch: 2/6, acc_iter=82950, cur_iter=9357/36796, batch_size=4, time_cost(epoch): 5:21:44/15:43:24, time_cost(all): 11:34:30/78:58:46, loss=1.5583950281143188, d_time=0.25(0.25), f_time=1.84(1.81), b_time=2.09(2.06), lr=0.005951045953093381
/bin/sh: line 1: gpustat: command not found
2026-03-11 05:35:02,990   INFO  
2026-03-11 05:36:46,521   INFO  epoch: 2/6, acc_iter=83000, cur_iter=9407/36796, batch_size=4, time_cost(epoch): 5:23:28/15:41:43, time_cost(all): 11:36:14/78:57:12, loss=1.4489117860794067, d_time=0.25(0.25), f_time=2.17(1.81), b_time=2.42(2.06), lr=0.0059519521407562425
2026-03-11 05:38:18,126   INFO  Save latest model to /storage/project/r-gchou3-0/spanse30/MSF/output/cfgs/waymo_models/msf_8frames/default/ckpt/latest_model
2026-03-11 05:38:35,182   INFO  epoch: 2/6, acc_iter=83050, cur_iter=9457/36796, batch_size=4, time_cost(epoch): 5:25:17/15:40:16, time_cost(all): 11:38:03/78:56:50, loss=1.539628505706787, d_time=0.25(0.25), f_time=2.90(1.81), b_time=3.15(2.06), lr=0.005952849937963337
2026-03-11 05:40:18,981   INFO  epoch: 2/6, acc_iter=83100, cur_iter=9507/36796, batch_size=4, time_cost(epoch): 5:27:01/15:38:34, time_cost(all): 11:39:47/78:55:15, loss=1.3989161252975464, d_time=0.25(0.25), f_time=1.92(1.81), b_time=2.17(2.06), lr=0.005953739341874142
/bin/sh: line 1: gpustat: command not found
2026-03-11 05:40:19,353   INFO  
2026-03-11 05:42:05,209   INFO  epoch: 2/6, acc_iter=83150, cur_iter=9557/36796, batch_size=4, time_cost(epoch): 5:28:47/15:37:00, time_cost(all): 11:41:33/78:54:16, loss=1.4459209442138672, d_time=0.24(0.25), f_time=1.65(1.81), b_time=1.89(2.06), lr=0.005954620349674693
2026-03-11 05:43:19,088   INFO  Save latest model to /storage/project/r-gchou3-0/spanse30/MSF/output/cfgs/waymo_models/msf_8frames/default/ckpt/latest_model
2026-03-11 05:43:49,350   INFO  epoch: 2/6, acc_iter=83200, cur_iter=9607/36796, batch_size=4, time_cost(epoch): 5:30:31/15:35:19, time_cost(all): 11:43:17/78:52:46, loss=1.6092231273651123, d_time=0.25(0.25), f_time=1.76(1.81), b_time=2.00(2.06), lr=0.005955492958577587
2026-03-11 05:45:35,925   INFO  epoch: 2/6, acc_iter=83250, cur_iter=9657/36796, batch_size=4, time_cost(epoch): 5:32:18/15:33:45, time_cost(all): 11:45:03/78:51:51, loss=1.5681782960891724, d_time=0.25(0.25), f_time=2.16(1.81), b_time=2.41(2.06), lr=0.005956357165821994
/bin/sh: line 1: gpustat: command not found
2026-03-11 05:45:36,233   INFO  
2026-03-11 05:47:20,941   INFO  epoch: 2/6, acc_iter=83300, cur_iter=9707/36796, batch_size=4, time_cost(epoch): 5:34:03/15:32:07, time_cost(all): 11:46:49/78:50:33, loss=1.136033535003662, d_time=0.25(0.25), f_time=1.21(1.81), b_time=1.46(2.06), lr=0.005957212968673669
2026-03-11 05:48:18,652   INFO  Save latest model to /storage/project/r-gchou3-0/spanse30/MSF/output/cfgs/waymo_models/msf_8frames/default/ckpt/latest_model
2026-03-11 05:49:06,771   INFO  epoch: 2/6, acc_iter=83350, cur_iter=9757/36796, batch_size=4, time_cost(epoch): 5:35:48/15:30:31, time_cost(all): 11:48:34/78:49:27, loss=1.7016379833221436, d_time=0.25(0.25), f_time=2.18(1.81), b_time=2.43(2.06), lr=0.005958060364424953
2026-03-11 05:50:52,590   INFO  epoch: 2/6, acc_iter=83400, cur_iter=9807/36796, batch_size=4, time_cost(epoch): 5:37:34/15:28:55, time_cost(all): 11:50:20/78:48:20, loss=1.6657655239105225, d_time=0.25(0.25), f_time=2.70(1.81), b_time=2.95(2.07), lr=0.00595889935039479
/bin/sh: line 1: gpustat: command not found
2026-03-11 05:50:52,903   INFO  
2026-03-11 05:52:42,261   INFO  epoch: 2/6, acc_iter=83450, cur_iter=9857/36796, batch_size=4, time_cost(epoch): 5:39:24/15:27:29, time_cost(all): 11:52:10/78:48:06, loss=1.2899293899536133, d_time=0.25(0.25), f_time=1.83(1.81), b_time=2.08(2.07), lr=0.005959729923928729
2026-03-11 05:53:18,399   INFO  Save latest model to /storage/project/r-gchou3-0/spanse30/MSF/output/cfgs/waymo_models/msf_8frames/default/ckpt/latest_model
2026-03-11 05:54:29,082   INFO  epoch: 2/6, acc_iter=83500, cur_iter=9907/36796, batch_size=4, time_cost(epoch): 5:41:11/15:25:56, time_cost(all): 11:53:57/78:47:11, loss=1.297951340675354, d_time=0.25(0.25), f_time=1.76(1.81), b_time=2.01(2.07), lr=0.005960552082398937
2026-03-11 05:56:09,679   INFO  epoch: 2/6, acc_iter=83550, cur_iter=9957/36796, batch_size=4, time_cost(epoch): 5:42:51/15:24:05, time_cost(all): 11:55:37/78:44:51, loss=0.8972128629684448, d_time=0.25(0.25), f_time=1.09(1.81), b_time=1.34(2.07), lr=0.0059613658232042024
/bin/sh: line 1: gpustat: command not found
2026-03-11 05:56:09,997   INFO  
2026-03-11 05:57:54,422   INFO  epoch: 2/6, acc_iter=83600, cur_iter=10007/36796, batch_size=4, time_cost(epoch): 5:44:36/15:22:26, time_cost(all): 11:57:22/78:43:27, loss=1.1446609497070312, d_time=0.25(0.25), f_time=1.72(1.81), b_time=1.97(2.07), lr=0.005962171143769948
2026-03-11 05:58:19,979   INFO  Save latest model to /storage/project/r-gchou3-0/spanse30/MSF/output/cfgs/waymo_models/msf_8frames/default/ckpt/latest_model
2026-03-11 05:59:38,257   INFO  epoch: 2/6, acc_iter=83650, cur_iter=10057/36796, batch_size=4, time_cost(epoch): 5:46:20/15:20:44, time_cost(all): 11:59:06/78:41:51, loss=1.0416953563690186, d_time=0.25(0.25), f_time=1.68(1.81), b_time=1.93(2.07), lr=0.005962968041548239
2026-03-11 06:01:24,317   INFO  epoch: 2/6, acc_iter=83700, cur_iter=10107/36796, batch_size=4, time_cost(epoch): 5:48:06/15:19:08, time_cost(all): 12:00:52/78:40:45, loss=1.5401276350021362, d_time=0.25(0.25), f_time=2.59(1.81), b_time=2.84(2.07), lr=0.005963756514017784
/bin/sh: line 1: gpustat: command not found
2026-03-11 06:01:24,616   INFO  
2026-03-11 06:03:09,200   INFO  epoch: 2/6, acc_iter=83750, cur_iter=10157/36796, batch_size=4, time_cost(epoch): 5:49:51/15:17:28, time_cost(all): 12:02:37/78:39:23, loss=1.4225926399230957, d_time=0.24(0.25), f_time=1.91(1.81), b_time=2.15(2.07), lr=0.0059645365586839545
2026-03-11 06:03:18,036   INFO  Save latest model to /storage/project/r-gchou3-0/spanse30/MSF/output/cfgs/waymo_models/msf_8frames/default/ckpt/latest_model
2026-03-11 06:04:54,602   INFO  epoch: 2/6, acc_iter=83800, cur_iter=10207/36796, batch_size=4, time_cost(epoch): 5:51:36/15:15:51, time_cost(all): 12:04:22/78:38:08, loss=1.3608652353286743, d_time=0.25(0.25), f_time=1.40(1.81), b_time=1.65(2.07), lr=0.005965308173078781
2026-03-11 06:06:39,713   INFO  epoch: 2/6, acc_iter=83850, cur_iter=10257/36796, batch_size=4, time_cost(epoch): 5:53:21/15:14:12, time_cost(all): 12:06:07/78:36:48, loss=1.6755092144012451, d_time=0.25(0.25), f_time=2.00(1.81), b_time=2.25(2.07), lr=0.005966071354760971
/bin/sh: line 1: gpustat: command not found
2026-03-11 06:06:40,023   INFO  
2026-03-11 06:08:18,181   INFO  Save latest model to /storage/project/r-gchou3-0/spanse30/MSF/output/cfgs/waymo_models/msf_8frames/default/ckpt/latest_model
2026-03-11 06:08:27,375   INFO  epoch: 2/6, acc_iter=83900, cur_iter=10307/36796, batch_size=4, time_cost(epoch): 5:55:09/15:12:40, time_cost(all): 12:07:55/78:36:02, loss=2.2580156326293945, d_time=0.25(0.25), f_time=1.91(1.81), b_time=2.16(2.07), lr=0.0059668261013159085
2026-03-11 06:10:12,671   INFO  epoch: 2/6, acc_iter=83950, cur_iter=10357/36796, batch_size=4, time_cost(epoch): 5:56:54/15:11:01, time_cost(all): 12:09:40/78:34:44, loss=1.5482360124588013, d_time=0.25(0.25), f_time=2.32(1.81), b_time=2.57(2.07), lr=0.005967572410355668
2026-03-11 06:11:56,384   INFO  epoch: 2/6, acc_iter=84000, cur_iter=10407/36796, batch_size=4, time_cost(epoch): 5:58:38/15:09:19, time_cost(all): 12:11:24/78:33:05, loss=1.372814416885376, d_time=0.25(0.25), f_time=1.10(1.81), b_time=1.35(2.07), lr=0.0059683102795190165
/bin/sh: line 1: gpustat: command not found
2026-03-11 06:11:56,700   INFO  
2026-03-11 06:13:18,187   INFO  Save latest model to /storage/project/r-gchou3-0/spanse30/MSF/output/cfgs/waymo_models/msf_8frames/default/ckpt/latest_model
2026-03-11 06:13:42,049   INFO  epoch: 2/6, acc_iter=84050, cur_iter=10457/36796, batch_size=4, time_cost(epoch): 6:00:24/15:07:41, time_cost(all): 12:13:10/78:31:52, loss=1.4037091732025146, d_time=0.25(0.25), f_time=1.74(1.81), b_time=1.99(2.07), lr=0.005969039706471426
2026-03-11 06:15:25,893   INFO  epoch: 2/6, acc_iter=84100, cur_iter=10507/36796, batch_size=4, time_cost(epoch): 6:02:08/15:05:59, time_cost(all): 12:14:53/78:30:15, loss=1.297377586364746, d_time=0.25(0.25), f_time=1.61(1.81), b_time=1.86(2.07), lr=0.005969760688905079
2026-03-11 06:17:12,766   INFO  epoch: 2/6, acc_iter=84150, cur_iter=10557/36796, batch_size=4, time_cost(epoch): 6:03:54/15:04:24, time_cost(all): 12:16:40/78:29:16, loss=1.881308913230896, d_time=0.25(0.25), f_time=2.33(1.81), b_time=2.58(2.07), lr=0.005970473224538872
/bin/sh: line 1: gpustat: command not found
2026-03-11 06:17:13,064   INFO  
2026-03-11 06:18:18,683   INFO  Save latest model to /storage/project/r-gchou3-0/spanse30/MSF/output/cfgs/waymo_models/msf_8frames/default/ckpt/latest_model
2026-03-11 06:18:59,314   INFO  epoch: 2/6, acc_iter=84200, cur_iter=10607/36796, batch_size=4, time_cost(epoch): 6:05:41/15:02:48, time_cost(all): 12:18:27/78:28:13, loss=1.1241705417633057, d_time=0.25(0.25), f_time=1.77(1.82), b_time=2.02(2.07), lr=0.005971177311118431
2026-03-11 06:20:45,359   INFO  epoch: 2/6, acc_iter=84250, cur_iter=10657/36796, batch_size=4, time_cost(epoch): 6:07:27/15:01:11, time_cost(all): 12:20:13/78:27:04, loss=1.5135149955749512, d_time=0.25(0.25), f_time=2.84(1.82), b_time=3.09(2.07), lr=0.005971872946416108
2026-03-11 06:22:31,048   INFO  epoch: 2/6, acc_iter=84300, cur_iter=10707/36796, batch_size=4, time_cost(epoch): 6:09:13/14:59:34, time_cost(all): 12:21:59/78:25:49, loss=1.6041676998138428, d_time=0.25(0.25), f_time=2.06(1.82), b_time=2.31(2.07), lr=0.005972560128231
/bin/sh: line 1: gpustat: command not found
2026-03-11 06:22:31,346   INFO  
2026-03-11 06:23:18,648   INFO  Save latest model to /storage/project/r-gchou3-0/spanse30/MSF/output/cfgs/waymo_models/msf_8frames/default/ckpt/latest_model
2026-03-11 06:24:17,328   INFO  epoch: 2/6, acc_iter=84350, cur_iter=10757/36796, batch_size=4, time_cost(epoch): 6:10:59/14:57:57, time_cost(all): 12:23:45/78:24:41, loss=1.5837281942367554, d_time=0.25(0.25), f_time=0.90(1.82), b_time=1.15(2.07), lr=0.0059732388543889455
2026-03-11 06:25:59,294   INFO  epoch: 2/6, acc_iter=84400, cur_iter=10807/36796, batch_size=4, time_cost(epoch): 6:12:41/14:56:10, time_cost(all): 12:25:27/78:22:39, loss=1.1158134937286377, d_time=0.25(0.25), f_time=2.21(1.82), b_time=2.46(2.07), lr=0.005973909122742537
2026-03-11 06:27:44,346   INFO  epoch: 2/6, acc_iter=84450, cur_iter=10857/36796, batch_size=4, time_cost(epoch): 6:14:26/14:54:30, time_cost(all): 12:27:12/78:21:16, loss=1.7776497602462769, d_time=0.25(0.25), f_time=2.18(1.82), b_time=2.43(2.07), lr=0.005974570931171127
/bin/sh: line 1: gpustat: command not found
2026-03-11 06:27:44,669   INFO  
2026-03-11 06:28:18,756   INFO  Save latest model to /storage/project/r-gchou3-0/spanse30/MSF/output/cfgs/waymo_models/msf_8frames/default/ckpt/latest_model
2026-03-11 06:29:26,835   INFO  epoch: 2/6, acc_iter=84500, cur_iter=10907/36796, batch_size=4, time_cost(epoch): 6:16:08/14:52:45, time_cost(all): 12:28:54/78:19:20, loss=1.4745686054229736, d_time=0.25(0.25), f_time=2.65(1.82), b_time=2.90(2.07), lr=0.0059752242775808345
2026-03-11 06:31:11,875   INFO  epoch: 2/6, acc_iter=84550, cur_iter=10957/36796, batch_size=4, time_cost(epoch): 6:17:53/14:51:05, time_cost(all): 12:30:39/78:17:57, loss=1.1321251392364502, d_time=0.25(0.25), f_time=1.06(1.82), b_time=1.31(2.07), lr=0.005975869159904549
2026-03-11 06:32:58,032   INFO  epoch: 2/6, acc_iter=84600, cur_iter=11007/36796, batch_size=4, time_cost(epoch): 6:19:40/14:49:28, time_cost(all): 12:32:26/78:16:47, loss=1.4302743673324585, d_time=0.25(0.25), f_time=1.81(1.82), b_time=2.06(2.07), lr=0.0059765055761019405
/bin/sh: line 1: gpustat: command not found
2026-03-11 06:32:58,333   INFO  
2026-03-11 06:33:18,358   INFO  Save latest model to /storage/project/r-gchou3-0/spanse30/MSF/output/cfgs/waymo_models/msf_8frames/default/ckpt/latest_model
2026-03-11 06:34:40,483   INFO  epoch: 2/6, acc_iter=84650, cur_iter=11057/36796, batch_size=4, time_cost(epoch): 6:21:22/14:47:42, time_cost(all): 12:34:08/78:14:51, loss=1.4013129472732544, d_time=0.25(0.25), f_time=1.73(1.82), b_time=1.98(2.07), lr=0.005977133524159467
2026-03-11 06:36:30,291   INFO  epoch: 2/6, acc_iter=84700, cur_iter=11107/36796, batch_size=4, time_cost(epoch): 6:23:12/14:46:13, time_cost(all): 12:35:58/78:14:25, loss=1.3575762510299683, d_time=0.25(0.25), f_time=1.88(1.82), b_time=2.13(2.07), lr=0.005977753002090375
2026-03-11 06:38:17,379   INFO  epoch: 2/6, acc_iter=84750, cur_iter=11157/36796, batch_size=4, time_cost(epoch): 6:24:59/14:44:38, time_cost(all): 12:37:45/78:13:25, loss=1.2348802089691162, d_time=0.25(0.25), f_time=2.12(1.82), b_time=2.37(2.07), lr=0.005978364007934713
/bin/sh: line 1: gpustat: command not found
2026-03-11 06:38:17,683   INFO  
2026-03-11 06:38:20,124   INFO  Save latest model to /storage/project/r-gchou3-0/spanse30/MSF/output/cfgs/waymo_models/msf_8frames/default/ckpt/latest_model
2026-03-11 06:40:03,040   INFO  epoch: 2/6, acc_iter=84800, cur_iter=11207/36796, batch_size=4, time_cost(epoch): 6:26:45/14:42:59, time_cost(all): 12:39:31/78:12:08, loss=1.296480417251587, d_time=0.25(0.25), f_time=2.12(1.82), b_time=2.36(2.07), lr=0.005978966539759331
2026-03-11 06:41:52,334   INFO  epoch: 2/6, acc_iter=84850, cur_iter=11257/36796, batch_size=4, time_cost(epoch): 6:28:34/14:41:29, time_cost(all): 12:41:20/78:11:34, loss=1.6464664936065674, d_time=0.24(0.25), f_time=2.30(1.82), b_time=2.54(2.07), lr=0.005979560595657891
2026-03-11 06:43:18,504   INFO  Save latest model to /storage/project/r-gchou3-0/spanse30/MSF/output/cfgs/waymo_models/msf_8frames/default/ckpt/latest_model
2026-03-11 06:43:38,670   INFO  epoch: 2/6, acc_iter=84900, cur_iter=11307/36796, batch_size=4, time_cost(epoch): 6:30:20/14:39:52, time_cost(all): 12:43:06/78:10:24, loss=1.1142494678497314, d_time=0.25(0.25), f_time=1.74(1.82), b_time=1.99(2.07), lr=0.0059801461737508735
/bin/sh: line 1: gpustat: command not found
2026-03-11 06:43:38,963   INFO  
2026-03-11 06:45:26,877   INFO  epoch: 2/6, acc_iter=84950, cur_iter=11357/36796, batch_size=4, time_cost(epoch): 6:32:08/14:38:18, time_cost(all): 12:44:54/78:09:36, loss=1.1683851480484009, d_time=0.24(0.25), f_time=1.79(1.82), b_time=2.03(2.07), lr=0.005980723272185579
2026-03-11 06:47:10,672   INFO  epoch: 2/6, acc_iter=85000, cur_iter=11407/36796, batch_size=4, time_cost(epoch): 6:33:52/14:36:35, time_cost(all): 12:46:38/78:07:55, loss=1.4320480823516846, d_time=0.25(0.25), f_time=2.72(1.82), b_time=2.97(2.07), lr=0.005981291889136139
2026-03-11 06:48:19,284   INFO  Save latest model to /storage/project/r-gchou3-0/spanse30/MSF/output/cfgs/waymo_models/msf_8frames/default/ckpt/latest_model
2026-03-11 06:48:55,777   INFO  epoch: 2/6, acc_iter=85050, cur_iter=11457/36796, batch_size=4, time_cost(epoch): 6:35:37/14:34:55, time_cost(all): 12:48:23/78:06:29, loss=1.4394198656082153, d_time=0.25(0.25), f_time=2.05(1.82), b_time=2.30(2.07), lr=0.005981852022803517
/bin/sh: line 1: gpustat: command not found
2026-03-11 06:48:56,064   INFO  
2026-03-11 06:50:40,589   INFO  epoch: 2/6, acc_iter=85100, cur_iter=11507/36796, batch_size=4, time_cost(epoch): 6:37:22/14:33:14, time_cost(all): 12:50:08/78:05:00, loss=1.9152623414993286, d_time=0.25(0.25), f_time=2.13(1.82), b_time=2.38(2.07), lr=0.0059824036714155185
2026-03-11 06:52:25,439   INFO  epoch: 2/6, acc_iter=85150, cur_iter=11557/36796, batch_size=4, time_cost(epoch): 6:39:07/14:31:33, time_cost(all): 12:51:53/78:03:31, loss=1.3673195838928223, d_time=0.33(0.25), f_time=1.88(1.82), b_time=2.21(2.07), lr=0.005982946833226794
2026-03-11 06:53:18,548   INFO  Save latest model to /storage/project/r-gchou3-0/spanse30/MSF/output/cfgs/waymo_models/msf_8frames/default/ckpt/latest_model
2026-03-11 06:54:10,621   INFO  epoch: 2/6, acc_iter=85200, cur_iter=11607/36796, batch_size=4, time_cost(epoch): 6:40:52/14:29:53, time_cost(all): 12:53:38/78:02:06, loss=1.0642361640930176, d_time=0.25(0.25), f_time=0.93(1.82), b_time=1.18(2.07), lr=0.005983481506518845
/bin/sh: line 1: gpustat: command not found
2026-03-11 06:54:10,903   INFO  
2026-03-11 06:55:53,064   INFO  epoch: 2/6, acc_iter=85250, cur_iter=11657/36796, batch_size=4, time_cost(epoch): 6:42:35/14:28:07, time_cost(all): 12:55:21/78:00:09, loss=1.4230432510375977, d_time=0.25(0.25), f_time=1.92(1.82), b_time=2.17(2.07), lr=0.00598400768960003
2026-03-11 06:57:37,182   INFO  epoch: 2/6, acc_iter=85300, cur_iter=11707/36796, batch_size=4, time_cost(epoch): 6:44:19/14:26:25, time_cost(all): 12:57:05/77:58:32, loss=1.5563185214996338, d_time=0.25(0.25), f_time=2.68(1.82), b_time=2.93(2.07), lr=0.0059845253808055695
2026-03-11 06:58:19,595   INFO  Save latest model to /storage/project/r-gchou3-0/spanse30/MSF/output/cfgs/waymo_models/msf_8frames/default/ckpt/latest_model
2026-03-11 06:59:23,012   INFO  epoch: 2/6, acc_iter=85350, cur_iter=11757/36796, batch_size=4, time_cost(epoch): 6:46:05/14:24:46, time_cost(all): 12:58:51/77:57:14, loss=1.4121692180633545, d_time=0.25(0.25), f_time=2.11(1.82), b_time=2.36(2.07), lr=0.005985034578497551
/bin/sh: line 1: gpustat: command not found
2026-03-11 06:59:23,298   INFO  
2026-03-11 07:01:06,603   INFO  epoch: 2/6, acc_iter=85400, cur_iter=11807/36796, batch_size=4, time_cost(epoch): 6:47:48/14:23:02, time_cost(all): 13:00:34/77:55:30, loss=1.601331114768982, d_time=0.25(0.25), f_time=1.54(1.82), b_time=1.79(2.07), lr=0.0059855352810649345
2026-03-11 07:02:52,829   INFO  epoch: 2/6, acc_iter=85450, cur_iter=11857/36796, batch_size=4, time_cost(epoch): 6:49:34/14:21:24, time_cost(all): 13:02:20/77:54:16, loss=0.9850456118583679, d_time=0.25(0.25), f_time=0.93(1.82), b_time=1.18(2.07), lr=0.005986027486923558
2026-03-11 07:03:19,503   INFO  Save latest model to /storage/project/r-gchou3-0/spanse30/MSF/output/cfgs/waymo_models/msf_8frames/default/ckpt/latest_model
2026-03-11 07:04:39,383   INFO  epoch: 2/6, acc_iter=85500, cur_iter=11907/36796, batch_size=4, time_cost(epoch): 6:51:21/14:19:46, time_cost(all): 13:04:07/77:53:06, loss=1.6649428606033325, d_time=0.25(0.25), f_time=2.09(1.82), b_time=2.34(2.07), lr=0.005986511194516143
/bin/sh: line 1: gpustat: command not found
2026-03-11 07:04:39,720   INFO  
2026-03-11 07:06:23,934   INFO  epoch: 2/6, acc_iter=85550, cur_iter=11957/36796, batch_size=4, time_cost(epoch): 6:53:06/14:18:05, time_cost(all): 13:05:52/77:51:32, loss=1.4750005006790161, d_time=0.15(0.25), f_time=1.60(1.82), b_time=1.75(2.07), lr=0.005986986402312293
2026-03-11 07:08:11,173   INFO  epoch: 2/6, acc_iter=85600, cur_iter=12007/36796, batch_size=4, time_cost(epoch): 6:54:53/14:16:29, time_cost(all): 13:07:39/77:50:29, loss=1.4162648916244507, d_time=0.25(0.25), f_time=1.68(1.82), b_time=1.93(2.07), lr=0.005987453108808513
2026-03-11 07:08:19,395   INFO  Save latest model to /storage/project/r-gchou3-0/spanse30/MSF/output/cfgs/waymo_models/msf_8frames/default/ckpt/latest_model
2026-03-11 07:09:55,594   INFO  epoch: 2/6, acc_iter=85650, cur_iter=12057/36796, batch_size=4, time_cost(epoch): 6:56:37/14:14:46, time_cost(all): 13:09:23/77:48:54, loss=1.0648266077041626, d_time=0.25(0.25), f_time=1.92(1.82), b_time=2.18(2.07), lr=0.005987911312528196
/bin/sh: line 1: gpustat: command not found
2026-03-11 07:09:55,884   INFO  
2026-03-11 07:11:42,370   INFO  epoch: 2/6, acc_iter=85700, cur_iter=12107/36796, batch_size=4, time_cost(epoch): 6:58:24/14:13:09, time_cost(all): 13:11:10/77:47:45, loss=1.400501012802124, d_time=0.25(0.25), f_time=1.52(1.82), b_time=1.77(2.07), lr=0.005988361012021644
2026-03-11 07:13:19,385   INFO  Save latest model to /storage/project/r-gchou3-0/spanse30/MSF/output/cfgs/waymo_models/msf_8frames/default/ckpt/latest_model
2026-03-11 07:13:24,234   INFO  epoch: 2/6, acc_iter=85750, cur_iter=12157/36796, batch_size=4, time_cost(epoch): 7:00:06/14:11:22, time_cost(all): 13:12:52/77:45:42, loss=1.3884416818618774, d_time=0.28(0.25), f_time=1.62(1.82), b_time=1.90(2.07), lr=0.00598880220586606
2026-03-11 07:15:09,555   INFO  epoch: 2/6, acc_iter=85800, cur_iter=12207/36796, batch_size=4, time_cost(epoch): 7:01:51/14:09:42, time_cost(all): 13:14:37/77:44:16, loss=1.185197114944458, d_time=0.25(0.25), f_time=1.82(1.82), b_time=2.07(2.07), lr=0.0059892348926655625
/bin/sh: line 1: gpustat: command not found
2026-03-11 07:15:09,841   INFO  
2026-03-11 07:16:54,765   INFO  epoch: 2/6, acc_iter=85850, cur_iter=12257/36796, batch_size=4, time_cost(epoch): 7:03:36/14:08:01, time_cost(all): 13:16:22/77:42:50, loss=1.1088778972625732, d_time=0.25(0.25), f_time=1.48(1.82), b_time=1.73(2.07), lr=0.00598965907105118
2026-03-11 07:18:18,471   INFO  Save latest model to /storage/project/r-gchou3-0/spanse30/MSF/output/cfgs/waymo_models/msf_8frames/default/ckpt/latest_model
2026-03-11 07:18:40,760   INFO  epoch: 2/6, acc_iter=85900, cur_iter=12307/36796, batch_size=4, time_cost(epoch): 7:05:22/14:06:22, time_cost(all): 13:18:08/77:41:31, loss=1.6024633646011353, d_time=0.25(0.25), f_time=1.99(1.82), b_time=2.24(2.07), lr=0.005990074739680865
2026-03-11 07:20:24,479   INFO  epoch: 2/6, acc_iter=85950, cur_iter=12357/36796, batch_size=4, time_cost(epoch): 7:07:06/14:04:38, time_cost(all): 13:19:52/77:39:48, loss=1.325354814529419, d_time=0.25(0.25), f_time=1.70(1.82), b_time=1.95(2.07), lr=0.005990481897239492
/bin/sh: line 1: gpustat: command not found
2026-03-11 07:20:24,759   INFO  
2026-03-11 07:22:09,771   INFO  epoch: 2/6, acc_iter=86000, cur_iter=12407/36796, batch_size=4, time_cost(epoch): 7:08:51/14:02:58, time_cost(all): 13:21:37/77:38:22, loss=1.3384487628936768, d_time=0.25(0.25), f_time=1.71(1.82), b_time=1.96(2.07), lr=0.005990880542438863
2026-03-11 07:23:18,200   INFO  Save latest model to /storage/project/r-gchou3-0/spanse30/MSF/output/cfgs/waymo_models/msf_8frames/default/ckpt/latest_model
2026-03-11 07:23:54,427   INFO  epoch: 2/6, acc_iter=86050, cur_iter=12457/36796, batch_size=4, time_cost(epoch): 7:10:36/14:01:16, time_cost(all): 13:23:22/77:36:49, loss=1.3054273128509521, d_time=0.25(0.25), f_time=1.47(1.82), b_time=1.72(2.07), lr=0.005991270674017714
2026-03-11 07:25:35,048   INFO  epoch: 2/6, acc_iter=86100, cur_iter=12507/36796, batch_size=4, time_cost(epoch): 7:12:17/13:59:26, time_cost(all): 13:25:03/77:34:32, loss=1.578275442123413, d_time=0.25(0.25), f_time=2.48(1.82), b_time=2.73(2.07), lr=0.005991652290741715
/bin/sh: line 1: gpustat: command not found
2026-03-11 07:25:35,324   INFO  
2026-03-11 07:27:16,692   INFO  epoch: 2/6, acc_iter=86150, cur_iter=12557/36796, batch_size=4, time_cost(epoch): 7:13:58/13:57:39, time_cost(all): 13:26:44/77:32:26, loss=1.31455397605896, d_time=0.25(0.25), f_time=1.65(1.82), b_time=1.90(2.07), lr=0.005992025391403477
2026-03-11 07:28:19,046   INFO  Save latest model to /storage/project/r-gchou3-0/spanse30/MSF/output/cfgs/waymo_models/msf_8frames/default/ckpt/latest_model
2026-03-11 07:29:00,796   INFO  epoch: 2/6, acc_iter=86200, cur_iter=12607/36796, batch_size=4, time_cost(epoch): 7:15:42/13:55:56, time_cost(all): 13:28:28/77:30:47, loss=1.738156795501709, d_time=0.25(0.25), f_time=2.79(1.82), b_time=3.04(2.07), lr=0.005992389974822556
2026-03-11 07:30:45,847   INFO  epoch: 2/6, acc_iter=86250, cur_iter=12657/36796, batch_size=4, time_cost(epoch): 7:17:27/13:54:15, time_cost(all): 13:30:13/77:29:18, loss=1.4488420486450195, d_time=0.24(0.25), f_time=1.73(1.82), b_time=1.97(2.07), lr=0.005992746039845452
/bin/sh: line 1: gpustat: command not found
2026-03-11 07:30:46,121   INFO  
2026-03-11 07:32:29,217   INFO  epoch: 2/6, acc_iter=86300, cur_iter=12707/36796, batch_size=4, time_cost(epoch): 7:19:11/13:52:30, time_cost(all): 13:31:57/77:27:31, loss=1.4425454139709473, d_time=0.25(0.25), f_time=2.01(1.82), b_time=2.26(2.07), lr=0.005993093585345619
2026-03-11 07:33:19,787   INFO  Save latest model to /storage/project/r-gchou3-0/spanse30/MSF/output/cfgs/waymo_models/msf_8frames/default/ckpt/latest_model
2026-03-11 07:34:12,875   INFO  epoch: 2/6, acc_iter=86350, cur_iter=12757/36796, batch_size=4, time_cost(epoch): 7:20:54/13:50:47, time_cost(all): 13:33:40/77:25:47, loss=1.5559840202331543, d_time=0.25(0.25), f_time=2.10(1.82), b_time=2.35(2.07), lr=0.0059934326102234654
2026-03-11 07:35:56,504   INFO  epoch: 2/6, acc_iter=86400, cur_iter=12807/36796, batch_size=4, time_cost(epoch): 7:22:38/13:49:03, time_cost(all): 13:35:24/77:24:03, loss=1.1454153060913086, d_time=0.25(0.25), f_time=1.29(1.82), b_time=1.54(2.07), lr=0.005993763113406358
/bin/sh: line 1: gpustat: command not found
2026-03-11 07:35:56,795   INFO  
2026-03-11 07:37:41,795   INFO  epoch: 2/6, acc_iter=86450, cur_iter=12857/36796, batch_size=4, time_cost(epoch): 7:24:23/13:47:22, time_cost(all): 13:37:09/77:22:36, loss=1.2542790174484253, d_time=0.25(0.25), f_time=1.89(1.82), b_time=2.14(2.07), lr=0.005994085093848625
2026-03-11 07:38:20,409   INFO  Save latest model to /storage/project/r-gchou3-0/spanse30/MSF/output/cfgs/waymo_models/msf_8frames/default/ckpt/latest_model
2026-03-11 07:39:23,909   INFO  epoch: 2/6, acc_iter=86500, cur_iter=12907/36796, batch_size=4, time_cost(epoch): 7:26:06/13:45:36, time_cost(all): 13:38:51/77:20:36, loss=1.1810710430145264, d_time=0.25(0.25), f_time=1.21(1.82), b_time=1.46(2.07), lr=0.005994398550531557
2026-03-11 07:41:08,845   INFO  epoch: 2/6, acc_iter=86550, cur_iter=12957/36796, batch_size=4, time_cost(epoch): 7:27:50/13:43:54, time_cost(all): 13:40:36/77:19:06, loss=0.8278778791427612, d_time=0.25(0.25), f_time=1.00(1.82), b_time=1.25(2.07), lr=0.005994703482463417
/bin/sh: line 1: gpustat: command not found
2026-03-11 07:41:09,135   INFO  
2026-03-11 07:42:54,964   INFO  epoch: 2/6, acc_iter=86600, cur_iter=13007/36796, batch_size=4, time_cost(epoch): 7:29:37/13:42:15, time_cost(all): 13:42:23/77:17:47, loss=1.0612318515777588, d_time=0.24(0.25), f_time=0.75(1.82), b_time=0.99(2.07), lr=0.0059949998886794365
2026-03-11 07:43:19,649   INFO  Save latest model to /storage/project/r-gchou3-0/spanse30/MSF/output/cfgs/waymo_models/msf_8frames/default/ckpt/latest_model
2026-03-11 07:44:41,993   INFO  epoch: 2/6, acc_iter=86650, cur_iter=13057/36796, batch_size=4, time_cost(epoch): 7:31:24/13:40:37, time_cost(all): 13:44:10/77:16:38, loss=1.2618465423583984, d_time=0.25(0.25), f_time=1.68(1.82), b_time=1.93(2.07), lr=0.005995287768241823
2026-03-11 07:46:27,584   INFO  epoch: 2/6, acc_iter=86700, cur_iter=13107/36796, batch_size=4, time_cost(epoch): 7:33:09/13:38:57, time_cost(all): 13:45:55/77:15:13, loss=1.172192096710205, d_time=0.25(0.25), f_time=2.05(1.82), b_time=2.30(2.07), lr=0.0059955671202397585
/bin/sh: line 1: gpustat: command not found
2026-03-11 07:46:27,850   INFO  
2026-03-11 07:48:09,415   INFO  epoch: 2/6, acc_iter=86750, cur_iter=13157/36796, batch_size=4, time_cost(epoch): 7:34:51/13:37:10, time_cost(all): 13:47:37/77:13:10, loss=1.3311607837677002, d_time=0.25(0.25), f_time=1.81(1.82), b_time=2.06(2.07), lr=0.005995837943789409
2026-03-11 07:48:18,092   INFO  Save latest model to /storage/project/r-gchou3-0/spanse30/MSF/output/cfgs/waymo_models/msf_8frames/default/ckpt/latest_model
2026-03-11 07:49:51,198   INFO  epoch: 2/6, acc_iter=86800, cur_iter=13207/36796, batch_size=4, time_cost(epoch): 7:36:33/13:35:23, time_cost(all): 13:49:19/77:11:07, loss=1.3455359935760498, d_time=0.25(0.25), f_time=1.73(1.82), b_time=1.98(2.07), lr=0.005996100238033921
2026-03-11 07:51:31,833   INFO  epoch: 2/6, acc_iter=86850, cur_iter=13257/36796, batch_size=4, time_cost(epoch): 7:38:13/13:33:34, time_cost(all): 13:50:59/77:08:52, loss=1.565508484840393, d_time=0.25(0.25), f_time=1.85(1.82), b_time=2.10(2.07), lr=0.005996354002143426
/bin/sh: line 1: gpustat: command not found
2026-03-11 07:51:32,093   INFO  
2026-03-11 07:53:12,608   INFO  epoch: 2/6, acc_iter=86900, cur_iter=13307/36796, batch_size=4, time_cost(epoch): 7:39:54/13:31:45, time_cost(all): 13:52:40/77:06:39, loss=1.1945579051971436, d_time=0.24(0.25), f_time=2.05(1.82), b_time=2.30(2.07), lr=0.005996599235315047
2026-03-11 07:53:18,648   INFO  Save latest model to /storage/project/r-gchou3-0/spanse30/MSF/output/cfgs/waymo_models/msf_8frames/default/ckpt/latest_model
2026-03-11 07:54:54,724   INFO  epoch: 2/6, acc_iter=86950, cur_iter=13357/36796, batch_size=4, time_cost(epoch): 7:41:36/13:29:59, time_cost(all): 13:54:22/77:04:40, loss=1.5688121318817139, d_time=0.25(0.25), f_time=1.62(1.82), b_time=1.87(2.07), lr=0.0059968359367728935
2026-03-11 07:56:41,180   INFO  epoch: 2/6, acc_iter=87000, cur_iter=13407/36796, batch_size=4, time_cost(epoch): 7:43:23/13:28:20, time_cost(all): 13:56:09/77:03:24, loss=1.4905686378479004, d_time=0.25(0.25), f_time=2.00(1.82), b_time=2.25(2.07), lr=0.005997064105768074
/bin/sh: line 1: gpustat: command not found
2026-03-11 07:56:41,440   INFO  
2026-03-11 07:58:20,226   INFO  Save latest model to /storage/project/r-gchou3-0/spanse30/MSF/output/cfgs/waymo_models/msf_8frames/default/ckpt/latest_model
2026-03-11 07:58:23,601   INFO  epoch: 2/6, acc_iter=87050, cur_iter=13457/36796, batch_size=4, time_cost(epoch): 7:45:05/13:26:34, time_cost(all): 13:57:51/77:01:28, loss=1.333181381225586, d_time=0.25(0.25), f_time=1.42(1.82), b_time=1.67(2.07), lr=0.005997283741578687
2026-03-11 08:00:06,943   INFO  epoch: 2/6, acc_iter=87100, cur_iter=13507/36796, batch_size=4, time_cost(epoch): 7:46:49/13:24:50, time_cost(all): 13:59:35/76:59:41, loss=1.4764368534088135, d_time=0.25(0.25), f_time=1.40(1.82), b_time=1.65(2.07), lr=0.005997494843509831
2026-03-11 08:01:50,574   INFO  epoch: 2/6, acc_iter=87150, cur_iter=13557/36796, batch_size=4, time_cost(epoch): 7:48:32/13:23:06, time_cost(all): 14:01:18/76:57:57, loss=1.2742148637771606, d_time=0.25(0.25), f_time=1.39(1.82), b_time=1.64(2.07), lr=0.005997697410893607
/bin/sh: line 1: gpustat: command not found
2026-03-11 08:01:50,847   INFO  
2026-03-11 08:03:18,070   INFO  Save latest model to /storage/project/r-gchou3-0/spanse30/MSF/output/cfgs/waymo_models/msf_8frames/default/ckpt/latest_model
2026-03-11 08:03:32,621   INFO  epoch: 2/6, acc_iter=87200, cur_iter=13607/36796, batch_size=4, time_cost(epoch): 7:50:14/13:21:19, time_cost(all): 14:03:00/76:55:57, loss=1.5407968759536743, d_time=0.27(0.25), f_time=2.37(1.82), b_time=2.65(2.07), lr=0.005997891443089116
2026-03-11 08:05:12,770   INFO  epoch: 2/6, acc_iter=87250, cur_iter=13657/36796, batch_size=4, time_cost(epoch): 7:51:54/13:19:30, time_cost(all): 14:04:40/76:53:39, loss=1.254934549331665, d_time=0.25(0.25), f_time=1.81(1.82), b_time=2.05(2.07), lr=0.005998076939482461
2026-03-11 08:06:57,816   INFO  epoch: 2/6, acc_iter=87300, cur_iter=13707/36796, batch_size=4, time_cost(epoch): 7:53:39/13:17:48, time_cost(all): 14:06:25/76:52:09, loss=1.4381858110427856, d_time=0.27(0.25), f_time=1.67(1.82), b_time=1.94(2.07), lr=0.005998253899486757
/bin/sh: line 1: gpustat: command not found
2026-03-11 08:06:58,081   INFO  
2026-03-11 08:08:20,005   INFO  Save latest model to /storage/project/r-gchou3-0/spanse30/MSF/output/cfgs/waymo_models/msf_8frames/default/ckpt/latest_model
2026-03-11 08:08:39,553   INFO  epoch: 2/6, acc_iter=87350, cur_iter=13757/36796, batch_size=4, time_cost(epoch): 7:55:21/13:16:02, time_cost(all): 14:08:07/76:50:07, loss=1.2390644550323486, d_time=0.25(0.25), f_time=1.29(1.82), b_time=1.54(2.07), lr=0.005998422322542123
2026-03-11 08:10:19,566   INFO  epoch: 2/6, acc_iter=87400, cur_iter=13807/36796, batch_size=4, time_cost(epoch): 7:57:01/13:14:12, time_cost(all): 14:09:47/76:47:48, loss=1.6756725311279297, d_time=0.25(0.25), f_time=2.23(1.82), b_time=2.48(2.07), lr=0.005998582208115688
2026-03-11 08:12:04,028   INFO  epoch: 2/6, acc_iter=87450, cur_iter=13857/36796, batch_size=4, time_cost(epoch): 7:58:46/13:12:30, time_cost(all): 14:11:32/76:46:12, loss=1.2233333587646484, d_time=0.25(0.25), f_time=1.72(1.82), b_time=1.97(2.07), lr=0.005998733555701593
/bin/sh: line 1: gpustat: command not found
2026-03-11 08:12:04,291   INFO  
2026-03-11 08:13:18,502   INFO  Save latest model to /storage/project/r-gchou3-0/spanse30/MSF/output/cfgs/waymo_models/msf_8frames/default/ckpt/latest_model
2026-03-11 08:13:45,330   INFO  epoch: 2/6, acc_iter=87500, cur_iter=13907/36796, batch_size=4, time_cost(epoch): 8:00:27/13:10:42, time_cost(all): 14:13:13/76:44:06, loss=1.190241813659668, d_time=0.25(0.25), f_time=1.84(1.82), b_time=2.09(2.07), lr=0.005998876364820995
2026-03-11 08:15:28,426   INFO  epoch: 2/6, acc_iter=87550, cur_iter=13957/36796, batch_size=4, time_cost(epoch): 8:02:10/13:08:58, time_cost(all): 14:14:56/76:42:17, loss=1.1071697473526, d_time=0.25(0.25), f_time=1.29(1.82), b_time=1.54(2.07), lr=0.005999010635022061
2026-03-11 08:17:10,095   INFO  epoch: 2/6, acc_iter=87600, cur_iter=14007/36796, batch_size=4, time_cost(epoch): 8:03:52/13:07:11, time_cost(all): 14:16:38/76:40:15, loss=1.4409184455871582, d_time=0.25(0.25), f_time=2.30(1.82), b_time=2.55(2.07), lr=0.005999136365879977
/bin/sh: line 1: gpustat: command not found
2026-03-11 08:17:10,369   INFO  
2026-03-11 08:18:19,993   INFO  Save latest model to /storage/project/r-gchou3-0/spanse30/MSF/output/cfgs/waymo_models/msf_8frames/default/ckpt/latest_model
2026-03-11 08:18:53,108   INFO  epoch: 2/6, acc_iter=87650, cur_iter=14057/36796, batch_size=4, time_cost(epoch): 8:05:35/13:05:26, time_cost(all): 14:18:21/76:38:25, loss=1.2521402835845947, d_time=0.25(0.25), f_time=1.65(1.82), b_time=1.90(2.07), lr=0.0059992535569969455
2026-03-11 08:20:34,890   INFO  epoch: 2/6, acc_iter=87700, cur_iter=14107/36796, batch_size=4, time_cost(epoch): 8:07:17/13:03:40, time_cost(all): 14:20:02/76:36:24, loss=1.4404113292694092, d_time=0.25(0.25), f_time=1.73(1.82), b_time=1.98(2.07), lr=0.0059993622080021895
2026-03-11 08:22:15,885   INFO  epoch: 2/6, acc_iter=87750, cur_iter=14157/36796, batch_size=4, time_cost(epoch): 8:08:57/13:01:52, time_cost(all): 14:21:43/76:34:16, loss=1.3793649673461914, d_time=0.25(0.25), f_time=2.41(1.82), b_time=2.66(2.07), lr=0.0059994623185519475
/bin/sh: line 1: gpustat: command not found
2026-03-11 08:22:16,144   INFO  
2026-03-11 08:23:18,949   INFO  Save latest model to /storage/project/r-gchou3-0/spanse30/MSF/output/cfgs/waymo_models/msf_8frames/default/ckpt/latest_model
2026-03-11 08:23:57,552   INFO  epoch: 2/6, acc_iter=87800, cur_iter=14207/36796, batch_size=4, time_cost(epoch): 8:10:39/13:00:05, time_cost(all): 14:23:25/76:32:14, loss=1.4634150266647339, d_time=0.25(0.25), f_time=1.84(1.82), b_time=2.09(2.07), lr=0.005999553888329484
2026-03-11 08:25:39,581   INFO  epoch: 2/6, acc_iter=87850, cur_iter=14257/36796, batch_size=4, time_cost(epoch): 8:12:21/12:58:19, time_cost(all): 14:25:07/76:30:16, loss=1.4960143566131592, d_time=0.25(0.25), f_time=2.35(1.82), b_time=2.60(2.07), lr=0.005999636917045083
2026-03-11 08:27:22,876   INFO  epoch: 2/6, acc_iter=87900, cur_iter=14307/36796, batch_size=4, time_cost(epoch): 8:14:04/12:56:35, time_cost(all): 14:26:50/76:28:30, loss=1.3535656929016113, d_time=0.25(0.25), f_time=2.18(1.82), b_time=2.43(2.07), lr=0.005999711404436051
/bin/sh: line 1: gpustat: command not found
2026-03-11 08:27:23,134   INFO  
2026-03-11 08:28:19,969   INFO  Save latest model to /storage/project/r-gchou3-0/spanse30/MSF/output/cfgs/waymo_models/msf_8frames/default/ckpt/latest_model
2026-03-11 08:29:04,971   INFO  epoch: 2/6, acc_iter=87950, cur_iter=14357/36796, batch_size=4, time_cost(epoch): 8:15:47/12:54:49, time_cost(all): 14:28:33/76:26:32, loss=1.3625996112823486, d_time=0.24(0.25), f_time=1.72(1.82), b_time=1.96(2.07), lr=0.00599977735026672
2026-03-11 08:30:43,535   INFO  epoch: 2/6, acc_iter=88000, cur_iter=14407/36796, batch_size=4, time_cost(epoch): 8:17:25/12:52:57, time_cost(all): 14:30:11/76:24:02, loss=1.4460017681121826, d_time=0.25(0.25), f_time=1.33(1.82), b_time=1.58(2.07), lr=0.005999834754328444
2026-03-11 08:32:26,333   INFO  epoch: 2/6, acc_iter=88050, cur_iter=14457/36796, batch_size=4, time_cost(epoch): 8:19:08/12:51:13, time_cost(all): 14:31:54/76:22:12, loss=1.6872024536132812, d_time=0.28(0.25), f_time=1.35(1.82), b_time=1.63(2.07), lr=0.005999883616439605
/bin/sh: line 1: gpustat: command not found
2026-03-11 08:32:26,617   INFO  
2026-03-11 08:33:18,907   INFO  Save latest model to /storage/project/r-gchou3-0/spanse30/MSF/output/cfgs/waymo_models/msf_8frames/default/ckpt/latest_model
2026-03-11 08:34:08,413   INFO  epoch: 2/6, acc_iter=88100, cur_iter=14507/36796, batch_size=4, time_cost(epoch): 8:20:50/12:49:27, time_cost(all): 14:33:36/76:20:14, loss=1.389188528060913, d_time=0.25(0.25), f_time=1.83(1.82), b_time=2.08(2.07), lr=0.0059999239364456084
2026-03-11 08:35:53,125   INFO  epoch: 2/6, acc_iter=88150, cur_iter=14557/36796, batch_size=4, time_cost(epoch): 8:22:35/12:47:45, time_cost(all): 14:35:21/76:18:41, loss=1.525846242904663, d_time=0.25(0.25), f_time=2.11(1.82), b_time=2.36(2.07), lr=0.005999955714218886
2026-03-11 08:37:35,383   INFO  epoch: 2/6, acc_iter=88200, cur_iter=14607/36796, batch_size=4, time_cost(epoch): 8:24:17/12:45:59, time_cost(all): 14:37:03/76:16:46, loss=1.3928396701812744, d_time=0.24(0.25), f_time=2.11(1.82), b_time=2.35(2.07), lr=0.005999978949658897
/bin/sh: line 1: gpustat: command not found
2026-03-11 08:37:35,638   INFO  
2026-03-11 08:38:18,016   INFO  Save latest model to /storage/project/r-gchou3-0/spanse30/MSF/output/cfgs/waymo_models/msf_8frames/default/ckpt/latest_model
2026-03-11 08:39:20,463   INFO  epoch: 2/6, acc_iter=88250, cur_iter=14657/36796, batch_size=4, time_cost(epoch): 8:26:02/12:44:18, time_cost(all): 14:38:48/76:15:16, loss=1.694935917854309, d_time=0.24(0.25), f_time=2.57(1.82), b_time=2.81(2.07), lr=0.005999993642692128
2026-03-11 08:41:03,050   INFO  epoch: 2/6, acc_iter=88300, cur_iter=14707/36796, batch_size=4, time_cost(epoch): 8:27:45/12:42:33, time_cost(all): 14:40:31/76:13:23, loss=1.6123027801513672, d_time=0.25(0.25), f_time=1.81(1.82), b_time=2.06(2.07), lr=0.005999999793272092
2026-03-11 08:42:43,591   INFO  epoch: 2/6, acc_iter=88350, cur_iter=14757/36796, batch_size=4, time_cost(epoch): 8:29:25/12:40:45, time_cost(all): 14:42:11/76:11:13, loss=1.457995057106018, d_time=0.28(0.25), f_time=1.60(1.82), b_time=1.88(2.07), lr=0.005999998716762626
/bin/sh: line 1: gpustat: command not found
2026-03-11 08:42:43,848   INFO  
2026-03-11 08:43:18,307   INFO  Save latest model to /storage/project/r-gchou3-0/spanse30/MSF/output/cfgs/waymo_models/msf_8frames/default/ckpt/latest_model
2026-03-11 08:44:26,468   INFO  epoch: 2/6, acc_iter=88400, cur_iter=14807/36796, batch_size=4, time_cost(epoch): 8:31:08/12:39:01, time_cost(all): 14:43:54/76:09:23, loss=1.2985395193099976, d_time=0.25(0.25), f_time=1.05(1.82), b_time=1.30(2.07), lr=0.005999993317212236
2026-03-11 08:46:07,936   INFO  epoch: 2/6, acc_iter=88450, cur_iter=14857/36796, batch_size=4, time_cost(epoch): 8:32:50/12:37:14, time_cost(all): 14:45:36/76:07:21, loss=1.2555501461029053, d_time=0.22(0.25), f_time=1.65(1.82), b_time=1.87(2.07), lr=0.0059999836992711275
2026-03-11 08:47:48,015   INFO  epoch: 2/6, acc_iter=88500, cur_iter=14907/36796, batch_size=4, time_cost(epoch): 8:34:30/12:35:25, time_cost(all): 14:47:16/76:05:07, loss=1.359989881515503, d_time=0.25(0.25), f_time=1.69(1.82), b_time=1.94(2.07), lr=0.005999969862952825
/bin/sh: line 1: gpustat: command not found
2026-03-11 08:47:48,278   INFO  
2026-03-11 08:48:19,526   INFO  Save latest model to /storage/project/r-gchou3-0/spanse30/MSF/output/cfgs/waymo_models/msf_8frames/default/ckpt/latest_model
2026-03-11 08:49:26,489   INFO  epoch: 2/6, acc_iter=88550, cur_iter=14957/36796, batch_size=4, time_cost(epoch): 8:36:08/12:33:34, time_cost(all): 14:48:54/76:02:38, loss=1.2809629440307617, d_time=0.25(0.25), f_time=1.18(1.82), b_time=1.43(2.07), lr=0.005999951808276784
2026-03-11 08:51:07,802   INFO  epoch: 2/6, acc_iter=88600, cur_iter=15007/36796, batch_size=4, time_cost(epoch): 8:37:49/12:31:48, time_cost(all): 14:50:35/76:00:35, loss=1.61565363407135, d_time=0.25(0.25), f_time=2.10(1.82), b_time=2.35(2.07), lr=0.005999929535268392
2026-03-11 08:52:52,370   INFO  epoch: 2/6, acc_iter=88650, cur_iter=15057/36796, batch_size=4, time_cost(epoch): 8:39:34/12:30:06, time_cost(all): 14:52:20/75:59:01, loss=1.016291618347168, d_time=0.25(0.25), f_time=0.88(1.82), b_time=1.13(2.07), lr=0.005999903043958969
/bin/sh: line 1: gpustat: command not found
2026-03-11 08:52:52,714   INFO  
2026-03-11 08:53:19,066   INFO  Save latest model to /storage/project/r-gchou3-0/spanse30/MSF/output/cfgs/waymo_models/msf_8frames/default/ckpt/latest_model
2026-03-11 08:54:33,611   INFO  epoch: 2/6, acc_iter=88700, cur_iter=15107/36796, batch_size=4, time_cost(epoch): 8:41:15/12:28:19, time_cost(all): 14:54:01/75:56:58, loss=1.7636961936950684, d_time=0.25(0.25), f_time=1.95(1.82), b_time=2.20(2.07), lr=0.005999872334385766
2026-03-11 08:56:18,177   INFO  epoch: 2/6, acc_iter=88750, cur_iter=15157/36796, batch_size=4, time_cost(epoch): 8:43:00/12:26:37, time_cost(all): 14:55:46/75:55:24, loss=1.3460588455200195, d_time=0.25(0.25), f_time=2.02(1.82), b_time=2.27(2.07), lr=0.005999837406591964
2026-03-11 08:58:01,348   INFO  epoch: 2/6, acc_iter=88800, cur_iter=15207/36796, batch_size=4, time_cost(epoch): 8:44:43/12:24:53, time_cost(all): 14:57:29/75:53:37, loss=1.7918121814727783, d_time=0.27(0.25), f_time=2.48(1.82), b_time=2.75(2.07), lr=0.005999798260626677
/bin/sh: line 1: gpustat: command not found
2026-03-11 08:58:01,607   INFO  
2026-03-11 08:58:19,258   INFO  Save latest model to /storage/project/r-gchou3-0/spanse30/MSF/output/cfgs/waymo_models/msf_8frames/default/ckpt/latest_model
2026-03-11 08:59:45,936   INFO  epoch: 2/6, acc_iter=88850, cur_iter=15257/36796, batch_size=4, time_cost(epoch): 8:46:28/12:23:11, time_cost(all): 14:59:14/75:52:03, loss=1.5807936191558838, d_time=0.25(0.25), f_time=2.61(1.82), b_time=2.86(2.07), lr=0.005999754896544951
2026-03-11 09:01:29,352   INFO  epoch: 2/6, acc_iter=88900, cur_iter=15307/36796, batch_size=4, time_cost(epoch): 8:48:11/12:21:27, time_cost(all): 15:00:57/75:50:19, loss=1.4111331701278687, d_time=0.24(0.25), f_time=1.60(1.82), b_time=1.85(2.07), lr=0.00599970731440776
2026-03-11 09:03:13,184   INFO  epoch: 2/6, acc_iter=88950, cur_iter=15357/36796, batch_size=4, time_cost(epoch): 8:49:55/12:19:44, time_cost(all): 15:02:41/75:48:38, loss=1.3476107120513916, d_time=0.25(0.25), f_time=1.80(1.82), b_time=2.05(2.07), lr=0.005999655514282013
/bin/sh: line 1: gpustat: command not found
2026-03-11 09:03:13,442   INFO  
2026-03-11 09:03:20,413   INFO  Save latest model to /storage/project/r-gchou3-0/spanse30/MSF/output/cfgs/waymo_models/msf_8frames/default/ckpt/latest_model
2026-03-11 09:04:53,824   INFO  epoch: 2/6, acc_iter=89000, cur_iter=15407/36796, batch_size=4, time_cost(epoch): 8:51:35/12:17:57, time_cost(all): 15:04:21/75:46:30, loss=1.3942152261734009, d_time=0.25(0.25), f_time=1.47(1.82), b_time=1.72(2.07), lr=0.005999599496240549
2026-03-11 09:06:36,331   INFO  epoch: 2/6, acc_iter=89050, cur_iter=15457/36796, batch_size=4, time_cost(epoch): 8:53:18/12:16:12, time_cost(all): 15:06:04/75:44:38, loss=1.2516634464263916, d_time=0.25(0.25), f_time=2.23(1.82), b_time=2.48(2.07), lr=0.005999539260362137
2026-03-11 09:08:17,303   INFO  epoch: 2/6, acc_iter=89100, cur_iter=15507/36796, batch_size=4, time_cost(epoch): 8:54:59/12:14:25, time_cost(all): 15:07:45/75:42:33, loss=1.2135497331619263, d_time=0.25(0.25), f_time=1.23(1.82), b_time=1.48(2.07), lr=0.005999474806731478
/bin/sh: line 1: gpustat: command not found
2026-03-11 09:08:17,619   INFO  
2026-03-11 09:08:19,969   INFO  Save latest model to /storage/project/r-gchou3-0/spanse30/MSF/output/cfgs/waymo_models/msf_8frames/default/ckpt/latest_model
2026-03-11 09:09:59,478   INFO  epoch: 2/6, acc_iter=89150, cur_iter=15557/36796, batch_size=4, time_cost(epoch): 8:56:41/12:12:39, time_cost(all): 15:09:27/75:40:38, loss=1.523484468460083, d_time=0.25(0.25), f_time=2.29(1.82), b_time=2.54(2.07), lr=0.005999406135439203
2026-03-11 09:11:41,713   INFO  epoch: 2/6, acc_iter=89200, cur_iter=15607/36796, batch_size=4, time_cost(epoch): 8:58:23/12:10:54, time_cost(all): 15:11:09/75:38:44, loss=1.2146031856536865, d_time=0.25(0.25), f_time=1.01(1.82), b_time=1.26(2.07), lr=0.005999333246581873
2026-03-11 09:13:20,655   INFO  Save latest model to /storage/project/r-gchou3-0/spanse30/MSF/output/cfgs/waymo_models/msf_8frames/default/ckpt/latest_model
2026-03-11 09:13:22,705   INFO  epoch: 2/6, acc_iter=89250, cur_iter=15657/36796, batch_size=4, time_cost(epoch): 9:00:04/12:09:07, time_cost(all): 15:12:50/75:36:40, loss=1.4781489372253418, d_time=0.34(0.25), f_time=1.80(1.82), b_time=2.15(2.07), lr=0.005999256140261981
/bin/sh: line 1: gpustat: command not found
2026-03-11 09:13:22,963   INFO  
2026-03-11 09:15:06,437   INFO  epoch: 2/6, acc_iter=89300, cur_iter=15707/36796, batch_size=4, time_cost(epoch): 9:01:48/12:07:24, time_cost(all): 15:14:34/75:34:58, loss=1.4758601188659668, d_time=0.22(0.25), f_time=1.61(1.82), b_time=1.83(2.07), lr=0.005999174816587953
2026-03-11 09:16:49,627   INFO  epoch: 2/6, acc_iter=89350, cur_iter=15757/36796, batch_size=4, time_cost(epoch): 9:03:31/12:05:40, time_cost(all): 15:16:17/75:33:12, loss=1.6744320392608643, d_time=0.25(0.25), f_time=1.85(1.82), b_time=2.10(2.07), lr=0.005999089275674137
2026-03-11 09:18:19,472   INFO  Save latest model to /storage/project/r-gchou3-0/spanse30/MSF/output/cfgs/waymo_models/msf_8frames/default/ckpt/latest_model
2026-03-11 09:18:31,758   INFO  epoch: 2/6, acc_iter=89400, cur_iter=15807/36796, batch_size=4, time_cost(epoch): 9:05:13/12:03:55, time_cost(all): 15:17:59/75:31:18, loss=1.473104476928711, d_time=0.25(0.25), f_time=1.82(1.82), b_time=2.07(2.07), lr=0.005998999517640819
/bin/sh: line 1: gpustat: command not found
2026-03-11 09:18:32,027   INFO  
2026-03-11 09:20:09,016   INFO  epoch: 2/6, acc_iter=89450, cur_iter=15857/36796, batch_size=4, time_cost(epoch): 9:06:51/12:02:04, time_cost(all): 15:19:37/75:28:43, loss=1.1392781734466553, d_time=0.25(0.25), f_time=1.66(1.82), b_time=1.90(2.07), lr=0.005998905542614211
2026-03-11 09:21:48,578   INFO  epoch: 2/6, acc_iter=89500, cur_iter=15907/36796, batch_size=4, time_cost(epoch): 9:08:30/12:00:15, time_cost(all): 15:21:16/75:26:27, loss=1.3139235973358154, d_time=0.24(0.25), f_time=0.90(1.82), b_time=1.15(2.07), lr=0.0059988073507264575
2026-03-11 09:23:18,312   INFO  Save latest model to /storage/project/r-gchou3-0/spanse30/MSF/output/cfgs/waymo_models/msf_8frames/default/ckpt/latest_model
2026-03-11 09:23:31,689   INFO  epoch: 2/6, acc_iter=89550, cur_iter=15957/36796, batch_size=4, time_cost(epoch): 9:10:13/11:58:31, time_cost(all): 15:22:59/75:24:41, loss=1.2522268295288086, d_time=0.25(0.25), f_time=1.68(1.82), b_time=1.93(2.07), lr=0.005998704942115628
/bin/sh: line 1: gpustat: command not found
2026-03-11 09:23:31,948   INFO  
2026-03-11 09:25:12,171   INFO  epoch: 2/6, acc_iter=89600, cur_iter=16007/36796, batch_size=4, time_cost(epoch): 9:11:54/11:56:44, time_cost(all): 15:24:40/75:22:33, loss=1.1658557653427124, d_time=0.25(0.25), f_time=1.32(1.82), b_time=1.57(2.07), lr=0.005998598316925726
2026-03-11 09:26:54,290   INFO  epoch: 2/6, acc_iter=89650, cur_iter=16057/36796, batch_size=4, time_cost(epoch): 9:13:36/11:54:59, time_cost(all): 15:26:22/75:20:39, loss=1.2477047443389893, d_time=0.25(0.25), f_time=1.11(1.82), b_time=1.36(2.07), lr=0.005998487475306682
2026-03-11 09:28:18,006   INFO  Save latest model to /storage/project/r-gchou3-0/spanse30/MSF/output/cfgs/waymo_models/msf_8frames/default/ckpt/latest_model
2026-03-11 09:28:33,647   INFO  epoch: 2/6, acc_iter=89700, cur_iter=16107/36796, batch_size=4, time_cost(epoch): 9:15:15/11:53:10, time_cost(all): 15:28:01/75:18:23, loss=1.2157440185546875, d_time=0.25(0.25), f_time=1.53(1.82), b_time=1.78(2.07), lr=0.005998372417414356
/bin/sh: line 1: gpustat: command not found
2026-03-11 09:28:33,912   INFO  
2026-03-11 09:30:17,849   INFO  epoch: 2/6, acc_iter=89750, cur_iter=16157/36796, batch_size=4, time_cost(epoch): 9:16:59/11:51:28, time_cost(all): 15:29:45/75:16:46, loss=1.4214619398117065, d_time=0.25(0.25), f_time=2.21(1.82), b_time=2.46(2.07), lr=0.005998253143410536
2026-03-11 09:31:58,427   INFO  epoch: 2/6, acc_iter=89800, cur_iter=16207/36796, batch_size=4, time_cost(epoch): 9:18:40/11:49:41, time_cost(all): 15:31:26/75:14:39, loss=1.4218182563781738, d_time=0.25(0.25), f_time=1.19(1.82), b_time=1.44(2.07), lr=0.005998129653462937
2026-03-11 09:33:19,065   INFO  Save latest model to /storage/project/r-gchou3-0/spanse30/MSF/output/cfgs/waymo_models/msf_8frames/default/ckpt/latest_model
2026-03-11 09:33:39,944   INFO  epoch: 2/6, acc_iter=89850, cur_iter=16257/36796, batch_size=4, time_cost(epoch): 9:20:22/11:47:55, time_cost(all): 15:33:08/75:12:41, loss=1.2595618963241577, d_time=0.25(0.25), f_time=2.08(1.82), b_time=2.33(2.07), lr=0.005998001947745208
/bin/sh: line 1: gpustat: command not found
2026-03-11 09:33:40,210   INFO  
2026-03-11 09:35:18,343   INFO  epoch: 2/6, acc_iter=89900, cur_iter=16307/36796, batch_size=4, time_cost(epoch): 9:22:00/11:46:05, time_cost(all): 15:34:46/75:10:17, loss=1.3825232982635498, d_time=0.25(0.25), f_time=1.04(1.82), b_time=1.29(2.07), lr=0.005997870026436919
2026-03-11 09:36:58,578   INFO  epoch: 2/6, acc_iter=89950, cur_iter=16357/36796, batch_size=4, time_cost(epoch): 9:23:40/11:44:18, time_cost(all): 15:36:26/75:08:09, loss=1.3093461990356445, d_time=0.25(0.25), f_time=2.12(1.81), b_time=2.37(2.07), lr=0.005997733889723571
2026-03-11 09:38:19,220   INFO  Save latest model to /storage/project/r-gchou3-0/spanse30/MSF/output/cfgs/waymo_models/msf_8frames/default/ckpt/latest_model
2026-03-11 09:38:39,170   INFO  epoch: 2/6, acc_iter=90000, cur_iter=16407/36796, batch_size=4, time_cost(epoch): 9:25:21/11:42:31, time_cost(all): 15:38:07/75:06:03, loss=1.4900965690612793, d_time=0.25(0.25), f_time=2.47(1.81), b_time=2.72(2.07), lr=0.0059975935377965936
/bin/sh: line 1: gpustat: command not found
2026-03-11 09:38:39,504   INFO  
2026-03-11 09:40:22,597   INFO  epoch: 2/6, acc_iter=90050, cur_iter=16457/36796, batch_size=4, time_cost(epoch): 9:27:04/11:40:48, time_cost(all): 15:39:50/75:04:20, loss=1.298510193824768, d_time=0.25(0.25), f_time=1.82(1.81), b_time=2.07(2.07), lr=0.005997448970853342
2026-03-11 09:42:07,834   INFO  epoch: 2/6, acc_iter=90100, cur_iter=16507/36796, batch_size=4, time_cost(epoch): 9:28:49/11:39:07, time_cost(all): 15:41:35/75:02:51, loss=0.9965803623199463, d_time=0.25(0.25), f_time=1.25(1.81), b_time=1.50(2.07), lr=0.005997300189097097
2026-03-11 09:43:19,561   INFO  Save latest model to /storage/project/r-gchou3-0/spanse30/MSF/output/cfgs/waymo_models/msf_8frames/default/ckpt/latest_model
2026-03-11 09:43:49,931   INFO  epoch: 2/6, acc_iter=90150, cur_iter=16557/36796, batch_size=4, time_cost(epoch): 9:30:32/11:37:22, time_cost(all): 15:43:17/75:00:58, loss=1.2363888025283813, d_time=0.25(0.25), f_time=1.49(1.81), b_time=1.74(2.07), lr=0.00599714719273707
/bin/sh: line 1: gpustat: command not found
2026-03-11 09:43:50,195   INFO  
2026-03-11 09:45:31,150   INFO  epoch: 2/6, acc_iter=90200, cur_iter=16607/36796, batch_size=4, time_cost(epoch): 9:32:13/11:35:36, time_cost(all): 15:44:59/74:58:58, loss=1.3473881483078003, d_time=0.25(0.25), f_time=1.67(1.81), b_time=1.92(2.07), lr=0.005996989981988395
2026-03-11 09:47:12,044   INFO  epoch: 2/6, acc_iter=90250, cur_iter=16657/36796, batch_size=4, time_cost(epoch): 9:33:54/11:33:49, time_cost(all): 15:46:40/74:56:55, loss=1.5995944738388062, d_time=0.26(0.25), f_time=2.24(1.81), b_time=2.49(2.07), lr=0.005996828557072134
2026-03-11 09:48:20,221   INFO  Save latest model to /storage/project/r-gchou3-0/spanse30/MSF/output/cfgs/waymo_models/msf_8frames/default/ckpt/latest_model
2026-03-11 09:48:55,302   INFO  epoch: 2/6, acc_iter=90300, cur_iter=16707/36796, batch_size=4, time_cost(epoch): 9:35:37/11:32:06, time_cost(all): 15:48:23/74:55:11, loss=0.9336135983467102, d_time=0.25(0.25), f_time=0.94(1.81), b_time=1.19(2.07), lr=0.005996662918215274
/bin/sh: line 1: gpustat: command not found
2026-03-11 09:48:55,573   INFO  
2026-03-11 09:50:37,173   INFO  epoch: 2/6, acc_iter=90350, cur_iter=16757/36796, batch_size=4, time_cost(epoch): 9:37:19/11:30:21, time_cost(all): 15:50:05/74:53:16, loss=1.3206427097320557, d_time=0.25(0.25), f_time=1.63(1.81), b_time=1.88(2.07), lr=0.005996493065650728
2026-03-11 09:52:17,574   INFO  epoch: 2/6, acc_iter=90400, cur_iter=16807/36796, batch_size=4, time_cost(epoch): 9:38:59/11:28:34, time_cost(all): 15:51:45/74:51:10, loss=1.4493200778961182, d_time=0.25(0.25), f_time=1.54(1.81), b_time=1.79(2.07), lr=0.005996318999617333
2026-03-11 09:53:19,372   INFO  Save latest model to /storage/project/r-gchou3-0/spanse30/MSF/output/cfgs/waymo_models/msf_8frames/default/ckpt/latest_model
2026-03-11 09:53:59,399   INFO  epoch: 2/6, acc_iter=90450, cur_iter=16857/36796, batch_size=4, time_cost(epoch): 9:40:41/11:26:49, time_cost(all): 15:53:27/74:49:15, loss=1.368242621421814, d_time=0.25(0.25), f_time=2.07(1.81), b_time=2.32(2.07), lr=0.005996140720359852
/bin/sh: line 1: gpustat: command not found
2026-03-11 09:53:59,686   INFO  
2026-03-11 09:55:41,025   INFO  epoch: 2/6, acc_iter=90500, cur_iter=16907/36796, batch_size=4, time_cost(epoch): 9:42:23/11:25:03, time_cost(all): 15:55:09/74:47:18, loss=1.6404448747634888, d_time=0.25(0.25), f_time=1.69(1.81), b_time=1.94(2.07), lr=0.005995958228128973
2026-03-11 09:57:22,466   INFO  epoch: 2/6, acc_iter=90550, cur_iter=16957/36796, batch_size=4, time_cost(epoch): 9:44:04/11:23:18, time_cost(all): 15:56:50/74:45:20, loss=1.5089037418365479, d_time=0.25(0.25), f_time=1.89(1.81), b_time=2.14(2.07), lr=0.005995771523181305
2026-03-11 09:58:18,998   INFO  Save latest model to /storage/project/r-gchou3-0/spanse30/MSF/output/cfgs/waymo_models/msf_8frames/default/ckpt/latest_model
2026-03-11 09:59:06,324   INFO  epoch: 2/6, acc_iter=90600, cur_iter=17007/36796, batch_size=4, time_cost(epoch): 9:45:48/11:21:35, time_cost(all): 15:58:34/74:43:41, loss=1.7992912530899048, d_time=0.24(0.25), f_time=1.97(1.81), b_time=2.21(2.07), lr=0.0059955806057793845
/bin/sh: line 1: gpustat: command not found
2026-03-11 09:59:06,589   INFO  
2026-03-11 10:00:49,659   INFO  epoch: 2/6, acc_iter=90650, cur_iter=17057/36796, batch_size=4, time_cost(epoch): 9:47:31/11:19:52, time_cost(all): 16:00:17/74:41:58, loss=1.3651273250579834, d_time=0.25(0.25), f_time=1.99(1.81), b_time=2.24(2.07), lr=0.0059953854761916675
2026-03-11 10:02:31,370   INFO  epoch: 2/6, acc_iter=90700, cur_iter=17107/36796, batch_size=4, time_cost(epoch): 9:49:13/11:18:07, time_cost(all): 16:01:59/74:40:02, loss=1.8588402271270752, d_time=0.25(0.25), f_time=1.95(1.81), b_time=2.20(2.07), lr=0.005995186134692536
2026-03-11 10:03:18,824   INFO  Save latest model to /storage/project/r-gchou3-0/spanse30/MSF/output/cfgs/waymo_models/msf_8frames/default/ckpt/latest_model
2026-03-11 10:04:13,484   INFO  epoch: 2/6, acc_iter=90750, cur_iter=17157/36796, batch_size=4, time_cost(epoch): 9:50:55/11:16:22, time_cost(all): 16:03:41/74:38:10, loss=1.1442288160324097, d_time=0.25(0.25), f_time=1.63(1.81), b_time=1.87(2.07), lr=0.005994982581562295
/bin/sh: line 1: gpustat: command not found
2026-03-11 10:04:13,747   INFO  
2026-03-11 10:05:55,497   INFO  epoch: 2/6, acc_iter=90800, cur_iter=17207/36796, batch_size=4, time_cost(epoch): 9:52:37/11:14:37, time_cost(all): 16:05:23/74:36:16, loss=1.2572546005249023, d_time=0.25(0.25), f_time=1.86(1.81), b_time=2.11(2.07), lr=0.005994774817087168
2026-03-11 10:07:36,819   INFO  epoch: 2/6, acc_iter=90850, cur_iter=17257/36796, batch_size=4, time_cost(epoch): 9:54:18/11:12:51, time_cost(all): 16:07:04/74:34:18, loss=1.5023128986358643, d_time=0.25(0.25), f_time=2.38(1.81), b_time=2.63(2.07), lr=0.005994562841559304
2026-03-11 10:08:20,240   INFO  Save latest model to /storage/project/r-gchou3-0/spanse30/MSF/output/cfgs/waymo_models/msf_8frames/default/ckpt/latest_model
2026-03-11 10:09:17,467   INFO  epoch: 2/6, acc_iter=90900, cur_iter=17307/36796, batch_size=4, time_cost(epoch): 9:55:59/11:11:05, time_cost(all): 16:08:45/74:32:15, loss=1.827010989189148, d_time=0.25(0.25), f_time=2.67(1.81), b_time=2.92(2.07), lr=0.005994346655276771
/bin/sh: line 1: gpustat: command not found
2026-03-11 10:09:17,728   INFO  
2026-03-11 10:10:57,725   INFO  epoch: 2/6, acc_iter=90950, cur_iter=17357/36796, batch_size=4, time_cost(epoch): 9:57:39/11:09:18, time_cost(all): 16:10:25/74:30:09, loss=1.4135555028915405, d_time=0.25(0.25), f_time=2.12(1.81), b_time=2.37(2.07), lr=0.005994126258543558
2026-03-11 10:12:40,179   INFO  epoch: 2/6, acc_iter=91000, cur_iter=17407/36796, batch_size=4, time_cost(epoch): 9:59:22/11:07:34, time_cost(all): 16:12:08/74:28:19, loss=1.2628382444381714, d_time=0.24(0.25), f_time=1.89(1.81), b_time=2.13(2.07), lr=0.005993901651669576
2026-03-11 10:13:19,434   INFO  Save latest model to /storage/project/r-gchou3-0/spanse30/MSF/output/cfgs/waymo_models/msf_8frames/default/ckpt/latest_model
2026-03-11 10:14:23,633   INFO  epoch: 2/6, acc_iter=91050, cur_iter=17457/36796, batch_size=4, time_cost(epoch): 10:01:05/11:05:51, time_cost(all): 16:13:51/74:26:37, loss=1.3362524509429932, d_time=0.25(0.25), f_time=2.48(1.81), b_time=2.73(2.07), lr=0.005993672834970657
/bin/sh: line 1: gpustat: command not found
2026-03-11 10:14:23,890   INFO  
2026-03-11 10:16:04,422   INFO  epoch: 2/6, acc_iter=91100, cur_iter=17507/36796, batch_size=4, time_cost(epoch): 10:02:46/11:04:05, time_cost(all): 16:15:32/74:24:35, loss=1.4319734573364258, d_time=0.25(0.25), f_time=0.81(1.81), b_time=1.06(2.07), lr=0.005993439808768549
2026-03-11 10:17:45,851   INFO  epoch: 2/6, acc_iter=91150, cur_iter=17557/36796, batch_size=4, time_cost(epoch): 10:04:27/11:02:20, time_cost(all): 16:17:13/74:22:38, loss=1.1132328510284424, d_time=0.25(0.25), f_time=1.65(1.81), b_time=1.90(2.07), lr=0.005993202573390923
2026-03-11 10:18:18,931   INFO  Save latest model to /storage/project/r-gchou3-0/spanse30/MSF/output/cfgs/waymo_models/msf_8frames/default/ckpt/latest_model
2026-03-11 10:19:28,186   INFO  epoch: 2/6, acc_iter=91200, cur_iter=17607/36796, batch_size=4, time_cost(epoch): 10:06:10/11:00:35, time_cost(all): 16:18:56/74:20:48, loss=1.3770793676376343, d_time=0.25(0.25), f_time=1.68(1.81), b_time=1.92(2.07), lr=0.005992961129171364
/bin/sh: line 1: gpustat: command not found
2026-03-11 10:19:28,446   INFO  
2026-03-11 10:21:08,308   INFO  epoch: 2/6, acc_iter=91250, cur_iter=17657/36796, batch_size=4, time_cost(epoch): 10:07:50/10:58:49, time_cost(all): 16:20:36/74:18:42, loss=2.0261659622192383, d_time=0.25(0.25), f_time=1.60(1.81), b_time=1.85(2.07), lr=0.005992715476449381
2026-03-11 10:22:53,282   INFO  epoch: 2/6, acc_iter=91300, cur_iter=17707/36796, batch_size=4, time_cost(epoch): 10:09:35/10:57:07, time_cost(all): 16:22:21/74:17:11, loss=1.2123504877090454, d_time=0.25(0.25), f_time=1.92(1.81), b_time=2.17(2.07), lr=0.0059924656155703965
2026-03-11 10:23:18,423   INFO  Save latest model to /storage/project/r-gchou3-0/spanse30/MSF/output/cfgs/waymo_models/msf_8frames/default/ckpt/latest_model
2026-03-11 10:24:31,972   INFO  epoch: 2/6, acc_iter=91350, cur_iter=17757/36796, batch_size=4, time_cost(epoch): 10:11:14/10:55:19, time_cost(all): 16:24:00/74:14:54, loss=1.1340527534484863, d_time=0.25(0.25), f_time=1.87(1.81), b_time=2.12(2.07), lr=0.005992211546885753
/bin/sh: line 1: gpustat: command not found
2026-03-11 10:24:32,234   INFO  
2026-03-11 10:26:14,340   INFO  epoch: 2/6, acc_iter=91400, cur_iter=17807/36796, batch_size=4, time_cost(epoch): 10:12:56/10:53:35, time_cost(all): 16:25:42/74:13:04, loss=1.1700211763381958, d_time=0.25(0.25), f_time=1.58(1.81), b_time=1.83(2.07), lr=0.005991953270752706
2026-03-11 10:27:53,058   INFO  epoch: 2/6, acc_iter=91450, cur_iter=17857/36796, batch_size=4, time_cost(epoch): 10:14:35/10:51:47, time_cost(all): 16:27:21/74:10:48, loss=1.321291446685791, d_time=0.25(0.25), f_time=1.78(1.81), b_time=2.03(2.06), lr=0.005991690787534433
2026-03-11 10:28:19,171   INFO  Save latest model to /storage/project/r-gchou3-0/spanse30/MSF/output/cfgs/waymo_models/msf_8frames/default/ckpt/latest_model
2026-03-11 10:29:34,326   INFO  epoch: 2/6, acc_iter=91500, cur_iter=17907/36796, batch_size=4, time_cost(epoch): 10:16:16/10:50:02, time_cost(all): 16:29:02/74:08:51, loss=1.8508336544036865, d_time=0.25(0.25), f_time=1.95(1.81), b_time=2.20(2.06), lr=0.005991424097600021
/bin/sh: line 1: gpustat: command not found
2026-03-11 10:29:34,604   INFO  
2026-03-11 10:31:13,337   INFO  epoch: 2/6, acc_iter=91550, cur_iter=17957/36796, batch_size=4, time_cost(epoch): 10:17:55/10:48:14, time_cost(all): 16:30:41/74:06:37, loss=1.0817927122116089, d_time=0.24(0.25), f_time=1.52(1.81), b_time=1.77(2.06), lr=0.005991153201324478
2026-03-11 10:32:57,201   INFO  epoch: 2/6, acc_iter=91600, cur_iter=18007/36796, batch_size=4, time_cost(epoch): 10:19:39/10:46:31, time_cost(all): 16:32:25/74:04:58, loss=1.3383901119232178, d_time=0.25(0.25), f_time=2.59(1.81), b_time=2.84(2.06), lr=0.005990878099088723
2026-03-11 10:33:19,542   INFO  Save latest model to /storage/project/r-gchou3-0/spanse30/MSF/output/cfgs/waymo_models/msf_8frames/default/ckpt/latest_model
2026-03-11 10:34:39,897   INFO  epoch: 2/6, acc_iter=91650, cur_iter=18057/36796, batch_size=4, time_cost(epoch): 10:21:22/10:44:47, time_cost(all): 16:34:07/74:03:11, loss=1.3099011182785034, d_time=0.25(0.25), f_time=1.47(1.81), b_time=1.72(2.06), lr=0.00599059879127959
/bin/sh: line 1: gpustat: command not found
2026-03-11 10:34:40,177   INFO  
2026-03-11 10:36:23,761   INFO  epoch: 2/6, acc_iter=91700, cur_iter=18107/36796, batch_size=4, time_cost(epoch): 10:23:05/10:43:05, time_cost(all): 16:35:51/74:01:33, loss=1.5949475765228271, d_time=0.25(0.25), f_time=2.11(1.81), b_time=2.36(2.06), lr=0.005990315278289827
2026-03-11 10:38:02,061   INFO  epoch: 2/6, acc_iter=91750, cur_iter=18157/36796, batch_size=4, time_cost(epoch): 10:24:44/10:41:17, time_cost(all): 16:37:30/73:59:14, loss=1.5262401103973389, d_time=0.25(0.25), f_time=2.17(1.81), b_time=2.42(2.06), lr=0.0059900275605180965
2026-03-11 10:38:20,621   INFO  Save latest model to /storage/project/r-gchou3-0/spanse30/MSF/output/cfgs/waymo_models/msf_8frames/default/ckpt/latest_model
2026-03-11 10:39:48,068   INFO  epoch: 2/6, acc_iter=91800, cur_iter=18207/36796, batch_size=4, time_cost(epoch): 10:26:30/10:39:36, time_cost(all): 16:39:16/73:57:51, loss=1.3131051063537598, d_time=0.25(0.25), f_time=1.86(1.81), b_time=2.11(2.06), lr=0.005989735638368971
/bin/sh: line 1: gpustat: command not found
2026-03-11 10:39:48,332   INFO  
2026-03-11 10:41:30,491   INFO  epoch: 2/6, acc_iter=91850, cur_iter=18257/36796, batch_size=4, time_cost(epoch): 10:28:12/10:37:52, time_cost(all): 16:40:58/73:56:02, loss=1.373162031173706, d_time=0.29(0.25), f_time=1.42(1.81), b_time=1.71(2.06), lr=0.005989439512252935
2026-03-11 10:43:08,754   INFO  epoch: 2/6, acc_iter=91900, cur_iter=18307/36796, batch_size=4, time_cost(epoch): 10:29:50/10:36:04, time_cost(all): 16:42:36/73:53:44, loss=0.997256875038147, d_time=0.24(0.25), f_time=1.23(1.81), b_time=1.47(2.06), lr=0.005989139182586387
2026-03-11 10:43:19,493   INFO  Save latest model to /storage/project/r-gchou3-0/spanse30/MSF/output/cfgs/waymo_models/msf_8frames/default/ckpt/latest_model
2026-03-11 10:44:47,395   INFO  epoch: 2/6, acc_iter=91950, cur_iter=18357/36796, batch_size=4, time_cost(epoch): 10:31:29/10:34:16, time_cost(all): 16:44:15/73:51:29, loss=1.2901341915130615, d_time=0.25(0.25), f_time=1.80(1.81), b_time=2.05(2.06), lr=0.005988834649791634
/bin/sh: line 1: gpustat: command not found
2026-03-11 10:44:47,659   INFO  
2026-03-11 10:46:31,297   INFO  epoch: 2/6, acc_iter=92000, cur_iter=18407/36796, batch_size=4, time_cost(epoch): 10:33:13/10:32:34, time_cost(all): 16:45:59/73:49:50, loss=1.2878142595291138, d_time=0.25(0.25), f_time=1.81(1.81), b_time=2.06(2.06), lr=0.005988525914296894
2026-03-11 10:48:10,866   INFO  epoch: 2/6, acc_iter=92050, cur_iter=18457/36796, batch_size=4, time_cost(epoch): 10:34:52/10:30:47, time_cost(all): 16:47:38/73:47:42, loss=1.3251389265060425, d_time=0.25(0.25), f_time=1.72(1.81), b_time=1.97(2.06), lr=0.005988212976536296
2026-03-11 10:48:18,465   INFO  Save latest model to /storage/project/r-gchou3-0/spanse30/MSF/output/cfgs/waymo_models/msf_8frames/default/ckpt/latest_model
2026-03-11 10:49:51,692   INFO  epoch: 2/6, acc_iter=92100, cur_iter=18507/36796, batch_size=4, time_cost(epoch): 10:36:33/10:29:01, time_cost(all): 16:49:19/73:45:42, loss=1.2448115348815918, d_time=0.25(0.25), f_time=1.63(1.81), b_time=1.88(2.06), lr=0.005987895836949875
/bin/sh: line 1: gpustat: command not found
2026-03-11 10:49:51,953   INFO  
2026-03-11 10:51:34,393   INFO  epoch: 2/6, acc_iter=92150, cur_iter=18557/36796, batch_size=4, time_cost(epoch): 10:38:16/10:27:18, time_cost(all): 16:51:02/73:43:56, loss=1.4417366981506348, d_time=0.25(0.25), f_time=2.05(1.81), b_time=2.30(2.06), lr=0.005987574495983576
2026-03-11 10:53:13,380   INFO  epoch: 2/6, acc_iter=92200, cur_iter=18607/36796, batch_size=4, time_cost(epoch): 10:39:55/10:25:30, time_cost(all): 16:52:41/73:41:44, loss=1.3924418687820435, d_time=0.25(0.25), f_time=1.60(1.81), b_time=1.85(2.06), lr=0.0059872489540892535
2026-03-11 10:53:18,453   INFO  Save latest model to /storage/project/r-gchou3-0/spanse30/MSF/output/cfgs/waymo_models/msf_8frames/default/ckpt/latest_model
2026-03-11 10:54:53,065   INFO  epoch: 2/6, acc_iter=92250, cur_iter=18657/36796, batch_size=4, time_cost(epoch): 10:41:35/10:23:44, time_cost(all): 16:54:21/73:39:36, loss=1.2202842235565186, d_time=0.25(0.25), f_time=1.37(1.81), b_time=1.62(2.06), lr=0.005986919211724666
/bin/sh: line 1: gpustat: command not found
2026-03-11 10:54:53,346   INFO  
2026-03-11 10:56:36,506   INFO  epoch: 2/6, acc_iter=92300, cur_iter=18707/36796, batch_size=4, time_cost(epoch): 10:43:18/10:22:01, time_cost(all): 16:56:04/73:37:55, loss=1.162445068359375, d_time=0.24(0.25), f_time=1.35(1.81), b_time=1.59(2.06), lr=0.0059865852693534805
2026-03-11 10:58:18,142   INFO  Save latest model to /storage/project/r-gchou3-0/spanse30/MSF/output/cfgs/waymo_models/msf_8frames/default/ckpt/latest_model
2026-03-11 10:58:20,170   INFO  epoch: 2/6, acc_iter=92350, cur_iter=18757/36796, batch_size=4, time_cost(epoch): 10:45:02/10:20:18, time_cost(all): 16:57:48/73:36:15, loss=1.2713055610656738, d_time=0.34(0.25), f_time=1.78(1.81), b_time=2.12(2.06), lr=0.005986247127445268
2026-03-11 10:59:59,261   INFO  epoch: 2/6, acc_iter=92400, cur_iter=18807/36796, batch_size=4, time_cost(epoch): 10:46:41/10:18:31, time_cost(all): 16:59:27/73:34:04, loss=1.1491172313690186, d_time=0.25(0.25), f_time=1.11(1.81), b_time=1.36(2.06), lr=0.0059859047864755065
/bin/sh: line 1: gpustat: command not found
2026-03-11 10:59:59,539   INFO  
2026-03-11 11:01:42,105   INFO  epoch: 2/6, acc_iter=92450, cur_iter=18857/36796, batch_size=4, time_cost(epoch): 10:48:24/10:16:48, time_cost(all): 17:01:10/73:32:19, loss=1.6551711559295654, d_time=0.25(0.25), f_time=1.88(1.81), b_time=2.13(2.06), lr=0.005985558246925579
2026-03-11 11:03:19,348   INFO  Save latest model to /storage/project/r-gchou3-0/spanse30/MSF/output/cfgs/waymo_models/msf_8frames/default/ckpt/latest_model
2026-03-11 11:03:23,341   INFO  epoch: 2/6, acc_iter=92500, cur_iter=18907/36796, batch_size=4, time_cost(epoch): 10:50:05/10:15:03, time_cost(all): 17:02:51/73:30:23, loss=1.2532955408096313, d_time=0.25(0.25), f_time=1.68(1.81), b_time=1.93(2.06), lr=0.00598520750928277
2026-03-11 11:05:03,804   INFO  epoch: 2/6, acc_iter=92550, cur_iter=18957/36796, batch_size=4, time_cost(epoch): 10:51:45/10:13:17, time_cost(all): 17:04:31/73:28:22, loss=1.2921457290649414, d_time=0.25(0.25), f_time=1.53(1.81), b_time=1.77(2.06), lr=0.005984852574040268
/bin/sh: line 1: gpustat: command not found
2026-03-11 11:05:04,079   INFO  
2026-03-11 11:06:45,519   INFO  epoch: 2/6, acc_iter=92600, cur_iter=19007/36796, batch_size=4, time_cost(epoch): 10:53:27/10:11:33, time_cost(all): 17:06:13/73:26:29, loss=1.5060135126113892, d_time=0.25(0.25), f_time=1.99(1.81), b_time=2.24(2.06), lr=0.005984493441697166
2026-03-11 11:08:19,292   INFO  Save latest model to /storage/project/r-gchou3-0/spanse30/MSF/output/cfgs/waymo_models/msf_8frames/default/ckpt/latest_model
2026-03-11 11:08:28,018   INFO  epoch: 2/6, acc_iter=92650, cur_iter=19057/36796, batch_size=4, time_cost(epoch): 10:55:10/10:09:49, time_cost(all): 17:07:56/73:24:42, loss=1.9337522983551025, d_time=0.25(0.25), f_time=2.46(1.81), b_time=2.71(2.06), lr=0.005984130112758456
2026-03-11 11:10:10,418   INFO  epoch: 2/6, acc_iter=92700, cur_iter=19107/36796, batch_size=4, time_cost(epoch): 10:56:52/10:08:05, time_cost(all): 17:09:38/73:22:54, loss=1.391099214553833, d_time=0.24(0.25), f_time=1.65(1.81), b_time=1.89(2.06), lr=0.005983762587735031
/bin/sh: line 1: gpustat: command not found
2026-03-11 11:10:10,678   INFO  
2026-03-11 11:11:53,750   INFO  epoch: 2/6, acc_iter=92750, cur_iter=19157/36796, batch_size=4, time_cost(epoch): 10:58:35/10:06:22, time_cost(all): 17:11:21/73:21:12, loss=1.1571977138519287, d_time=0.25(0.25), f_time=1.36(1.81), b_time=1.61(2.06), lr=0.005983390867143687
2026-03-11 11:13:19,379   INFO  Save latest model to /storage/project/r-gchou3-0/spanse30/MSF/output/cfgs/waymo_models/msf_8frames/default/ckpt/latest_model
2026-03-11 11:13:34,742   INFO  epoch: 2/6, acc_iter=92800, cur_iter=19207/36796, batch_size=4, time_cost(epoch): 11:00:16/10:04:37, time_cost(all): 17:13:02/73:19:14, loss=1.3441882133483887, d_time=0.25(0.25), f_time=1.90(1.81), b_time=2.15(2.06), lr=0.005983014951507118
2026-03-11 11:15:15,071   INFO  epoch: 2/6, acc_iter=92850, cur_iter=19257/36796, batch_size=4, time_cost(epoch): 11:01:57/10:02:51, time_cost(all): 17:14:43/73:17:13, loss=1.0154919624328613, d_time=0.25(0.25), f_time=1.38(1.81), b_time=1.63(2.06), lr=0.005982634841353914
/bin/sh: line 1: gpustat: command not found
2026-03-11 11:15:15,357   INFO  
2026-03-11 11:16:57,827   INFO  epoch: 2/6, acc_iter=92900, cur_iter=19307/36796, batch_size=4, time_cost(epoch): 11:03:39/10:01:08, time_cost(all): 17:16:25/73:15:27, loss=1.2343261241912842, d_time=0.25(0.25), f_time=1.63(1.81), b_time=1.88(2.06), lr=0.005982250537218569
2026-03-11 11:18:19,457   INFO  Save latest model to /storage/project/r-gchou3-0/spanse30/MSF/output/cfgs/waymo_models/msf_8frames/default/ckpt/latest_model
2026-03-11 11:18:40,844   INFO  epoch: 2/6, acc_iter=92950, cur_iter=19357/36796, batch_size=4, time_cost(epoch): 11:05:22/9:59:25, time_cost(all): 17:18:08/73:13:43, loss=1.459758996963501, d_time=0.25(0.25), f_time=1.70(1.81), b_time=1.95(2.06), lr=0.005981862039641471
2026-03-11 11:20:22,129   INFO  epoch: 2/6, acc_iter=93000, cur_iter=19407/36796, batch_size=4, time_cost(epoch): 11:07:04/9:57:40, time_cost(all): 17:19:50/73:11:48, loss=1.5439188480377197, d_time=0.25(0.25), f_time=2.61(1.81), b_time=2.86(2.06), lr=0.005981469349168904
/bin/sh: line 1: gpustat: command not found
2026-03-11 11:20:22,389   INFO  
2026-03-11 11:22:04,920   INFO  epoch: 2/6, acc_iter=93050, cur_iter=19457/36796, batch_size=4, time_cost(epoch): 11:08:47/9:55:57, time_cost(all): 17:21:32/73:10:03, loss=1.4214305877685547, d_time=0.25(0.25), f_time=2.32(1.81), b_time=2.57(2.06), lr=0.0059810724663530495
2026-03-11 11:23:19,638   INFO  Save latest model to /storage/project/r-gchou3-0/spanse30/MSF/output/cfgs/waymo_models/msf_8frames/default/ckpt/latest_model
2026-03-11 11:23:46,001   INFO  epoch: 2/6, acc_iter=93100, cur_iter=19507/36796, batch_size=4, time_cost(epoch): 11:10:28/9:54:12, time_cost(all): 17:23:14/73:08:07, loss=1.1805940866470337, d_time=0.25(0.25), f_time=2.31(1.81), b_time=2.56(2.06), lr=0.0059806713917519815
2026-03-11 11:25:25,583   INFO  epoch: 2/6, acc_iter=93150, cur_iter=19557/36796, batch_size=4, time_cost(epoch): 11:12:07/9:52:26, time_cost(all): 17:24:53/73:06:01, loss=1.3887531757354736, d_time=0.25(0.25), f_time=1.77(1.81), b_time=2.02(2.06), lr=0.005980266125929671
/bin/sh: line 1: gpustat: command not found
2026-03-11 11:25:25,847   INFO  
2026-03-11 11:27:06,593   INFO  epoch: 2/6, acc_iter=93200, cur_iter=19607/36796, batch_size=4, time_cost(epoch): 11:13:48/9:50:41, time_cost(all): 17:26:34/73:04:04, loss=1.3882602453231812, d_time=0.25(0.25), f_time=1.52(1.81), b_time=1.77(2.06), lr=0.005979856669455983
2026-03-11 11:28:18,602   INFO  Save latest model to /storage/project/r-gchou3-0/spanse30/MSF/output/cfgs/waymo_models/msf_8frames/default/ckpt/latest_model
2026-03-11 11:28:49,476   INFO  epoch: 2/6, acc_iter=93250, cur_iter=19657/36796, batch_size=4, time_cost(epoch): 11:15:31/9:48:57, time_cost(all): 17:28:17/73:02:19, loss=1.4405428171157837, d_time=0.25(0.25), f_time=2.05(1.81), b_time=2.30(2.06), lr=0.0059794430229066714
2026-03-11 11:30:29,721   INFO  epoch: 2/6, acc_iter=93300, cur_iter=19707/36796, batch_size=4, time_cost(epoch): 11:17:11/9:47:12, time_cost(all): 17:29:57/73:00:18, loss=1.474545955657959, d_time=0.25(0.25), f_time=2.97(1.81), b_time=3.22(2.06), lr=0.005979025186863385
/bin/sh: line 1: gpustat: command not found
2026-03-11 11:30:29,982   INFO  
2026-03-11 11:32:09,557   INFO  epoch: 2/6, acc_iter=93350, cur_iter=19757/36796, batch_size=4, time_cost(epoch): 11:18:51/9:45:26, time_cost(all): 17:31:37/72:58:14, loss=1.3494906425476074, d_time=0.25(0.25), f_time=1.51(1.81), b_time=1.76(2.06), lr=0.005978603161913663
2026-03-11 11:33:18,494   INFO  Save latest model to /storage/project/r-gchou3-0/spanse30/MSF/output/cfgs/waymo_models/msf_8frames/default/ckpt/latest_model
2026-03-11 11:33:50,504   INFO  epoch: 2/6, acc_iter=93400, cur_iter=19807/36796, batch_size=4, time_cost(epoch): 11:20:32/9:43:41, time_cost(all): 17:33:18/72:56:17, loss=1.0441060066223145, d_time=0.25(0.25), f_time=1.31(1.81), b_time=1.56(2.06), lr=0.0059781769486509356
2026-03-11 11:35:34,163   INFO  epoch: 2/6, acc_iter=93450, cur_iter=19857/36796, batch_size=4, time_cost(epoch): 11:22:16/9:41:58, time_cost(all): 17:35:02/72:54:38, loss=1.669245958328247, d_time=0.25(0.25), f_time=2.15(1.81), b_time=2.40(2.06), lr=0.00597774654767452
/bin/sh: line 1: gpustat: command not found
2026-03-11 11:35:34,431   INFO  
2026-03-11 11:37:19,180   INFO  epoch: 2/6, acc_iter=93500, cur_iter=19907/36796, batch_size=4, time_cost(epoch): 11:24:01/9:40:17, time_cost(all): 17:36:47/72:53:07, loss=1.448413372039795, d_time=0.25(0.25), f_time=1.89(1.81), b_time=2.14(2.06), lr=0.005977311959589624
2026-03-11 11:38:19,286   INFO  Save latest model to /storage/project/r-gchou3-0/spanse30/MSF/output/cfgs/waymo_models/msf_8frames/default/ckpt/latest_model
2026-03-11 11:39:00,066   INFO  epoch: 2/6, acc_iter=93550, cur_iter=19957/36796, batch_size=4, time_cost(epoch): 11:25:42/9:38:32, time_cost(all): 17:38:28/72:51:10, loss=1.1805264949798584, d_time=0.25(0.25), f_time=1.11(1.81), b_time=1.36(2.06), lr=0.005976873185007343
2026-03-11 11:40:42,561   INFO  epoch: 2/6, acc_iter=93600, cur_iter=20007/36796, batch_size=4, time_cost(epoch): 11:27:24/9:36:48, time_cost(all): 17:40:10/72:49:23, loss=1.649713158607483, d_time=0.25(0.25), f_time=2.60(1.81), b_time=2.85(2.06), lr=0.005976430224544658
/bin/sh: line 1: gpustat: command not found
2026-03-11 11:40:42,874   INFO  
2026-03-11 11:42:21,481   INFO  epoch: 2/6, acc_iter=93650, cur_iter=20057/36796, batch_size=4, time_cost(epoch): 11:29:03/9:35:02, time_cost(all): 17:41:49/72:47:14, loss=1.3849546909332275, d_time=0.25(0.25), f_time=2.28(1.81), b_time=2.53(2.06), lr=0.005975983078824437
2026-03-11 11:43:19,123   INFO  Save latest model to /storage/project/r-gchou3-0/spanse30/MSF/output/cfgs/waymo_models/msf_8frames/default/ckpt/latest_model
2026-03-11 11:44:00,233   INFO  epoch: 2/6, acc_iter=93700, cur_iter=20107/36796, batch_size=4, time_cost(epoch): 11:30:42/9:33:15, time_cost(all): 17:43:28/72:45:04, loss=1.7432036399841309, d_time=0.25(0.25), f_time=1.73(1.81), b_time=1.97(2.06), lr=0.005975531748475434
2026-03-11 11:45:39,592   INFO  epoch: 2/6, acc_iter=93750, cur_iter=20157/36796, batch_size=4, time_cost(epoch): 11:32:21/9:31:29, time_cost(all): 17:45:07/72:42:57, loss=1.0649250745773315, d_time=0.25(0.25), f_time=1.96(1.81), b_time=2.21(2.06), lr=0.005975076234132283
/bin/sh: line 1: gpustat: command not found
2026-03-11 11:45:39,854   INFO  
2026-03-11 11:47:19,592   INFO  epoch: 2/6, acc_iter=93800, cur_iter=20207/36796, batch_size=4, time_cost(epoch): 11:34:01/9:29:44, time_cost(all): 17:46:47/72:40:55, loss=1.2833256721496582, d_time=0.25(0.25), f_time=1.86(1.81), b_time=2.11(2.06), lr=0.005974616536435507
2026-03-11 11:48:18,993   INFO  Save latest model to /storage/project/r-gchou3-0/spanse30/MSF/output/cfgs/waymo_models/msf_8frames/default/ckpt/latest_model
2026-03-11 11:48:59,780   INFO  epoch: 2/6, acc_iter=93850, cur_iter=20257/36796, batch_size=4, time_cost(epoch): 11:35:41/9:27:58, time_cost(all): 17:48:27/72:38:54, loss=1.5697717666625977, d_time=0.24(0.25), f_time=1.39(1.81), b_time=1.63(2.06), lr=0.005974152656031508
2026-03-11 11:50:36,593   INFO  epoch: 2/6, acc_iter=93900, cur_iter=20307/36796, batch_size=4, time_cost(epoch): 11:37:18/9:26:10, time_cost(all): 17:50:04/72:36:33, loss=1.2586005926132202, d_time=0.25(0.25), f_time=1.14(1.81), b_time=1.39(2.06), lr=0.00597368459357257
/bin/sh: line 1: gpustat: command not found
2026-03-11 11:50:36,859   INFO  
2026-03-11 11:52:17,796   INFO  epoch: 2/6, acc_iter=93950, cur_iter=20357/36796, batch_size=4, time_cost(epoch): 11:38:59/9:24:26, time_cost(all): 17:51:45/72:34:38, loss=1.5865141153335571, d_time=0.25(0.25), f_time=1.53(1.81), b_time=1.78(2.06), lr=0.005973212349716858
2026-03-11 11:53:18,799   INFO  Save latest model to /storage/project/r-gchou3-0/spanse30/MSF/output/cfgs/waymo_models/msf_8frames/default/ckpt/latest_model
2026-03-11 11:53:56,887   INFO  epoch: 2/6, acc_iter=94000, cur_iter=20407/36796, batch_size=4, time_cost(epoch): 11:40:38/9:22:40, time_cost(all): 17:53:24/72:32:31, loss=1.3761231899261475, d_time=0.25(0.25), f_time=1.94(1.81), b_time=2.19(2.06), lr=0.005972735925128417
2026-03-11 11:55:38,781   INFO  epoch: 2/6, acc_iter=94050, cur_iter=20457/36796, batch_size=4, time_cost(epoch): 11:42:20/9:20:56, time_cost(all): 17:55:06/72:30:41, loss=1.4685580730438232, d_time=0.25(0.25), f_time=1.26(1.81), b_time=1.50(2.06), lr=0.00597225532047717
/bin/sh: line 1: gpustat: command not found
2026-03-11 11:55:39,113   INFO  
2026-03-11 11:57:20,604   INFO  epoch: 2/6, acc_iter=94100, cur_iter=20507/36796, batch_size=4, time_cost(epoch): 11:44:02/9:19:12, time_cost(all): 17:56:48/72:28:51, loss=1.8255890607833862, d_time=0.22(0.25), f_time=2.28(1.81), b_time=2.50(2.06), lr=0.005971770536438916
2026-03-11 11:58:18,646   INFO  Save latest model to /storage/project/r-gchou3-0/spanse30/MSF/output/cfgs/waymo_models/msf_8frames/default/ckpt/latest_model
2026-03-11 11:58:59,184   INFO  epoch: 2/6, acc_iter=94150, cur_iter=20557/36796, batch_size=4, time_cost(epoch): 11:45:41/9:17:25, time_cost(all): 17:58:27/72:26:41, loss=1.145029067993164, d_time=0.25(0.25), f_time=1.15(1.81), b_time=1.40(2.06), lr=0.005971281573695336
2026-03-11 12:00:35,370   INFO  epoch: 2/6, acc_iter=94200, cur_iter=20607/36796, batch_size=4, time_cost(epoch): 11:47:17/9:15:37, time_cost(all): 18:00:03/72:24:16, loss=1.555779218673706, d_time=0.25(0.25), f_time=1.89(1.81), b_time=2.14(2.06), lr=0.0059707884329339815
/bin/sh: line 1: gpustat: command not found
2026-03-11 12:00:35,632   INFO  
2026-03-11 12:02:14,559   INFO  epoch: 2/6, acc_iter=94250, cur_iter=20657/36796, batch_size=4, time_cost(epoch): 11:48:56/9:13:51, time_cost(all): 18:01:42/72:22:10, loss=1.6671198606491089, d_time=0.25(0.25), f_time=1.50(1.81), b_time=1.75(2.06), lr=0.005970291114848282
2026-03-11 12:03:20,328   INFO  Save latest model to /storage/project/r-gchou3-0/spanse30/MSF/output/cfgs/waymo_models/msf_8frames/default/ckpt/latest_model
2026-03-11 12:03:53,107   INFO  epoch: 2/6, acc_iter=94300, cur_iter=20707/36796, batch_size=4, time_cost(epoch): 11:50:35/9:12:05, time_cost(all): 18:03:21/72:20:00, loss=1.119926929473877, d_time=0.25(0.25), f_time=0.73(1.81), b_time=0.98(2.06), lr=0.00596978962013754
2026-03-11 12:05:32,009   INFO  epoch: 2/6, acc_iter=94350, cur_iter=20757/36796, batch_size=4, time_cost(epoch): 11:52:14/9:10:19, time_cost(all): 18:05:00/72:17:52, loss=1.1948931217193604, d_time=0.25(0.25), f_time=1.59(1.81), b_time=1.84(2.06), lr=0.005969283949506931
/bin/sh: line 1: gpustat: command not found
2026-03-11 12:05:32,272   INFO  
2026-03-11 12:07:13,842   INFO  epoch: 2/6, acc_iter=94400, cur_iter=20807/36796, batch_size=4, time_cost(epoch): 11:53:55/9:08:35, time_cost(all): 18:06:41/72:16:03, loss=1.4683228731155396, d_time=0.25(0.25), f_time=1.76(1.81), b_time=2.01(2.06), lr=0.005968774103667502
2026-03-11 12:08:18,410   INFO  Save latest model to /storage/project/r-gchou3-0/spanse30/MSF/output/cfgs/waymo_models/msf_8frames/default/ckpt/latest_model
2026-03-11 12:08:53,302   INFO  epoch: 2/6, acc_iter=94450, cur_iter=20857/36796, batch_size=4, time_cost(epoch): 11:55:35/9:06:49, time_cost(all): 18:08:21/72:13:59, loss=1.4918376207351685, d_time=0.25(0.25), f_time=1.48(1.81), b_time=1.73(2.06), lr=0.005968260083336173
2026-03-11 12:10:33,569   INFO  epoch: 2/6, acc_iter=94500, cur_iter=20907/36796, batch_size=4, time_cost(epoch): 11:57:15/9:05:04, time_cost(all): 18:10:01/72:12:00, loss=1.7747209072113037, d_time=0.25(0.25), f_time=2.23(1.81), b_time=2.48(2.06), lr=0.00596774188923573
/bin/sh: line 1: gpustat: command not found
2026-03-11 12:10:33,828   INFO  
2026-03-11 12:12:12,466   INFO  epoch: 2/6, acc_iter=94550, cur_iter=20957/36796, batch_size=4, time_cost(epoch): 11:58:54/9:03:18, time_cost(all): 18:11:40/72:09:53, loss=1.4025020599365234, d_time=0.25(0.25), f_time=1.81(1.81), b_time=2.06(2.06), lr=0.005967219522094831
2026-03-11 12:13:18,196   INFO  Save latest model to /storage/project/r-gchou3-0/spanse30/MSF/output/cfgs/waymo_models/msf_8frames/default/ckpt/latest_model
2026-03-11 12:13:52,929   INFO  epoch: 2/6, acc_iter=94600, cur_iter=21007/36796, batch_size=4, time_cost(epoch): 12:00:35/9:01:34, time_cost(all): 18:13:20/72:07:55, loss=1.1679021120071411, d_time=0.25(0.25), f_time=1.06(1.81), b_time=1.31(2.06), lr=0.005966692982648002
2026-03-11 12:15:34,048   INFO  epoch: 2/6, acc_iter=94650, cur_iter=21057/36796, batch_size=4, time_cost(epoch): 12:02:16/8:59:49, time_cost(all): 18:15:02/72:06:02, loss=1.1154365539550781, d_time=0.25(0.25), f_time=1.45(1.81), b_time=1.70(2.06), lr=0.0059661622716356355
/bin/sh: line 1: gpustat: command not found
2026-03-11 12:15:34,347   INFO  
2026-03-11 12:17:14,766   INFO  epoch: 2/6, acc_iter=94700, cur_iter=21107/36796, batch_size=4, time_cost(epoch): 12:03:56/8:58:05, time_cost(all): 18:16:42/72:04:06, loss=1.262604832649231, d_time=0.25(0.25), f_time=1.76(1.81), b_time=2.01(2.06), lr=0.005965627389803987
2026-03-11 12:18:18,244   INFO  Save latest model to /storage/project/r-gchou3-0/spanse30/MSF/output/cfgs/waymo_models/msf_8frames/default/ckpt/latest_model
2026-03-11 12:18:54,613   INFO  epoch: 2/6, acc_iter=94750, cur_iter=21157/36796, batch_size=4, time_cost(epoch): 12:05:36/8:56:20, time_cost(all): 18:18:22/72:02:05, loss=1.7400503158569336, d_time=0.25(0.25), f_time=2.05(1.81), b_time=2.30(2.06), lr=0.0059650883379051825
2026-03-11 12:20:35,796   INFO  epoch: 2/6, acc_iter=94800, cur_iter=21207/36796, batch_size=4, time_cost(epoch): 12:07:17/8:54:36, time_cost(all): 18:20:03/72:00:12, loss=1.3689775466918945, d_time=0.25(0.25), f_time=1.84(1.81), b_time=2.09(2.06), lr=0.005964545116697206
/bin/sh: line 1: gpustat: command not found
2026-03-11 12:20:36,065   INFO  
2026-03-11 12:22:19,497   INFO  epoch: 2/6, acc_iter=94850, cur_iter=21257/36796, batch_size=4, time_cost(epoch): 12:09:01/8:52:53, time_cost(all): 18:21:47/71:58:34, loss=1.6338720321655273, d_time=0.24(0.25), f_time=2.39(1.81), b_time=2.63(2.06), lr=0.005963997726943908
2026-03-11 12:23:18,125   INFO  Save latest model to /storage/project/r-gchou3-0/spanse30/MSF/output/cfgs/waymo_models/msf_8frames/default/ckpt/latest_model
2026-03-11 12:24:01,077   INFO  epoch: 2/6, acc_iter=94900, cur_iter=21307/36796, batch_size=4, time_cost(epoch): 12:10:43/8:51:10, time_cost(all): 18:23:29/71:56:43, loss=1.2520902156829834, d_time=0.25(0.25), f_time=1.38(1.81), b_time=1.63(2.06), lr=0.005963446169414998
2026-03-11 12:25:42,742   INFO  epoch: 2/6, acc_iter=94950, cur_iter=21357/36796, batch_size=4, time_cost(epoch): 12:12:24/8:49:26, time_cost(all): 18:25:10/71:54:53, loss=1.6835153102874756, d_time=0.25(0.25), f_time=2.64(1.81), b_time=2.89(2.06), lr=0.005962890444886049
/bin/sh: line 1: gpustat: command not found
2026-03-11 12:25:43,016   INFO  
2026-03-11 12:27:27,494   INFO  epoch: 2/6, acc_iter=95000, cur_iter=21407/36796, batch_size=4, time_cost(epoch): 12:14:09/8:47:44, time_cost(all): 18:26:55/71:53:21, loss=1.0364017486572266, d_time=0.25(0.25), f_time=1.19(1.81), b_time=1.44(2.06), lr=0.0059623305541384895
2026-03-11 12:28:19,304   INFO  Save latest model to /storage/project/r-gchou3-0/spanse30/MSF/output/cfgs/waymo_models/msf_8frames/default/ckpt/latest_model
2026-03-11 12:29:06,503   INFO  epoch: 2/6, acc_iter=95050, cur_iter=21457/36796, batch_size=4, time_cost(epoch): 12:15:48/8:45:59, time_cost(all): 18:28:34/71:51:16, loss=1.4720821380615234, d_time=0.25(0.25), f_time=2.18(1.81), b_time=2.42(2.06), lr=0.00596176649795961
2026-03-11 12:30:48,162   INFO  epoch: 2/6, acc_iter=95100, cur_iter=21507/36796, batch_size=4, time_cost(epoch): 12:17:30/8:44:15, time_cost(all): 18:30:16/71:49:26, loss=1.230264663696289, d_time=0.25(0.25), f_time=1.92(1.81), b_time=2.17(2.06), lr=0.005961198277142556
/bin/sh: line 1: gpustat: command not found
2026-03-11 12:30:48,426   INFO  
2026-03-11 12:32:31,236   INFO  epoch: 2/6, acc_iter=95150, cur_iter=21557/36796, batch_size=4, time_cost(epoch): 12:19:13/8:42:32, time_cost(all): 18:31:59/71:47:44, loss=1.5038344860076904, d_time=0.25(0.25), f_time=2.10(1.81), b_time=2.35(2.06), lr=0.0059606258924863285
2026-03-11 12:33:19,046   INFO  Save latest model to /storage/project/r-gchou3-0/spanse30/MSF/output/cfgs/waymo_models/msf_8frames/default/ckpt/latest_model
2026-03-11 12:34:15,439   INFO  epoch: 2/6, acc_iter=95200, cur_iter=21607/36796, batch_size=4, time_cost(epoch): 12:20:57/8:40:50, time_cost(all): 18:33:43/71:46:09, loss=1.52156400680542, d_time=0.24(0.25), f_time=1.26(1.81), b_time=1.50(2.06), lr=0.005960049344795787
2026-03-11 12:35:57,073   INFO  epoch: 2/6, acc_iter=95250, cur_iter=21657/36796, batch_size=4, time_cost(epoch): 12:22:39/8:39:06, time_cost(all): 18:35:25/71:44:19, loss=1.6949294805526733, d_time=0.25(0.25), f_time=1.66(1.81), b_time=1.91(2.06), lr=0.005959468634881642
/bin/sh: line 1: gpustat: command not found
2026-03-11 12:35:57,343   INFO  
2026-03-11 12:37:33,874   INFO  epoch: 2/6, acc_iter=95300, cur_iter=21707/36796, batch_size=4, time_cost(epoch): 12:24:15/8:37:19, time_cost(all): 18:37:01/71:42:01, loss=1.2665109634399414, d_time=0.24(0.25), f_time=1.78(1.80), b_time=2.02(2.06), lr=0.005958883763560456
2026-03-11 12:38:19,130   INFO  Save latest model to /storage/project/r-gchou3-0/spanse30/MSF/output/cfgs/waymo_models/msf_8frames/default/ckpt/latest_model
2026-03-11 12:39:15,001   INFO  epoch: 2/6, acc_iter=95350, cur_iter=21757/36796, batch_size=4, time_cost(epoch): 12:25:57/8:35:35, time_cost(all): 18:38:43/71:40:08, loss=1.2935009002685547, d_time=0.25(0.25), f_time=1.97(1.80), b_time=2.22(2.06), lr=0.005958294731654646
2026-03-11 12:40:52,181   INFO  epoch: 2/6, acc_iter=95400, cur_iter=21807/36796, batch_size=4, time_cost(epoch): 12:27:34/8:33:49, time_cost(all): 18:40:20/71:37:53, loss=1.5881104469299316, d_time=0.25(0.25), f_time=1.97(1.80), b_time=2.22(2.06), lr=0.005957701539992475
/bin/sh: line 1: gpustat: command not found
2026-03-11 12:40:52,444   INFO  
2026-03-11 12:42:36,432   INFO  epoch: 2/6, acc_iter=95450, cur_iter=21857/36796, batch_size=4, time_cost(epoch): 12:29:18/8:32:07, time_cost(all): 18:42:04/71:36:18, loss=1.4348866939544678, d_time=0.25(0.25), f_time=1.86(1.80), b_time=2.11(2.06), lr=0.005957104189408062
2026-03-11 12:43:18,626   INFO  Save latest model to /storage/project/r-gchou3-0/spanse30/MSF/output/cfgs/waymo_models/msf_8frames/default/ckpt/latest_model
2026-03-11 12:44:16,650   INFO  epoch: 2/6, acc_iter=95500, cur_iter=21907/36796, batch_size=4, time_cost(epoch): 12:30:58/8:30:22, time_cost(all): 18:43:44/71:34:20, loss=1.180172085762024, d_time=0.24(0.25), f_time=1.55(1.80), b_time=1.79(2.06), lr=0.005956502680741367
2026-03-11 12:45:55,876   INFO  epoch: 2/6, acc_iter=95550, cur_iter=21957/36796, batch_size=4, time_cost(epoch): 12:32:37/8:28:37, time_cost(all): 18:45:23/71:32:17, loss=1.315456748008728, d_time=0.25(0.25), f_time=1.69(1.80), b_time=1.94(2.06), lr=0.005955897014838201
/bin/sh: line 1: gpustat: command not found
2026-03-11 12:45:56,141   INFO  
2026-03-11 12:47:37,719   INFO  epoch: 2/6, acc_iter=95600, cur_iter=22007/36796, batch_size=4, time_cost(epoch): 12:34:19/8:26:53, time_cost(all): 18:47:05/71:30:28, loss=1.2614285945892334, d_time=0.25(0.25), f_time=1.64(1.80), b_time=1.89(2.06), lr=0.005955287192550218
2026-03-11 12:48:19,414   INFO  Save latest model to /storage/project/r-gchou3-0/spanse30/MSF/output/cfgs/waymo_models/msf_8frames/default/ckpt/latest_model
2026-03-11 12:49:19,408   INFO  epoch: 2/6, acc_iter=95650, cur_iter=22057/36796, batch_size=4, time_cost(epoch): 12:36:01/8:25:10, time_cost(all): 18:48:47/71:28:39, loss=1.3355330228805542, d_time=0.25(0.25), f_time=1.11(1.80), b_time=1.36(2.06), lr=0.00595467321473492
2026-03-11 12:51:02,413   INFO  epoch: 2/6, acc_iter=95700, cur_iter=22107/36796, batch_size=4, time_cost(epoch): 12:37:44/8:23:27, time_cost(all): 18:50:30/71:26:57, loss=1.4854207038879395, d_time=0.25(0.25), f_time=2.30(1.80), b_time=2.55(2.06), lr=0.005954055082255649
/bin/sh: line 1: gpustat: command not found
2026-03-11 12:51:02,682   INFO  
2026-03-11 12:52:46,959   INFO  epoch: 2/6, acc_iter=95750, cur_iter=22157/36796, batch_size=4, time_cost(epoch): 12:39:29/8:21:45, time_cost(all): 18:52:15/71:25:24, loss=1.4832837581634521, d_time=0.25(0.25), f_time=2.03(1.80), b_time=2.28(2.06), lr=0.005953432795981591
2026-03-11 12:53:19,843   INFO  Save latest model to /storage/project/r-gchou3-0/spanse30/MSF/output/cfgs/waymo_models/msf_8frames/default/ckpt/latest_model
2026-03-11 12:54:27,536   INFO  epoch: 2/6, acc_iter=95800, cur_iter=22207/36796, batch_size=4, time_cost(epoch): 12:41:09/8:20:01, time_cost(all): 18:53:55/71:23:28, loss=1.267882227897644, d_time=0.25(0.25), f_time=1.59(1.80), b_time=1.84(2.06), lr=0.005952806356787772
2026-03-11 12:56:07,902   INFO  epoch: 2/6, acc_iter=95850, cur_iter=22257/36796, batch_size=4, time_cost(epoch): 12:42:50/8:18:17, time_cost(all): 18:55:35/71:21:32, loss=1.3549749851226807, d_time=0.25(0.25), f_time=2.01(1.80), b_time=2.26(2.06), lr=0.00595217576555506
/bin/sh: line 1: gpustat: command not found
2026-03-11 12:56:08,172   INFO  
2026-03-11 12:57:47,740   INFO  epoch: 2/6, acc_iter=95900, cur_iter=22307/36796, batch_size=4, time_cost(epoch): 12:44:29/8:16:32, time_cost(all): 18:57:15/71:19:32, loss=1.8629796504974365, d_time=0.25(0.25), f_time=1.79(1.80), b_time=2.04(2.06), lr=0.005951541023170155
2026-03-11 12:58:18,604   INFO  Save latest model to /storage/project/r-gchou3-0/spanse30/MSF/output/cfgs/waymo_models/msf_8frames/default/ckpt/latest_model
2026-03-11 12:59:30,677   INFO  epoch: 2/6, acc_iter=95950, cur_iter=22357/36796, batch_size=4, time_cost(epoch): 12:46:12/8:14:49, time_cost(all): 18:58:58/71:17:50, loss=1.378990650177002, d_time=0.25(0.25), f_time=2.27(1.80), b_time=2.51(2.06), lr=0.005950902130525601
2026-03-11 13:01:13,308   INFO  epoch: 2/6, acc_iter=96000, cur_iter=22407/36796, batch_size=4, time_cost(epoch): 12:47:55/8:13:06, time_cost(all): 19:00:41/71:16:06, loss=1.2294566631317139, d_time=0.25(0.25), f_time=1.61(1.80), b_time=1.86(2.06), lr=0.005950259088519776
/bin/sh: line 1: gpustat: command not found
2026-03-11 13:01:13,578   INFO  
2026-03-11 13:02:57,506   INFO  epoch: 2/6, acc_iter=96050, cur_iter=22457/36796, batch_size=4, time_cost(epoch): 12:49:39/8:11:24, time_cost(all): 19:02:25/71:14:31, loss=1.2359285354614258, d_time=0.24(0.25), f_time=1.86(1.80), b_time=2.10(2.06), lr=0.005949611898056891
2026-03-11 13:03:18,637   INFO  Save latest model to /storage/project/r-gchou3-0/spanse30/MSF/output/cfgs/waymo_models/msf_8frames/default/ckpt/latest_model
2026-03-11 13:04:39,534   INFO  epoch: 2/6, acc_iter=96100, cur_iter=22507/36796, batch_size=4, time_cost(epoch): 12:51:21/8:09:41, time_cost(all): 19:04:07/71:12:44, loss=1.4433132410049438, d_time=0.25(0.25), f_time=2.19(1.80), b_time=2.44(2.06), lr=0.00594896056004699
2026-03-11 13:06:17,714   INFO  epoch: 2/6, acc_iter=96150, cur_iter=22557/36796, batch_size=4, time_cost(epoch): 12:52:59/8:07:55, time_cost(all): 19:05:45/71:10:36, loss=1.2918295860290527, d_time=0.23(0.25), f_time=1.14(1.80), b_time=1.37(2.06), lr=0.005948305075405951
/bin/sh: line 1: gpustat: command not found
2026-03-11 13:06:18,012   INFO  
2026-03-11 13:07:57,893   INFO  epoch: 2/6, acc_iter=96200, cur_iter=22607/36796, batch_size=4, time_cost(epoch): 12:54:40/8:06:11, time_cost(all): 19:07:25/71:08:39, loss=1.781519889831543, d_time=0.25(0.25), f_time=2.41(1.80), b_time=2.66(2.06), lr=0.005947645445055483
2026-03-11 13:08:19,341   INFO  Save latest model to /storage/project/r-gchou3-0/spanse30/MSF/output/cfgs/waymo_models/msf_8frames/default/ckpt/latest_model
2026-03-11 13:09:39,749   INFO  epoch: 2/6, acc_iter=96250, cur_iter=22657/36796, batch_size=4, time_cost(epoch): 12:56:21/8:04:27, time_cost(all): 19:09:07/71:06:51, loss=1.4698405265808105, d_time=0.25(0.25), f_time=1.78(1.80), b_time=2.02(2.06), lr=0.005946981669923122
2026-03-11 13:11:23,663   INFO  epoch: 2/6, acc_iter=96300, cur_iter=22707/36796, batch_size=4, time_cost(epoch): 12:58:05/8:02:45, time_cost(all): 19:10:51/71:05:14, loss=1.137404441833496, d_time=0.24(0.25), f_time=1.74(1.80), b_time=1.98(2.06), lr=0.005946313750942235
/bin/sh: line 1: gpustat: command not found
2026-03-11 13:11:23,934   INFO  
2026-03-11 13:13:04,201   INFO  epoch: 2/6, acc_iter=96350, cur_iter=22757/36796, batch_size=4, time_cost(epoch): 12:59:46/8:01:01, time_cost(all): 19:12:32/71:03:19, loss=1.5193569660186768, d_time=0.25(0.25), f_time=2.06(1.80), b_time=2.31(2.06), lr=0.005945641689052015
2026-03-11 13:13:19,495   INFO  Save latest model to /storage/project/r-gchou3-0/spanse30/MSF/output/cfgs/waymo_models/msf_8frames/default/ckpt/latest_model
2026-03-11 13:14:45,666   INFO  epoch: 2/6, acc_iter=96400, cur_iter=22807/36796, batch_size=4, time_cost(epoch): 13:01:27/7:59:18, time_cost(all): 19:14:13/71:01:29, loss=1.4123775959014893, d_time=0.24(0.25), f_time=1.88(1.80), b_time=2.12(2.06), lr=0.005944965485197478
2026-03-11 13:16:26,330   INFO  epoch: 2/6, acc_iter=96450, cur_iter=22857/36796, batch_size=4, time_cost(epoch): 13:03:08/7:57:33, time_cost(all): 19:15:54/70:59:34, loss=1.3391358852386475, d_time=0.25(0.25), f_time=2.02(1.80), b_time=2.27(2.06), lr=0.005944285140329468
/bin/sh: line 1: gpustat: command not found
2026-03-11 13:16:26,618   INFO  
2026-03-11 13:18:08,827   INFO  epoch: 2/6, acc_iter=96500, cur_iter=22907/36796, batch_size=4, time_cost(epoch): 13:04:50/7:55:50, time_cost(all): 19:17:36/70:57:50, loss=1.6245381832122803, d_time=0.24(0.25), f_time=1.41(1.80), b_time=1.65(2.06), lr=0.00594360065540465
2026-03-11 13:18:19,088   INFO  Save latest model to /storage/project/r-gchou3-0/spanse30/MSF/output/cfgs/waymo_models/msf_8frames/default/ckpt/latest_model
2026-03-11 13:19:47,538   INFO  epoch: 2/6, acc_iter=96550, cur_iter=22957/36796, batch_size=4, time_cost(epoch): 13:06:29/7:54:05, time_cost(all): 19:19:15/70:55:45, loss=1.3911311626434326, d_time=0.25(0.25), f_time=1.04(1.80), b_time=1.29(2.06), lr=0.0059429120313855095
2026-03-11 13:21:31,967   INFO  epoch: 2/6, acc_iter=96600, cur_iter=23007/36796, batch_size=4, time_cost(epoch): 13:08:14/7:52:23, time_cost(all): 19:21:00/70:54:11, loss=1.3028266429901123, d_time=0.24(0.25), f_time=2.14(1.80), b_time=2.38(2.06), lr=0.005942219269240355
/bin/sh: line 1: gpustat: command not found
2026-03-11 13:21:32,232   INFO  
2026-03-11 13:23:15,489   INFO  epoch: 2/6, acc_iter=96650, cur_iter=23057/36796, batch_size=4, time_cost(epoch): 13:09:57/7:50:41, time_cost(all): 19:22:43/70:52:33, loss=1.6967990398406982, d_time=0.25(0.25), f_time=2.08(1.80), b_time=2.33(2.06), lr=0.005941522369943312
2026-03-11 13:23:19,912   INFO  Save latest model to /storage/project/r-gchou3-0/spanse30/MSF/output/cfgs/waymo_models/msf_8frames/default/ckpt/latest_model
2026-03-11 13:24:59,164   INFO  epoch: 2/6, acc_iter=96700, cur_iter=23107/36796, batch_size=4, time_cost(epoch): 13:11:41/7:48:59, time_cost(all): 19:24:27/70:50:55, loss=1.6058992147445679, d_time=0.25(0.25), f_time=2.94(1.80), b_time=3.19(2.06), lr=0.005940821334474323
2026-03-11 13:26:41,952   INFO  epoch: 2/6, acc_iter=96750, cur_iter=23157/36796, batch_size=4, time_cost(epoch): 13:13:24/7:47:16, time_cost(all): 19:26:10/70:49:12, loss=1.5673060417175293, d_time=0.25(0.25), f_time=1.93(1.80), b_time=2.18(2.06), lr=0.005940116163819147
/bin/sh: line 1: gpustat: command not found
2026-03-11 13:26:42,217   INFO  
2026-03-11 13:28:19,890   INFO  Save latest model to /storage/project/r-gchou3-0/spanse30/MSF/output/cfgs/waymo_models/msf_8frames/default/ckpt/latest_model
2026-03-11 13:28:26,120   INFO  epoch: 2/6, acc_iter=96800, cur_iter=23207/36796, batch_size=4, time_cost(epoch): 13:15:08/7:45:34, time_cost(all): 19:27:54/70:47:37, loss=1.2794818878173828, d_time=0.25(0.25), f_time=1.24(1.80), b_time=1.49(2.06), lr=0.005939406858969358
2026-03-11 13:30:07,447   INFO  epoch: 2/6, acc_iter=96850, cur_iter=23257/36796, batch_size=4, time_cost(epoch): 13:16:49/7:43:51, time_cost(all): 19:29:35/70:45:46, loss=1.2186987400054932, d_time=0.25(0.25), f_time=1.56(1.80), b_time=1.81(2.06), lr=0.005938693420922345
2026-03-11 13:31:49,883   INFO  epoch: 2/6, acc_iter=96900, cur_iter=23307/36796, batch_size=4, time_cost(epoch): 13:18:31/7:42:08, time_cost(all): 19:31:17/70:44:01, loss=1.1148498058319092, d_time=0.25(0.25), f_time=1.33(1.80), b_time=1.58(2.06), lr=0.005937975850681304
/bin/sh: line 1: gpustat: command not found
2026-03-11 13:31:50,240   INFO  
2026-03-11 13:33:19,904   INFO  Save latest model to /storage/project/r-gchou3-0/spanse30/MSF/output/cfgs/waymo_models/msf_8frames/default/ckpt/latest_model
2026-03-11 13:33:28,509   INFO  epoch: 2/6, acc_iter=96950, cur_iter=23357/36796, batch_size=4, time_cost(epoch): 13:20:10/7:40:22, time_cost(all): 19:32:56/70:41:57, loss=0.9756942987442017, d_time=0.25(0.25), f_time=0.77(1.80), b_time=1.02(2.06), lr=0.0059372541492552465
2026-03-11 13:35:10,852   INFO  epoch: 2/6, acc_iter=97000, cur_iter=23407/36796, batch_size=4, time_cost(epoch): 13:21:52/7:38:39, time_cost(all): 19:34:38/70:40:12, loss=1.4274327754974365, d_time=0.25(0.25), f_time=1.74(1.80), b_time=1.99(2.06), lr=0.005936528317658991
2026-03-11 13:36:51,065   INFO  epoch: 2/6, acc_iter=97050, cur_iter=23457/36796, batch_size=4, time_cost(epoch): 13:23:33/7:36:55, time_cost(all): 19:36:19/70:38:15, loss=1.1766948699951172, d_time=0.22(0.25), f_time=1.65(1.80), b_time=1.87(2.06), lr=0.005935798356913164
/bin/sh: line 1: gpustat: command not found
2026-03-11 13:36:51,330   INFO  
2026-03-11 13:38:18,507   INFO  Save latest model to /storage/project/r-gchou3-0/spanse30/MSF/output/cfgs/waymo_models/msf_8frames/default/ckpt/latest_model
2026-03-11 13:38:35,996   INFO  epoch: 2/6, acc_iter=97100, cur_iter=23507/36796, batch_size=4, time_cost(epoch): 13:25:18/7:35:14, time_cost(all): 19:38:04/70:36:44, loss=1.5127990245819092, d_time=0.24(0.25), f_time=2.33(1.80), b_time=2.58(2.06), lr=0.0059350642680441965
2026-03-11 13:40:17,589   INFO  epoch: 2/6, acc_iter=97150, cur_iter=23557/36796, batch_size=4, time_cost(epoch): 13:26:59/7:33:30, time_cost(all): 19:39:45/70:34:55, loss=1.7267833948135376, d_time=0.25(0.25), f_time=2.34(1.80), b_time=2.58(2.06), lr=0.005934326052084327
2026-03-11 13:41:59,458   INFO  epoch: 2/6, acc_iter=97200, cur_iter=23607/36796, batch_size=4, time_cost(epoch): 13:28:41/7:31:47, time_cost(all): 19:41:27/70:33:08, loss=1.2442455291748047, d_time=0.24(0.25), f_time=1.81(1.80), b_time=2.05(2.06), lr=0.005933583710071595
/bin/sh: line 1: gpustat: command not found
2026-03-11 13:41:59,724   INFO  
2026-03-11 13:43:19,038   INFO  Save latest model to /storage/project/r-gchou3-0/spanse30/MSF/output/cfgs/waymo_models/msf_8frames/default/ckpt/latest_model
2026-03-11 13:43:39,404   INFO  epoch: 2/6, acc_iter=97250, cur_iter=23657/36796, batch_size=4, time_cost(epoch): 13:30:21/7:30:03, time_cost(all): 19:43:07/70:31:10, loss=1.447827935218811, d_time=0.25(0.25), f_time=1.88(1.80), b_time=2.13(2.06), lr=0.005932837243049845
2026-03-11 13:45:19,938   INFO  epoch: 2/6, acc_iter=97300, cur_iter=23707/36796, batch_size=4, time_cost(epoch): 13:32:02/7:28:19, time_cost(all): 19:44:48/70:29:16, loss=1.2357456684112549, d_time=0.25(0.25), f_time=1.55(1.80), b_time=1.80(2.06), lr=0.005932086652068716
2026-03-11 13:46:58,740   INFO  epoch: 2/6, acc_iter=97350, cur_iter=23757/36796, batch_size=4, time_cost(epoch): 13:33:40/7:26:34, time_cost(all): 19:46:26/70:27:12, loss=1.0971477031707764, d_time=0.25(0.25), f_time=1.47(1.80), b_time=1.72(2.05), lr=0.005931331938183654
/bin/sh: line 1: gpustat: command not found
2026-03-11 13:46:59,009   INFO  
2026-03-11 13:48:20,448   INFO  Save latest model to /storage/project/r-gchou3-0/spanse30/MSF/output/cfgs/waymo_models/msf_8frames/default/ckpt/latest_model
2026-03-11 13:48:46,755   INFO  epoch: 2/6, acc_iter=97400, cur_iter=23807/36796, batch_size=4, time_cost(epoch): 13:35:28/7:24:54, time_cost(all): 19:48:14/70:25:57, loss=1.3317965269088745, d_time=0.24(0.25), f_time=1.87(1.80), b_time=2.11(2.06), lr=0.005930573102455894
2026-03-11 13:50:27,469   INFO  epoch: 2/6, acc_iter=97450, cur_iter=23857/36796, batch_size=4, time_cost(epoch): 13:37:09/7:23:10, time_cost(all): 19:49:55/70:24:04, loss=1.3518764972686768, d_time=0.25(0.25), f_time=2.18(1.80), b_time=2.43(2.06), lr=0.005929810145952473
2026-03-11 13:52:10,765   INFO  epoch: 2/6, acc_iter=97500, cur_iter=23907/36796, batch_size=4, time_cost(epoch): 13:38:52/7:21:27, time_cost(all): 19:51:38/70:22:24, loss=1.3170816898345947, d_time=0.25(0.25), f_time=1.73(1.80), b_time=1.98(2.06), lr=0.005929043069746219
/bin/sh: line 1: gpustat: command not found
2026-03-11 13:52:11,026   INFO  
2026-03-11 13:53:19,569   INFO  Save latest model to /storage/project/r-gchou3-0/spanse30/MSF/output/cfgs/waymo_models/msf_8frames/default/ckpt/latest_model
2026-03-11 13:53:54,447   INFO  epoch: 2/6, acc_iter=97550, cur_iter=23957/36796, batch_size=4, time_cost(epoch): 13:40:36/7:19:45, time_cost(all): 19:53:22/70:20:46, loss=1.4868543148040771, d_time=0.25(0.25), f_time=1.99(1.80), b_time=2.24(2.06), lr=0.005928271874915756
2026-03-11 13:55:38,187   INFO  epoch: 2/6, acc_iter=97600, cur_iter=24007/36796, batch_size=4, time_cost(epoch): 13:42:20/7:18:03, time_cost(all): 19:55:06/70:19:08, loss=1.5373561382293701, d_time=0.25(0.25), f_time=2.16(1.80), b_time=2.41(2.06), lr=0.005927496562545497
2026-03-11 13:57:17,071   INFO  epoch: 2/6, acc_iter=97650, cur_iter=24057/36796, batch_size=4, time_cost(epoch): 13:43:59/7:16:18, time_cost(all): 19:56:45/70:17:05, loss=1.3269459009170532, d_time=0.28(0.25), f_time=1.56(1.80), b_time=1.84(2.05), lr=0.005926717133725645
/bin/sh: line 1: gpustat: command not found
2026-03-11 13:57:17,332   INFO  
2026-03-11 13:58:18,800   INFO  Save latest model to /storage/project/r-gchou3-0/spanse30/MSF/output/cfgs/waymo_models/msf_8frames/default/ckpt/latest_model
2026-03-11 13:58:58,603   INFO  epoch: 2/6, acc_iter=97700, cur_iter=24107/36796, batch_size=4, time_cost(epoch): 13:45:40/7:14:35, time_cost(all): 19:58:26/70:15:16, loss=0.941878080368042, d_time=0.27(0.25), f_time=1.30(1.80), b_time=1.56(2.05), lr=0.005925933589552192
2026-03-11 14:00:40,559   INFO  epoch: 2/6, acc_iter=97750, cur_iter=24157/36796, batch_size=4, time_cost(epoch): 13:47:22/7:12:52, time_cost(all): 20:00:08/70:13:30, loss=1.2539119720458984, d_time=0.25(0.25), f_time=2.59(1.80), b_time=2.84(2.05), lr=0.005925145931126917
2026-03-11 14:02:21,679   INFO  epoch: 2/6, acc_iter=97800, cur_iter=24207/36796, batch_size=4, time_cost(epoch): 13:49:03/7:11:08, time_cost(all): 20:01:49/70:11:39, loss=1.1445741653442383, d_time=0.25(0.25), f_time=1.41(1.80), b_time=1.66(2.05), lr=0.0059243541595573835
/bin/sh: line 1: gpustat: command not found
2026-03-11 14:02:21,946   INFO  
2026-03-11 14:03:18,676   INFO  Save latest model to /storage/project/r-gchou3-0/spanse30/MSF/output/cfgs/waymo_models/msf_8frames/default/ckpt/latest_model
2026-03-11 14:04:05,961   INFO  epoch: 2/6, acc_iter=97850, cur_iter=24257/36796, batch_size=4, time_cost(epoch): 13:50:48/7:09:26, time_cost(all): 20:03:34/70:10:04, loss=1.4045023918151855, d_time=0.25(0.25), f_time=1.94(1.80), b_time=2.19(2.05), lr=0.0059235582759569385
2026-03-11 14:05:46,397   INFO  epoch: 2/6, acc_iter=97900, cur_iter=24307/36796, batch_size=4, time_cost(epoch): 13:52:28/7:07:42, time_cost(all): 20:05:14/70:08:09, loss=1.0664141178131104, d_time=0.25(0.25), f_time=1.32(1.80), b_time=1.57(2.05), lr=0.005922758281444713
2026-03-11 14:07:25,407   INFO  epoch: 2/6, acc_iter=97950, cur_iter=24357/36796, batch_size=4, time_cost(epoch): 13:54:07/7:05:57, time_cost(all): 20:06:53/70:06:08, loss=1.0834695100784302, d_time=0.25(0.25), f_time=1.46(1.80), b_time=1.71(2.05), lr=0.005921954177145617
/bin/sh: line 1: gpustat: command not found
2026-03-11 14:07:25,678   INFO  
2026-03-11 14:08:19,183   INFO  Save latest model to /storage/project/r-gchou3-0/spanse30/MSF/output/cfgs/waymo_models/msf_8frames/default/ckpt/latest_model
2026-03-11 14:09:01,906   INFO  epoch: 2/6, acc_iter=98000, cur_iter=24407/36796, batch_size=4, time_cost(epoch): 13:55:44/7:04:12, time_cost(all): 20:08:29/70:03:54, loss=1.3553467988967896, d_time=0.24(0.25), f_time=1.61(1.80), b_time=1.85(2.05), lr=0.005921145964190339
2026-03-11 14:10:42,502   INFO  epoch: 2/6, acc_iter=98050, cur_iter=24457/36796, batch_size=4, time_cost(epoch): 13:57:24/7:02:28, time_cost(all): 20:10:10/70:02:00, loss=1.1455953121185303, d_time=0.25(0.25), f_time=1.88(1.80), b_time=2.13(2.05), lr=0.005920333643715346
2026-03-11 14:12:20,628   INFO  epoch: 2/6, acc_iter=98100, cur_iter=24507/36796, batch_size=4, time_cost(epoch): 13:59:02/7:00:43, time_cost(all): 20:11:48/69:59:55, loss=1.0050036907196045, d_time=0.25(0.25), f_time=1.15(1.80), b_time=1.40(2.05), lr=0.005919517216862879
/bin/sh: line 1: gpustat: command not found
2026-03-11 14:12:20,986   INFO  
2026-03-11 14:13:18,842   INFO  Save latest model to /storage/project/r-gchou3-0/spanse30/MSF/output/cfgs/waymo_models/msf_8frames/default/ckpt/latest_model
2026-03-11 14:14:00,056   INFO  epoch: 2/6, acc_iter=98150, cur_iter=24557/36796, batch_size=4, time_cost(epoch): 14:00:42/6:58:58, time_cost(all): 20:13:28/69:57:56, loss=1.2808408737182617, d_time=0.25(0.25), f_time=1.53(1.80), b_time=1.78(2.05), lr=0.005918696684780956
2026-03-11 14:15:41,105   INFO  epoch: 2/6, acc_iter=98200, cur_iter=24607/36796, batch_size=4, time_cost(epoch): 14:02:23/6:57:15, time_cost(all): 20:15:09/69:56:05, loss=1.379875659942627, d_time=0.25(0.25), f_time=1.94(1.80), b_time=2.19(2.05), lr=0.005917872048623367
2026-03-11 14:17:21,199   INFO  epoch: 2/6, acc_iter=98250, cur_iter=24657/36796, batch_size=4, time_cost(epoch): 14:04:03/6:55:31, time_cost(all): 20:16:49/69:54:09, loss=1.537160873413086, d_time=0.25(0.25), f_time=1.78(1.80), b_time=2.02(2.05), lr=0.00591704330954967
/bin/sh: line 1: gpustat: command not found
2026-03-11 14:17:21,462   INFO  
2026-03-11 14:18:18,725   INFO  Save latest model to /storage/project/r-gchou3-0/spanse30/MSF/output/cfgs/waymo_models/msf_8frames/default/ckpt/latest_model
2026-03-11 14:19:03,594   INFO  epoch: 2/6, acc_iter=98300, cur_iter=24707/36796, batch_size=4, time_cost(epoch): 14:05:45/6:53:48, time_cost(all): 20:18:31/69:52:25, loss=1.942233920097351, d_time=0.25(0.25), f_time=1.66(1.80), b_time=1.91(2.05), lr=0.005916210468725196
2026-03-11 14:20:46,212   INFO  epoch: 2/6, acc_iter=98350, cur_iter=24757/36796, batch_size=4, time_cost(epoch): 14:07:28/6:52:05, time_cost(all): 20:20:14/69:50:42, loss=1.7020366191864014, d_time=0.28(0.25), f_time=1.79(1.80), b_time=2.07(2.05), lr=0.00591537352732104
2026-03-11 14:22:27,614   INFO  epoch: 2/6, acc_iter=98400, cur_iter=24807/36796, batch_size=4, time_cost(epoch): 14:09:09/6:50:22, time_cost(all): 20:21:55/69:48:53, loss=1.3897761106491089, d_time=0.25(0.25), f_time=1.89(1.80), b_time=2.14(2.05), lr=0.005914532486514065
/bin/sh: line 1: gpustat: command not found
2026-03-11 14:22:27,906   INFO  
2026-03-11 14:23:19,446   INFO  Save latest model to /storage/project/r-gchou3-0/spanse30/MSF/output/cfgs/waymo_models/msf_8frames/default/ckpt/latest_model
2026-03-11 14:24:03,429   INFO  epoch: 2/6, acc_iter=98450, cur_iter=24857/36796, batch_size=4, time_cost(epoch): 14:10:45/6:48:36, time_cost(all): 20:23:31/69:46:36, loss=1.598976492881775, d_time=0.25(0.25), f_time=1.44(1.80), b_time=1.69(2.05), lr=0.005913687347486902
2026-03-11 14:25:43,698   INFO  epoch: 2/6, acc_iter=98500, cur_iter=24907/36796, batch_size=4, time_cost(epoch): 14:12:25/6:46:52, time_cost(all): 20:25:11/69:44:42, loss=1.294921875, d_time=0.25(0.25), f_time=2.00(1.80), b_time=2.25(2.05), lr=0.005912838111427938
2026-03-11 14:27:25,812   INFO  epoch: 2/6, acc_iter=98550, cur_iter=24957/36796, batch_size=4, time_cost(epoch): 14:14:07/6:45:09, time_cost(all): 20:26:53/69:42:56, loss=1.8107901811599731, d_time=0.24(0.25), f_time=2.12(1.80), b_time=2.36(2.05), lr=0.005911984779531324
/bin/sh: line 1: gpustat: command not found
2026-03-11 14:27:26,084   INFO  
2026-03-11 14:28:18,964   INFO  Save latest model to /storage/project/r-gchou3-0/spanse30/MSF/output/cfgs/waymo_models/msf_8frames/default/ckpt/latest_model
2026-03-11 14:29:08,868   INFO  epoch: 2/6, acc_iter=98600, cur_iter=25007/36796, batch_size=4, time_cost(epoch): 14:15:50/6:43:27, time_cost(all): 20:28:36/69:41:16, loss=1.303568959236145, d_time=0.25(0.25), f_time=1.93(1.80), b_time=2.18(2.05), lr=0.0059111273529969715
2026-03-11 14:30:48,726   INFO  epoch: 2/6, acc_iter=98650, cur_iter=25057/36796, batch_size=4, time_cost(epoch): 14:17:30/6:41:43, time_cost(all): 20:30:16/69:39:19, loss=1.3276489973068237, d_time=0.25(0.25), f_time=1.99(1.80), b_time=2.24(2.05), lr=0.005910265833030548
2026-03-11 14:32:29,099   INFO  epoch: 2/6, acc_iter=98700, cur_iter=25107/36796, batch_size=4, time_cost(epoch): 14:19:11/6:39:59, time_cost(all): 20:31:57/69:37:25, loss=1.318734884262085, d_time=0.24(0.25), f_time=1.60(1.80), b_time=1.84(2.05), lr=0.0059094002208434785
/bin/sh: line 1: gpustat: command not found
2026-03-11 14:32:29,370   INFO  
2026-03-11 14:33:18,130   INFO  Save latest model to /storage/project/r-gchou3-0/spanse30/MSF/output/cfgs/waymo_models/msf_8frames/default/ckpt/latest_model
2026-03-11 14:34:12,600   INFO  epoch: 2/6, acc_iter=98750, cur_iter=25157/36796, batch_size=4, time_cost(epoch): 14:20:54/6:38:17, time_cost(all): 20:33:40/69:35:47, loss=1.567988395690918, d_time=0.25(0.25), f_time=1.93(1.80), b_time=2.18(2.05), lr=0.005908530517652939
2026-03-11 14:35:53,004   INFO  epoch: 2/6, acc_iter=98800, cur_iter=25207/36796, batch_size=4, time_cost(epoch): 14:22:35/6:36:33, time_cost(all): 20:35:21/69:33:53, loss=1.1035250425338745, d_time=0.28(0.25), f_time=1.42(1.80), b_time=1.69(2.05), lr=0.005907656724681864
2026-03-11 14:37:35,728   INFO  epoch: 2/6, acc_iter=98850, cur_iter=25257/36796, batch_size=4, time_cost(epoch): 14:24:17/6:34:51, time_cost(all): 20:37:03/69:32:11, loss=1.110849380493164, d_time=0.25(0.25), f_time=1.53(1.80), b_time=1.78(2.05), lr=0.005906778843158933
/bin/sh: line 1: gpustat: command not found
2026-03-11 14:37:36,002   INFO  
2026-03-11 14:38:18,252   INFO  Save latest model to /storage/project/r-gchou3-0/spanse30/MSF/output/cfgs/waymo_models/msf_8frames/default/ckpt/latest_model
2026-03-11 14:39:17,164   INFO  epoch: 2/6, acc_iter=98900, cur_iter=25307/36796, batch_size=4, time_cost(epoch): 14:25:59/6:33:07, time_cost(all): 20:38:45/69:30:22, loss=1.1850666999816895, d_time=0.25(0.25), f_time=1.53(1.80), b_time=1.78(2.05), lr=0.005905896874318577
2026-03-11 14:40:57,058   INFO  epoch: 2/6, acc_iter=98950, cur_iter=25357/36796, batch_size=4, time_cost(epoch): 14:27:39/6:31:23, time_cost(all): 20:40:25/69:28:26, loss=1.1728163957595825, d_time=0.24(0.25), f_time=1.67(1.80), b_time=1.91(2.05), lr=0.005905010819400974
2026-03-11 14:42:38,705   INFO  epoch: 2/6, acc_iter=99000, cur_iter=25407/36796, batch_size=4, time_cost(epoch): 14:29:20/6:29:40, time_cost(all): 20:42:06/69:26:39, loss=1.470414161682129, d_time=0.25(0.25), f_time=1.91(1.80), b_time=2.16(2.05), lr=0.005904120679652049
/bin/sh: line 1: gpustat: command not found
2026-03-11 14:42:38,970   INFO  
2026-03-11 14:43:19,360   INFO  Save latest model to /storage/project/r-gchou3-0/spanse30/MSF/output/cfgs/waymo_models/msf_8frames/default/ckpt/latest_model
2026-03-11 14:44:22,302   INFO  epoch: 2/6, acc_iter=99050, cur_iter=25457/36796, batch_size=4, time_cost(epoch): 14:31:04/6:27:58, time_cost(all): 20:43:50/69:25:01, loss=1.463526964187622, d_time=0.25(0.25), f_time=1.62(1.80), b_time=1.87(2.05), lr=0.005903226456323468
2026-03-11 14:46:04,111   INFO  epoch: 2/6, acc_iter=99100, cur_iter=25507/36796, batch_size=4, time_cost(epoch): 14:32:46/6:26:15, time_cost(all): 20:45:32/69:23:14, loss=1.2266725301742554, d_time=0.24(0.25), f_time=2.12(1.80), b_time=2.36(2.05), lr=0.005902328150672642
2026-03-11 14:47:45,967   INFO  epoch: 2/6, acc_iter=99150, cur_iter=25557/36796, batch_size=4, time_cost(epoch): 14:34:28/6:24:32, time_cost(all): 20:47:14/69:21:28, loss=1.4293104410171509, d_time=0.25(0.25), f_time=1.59(1.80), b_time=1.84(2.05), lr=0.005901425763962721
/bin/sh: line 1: gpustat: command not found
2026-03-11 14:47:46,239   INFO  
2026-03-11 14:48:18,738   INFO  Save latest model to /storage/project/r-gchou3-0/spanse30/MSF/output/cfgs/waymo_models/msf_8frames/default/ckpt/latest_model
2026-03-11 14:49:28,244   INFO  epoch: 2/6, acc_iter=99200, cur_iter=25607/36796, batch_size=4, time_cost(epoch): 14:36:10/6:22:49, time_cost(all): 20:48:56/69:19:43, loss=1.2894201278686523, d_time=0.25(0.25), f_time=0.72(1.80), b_time=0.97(2.05), lr=0.005900519297462595
2026-03-11 14:51:06,539   INFO  epoch: 2/6, acc_iter=99250, cur_iter=25657/36796, batch_size=4, time_cost(epoch): 14:37:48/6:21:05, time_cost(all): 20:50:34/69:17:40, loss=1.4646434783935547, d_time=0.25(0.25), f_time=1.81(1.80), b_time=2.06(2.05), lr=0.005899608752446887
2026-03-11 14:52:47,936   INFO  epoch: 2/6, acc_iter=99300, cur_iter=25707/36796, batch_size=4, time_cost(epoch): 14:39:30/6:19:22, time_cost(all): 20:52:16/69:15:52, loss=1.5334508419036865, d_time=0.25(0.25), f_time=1.81(1.80), b_time=2.06(2.05), lr=0.005898694130195959
/bin/sh: line 1: gpustat: command not found
2026-03-11 14:52:48,202   INFO  
2026-03-11 14:53:18,556   INFO  Save latest model to /storage/project/r-gchou3-0/spanse30/MSF/output/cfgs/waymo_models/msf_8frames/default/ckpt/latest_model
2026-03-11 14:54:32,533   INFO  epoch: 2/6, acc_iter=99350, cur_iter=25757/36796, batch_size=4, time_cost(epoch): 14:41:14/6:17:40, time_cost(all): 20:54:00/69:14:18, loss=1.1466213464736938, d_time=0.25(0.25), f_time=1.84(1.80), b_time=2.09(2.05), lr=0.005897775431995905
2026-03-11 14:56:14,473   INFO  epoch: 2/6, acc_iter=99400, cur_iter=25807/36796, batch_size=4, time_cost(epoch): 14:42:56/6:15:57, time_cost(all): 20:55:42/69:12:32, loss=1.2090489864349365, d_time=0.25(0.25), f_time=2.30(1.80), b_time=2.55(2.05), lr=0.00589685265913855
2026-03-11 14:57:54,856   INFO  epoch: 2/6, acc_iter=99450, cur_iter=25857/36796, batch_size=4, time_cost(epoch): 14:44:36/6:14:13, time_cost(all): 20:57:22/69:10:39, loss=1.3648087978363037, d_time=0.28(0.25), f_time=1.65(1.80), b_time=1.93(2.05), lr=0.005895925812921448
/bin/sh: line 1: gpustat: command not found
2026-03-11 14:57:55,124   INFO  
2026-03-11 14:58:19,052   INFO  Save latest model to /storage/project/r-gchou3-0/spanse30/MSF/output/cfgs/waymo_models/msf_8frames/default/ckpt/latest_model
2026-03-11 14:59:36,611   INFO  epoch: 2/6, acc_iter=99500, cur_iter=25907/36796, batch_size=4, time_cost(epoch): 14:46:18/6:12:30, time_cost(all): 20:59:04/69:08:53, loss=1.329973816871643, d_time=0.25(0.25), f_time=1.40(1.80), b_time=1.65(2.05), lr=0.005894994894647882
2026-03-11 15:01:13,485   INFO  epoch: 2/6, acc_iter=99550, cur_iter=25957/36796, batch_size=4, time_cost(epoch): 14:47:55/6:10:45, time_cost(all): 21:00:41/69:06:43, loss=0.8870454430580139, d_time=0.25(0.25), f_time=1.35(1.80), b_time=1.60(2.05), lr=0.005894059905626859
2026-03-11 15:02:58,164   INFO  epoch: 2/6, acc_iter=99600, cur_iter=26007/36796, batch_size=4, time_cost(epoch): 14:49:40/6:09:03, time_cost(all): 21:02:26/69:05:10, loss=1.4966025352478027, d_time=0.24(0.25), f_time=2.01(1.80), b_time=2.26(2.05), lr=0.005893120847173114
/bin/sh: line 1: gpustat: command not found
2026-03-11 15:02:58,424   INFO  
2026-03-11 15:03:19,526   INFO  Save latest model to /storage/project/r-gchou3-0/spanse30/MSF/output/cfgs/waymo_models/msf_8frames/default/ckpt/latest_model
2026-03-11 15:04:40,677   INFO  epoch: 2/6, acc_iter=99650, cur_iter=26057/36796, batch_size=4, time_cost(epoch): 14:51:22/6:07:21, time_cost(all): 21:04:08/69:03:27, loss=1.1101527214050293, d_time=0.25(0.25), f_time=1.19(1.80), b_time=1.44(2.05), lr=0.0058921777206071
2026-03-11 15:06:23,154   INFO  epoch: 2/6, acc_iter=99700, cur_iter=26107/36796, batch_size=4, time_cost(epoch): 14:53:05/6:05:38, time_cost(all): 21:05:51/69:01:44, loss=1.0452550649642944, d_time=0.25(0.25), f_time=1.56(1.80), b_time=1.81(2.05), lr=0.005891230527254992
2026-03-11 15:08:04,268   INFO  epoch: 2/6, acc_iter=99750, cur_iter=26157/36796, batch_size=4, time_cost(epoch): 14:54:46/6:03:55, time_cost(all): 21:07:32/68:59:54, loss=1.3824329376220703, d_time=0.25(0.25), f_time=2.18(1.80), b_time=2.43(2.05), lr=0.005890279268448683
/bin/sh: line 1: gpustat: command not found
2026-03-11 15:08:04,535   INFO  
2026-03-11 15:08:18,823   INFO  Save latest model to /storage/project/r-gchou3-0/spanse30/MSF/output/cfgs/waymo_models/msf_8frames/default/ckpt/latest_model
2026-03-11 15:09:45,651   INFO  epoch: 2/6, acc_iter=99800, cur_iter=26207/36796, batch_size=4, time_cost(epoch): 14:56:27/6:02:12, time_cost(all): 21:09:13/68:58:06, loss=1.5241674184799194, d_time=0.25(0.25), f_time=1.39(1.80), b_time=1.63(2.05), lr=0.005889323945525785
2026-03-11 15:11:29,685   INFO  epoch: 2/6, acc_iter=99850, cur_iter=26257/36796, batch_size=4, time_cost(epoch): 14:58:11/6:00:30, time_cost(all): 21:10:57/68:56:30, loss=1.7688199281692505, d_time=0.25(0.25), f_time=2.44(1.80), b_time=2.69(2.05), lr=0.005888364559829621
2026-03-11 15:13:12,527   INFO  epoch: 2/6, acc_iter=99900, cur_iter=26307/36796, batch_size=4, time_cost(epoch): 14:59:54/5:58:47, time_cost(all): 21:12:40/68:54:48, loss=1.0690466165542603, d_time=0.25(0.25), f_time=1.30(1.80), b_time=1.54(2.05), lr=0.0058874011127092295
/bin/sh: line 1: gpustat: command not found
2026-03-11 15:13:12,795   INFO  
2026-03-11 15:13:19,354   INFO  Save latest model to /storage/project/r-gchou3-0/spanse30/MSF/output/cfgs/waymo_models/msf_8frames/default/ckpt/latest_model
2026-03-11 15:14:57,402   INFO  epoch: 2/6, acc_iter=99950, cur_iter=26357/36796, batch_size=4, time_cost(epoch): 15:01:39/5:57:05, time_cost(all): 21:14:25/68:53:16, loss=1.2823576927185059, d_time=0.25(0.25), f_time=1.83(1.80), b_time=2.07(2.05), lr=0.005886433605519359
2026-03-11 15:16:41,194   INFO  epoch: 2/6, acc_iter=100000, cur_iter=26407/36796, batch_size=4, time_cost(epoch): 15:03:23/5:55:23, time_cost(all): 21:16:09/68:51:38, loss=1.4407539367675781, d_time=0.25(0.25), f_time=2.50(1.80), b_time=2.75(2.05), lr=0.005885462039620468
2026-03-11 15:18:18,920   INFO  Save latest model to /storage/project/r-gchou3-0/spanse30/MSF/output/cfgs/waymo_models/msf_8frames/default/ckpt/latest_model
2026-03-11 15:18:22,882   INFO  epoch: 2/6, acc_iter=100050, cur_iter=26457/36796, batch_size=4, time_cost(epoch): 15:05:04/5:53:40, time_cost(all): 21:17:50/68:49:51, loss=1.784653902053833, d_time=0.26(0.25), f_time=1.80(1.80), b_time=2.06(2.05), lr=0.005884486416378721
/bin/sh: line 1: gpustat: command not found
2026-03-11 15:18:23,151   INFO  
2026-03-11 15:20:06,295   INFO  epoch: 2/6, acc_iter=100100, cur_iter=26507/36796, batch_size=4, time_cost(epoch): 15:06:48/5:51:58, time_cost(all): 21:19:34/68:48:12, loss=1.5314149856567383, d_time=0.25(0.25), f_time=1.72(1.80), b_time=1.97(2.05), lr=0.005883506737165986
2026-03-11 15:21:48,245   INFO  epoch: 2/6, acc_iter=100150, cur_iter=26557/36796, batch_size=4, time_cost(epoch): 15:08:30/5:50:15, time_cost(all): 21:21:16/68:46:27, loss=1.6242578029632568, d_time=0.25(0.25), f_time=1.82(1.80), b_time=2.07(2.05), lr=0.005882523003359841
2026-03-11 15:23:18,045   INFO  Save latest model to /storage/project/r-gchou3-0/spanse30/MSF/output/cfgs/waymo_models/msf_8frames/default/ckpt/latest_model
2026-03-11 15:23:33,379   INFO  epoch: 2/6, acc_iter=100200, cur_iter=26607/36796, batch_size=4, time_cost(epoch): 15:10:15/5:48:33, time_cost(all): 21:23:01/68:44:55, loss=1.5306154489517212, d_time=0.24(0.25), f_time=1.99(1.80), b_time=2.23(2.05), lr=0.005881535216343556
/bin/sh: line 1: gpustat: command not found
2026-03-11 15:23:33,650   INFO  
2026-03-11 15:25:18,530   INFO  epoch: 2/6, acc_iter=100250, cur_iter=26657/36796, batch_size=4, time_cost(epoch): 15:12:00/5:46:52, time_cost(all): 21:24:46/68:43:24, loss=1.2098543643951416, d_time=0.25(0.25), f_time=1.86(1.80), b_time=2.11(2.05), lr=0.005880543377506108
2026-03-11 15:27:01,918   INFO  epoch: 2/6, acc_iter=100300, cur_iter=26707/36796, batch_size=4, time_cost(epoch): 15:13:44/5:45:09, time_cost(all): 21:26:29/68:41:45, loss=1.5647186040878296, d_time=0.25(0.25), f_time=2.38(1.80), b_time=2.63(2.05), lr=0.005879547488242169
2026-03-11 15:28:20,385   INFO  Save latest model to /storage/project/r-gchou3-0/spanse30/MSF/output/cfgs/waymo_models/msf_8frames/default/ckpt/latest_model
2026-03-11 15:28:43,326   INFO  epoch: 2/6, acc_iter=100350, cur_iter=26757/36796, batch_size=4, time_cost(epoch): 15:15:25/5:43:26, time_cost(all): 21:28:11/68:39:57, loss=1.3177485466003418, d_time=0.25(0.25), f_time=2.02(1.80), b_time=2.27(2.05), lr=0.005878547549952103
/bin/sh: line 1: gpustat: command not found
2026-03-11 15:28:43,591   INFO  
2026-03-11 15:30:26,770   INFO  epoch: 2/6, acc_iter=100400, cur_iter=26807/36796, batch_size=4, time_cost(epoch): 15:17:08/5:41:44, time_cost(all): 21:29:54/68:38:18, loss=1.019897222518921, d_time=0.25(0.25), f_time=1.52(1.80), b_time=1.77(2.05), lr=0.0058775435640419735
2026-03-11 15:32:08,877   INFO  epoch: 2/6, acc_iter=100450, cur_iter=26857/36796, batch_size=4, time_cost(epoch): 15:18:50/5:40:01, time_cost(all): 21:31:36/68:36:33, loss=1.2871105670928955, d_time=0.25(0.25), f_time=1.90(1.80), b_time=2.15(2.05), lr=0.005876535531923531
2026-03-11 15:33:18,128   INFO  Save latest model to /storage/project/r-gchou3-0/spanse30/MSF/output/cfgs/waymo_models/msf_8frames/default/ckpt/latest_model
2026-03-11 15:33:51,086   INFO  epoch: 2/6, acc_iter=100500, cur_iter=26907/36796, batch_size=4, time_cost(epoch): 15:20:33/5:38:18, time_cost(all): 21:33:19/68:34:48, loss=1.5299330949783325, d_time=0.25(0.25), f_time=1.88(1.80), b_time=2.12(2.05), lr=0.0058755234550142196
/bin/sh: line 1: gpustat: command not found
2026-03-11 15:33:51,351   INFO  
2026-03-11 15:35:37,392   INFO  epoch: 2/6, acc_iter=100550, cur_iter=26957/36796, batch_size=4, time_cost(epoch): 15:22:19/5:36:37, time_cost(all): 21:35:05/68:33:22, loss=1.414687991142273, d_time=0.25(0.25), f_time=1.27(1.80), b_time=1.52(2.05), lr=0.005874507334737167
2026-03-11 15:37:22,040   INFO  epoch: 2/6, acc_iter=100600, cur_iter=27007/36796, batch_size=4, time_cost(epoch): 15:24:04/5:34:55, time_cost(all): 21:36:50/68:31:48, loss=1.0061326026916504, d_time=0.25(0.25), f_time=1.74(1.80), b_time=1.99(2.05), lr=0.005873487172521188
2026-03-11 15:38:19,492   INFO  Save latest model to /storage/project/r-gchou3-0/spanse30/MSF/output/cfgs/waymo_models/msf_8frames/default/ckpt/latest_model
2026-03-11 15:39:07,824   INFO  epoch: 2/6, acc_iter=100650, cur_iter=27057/36796, batch_size=4, time_cost(epoch): 15:25:49/5:33:14, time_cost(all): 21:38:35/68:30:20, loss=1.0772771835327148, d_time=0.25(0.25), f_time=1.47(1.80), b_time=1.72(2.05), lr=0.0058724629698007815
/bin/sh: line 1: gpustat: command not found
2026-03-11 15:39:08,094   INFO  
2026-03-11 15:40:51,686   INFO  epoch: 2/6, acc_iter=100700, cur_iter=27107/36796, batch_size=4, time_cost(epoch): 15:27:33/5:31:31, time_cost(all): 21:40:19/68:28:42, loss=1.5097367763519287, d_time=0.25(0.25), f_time=1.56(1.80), b_time=1.81(2.05), lr=0.0058714347280161274
2026-03-11 15:42:36,469   INFO  epoch: 2/6, acc_iter=100750, cur_iter=27157/36796, batch_size=4, time_cost(epoch): 15:29:18/5:29:50, time_cost(all): 21:42:04/68:27:09, loss=1.6813573837280273, d_time=0.24(0.25), f_time=1.41(1.80), b_time=1.66(2.05), lr=0.005870402448613085
2026-03-11 15:43:19,327   INFO  Save latest model to /storage/project/r-gchou3-0/spanse30/MSF/output/cfgs/waymo_models/msf_8frames/default/ckpt/latest_model
2026-03-11 15:44:20,114   INFO  epoch: 2/6, acc_iter=100800, cur_iter=27207/36796, batch_size=4, time_cost(epoch): 15:31:02/5:28:07, time_cost(all): 21:43:48/68:25:31, loss=1.1418795585632324, d_time=0.25(0.25), f_time=1.50(1.80), b_time=1.75(2.05), lr=0.005869366133043193
/bin/sh: line 1: gpustat: command not found
2026-03-11 15:44:20,379   INFO  
2026-03-11 15:46:04,690   INFO  epoch: 2/6, acc_iter=100850, cur_iter=27257/36796, batch_size=4, time_cost(epoch): 15:32:46/5:26:25, time_cost(all): 21:45:32/68:23:57, loss=1.4449222087860107, d_time=0.24(0.25), f_time=1.90(1.80), b_time=2.14(2.05), lr=0.00586832578276366
2026-03-11 15:47:51,450   INFO  epoch: 2/6, acc_iter=100900, cur_iter=27307/36796, batch_size=4, time_cost(epoch): 15:34:33/5:24:44, time_cost(all): 21:47:19/68:22:32, loss=1.6905218362808228, d_time=0.27(0.25), f_time=1.83(1.80), b_time=2.10(2.05), lr=0.005867281399237376
2026-03-11 15:48:18,720   INFO  Save latest model to /storage/project/r-gchou3-0/spanse30/MSF/output/cfgs/waymo_models/msf_8frames/default/ckpt/latest_model
2026-03-11 15:49:32,700   INFO  epoch: 2/6, acc_iter=100950, cur_iter=27357/36796, batch_size=4, time_cost(epoch): 15:36:14/5:23:01, time_cost(all): 21:49:00/68:20:43, loss=1.650935411453247, d_time=0.25(0.25), f_time=2.14(1.80), b_time=2.39(2.05), lr=0.005866232983932898
/bin/sh: line 1: gpustat: command not found
2026-03-11 15:49:32,973   INFO  
2026-03-11 15:51:16,443   INFO  epoch: 2/6, acc_iter=101000, cur_iter=27407/36796, batch_size=4, time_cost(epoch): 15:37:58/5:21:19, time_cost(all): 21:50:44/68:19:05, loss=1.5338551998138428, d_time=0.25(0.25), f_time=1.68(1.80), b_time=1.93(2.05), lr=0.005865180538324449
2026-03-11 15:52:56,765   INFO  epoch: 2/6, acc_iter=101050, cur_iter=27457/36796, batch_size=4, time_cost(epoch): 15:39:38/5:19:35, time_cost(all): 21:52:24/68:17:12, loss=1.1318280696868896, d_time=0.26(0.25), f_time=0.84(1.80), b_time=1.10(2.05), lr=0.005864124063891924
2026-03-11 15:53:18,811   INFO  Save latest model to /storage/project/r-gchou3-0/spanse30/MSF/output/cfgs/waymo_models/msf_8frames/default/ckpt/latest_model
2026-03-11 15:54:39,934   INFO  epoch: 2/6, acc_iter=101100, cur_iter=27507/36796, batch_size=4, time_cost(epoch): 15:41:22/5:17:53, time_cost(all): 21:54:08/68:15:32, loss=1.115143060684204, d_time=0.27(0.25), f_time=1.39(1.80), b_time=1.66(2.05), lr=0.0058630635621208845
/bin/sh: line 1: gpustat: command not found
2026-03-11 15:54:40,215   INFO  
2026-03-11 15:56:25,185   INFO  epoch: 2/6, acc_iter=101150, cur_iter=27557/36796, batch_size=4, time_cost(epoch): 15:43:07/5:16:11, time_cost(all): 21:55:53/68:14:00, loss=1.6333563327789307, d_time=0.24(0.25), f_time=1.72(1.80), b_time=1.96(2.05), lr=0.00586199903450255
2026-03-11 15:58:07,542   INFO  epoch: 2/6, acc_iter=101200, cur_iter=27607/36796, batch_size=4, time_cost(epoch): 15:44:49/5:14:28, time_cost(all): 21:57:35/68:12:16, loss=1.668304443359375, d_time=0.25(0.25), f_time=2.12(1.80), b_time=2.37(2.05), lr=0.005860930482533803
2026-03-11 15:58:19,575   INFO  Save latest model to /storage/project/r-gchou3-0/spanse30/MSF/output/cfgs/waymo_models/msf_8frames/default/ckpt/latest_model
2026-03-11 15:59:51,616   INFO  epoch: 2/6, acc_iter=101250, cur_iter=27657/36796, batch_size=4, time_cost(epoch): 15:46:33/5:12:46, time_cost(all): 21:59:19/68:10:40, loss=1.6322314739227295, d_time=0.25(0.25), f_time=2.12(1.80), b_time=2.37(2.05), lr=0.005859857907717186
/bin/sh: line 1: gpustat: command not found
2026-03-11 15:59:51,886   INFO  
2026-03-11 16:01:37,150   INFO  epoch: 2/6, acc_iter=101300, cur_iter=27707/36796, batch_size=4, time_cost(epoch): 15:48:19/5:11:04, time_cost(all): 22:01:05/68:09:09, loss=1.2066595554351807, d_time=0.24(0.25), f_time=1.23(1.80), b_time=1.47(2.05), lr=0.005858781311560897
2026-03-11 16:03:18,018   INFO  Save latest model to /storage/project/r-gchou3-0/spanse30/MSF/output/cfgs/waymo_models/msf_8frames/default/ckpt/latest_model
2026-03-11 16:03:21,532   INFO  epoch: 2/6, acc_iter=101350, cur_iter=27757/36796, batch_size=4, time_cost(epoch): 15:50:03/5:09:22, time_cost(all): 22:02:49/68:07:34, loss=1.6713154315948486, d_time=0.36(0.25), f_time=3.26(1.80), b_time=3.62(2.05), lr=0.00585770069557879
2026-03-11 16:05:02,270   INFO  epoch: 2/6, acc_iter=101400, cur_iter=27807/36796, batch_size=4, time_cost(epoch): 15:51:44/5:07:39, time_cost(all): 22:04:30/68:05:43, loss=1.1333370208740234, d_time=0.25(0.25), f_time=1.81(1.80), b_time=2.05(2.05), lr=0.005856616061290369
/bin/sh: line 1: gpustat: command not found
2026-03-11 16:05:02,535   INFO  
2026-03-11 16:06:42,235   INFO  epoch: 2/6, acc_iter=101450, cur_iter=27857/36796, batch_size=4, time_cost(epoch): 15:53:24/5:05:55, time_cost(all): 22:06:10/68:03:49, loss=1.5414717197418213, d_time=0.25(0.25), f_time=2.00(1.80), b_time=2.25(2.05), lr=0.005855527410220791
2026-03-11 16:08:19,573   INFO  Save latest model to /storage/project/r-gchou3-0/spanse30/MSF/output/cfgs/waymo_models/msf_8frames/default/ckpt/latest_model
2026-03-11 16:08:26,024   INFO  epoch: 2/6, acc_iter=101500, cur_iter=27907/36796, batch_size=4, time_cost(epoch): 15:55:08/5:04:13, time_cost(all): 22:07:54/68:02:11, loss=1.7136492729187012, d_time=0.25(0.25), f_time=2.11(1.80), b_time=2.36(2.05), lr=0.005854434743900857
2026-03-11 16:10:09,582   INFO  epoch: 2/6, acc_iter=101550, cur_iter=27957/36796, batch_size=4, time_cost(epoch): 15:56:51/5:02:30, time_cost(all): 22:09:37/68:00:32, loss=1.3543438911437988, d_time=0.25(0.25), f_time=1.80(1.80), b_time=2.05(2.05), lr=0.005853338063867021
/bin/sh: line 1: gpustat: command not found
2026-03-11 16:10:09,847   INFO  
2026-03-11 16:11:55,205   INFO  epoch: 2/6, acc_iter=101600, cur_iter=28007/36796, batch_size=4, time_cost(epoch): 15:58:37/5:00:49, time_cost(all): 22:11:23/67:59:02, loss=1.7258864641189575, d_time=0.25(0.25), f_time=2.97(1.80), b_time=3.22(2.05), lr=0.005852237371661373
2026-03-11 16:13:19,071   INFO  Save latest model to /storage/project/r-gchou3-0/spanse30/MSF/output/cfgs/waymo_models/msf_8frames/default/ckpt/latest_model
2026-03-11 16:13:37,537   INFO  epoch: 2/6, acc_iter=101650, cur_iter=28057/36796, batch_size=4, time_cost(epoch): 16:00:19/4:59:06, time_cost(all): 22:13:05/67:57:18, loss=1.7314199209213257, d_time=0.25(0.25), f_time=1.46(1.80), b_time=1.71(2.05), lr=0.005851132668831653
2026-03-11 16:15:18,338   INFO  epoch: 2/6, acc_iter=101700, cur_iter=28107/36796, batch_size=4, time_cost(epoch): 16:02:00/4:57:23, time_cost(all): 22:14:46/67:55:27, loss=1.1950297355651855, d_time=0.24(0.25), f_time=1.33(1.80), b_time=1.57(2.05), lr=0.005850023956931231
/bin/sh: line 1: gpustat: command not found
2026-03-11 16:15:18,601   INFO  
2026-03-11 16:16:59,237   INFO  epoch: 2/6, acc_iter=101750, cur_iter=28157/36796, batch_size=4, time_cost(epoch): 16:03:41/4:55:39, time_cost(all): 22:16:27/67:53:37, loss=1.2645167112350464, d_time=0.25(0.25), f_time=2.32(1.80), b_time=2.57(2.05), lr=0.0058489112375191225
2026-03-11 16:18:18,739   INFO  Save latest model to /storage/project/r-gchou3-0/spanse30/MSF/output/cfgs/waymo_models/msf_8frames/default/ckpt/latest_model
2026-03-11 16:18:41,215   INFO  epoch: 2/6, acc_iter=101800, cur_iter=28207/36796, batch_size=4, time_cost(epoch): 16:05:23/4:53:56, time_cost(all): 22:18:09/67:51:51, loss=1.3582371473312378, d_time=0.25(0.25), f_time=1.40(1.80), b_time=1.65(2.05), lr=0.005847794512159974
2026-03-11 16:20:23,893   INFO  epoch: 2/6, acc_iter=101850, cur_iter=28257/36796, batch_size=4, time_cost(epoch): 16:07:06/4:52:14, time_cost(all): 22:19:51/67:50:09, loss=1.3557300567626953, d_time=0.25(0.25), f_time=1.78(1.80), b_time=2.03(2.05), lr=0.005846673782424067
/bin/sh: line 1: gpustat: command not found
2026-03-11 16:20:24,161   INFO  
2026-03-11 16:22:08,326   INFO  epoch: 2/6, acc_iter=101900, cur_iter=28307/36796, batch_size=4, time_cost(epoch): 16:08:50/4:50:32, time_cost(all): 22:21:36/67:48:33, loss=1.4351197481155396, d_time=0.25(0.25), f_time=2.56(1.80), b_time=2.81(2.05), lr=0.0058455490498873115
2026-03-11 16:23:19,674   INFO  Save latest model to /storage/project/r-gchou3-0/spanse30/MSF/output/cfgs/waymo_models/msf_8frames/default/ckpt/latest_model
2026-03-11 16:23:51,858   INFO  epoch: 2/6, acc_iter=101950, cur_iter=28357/36796, batch_size=4, time_cost(epoch): 16:10:33/4:48:49, time_cost(all): 22:23:19/67:46:54, loss=1.2050371170043945, d_time=0.25(0.25), f_time=1.78(1.80), b_time=2.02(2.05), lr=0.005844420316131248
2026-03-11 16:25:37,871   INFO  epoch: 2/6, acc_iter=102000, cur_iter=28407/36796, batch_size=4, time_cost(epoch): 16:12:19/4:47:08, time_cost(all): 22:25:05/67:45:25, loss=1.7041401863098145, d_time=0.25(0.25), f_time=1.65(1.80), b_time=1.90(2.05), lr=0.005843287582743043
/bin/sh: line 1: gpustat: command not found
2026-03-11 16:25:38,134   INFO  
2026-03-11 16:27:20,070   INFO  epoch: 2/6, acc_iter=102050, cur_iter=28457/36796, batch_size=4, time_cost(epoch): 16:14:02/4:45:25, time_cost(all): 22:26:48/67:43:41, loss=1.0699048042297363, d_time=0.25(0.25), f_time=1.28(1.80), b_time=1.53(2.05), lr=0.005842150851315486
2026-03-11 16:28:20,557   INFO  Save latest model to /storage/project/r-gchou3-0/spanse30/MSF/output/cfgs/waymo_models/msf_8frames/default/ckpt/latest_model
2026-03-11 16:29:05,996   INFO  epoch: 2/6, acc_iter=102100, cur_iter=28507/36796, batch_size=4, time_cost(epoch): 16:15:48/4:43:43, time_cost(all): 22:28:34/67:42:12, loss=1.5230398178100586, d_time=0.25(0.25), f_time=2.07(1.80), b_time=2.32(2.05), lr=0.0058410101234469885
2026-03-11 16:30:52,516   INFO  epoch: 2/6, acc_iter=102150, cur_iter=28557/36796, batch_size=4, time_cost(epoch): 16:17:34/4:42:01, time_cost(all): 22:30:20/67:40:45, loss=1.4792650938034058, d_time=0.24(0.25), f_time=1.59(1.80), b_time=1.84(2.05), lr=0.005839865400741583
/bin/sh: line 1: gpustat: command not found
2026-03-11 16:30:52,780   INFO  
2026-03-11 16:32:39,376   INFO  epoch: 2/6, acc_iter=102200, cur_iter=28607/36796, batch_size=4, time_cost(epoch): 16:19:21/4:40:20, time_cost(all): 22:32:07/67:39:19, loss=1.5347793102264404, d_time=0.24(0.25), f_time=1.56(1.80), b_time=1.80(2.05), lr=0.005838716684808917
2026-03-11 16:33:19,703   INFO  Save latest model to /storage/project/r-gchou3-0/spanse30/MSF/output/cfgs/waymo_models/msf_8frames/default/ckpt/latest_model
2026-03-11 16:34:22,660   INFO  epoch: 2/6, acc_iter=102250, cur_iter=28657/36796, batch_size=4, time_cost(epoch): 16:21:04/4:38:37, time_cost(all): 22:33:50/67:37:39, loss=1.5276857614517212, d_time=0.25(0.25), f_time=1.88(1.80), b_time=2.13(2.05), lr=0.005837563977264257
2026-03-11 16:36:01,662   INFO  epoch: 2/6, acc_iter=102300, cur_iter=28707/36796, batch_size=4, time_cost(epoch): 16:22:43/4:36:54, time_cost(all): 22:35:29/67:35:41, loss=1.6213760375976562, d_time=0.24(0.25), f_time=2.31(1.80), b_time=2.55(2.05), lr=0.005836407279728477
/bin/sh: line 1: gpustat: command not found
2026-03-11 16:36:01,920   INFO  
2026-03-11 16:37:46,290   INFO  epoch: 2/6, acc_iter=102350, cur_iter=28757/36796, batch_size=4, time_cost(epoch): 16:24:28/4:35:11, time_cost(all): 22:37:14/67:34:06, loss=1.2042295932769775, d_time=0.25(0.25), f_time=1.77(1.80), b_time=2.02(2.05), lr=0.005835246593828066
2026-03-11 16:38:18,628   INFO  Save latest model to /storage/project/r-gchou3-0/spanse30/MSF/output/cfgs/waymo_models/msf_8frames/default/ckpt/latest_model
2026-03-11 16:39:33,384   INFO  epoch: 2/6, acc_iter=102400, cur_iter=28807/36796, batch_size=4, time_cost(epoch): 16:26:15/4:33:30, time_cost(all): 22:39:01/67:32:42, loss=1.2785567045211792, d_time=0.25(0.25), f_time=1.95(1.80), b_time=2.20(2.05), lr=0.005834081921195119
2026-03-11 16:41:15,063   INFO  epoch: 2/6, acc_iter=102450, cur_iter=28857/36796, batch_size=4, time_cost(epoch): 16:27:57/4:31:47, time_cost(all): 22:40:43/67:30:55, loss=1.4178612232208252, d_time=0.25(0.25), f_time=2.36(1.80), b_time=2.61(2.05), lr=0.005832913263467338
/bin/sh: line 1: gpustat: command not found
2026-03-11 16:41:15,331   INFO  
2026-03-11 16:42:57,384   INFO  epoch: 2/6, acc_iter=102500, cur_iter=28907/36796, batch_size=4, time_cost(epoch): 16:29:39/4:30:04, time_cost(all): 22:42:25/67:29:11, loss=1.2815144062042236, d_time=0.25(0.25), f_time=1.57(1.80), b_time=1.82(2.05), lr=0.005831740622288026
2026-03-11 16:43:19,198   INFO  Save latest model to /storage/project/r-gchou3-0/spanse30/MSF/output/cfgs/waymo_models/msf_8frames/default/ckpt/latest_model
2026-03-11 16:44:39,210   INFO  epoch: 2/6, acc_iter=102550, cur_iter=28957/36796, batch_size=4, time_cost(epoch): 16:31:21/4:28:21, time_cost(all): 22:44:07/67:27:24, loss=1.37684166431427, d_time=0.24(0.25), f_time=1.28(1.80), b_time=1.52(2.05), lr=0.005830563999306092
2026-03-11 16:46:20,583   INFO  epoch: 2/6, acc_iter=102600, cur_iter=29007/36796, batch_size=4, time_cost(epoch): 16:33:02/4:26:38, time_cost(all): 22:45:48/67:25:36, loss=1.2667189836502075, d_time=0.25(0.25), f_time=1.38(1.80), b_time=1.63(2.05), lr=0.0058293833961760395
/bin/sh: line 1: gpustat: command not found
2026-03-11 16:46:20,846   INFO  
2026-03-11 16:48:02,737   INFO  epoch: 2/6, acc_iter=102650, cur_iter=29057/36796, batch_size=4, time_cost(epoch): 16:34:44/4:24:55, time_cost(all): 22:47:30/67:23:51, loss=1.5355483293533325, d_time=0.24(0.25), f_time=1.76(1.80), b_time=2.00(2.05), lr=0.005828198814557972
2026-03-11 16:48:19,663   INFO  Save latest model to /storage/project/r-gchou3-0/spanse30/MSF/output/cfgs/waymo_models/msf_8frames/default/ckpt/latest_model
2026-03-11 16:49:44,122   INFO  epoch: 2/6, acc_iter=102700, cur_iter=29107/36796, batch_size=4, time_cost(epoch): 16:36:26/4:23:12, time_cost(all): 22:49:12/67:22:03, loss=1.4778523445129395, d_time=0.25(0.25), f_time=1.76(1.80), b_time=2.01(2.05), lr=0.005827010256117586
2026-03-11 16:51:25,782   INFO  epoch: 2/6, acc_iter=102750, cur_iter=29157/36796, batch_size=4, time_cost(epoch): 16:38:07/4:21:29, time_cost(all): 22:50:53/67:20:16, loss=1.127467393875122, d_time=0.25(0.25), f_time=1.45(1.80), b_time=1.70(2.05), lr=0.005825817722526168
/bin/sh: line 1: gpustat: command not found
2026-03-11 16:51:26,076   INFO  
2026-03-11 16:53:09,124   INFO  epoch: 2/6, acc_iter=102800, cur_iter=29207/36796, batch_size=4, time_cost(epoch): 16:39:51/4:19:47, time_cost(all): 22:52:37/67:18:36, loss=1.4494329690933228, d_time=0.24(0.25), f_time=1.23(1.80), b_time=1.48(2.05), lr=0.005824621215460597
2026-03-11 16:53:19,413   INFO  Save latest model to /storage/project/r-gchou3-0/spanse30/MSF/output/cfgs/waymo_models/msf_8frames/default/ckpt/latest_model
2026-03-11 16:54:49,651   INFO  epoch: 2/6, acc_iter=102850, cur_iter=29257/36796, batch_size=4, time_cost(epoch): 16:41:31/4:18:04, time_cost(all): 22:54:17/67:16:45, loss=1.648182988166809, d_time=0.25(0.25), f_time=2.03(1.80), b_time=2.28(2.05), lr=0.005823420736603338
2026-03-11 16:56:34,043   INFO  epoch: 2/6, acc_iter=102900, cur_iter=29307/36796, batch_size=4, time_cost(epoch): 16:43:16/4:16:21, time_cost(all): 22:56:02/67:15:09, loss=1.2119017839431763, d_time=0.25(0.25), f_time=2.10(1.80), b_time=2.35(2.05), lr=0.005822216287642444
/bin/sh: line 1: gpustat: command not found
2026-03-11 16:56:34,305   INFO  
2026-03-11 16:58:15,580   INFO  epoch: 2/6, acc_iter=102950, cur_iter=29357/36796, batch_size=4, time_cost(epoch): 16:44:57/4:14:38, time_cost(all): 22:57:43/67:13:22, loss=1.2481639385223389, d_time=0.25(0.25), f_time=1.45(1.80), b_time=1.70(2.05), lr=0.005821007870271544
2026-03-11 16:58:20,203   INFO  Save latest model to /storage/project/r-gchou3-0/spanse30/MSF/output/cfgs/waymo_models/msf_8frames/default/ckpt/latest_model
2026-03-11 17:00:01,562   INFO  epoch: 2/6, acc_iter=103000, cur_iter=29407/36796, batch_size=4, time_cost(epoch): 16:46:43/4:12:56, time_cost(all): 22:59:29/67:11:52, loss=1.2019708156585693, d_time=0.25(0.25), f_time=1.58(1.80), b_time=1.83(2.05), lr=0.005819795486189853
2026-03-11 17:01:45,556   INFO  epoch: 2/6, acc_iter=103050, cur_iter=29457/36796, batch_size=4, time_cost(epoch): 16:48:27/4:11:14, time_cost(all): 23:01:13/67:10:15, loss=1.465820074081421, d_time=0.25(0.25), f_time=2.31(1.80), b_time=2.56(2.05), lr=0.00581857913710216
/bin/sh: line 1: gpustat: command not found
2026-03-11 17:01:45,814   INFO  
2026-03-11 17:03:18,882   INFO  Save latest model to /storage/project/r-gchou3-0/spanse30/MSF/output/cfgs/waymo_models/msf_8frames/default/ckpt/latest_model
2026-03-11 17:03:26,512   INFO  epoch: 2/6, acc_iter=103100, cur_iter=29507/36796, batch_size=4, time_cost(epoch): 16:50:08/4:09:31, time_cost(all): 23:02:54/67:08:25, loss=1.3857016563415527, d_time=0.25(0.25), f_time=1.66(1.80), b_time=1.91(2.05), lr=0.005817358824718834
2026-03-11 17:05:12,900   INFO  epoch: 2/6, acc_iter=103150, cur_iter=29557/36796, batch_size=4, time_cost(epoch): 16:51:55/4:07:49, time_cost(all): 23:04:40/67:06:57, loss=1.3291735649108887, d_time=0.25(0.25), f_time=2.55(1.80), b_time=2.80(2.05), lr=0.005816134550755812
2026-03-11 17:06:54,214   INFO  epoch: 2/6, acc_iter=103200, cur_iter=29607/36796, batch_size=4, time_cost(epoch): 16:53:36/4:06:06, time_cost(all): 23:06:22/67:05:09, loss=1.5088921785354614, d_time=0.25(0.25), f_time=2.19(1.80), b_time=2.44(2.05), lr=0.005814906316934605
/bin/sh: line 1: gpustat: command not found
2026-03-11 17:06:54,476   INFO  
2026-03-11 17:08:18,801   INFO  Save latest model to /storage/project/r-gchou3-0/spanse30/MSF/output/cfgs/waymo_models/msf_8frames/default/ckpt/latest_model
2026-03-11 17:08:35,844   INFO  epoch: 2/6, acc_iter=103250, cur_iter=29657/36796, batch_size=4, time_cost(epoch): 16:55:17/4:04:23, time_cost(all): 23:08:03/67:03:22, loss=1.2710425853729248, d_time=0.25(0.25), f_time=1.68(1.80), b_time=1.93(2.05), lr=0.00581367412498229
2026-03-11 17:10:18,162   INFO  epoch: 2/6, acc_iter=103300, cur_iter=29707/36796, batch_size=4, time_cost(epoch): 16:57:00/4:02:40, time_cost(all): 23:09:46/67:01:37, loss=1.561933159828186, d_time=0.25(0.25), f_time=2.17(1.80), b_time=2.42(2.05), lr=0.00581243797663151
2026-03-11 17:11:59,291   INFO  epoch: 2/6, acc_iter=103350, cur_iter=29757/36796, batch_size=4, time_cost(epoch): 16:58:41/4:00:57, time_cost(all): 23:11:27/66:59:49, loss=1.6985273361206055, d_time=0.25(0.25), f_time=1.92(1.80), b_time=2.17(2.05), lr=0.0058111978736204726
/bin/sh: line 1: gpustat: command not found
2026-03-11 17:11:59,551   INFO  
2026-03-11 17:13:18,536   INFO  Save latest model to /storage/project/r-gchou3-0/spanse30/MSF/output/cfgs/waymo_models/msf_8frames/default/ckpt/latest_model
2026-03-11 17:13:43,528   INFO  epoch: 2/6, acc_iter=103400, cur_iter=29807/36796, batch_size=4, time_cost(epoch): 17:00:25/3:59:15, time_cost(all): 23:13:11/66:58:12, loss=1.2534589767456055, d_time=0.25(0.25), f_time=2.20(1.80), b_time=2.45(2.05), lr=0.005809953817692946
2026-03-11 17:15:28,931   INFO  epoch: 2/6, acc_iter=103450, cur_iter=29857/36796, batch_size=4, time_cost(epoch): 17:02:11/3:57:33, time_cost(all): 23:14:56/66:56:40, loss=1.1580150127410889, d_time=0.24(0.25), f_time=1.35(1.80), b_time=1.59(2.05), lr=0.005808705810598255
2026-03-11 17:17:14,062   INFO  epoch: 2/6, acc_iter=103500, cur_iter=29907/36796, batch_size=4, time_cost(epoch): 17:03:56/3:55:51, time_cost(all): 23:16:42/66:55:07, loss=1.4359846115112305, d_time=0.25(0.25), f_time=2.62(1.80), b_time=2.87(2.05), lr=0.005807453854091283
/bin/sh: line 1: gpustat: command not found
2026-03-11 17:17:14,320   INFO  
2026-03-11 17:18:18,584   INFO  Save latest model to /storage/project/r-gchou3-0/spanse30/MSF/output/cfgs/waymo_models/msf_8frames/default/ckpt/latest_model
2026-03-11 17:18:57,333   INFO  epoch: 2/6, acc_iter=103550, cur_iter=29957/36796, batch_size=4, time_cost(epoch): 17:05:39/3:54:08, time_cost(all): 23:18:25/66:53:26, loss=0.9932279586791992, d_time=0.25(0.25), f_time=1.71(1.80), b_time=1.96(2.05), lr=0.005806197949932463
2026-03-11 17:20:42,944   INFO  epoch: 2/6, acc_iter=103600, cur_iter=30007/36796, batch_size=4, time_cost(epoch): 17:07:25/3:52:26, time_cost(all): 23:20:11/66:51:55, loss=1.3822190761566162, d_time=0.25(0.25), f_time=2.68(1.80), b_time=2.93(2.05), lr=0.0058049380998877855
2026-03-11 17:22:26,961   INFO  epoch: 2/6, acc_iter=103650, cur_iter=30057/36796, batch_size=4, time_cost(epoch): 17:09:09/3:50:44, time_cost(all): 23:21:55/66:50:17, loss=1.940230131149292, d_time=0.25(0.25), f_time=1.79(1.80), b_time=2.04(2.05), lr=0.005803674305728781
/bin/sh: line 1: gpustat: command not found
2026-03-11 17:22:27,221   INFO  
2026-03-11 17:23:19,410   INFO  Save latest model to /storage/project/r-gchou3-0/spanse30/MSF/output/cfgs/waymo_models/msf_8frames/default/ckpt/latest_model
2026-03-11 17:24:10,037   INFO  epoch: 2/6, acc_iter=103700, cur_iter=30107/36796, batch_size=4, time_cost(epoch): 17:10:52/3:49:01, time_cost(all): 23:23:38/66:48:36, loss=1.535393476486206, d_time=0.25(0.25), f_time=2.22(1.80), b_time=2.47(2.05), lr=0.005802406569232533
2026-03-11 17:25:54,066   INFO  epoch: 2/6, acc_iter=103750, cur_iter=30157/36796, batch_size=4, time_cost(epoch): 17:12:36/3:47:19, time_cost(all): 23:25:22/66:46:58, loss=1.2997773885726929, d_time=0.25(0.25), f_time=1.77(1.80), b_time=2.02(2.05), lr=0.005801134892181665
2026-03-11 17:27:33,681   INFO  epoch: 2/6, acc_iter=103800, cur_iter=30207/36796, batch_size=4, time_cost(epoch): 17:14:15/3:45:35, time_cost(all): 23:27:01/66:45:03, loss=1.419349193572998, d_time=0.25(0.25), f_time=2.18(1.80), b_time=2.43(2.05), lr=0.005799859276364343
/bin/sh: line 1: gpustat: command not found
2026-03-11 17:27:33,947   INFO  
2026-03-11 17:28:18,910   INFO  Save latest model to /storage/project/r-gchou3-0/spanse30/MSF/output/cfgs/waymo_models/msf_8frames/default/ckpt/latest_model
2026-03-11 17:29:17,587   INFO  epoch: 2/6, acc_iter=103850, cur_iter=30257/36796, batch_size=4, time_cost(epoch): 17:15:59/3:43:53, time_cost(all): 23:28:45/66:43:25, loss=1.2632759809494019, d_time=0.27(0.25), f_time=1.36(1.80), b_time=1.63(2.05), lr=0.005798579723574271
2026-03-11 17:31:02,038   INFO  epoch: 2/6, acc_iter=103900, cur_iter=30307/36796, batch_size=4, time_cost(epoch): 17:17:44/3:42:10, time_cost(all): 23:30:30/66:41:49, loss=1.4932010173797607, d_time=0.25(0.25), f_time=2.58(1.80), b_time=2.83(2.05), lr=0.005797296235610688
2026-03-11 17:32:42,859   INFO  epoch: 2/6, acc_iter=103950, cur_iter=30357/36796, batch_size=4, time_cost(epoch): 17:19:24/3:40:27, time_cost(all): 23:32:10/66:39:59, loss=1.6657466888427734, d_time=0.24(0.25), f_time=2.50(1.80), b_time=2.74(2.05), lr=0.005796008814278367
/bin/sh: line 1: gpustat: command not found
2026-03-11 17:32:43,121   INFO  
2026-03-11 17:33:19,065   INFO  Save latest model to /storage/project/r-gchou3-0/spanse30/MSF/output/cfgs/waymo_models/msf_8frames/default/ckpt/latest_model
2026-03-11 17:34:22,718   INFO  epoch: 2/6, acc_iter=104000, cur_iter=30407/36796, batch_size=4, time_cost(epoch): 17:21:04/3:38:44, time_cost(all): 23:33:50/66:38:06, loss=1.7704734802246094, d_time=0.25(0.25), f_time=1.87(1.80), b_time=2.12(2.05), lr=0.005794717461387614
2026-03-11 17:36:03,132   INFO  epoch: 2/6, acc_iter=104050, cur_iter=30457/36796, batch_size=4, time_cost(epoch): 17:22:45/3:37:01, time_cost(all): 23:35:31/66:36:14, loss=1.568993330001831, d_time=0.25(0.25), f_time=1.29(1.80), b_time=1.54(2.05), lr=0.005793422178754261
2026-03-11 17:37:48,443   INFO  epoch: 2/6, acc_iter=104100, cur_iter=30507/36796, batch_size=4, time_cost(epoch): 17:24:30/3:35:19, time_cost(all): 23:37:16/66:34:41, loss=1.294161319732666, d_time=0.25(0.25), f_time=1.66(1.80), b_time=1.90(2.05), lr=0.005792122968199665
/bin/sh: line 1: gpustat: command not found
2026-03-11 17:37:48,710   INFO  
2026-03-11 17:38:20,079   INFO  Save latest model to /storage/project/r-gchou3-0/spanse30/MSF/output/cfgs/waymo_models/msf_8frames/default/ckpt/latest_model
2026-03-11 17:39:31,045   INFO  epoch: 2/6, acc_iter=104150, cur_iter=30557/36796, batch_size=4, time_cost(epoch): 17:26:13/3:33:36, time_cost(all): 23:38:59/66:32:58, loss=1.1615885496139526, d_time=0.25(0.25), f_time=1.27(1.80), b_time=1.52(2.05), lr=0.0057908198315507085
2026-03-11 17:41:14,537   INFO  epoch: 2/6, acc_iter=104200, cur_iter=30607/36796, batch_size=4, time_cost(epoch): 17:27:56/3:31:53, time_cost(all): 23:40:42/66:31:18, loss=1.1914526224136353, d_time=0.25(0.25), f_time=1.41(1.80), b_time=1.66(2.05), lr=0.005789512770639794
2026-03-11 17:42:55,962   INFO  epoch: 2/6, acc_iter=104250, cur_iter=30657/36796, batch_size=4, time_cost(epoch): 17:29:38/3:30:10, time_cost(all): 23:42:24/66:29:31, loss=1.3106811046600342, d_time=0.24(0.25), f_time=1.19(1.80), b_time=1.43(2.05), lr=0.005788201787304842
/bin/sh: line 1: gpustat: command not found
2026-03-11 17:42:56,230   INFO  
2026-03-11 17:43:19,645   INFO  Save latest model to /storage/project/r-gchou3-0/spanse30/MSF/output/cfgs/waymo_models/msf_8frames/default/ckpt/latest_model
2026-03-11 17:44:40,098   INFO  epoch: 2/6, acc_iter=104300, cur_iter=30707/36796, batch_size=4, time_cost(epoch): 17:31:22/3:28:28, time_cost(all): 23:44:08/66:27:54, loss=1.0353057384490967, d_time=0.25(0.25), f_time=0.74(1.80), b_time=0.99(2.05), lr=0.005786886883389287
2026-03-11 17:46:23,314   INFO  epoch: 2/6, acc_iter=104350, cur_iter=30757/36796, batch_size=4, time_cost(epoch): 17:33:05/3:26:45, time_cost(all): 23:45:51/66:26:13, loss=1.663461685180664, d_time=0.25(0.25), f_time=1.95(1.80), b_time=2.19(2.05), lr=0.005785568060742079
2026-03-11 17:48:06,059   INFO  epoch: 2/6, acc_iter=104400, cur_iter=30807/36796, batch_size=4, time_cost(epoch): 17:34:48/3:25:03, time_cost(all): 23:47:34/66:24:30, loss=1.2664220333099365, d_time=0.25(0.25), f_time=1.52(1.80), b_time=1.77(2.05), lr=0.005784245321217677
/bin/sh: line 1: gpustat: command not found
2026-03-11 17:48:06,323   INFO  
2026-03-11 17:48:18,450   INFO  Save latest model to /storage/project/r-gchou3-0/spanse30/MSF/output/cfgs/waymo_models/msf_8frames/default/ckpt/latest_model
2026-03-11 17:49:50,435   INFO  epoch: 2/6, acc_iter=104450, cur_iter=30857/36796, batch_size=4, time_cost(epoch): 17:36:32/3:23:20, time_cost(all): 23:49:18/66:22:54, loss=1.243359088897705, d_time=0.25(0.25), f_time=1.53(1.80), b_time=1.78(2.05), lr=0.0057829186666760474
2026-03-11 17:51:34,955   INFO  epoch: 2/6, acc_iter=104500, cur_iter=30907/36796, batch_size=4, time_cost(epoch): 17:38:17/3:21:38, time_cost(all): 23:51:03/66:21:18, loss=1.3373700380325317, d_time=0.24(0.25), f_time=1.78(1.80), b_time=2.02(2.05), lr=0.005781588098982663
2026-03-11 17:53:16,666   INFO  epoch: 2/6, acc_iter=104550, cur_iter=30957/36796, batch_size=4, time_cost(epoch): 17:39:58/3:19:55, time_cost(all): 23:52:44/66:19:31, loss=1.1087952852249146, d_time=0.25(0.25), f_time=1.50(1.80), b_time=1.75(2.05), lr=0.005780253620008497
/bin/sh: line 1: gpustat: command not found
2026-03-11 17:53:16,991   INFO  
2026-03-11 17:53:18,724   INFO  Save latest model to /storage/project/r-gchou3-0/spanse30/MSF/output/cfgs/waymo_models/msf_8frames/default/ckpt/latest_model
2026-03-11 17:54:56,740   INFO  epoch: 2/6, acc_iter=104600, cur_iter=31007/36796, batch_size=4, time_cost(epoch): 17:41:38/3:18:12, time_cost(all): 23:54:24/66:17:39, loss=2.0161218643188477, d_time=0.25(0.25), f_time=2.30(1.80), b_time=2.55(2.05), lr=0.005778915231630023
2026-03-11 17:56:38,314   INFO  epoch: 2/6, acc_iter=104650, cur_iter=31057/36796, batch_size=4, time_cost(epoch): 17:43:20/3:16:29, time_cost(all): 23:56:06/66:15:52, loss=1.231351613998413, d_time=0.25(0.25), f_time=1.12(1.80), b_time=1.37(2.05), lr=0.005777572935729214
2026-03-11 17:58:19,126   INFO  Save latest model to /storage/project/r-gchou3-0/spanse30/MSF/output/cfgs/waymo_models/msf_8frames/default/ckpt/latest_model
2026-03-11 17:58:25,451   INFO  epoch: 2/6, acc_iter=104700, cur_iter=31107/36796, batch_size=4, time_cost(epoch): 17:45:07/3:14:47, time_cost(all): 23:57:53/66:14:25, loss=1.7462443113327026, d_time=0.25(0.25), f_time=2.27(1.80), b_time=2.52(2.05), lr=0.005776226734193536
/bin/sh: line 1: gpustat: command not found
2026-03-11 17:58:25,771   INFO  
2026-03-11 18:00:10,152   INFO  epoch: 2/6, acc_iter=104750, cur_iter=31157/36796, batch_size=4, time_cost(epoch): 17:46:52/3:13:04, time_cost(all): 23:59:38/66:12:50, loss=1.289052963256836, d_time=0.24(0.25), f_time=1.34(1.80), b_time=1.58(2.05), lr=0.0057748766289159445
2026-03-11 18:01:52,635   INFO  epoch: 2/6, acc_iter=104800, cur_iter=31207/36796, batch_size=4, time_cost(epoch): 17:48:34/3:11:22, time_cost(all): 24:01:20/66:11:06, loss=1.6350717544555664, d_time=0.25(0.25), f_time=2.58(1.80), b_time=2.83(2.05), lr=0.0057735226217948896
2026-03-11 18:03:19,503   INFO  Save latest model to /storage/project/r-gchou3-0/spanse30/MSF/output/cfgs/waymo_models/msf_8frames/default/ckpt/latest_model
2026-03-11 18:03:38,622   INFO  epoch: 2/6, acc_iter=104850, cur_iter=31257/36796, batch_size=4, time_cost(epoch): 17:50:20/3:09:40, time_cost(all): 24:03:06/66:09:36, loss=1.6704844236373901, d_time=0.25(0.25), f_time=1.49(1.80), b_time=1.74(2.05), lr=0.005772164714734303
/bin/sh: line 1: gpustat: command not found
2026-03-11 18:03:38,886   INFO  
2026-03-11 18:05:22,742   INFO  epoch: 2/6, acc_iter=104900, cur_iter=31307/36796, batch_size=4, time_cost(epoch): 17:52:04/3:07:57, time_cost(all): 24:04:50/66:07:58, loss=1.371821641921997, d_time=0.25(0.25), f_time=1.74(1.80), b_time=1.99(2.05), lr=0.005770802909643603
2026-03-11 18:07:07,919   INFO  epoch: 2/6, acc_iter=104950, cur_iter=31357/36796, batch_size=4, time_cost(epoch): 17:53:50/3:06:15, time_cost(all): 24:06:35/66:06:25, loss=1.8369696140289307, d_time=0.25(0.25), f_time=2.79(1.80), b_time=3.04(2.05), lr=0.005769437208437688
2026-03-11 18:08:20,423   INFO  Save latest model to /storage/project/r-gchou3-0/spanse30/MSF/output/cfgs/waymo_models/msf_8frames/default/ckpt/latest_model
2026-03-11 18:08:53,403   INFO  epoch: 2/6, acc_iter=105000, cur_iter=31407/36796, batch_size=4, time_cost(epoch): 17:55:35/3:04:33, time_cost(all): 24:08:21/66:04:52, loss=1.4728970527648926, d_time=0.25(0.25), f_time=1.96(1.80), b_time=2.21(2.05), lr=0.0057680676130369354
/bin/sh: line 1: gpustat: command not found
2026-03-11 18:08:53,674   INFO  
2026-03-11 18:10:37,481   INFO  epoch: 2/6, acc_iter=105050, cur_iter=31457/36796, batch_size=4, time_cost(epoch): 17:57:19/3:02:50, time_cost(all): 24:10:05/66:03:14, loss=1.5017552375793457, d_time=0.24(0.25), f_time=2.20(1.80), b_time=2.44(2.05), lr=0.0057666941253671986
2026-03-11 18:12:20,496   INFO  epoch: 2/6, acc_iter=105100, cur_iter=31507/36796, batch_size=4, time_cost(epoch): 17:59:02/3:01:07, time_cost(all): 24:11:48/66:01:32, loss=1.6255165338516235, d_time=0.25(0.25), f_time=1.95(1.80), b_time=2.20(2.05), lr=0.005765316747359802
2026-03-11 18:13:20,242   INFO  Save latest model to /storage/project/r-gchou3-0/spanse30/MSF/output/cfgs/waymo_models/msf_8frames/default/ckpt/latest_model
2026-03-11 18:14:07,836   INFO  epoch: 2/6, acc_iter=105150, cur_iter=31557/36796, batch_size=4, time_cost(epoch): 18:00:49/2:59:25, time_cost(all): 24:13:35/66:00:07, loss=1.401492714881897, d_time=0.24(0.25), f_time=1.56(1.80), b_time=1.80(2.05), lr=0.005763935480951545
/bin/sh: line 1: gpustat: command not found
2026-03-11 18:14:08,114   INFO  
2026-03-11 18:15:51,142   INFO  epoch: 2/6, acc_iter=105200, cur_iter=31607/36796, batch_size=4, time_cost(epoch): 18:02:33/2:57:43, time_cost(all): 24:15:19/65:58:26, loss=1.5093517303466797, d_time=0.25(0.25), f_time=2.25(1.80), b_time=2.50(2.05), lr=0.00576255032808469
2026-03-11 18:17:34,719   INFO  epoch: 2/6, acc_iter=105250, cur_iter=31657/36796, batch_size=4, time_cost(epoch): 18:04:16/2:56:00, time_cost(all): 24:17:02/65:56:46, loss=1.6554572582244873, d_time=0.25(0.25), f_time=2.30(1.80), b_time=2.55(2.05), lr=0.0057611612907069645
2026-03-11 18:18:18,660   INFO  Save latest model to /storage/project/r-gchou3-0/spanse30/MSF/output/cfgs/waymo_models/msf_8frames/default/ckpt/latest_model
2026-03-11 18:19:16,854   INFO  epoch: 2/6, acc_iter=105300, cur_iter=31707/36796, batch_size=4, time_cost(epoch): 18:05:58/2:54:17, time_cost(all): 24:18:44/65:55:01, loss=1.426711082458496, d_time=0.25(0.25), f_time=1.91(1.80), b_time=2.16(2.05), lr=0.005759768370771565
/bin/sh: line 1: gpustat: command not found
2026-03-11 18:19:17,123   INFO  
2026-03-11 18:21:03,282   INFO  epoch: 2/6, acc_iter=105350, cur_iter=31757/36796, batch_size=4, time_cost(epoch): 18:07:45/2:52:35, time_cost(all): 24:20:31/65:53:32, loss=1.4722940921783447, d_time=0.24(0.25), f_time=1.73(1.80), b_time=1.97(2.06), lr=0.005758371570237137
2026-03-11 18:22:42,531   INFO  epoch: 2/6, acc_iter=105400, cur_iter=31807/36796, batch_size=4, time_cost(epoch): 18:09:24/2:50:52, time_cost(all): 24:22:10/65:51:36, loss=1.0616862773895264, d_time=0.25(0.25), f_time=1.21(1.80), b_time=1.46(2.05), lr=0.005756970891067791
2026-03-11 18:23:20,650   INFO  Save latest model to /storage/project/r-gchou3-0/spanse30/MSF/output/cfgs/waymo_models/msf_8frames/default/ckpt/latest_model
2026-03-11 18:24:21,813   INFO  epoch: 2/6, acc_iter=105450, cur_iter=31857/36796, batch_size=4, time_cost(epoch): 18:11:03/2:49:08, time_cost(all): 24:23:49/65:49:41, loss=1.2854633331298828, d_time=0.25(0.25), f_time=1.78(1.80), b_time=2.03(2.05), lr=0.005755566335233086
/bin/sh: line 1: gpustat: command not found
2026-03-11 18:24:22,084   INFO  
2026-03-11 18:26:07,531   INFO  epoch: 2/6, acc_iter=105500, cur_iter=31907/36796, batch_size=4, time_cost(epoch): 18:12:49/2:47:26, time_cost(all): 24:25:35/65:48:09, loss=1.3728224039077759, d_time=0.25(0.25), f_time=1.91(1.80), b_time=2.16(2.05), lr=0.005754157904708038
2026-03-11 18:27:52,083   INFO  epoch: 2/6, acc_iter=105550, cur_iter=31957/36796, batch_size=4, time_cost(epoch): 18:14:34/2:45:44, time_cost(all): 24:27:20/65:46:33, loss=1.4047125577926636, d_time=0.25(0.25), f_time=2.20(1.80), b_time=2.45(2.06), lr=0.005752745601473106
2026-03-11 18:28:19,627   INFO  Save latest model to /storage/project/r-gchou3-0/spanse30/MSF/output/cfgs/waymo_models/msf_8frames/default/ckpt/latest_model
2026-03-11 18:29:37,388   INFO  epoch: 2/6, acc_iter=105600, cur_iter=32007/36796, batch_size=4, time_cost(epoch): 18:16:19/2:44:01, time_cost(all): 24:29:05/65:44:59, loss=1.2754690647125244, d_time=0.25(0.25), f_time=1.76(1.80), b_time=2.01(2.06), lr=0.005751329427514195
/bin/sh: line 1: gpustat: command not found
2026-03-11 18:29:37,675   INFO  
2026-03-11 18:31:20,145   INFO  epoch: 2/6, acc_iter=105650, cur_iter=32057/36796, batch_size=4, time_cost(epoch): 18:18:02/2:42:19, time_cost(all): 24:30:48/65:43:17, loss=1.519726276397705, d_time=0.25(0.25), f_time=2.02(1.80), b_time=2.27(2.06), lr=0.005749909384822657
2026-03-11 18:33:06,465   INFO  epoch: 2/6, acc_iter=105700, cur_iter=32107/36796, batch_size=4, time_cost(epoch): 18:19:48/2:40:36, time_cost(all): 24:32:34/65:41:47, loss=1.3689093589782715, d_time=0.25(0.25), f_time=1.79(1.80), b_time=2.04(2.06), lr=0.005748485475395281
2026-03-11 18:33:19,300   INFO  Save latest model to /storage/project/r-gchou3-0/spanse30/MSF/output/cfgs/waymo_models/msf_8frames/default/ckpt/latest_model
2026-03-11 18:34:52,519   INFO  epoch: 2/6, acc_iter=105750, cur_iter=32157/36796, batch_size=4, time_cost(epoch): 18:21:34/2:38:54, time_cost(all): 24:34:20/65:40:16, loss=1.1996973752975464, d_time=0.24(0.25), f_time=2.07(1.80), b_time=2.32(2.06), lr=0.005747057701234292
/bin/sh: line 1: gpustat: command not found
2026-03-11 18:34:52,819   INFO  
2026-03-11 18:36:39,081   INFO  epoch: 2/6, acc_iter=105800, cur_iter=32207/36796, batch_size=4, time_cost(epoch): 18:23:21/2:37:12, time_cost(all): 24:36:07/65:38:46, loss=1.238623023033142, d_time=0.25(0.25), f_time=1.97(1.80), b_time=2.22(2.06), lr=0.005745626064347352
2026-03-11 18:38:19,850   INFO  Save latest model to /storage/project/r-gchou3-0/spanse30/MSF/output/cfgs/waymo_models/msf_8frames/default/ckpt/latest_model
2026-03-11 18:38:21,989   INFO  epoch: 2/6, acc_iter=105850, cur_iter=32257/36796, batch_size=4, time_cost(epoch): 18:25:04/2:35:29, time_cost(all): 24:37:50/65:37:04, loss=1.572345495223999, d_time=0.35(0.25), f_time=1.89(1.80), b_time=2.24(2.06), lr=0.005744190566747554
2026-03-11 18:40:03,718   INFO  epoch: 2/6, acc_iter=105900, cur_iter=32307/36796, batch_size=4, time_cost(epoch): 18:26:45/2:33:46, time_cost(all): 24:39:31/65:35:18, loss=1.5368425846099854, d_time=0.25(0.25), f_time=1.70(1.80), b_time=1.95(2.06), lr=0.0057427512104534185
/bin/sh: line 1: gpustat: command not found
2026-03-11 18:40:04,028   INFO  
2026-03-11 18:41:48,277   INFO  epoch: 2/6, acc_iter=105950, cur_iter=32357/36796, batch_size=4, time_cost(epoch): 18:28:30/2:32:04, time_cost(all): 24:41:16/65:33:41, loss=1.2838839292526245, d_time=0.24(0.25), f_time=2.06(1.80), b_time=2.31(2.06), lr=0.005741307997488892
2026-03-11 18:43:18,826   INFO  Save latest model to /storage/project/r-gchou3-0/spanse30/MSF/output/cfgs/waymo_models/msf_8frames/default/ckpt/latest_model
2026-03-11 18:43:35,619   INFO  epoch: 2/6, acc_iter=106000, cur_iter=32407/36796, batch_size=4, time_cost(epoch): 18:30:17/2:30:22, time_cost(all): 24:43:03/65:32:15, loss=1.4172502756118774, d_time=0.25(0.25), f_time=2.06(1.80), b_time=2.31(2.06), lr=0.005739860929883348
2026-03-11 18:45:18,922   INFO  epoch: 2/6, acc_iter=106050, cur_iter=32457/36796, batch_size=4, time_cost(epoch): 18:32:01/2:28:39, time_cost(all): 24:44:46/65:30:34, loss=1.5432016849517822, d_time=0.25(0.25), f_time=2.55(1.80), b_time=2.80(2.06), lr=0.005738410009671572
/bin/sh: line 1: gpustat: command not found
2026-03-11 18:45:19,227   INFO  
2026-03-11 18:46:58,596   INFO  epoch: 2/6, acc_iter=106100, cur_iter=32507/36796, batch_size=4, time_cost(epoch): 18:33:40/2:26:56, time_cost(all): 24:46:26/65:28:40, loss=1.0616536140441895, d_time=0.25(0.25), f_time=1.51(1.80), b_time=1.75(2.06), lr=0.005736955238893776
2026-03-11 18:48:19,322   INFO  Save latest model to /storage/project/r-gchou3-0/spanse30/MSF/output/cfgs/waymo_models/msf_8frames/default/ckpt/latest_model
2026-03-11 18:48:46,807   INFO  epoch: 2/6, acc_iter=106150, cur_iter=32557/36796, batch_size=4, time_cost(epoch): 18:35:28/2:25:14, time_cost(all): 24:48:14/65:27:16, loss=1.0704010725021362, d_time=0.24(0.25), f_time=1.32(1.80), b_time=1.56(2.06), lr=0.0057354966195955785
2026-03-11 18:50:32,373   INFO  epoch: 2/6, acc_iter=106200, cur_iter=32607/36796, batch_size=4, time_cost(epoch): 18:37:14/2:23:31, time_cost(all): 24:50:00/65:25:43, loss=1.3613409996032715, d_time=0.25(0.25), f_time=2.18(1.80), b_time=2.43(2.06), lr=0.005734034153828017
/bin/sh: line 1: gpustat: command not found
2026-03-11 18:50:32,688   INFO  
2026-03-11 18:52:20,633   INFO  epoch: 2/6, acc_iter=106250, cur_iter=32657/36796, batch_size=4, time_cost(epoch): 18:39:02/2:21:49, time_cost(all): 24:51:48/65:24:20, loss=1.3667752742767334, d_time=0.25(0.25), f_time=1.73(1.80), b_time=1.98(2.06), lr=0.005732567843647532
2026-03-11 18:53:19,246   INFO  Save latest model to /storage/project/r-gchou3-0/spanse30/MSF/output/cfgs/waymo_models/msf_8frames/default/ckpt/latest_model
2026-03-11 18:54:06,310   INFO  epoch: 2/6, acc_iter=106300, cur_iter=32707/36796, batch_size=4, time_cost(epoch): 18:40:48/2:20:07, time_cost(all): 24:53:34/65:22:47, loss=1.1045722961425781, d_time=0.25(0.25), f_time=1.66(1.80), b_time=1.91(2.06), lr=0.005731097691115971
2026-03-11 18:55:51,071   INFO  epoch: 2/6, acc_iter=106350, cur_iter=32757/36796, batch_size=4, time_cost(epoch): 18:42:33/2:18:24, time_cost(all): 24:55:19/65:21:11, loss=1.2596186399459839, d_time=0.25(0.25), f_time=2.52(1.80), b_time=2.77(2.06), lr=0.005729623698300587
/bin/sh: line 1: gpustat: command not found
2026-03-11 18:55:51,403   INFO  
2026-03-11 18:57:37,792   INFO  epoch: 2/6, acc_iter=106400, cur_iter=32807/36796, batch_size=4, time_cost(epoch): 18:44:19/2:16:42, time_cost(all): 24:57:05/65:19:42, loss=1.1286706924438477, d_time=0.25(0.25), f_time=1.59(1.80), b_time=1.84(2.06), lr=0.005728145867274031
2026-03-11 18:58:19,144   INFO  Save latest model to /storage/project/r-gchou3-0/spanse30/MSF/output/cfgs/waymo_models/msf_8frames/default/ckpt/latest_model
2026-03-11 18:59:22,292   INFO  epoch: 2/6, acc_iter=106450, cur_iter=32857/36796, batch_size=4, time_cost(epoch): 18:46:04/2:14:59, time_cost(all): 24:58:50/65:18:05, loss=1.2588847875595093, d_time=0.27(0.25), f_time=1.44(1.80), b_time=1.71(2.06), lr=0.00572666420011435
2026-03-11 19:01:03,955   INFO  epoch: 2/6, acc_iter=106500, cur_iter=32907/36796, batch_size=4, time_cost(epoch): 18:47:46/2:13:16, time_cost(all): 25:00:32/65:16:18, loss=1.182051658630371, d_time=0.25(0.25), f_time=1.82(1.80), b_time=2.07(2.06), lr=0.005725178698904987
/bin/sh: line 1: gpustat: command not found
2026-03-11 19:01:04,265   INFO  
2026-03-11 19:02:49,061   INFO  epoch: 2/6, acc_iter=106550, cur_iter=32957/36796, batch_size=4, time_cost(epoch): 18:49:31/2:11:34, time_cost(all): 25:02:17/65:14:43, loss=1.3308382034301758, d_time=0.25(0.25), f_time=2.70(1.80), b_time=2.94(2.06), lr=0.0057236893657347755
2026-03-11 19:03:18,234   INFO  Save latest model to /storage/project/r-gchou3-0/spanse30/MSF/output/cfgs/waymo_models/msf_8frames/default/ckpt/latest_model
2026-03-11 19:04:34,912   INFO  epoch: 2/6, acc_iter=106600, cur_iter=33007/36796, batch_size=4, time_cost(epoch): 18:51:17/2:09:51, time_cost(all): 25:04:02/65:13:11, loss=1.2261914014816284, d_time=0.25(0.25), f_time=1.48(1.80), b_time=1.72(2.06), lr=0.005722196202697939
2026-03-11 19:06:23,997   INFO  epoch: 2/6, acc_iter=106650, cur_iter=33057/36796, batch_size=4, time_cost(epoch): 18:53:06/2:08:09, time_cost(all): 25:05:52/65:11:50, loss=1.6753218173980713, d_time=0.25(0.25), f_time=2.41(1.80), b_time=2.66(2.06), lr=0.005720699211894083
/bin/sh: line 1: gpustat: command not found
2026-03-11 19:06:24,323   INFO  
2026-03-11 19:08:10,125   INFO  epoch: 2/6, acc_iter=106700, cur_iter=33107/36796, batch_size=4, time_cost(epoch): 18:54:52/2:06:27, time_cost(all): 25:07:38/65:10:18, loss=1.1378159523010254, d_time=0.25(0.25), f_time=2.11(1.80), b_time=2.36(2.06), lr=0.005719198395428199
2026-03-11 19:08:18,248   INFO  Save latest model to /storage/project/r-gchou3-0/spanse30/MSF/output/cfgs/waymo_models/msf_8frames/default/ckpt/latest_model
2026-03-11 19:09:52,145   INFO  epoch: 2/6, acc_iter=106750, cur_iter=33157/36796, batch_size=4, time_cost(epoch): 18:56:34/2:04:44, time_cost(all): 25:09:20/65:08:33, loss=0.768940806388855, d_time=0.25(0.25), f_time=1.06(1.80), b_time=1.30(2.06), lr=0.005717693755410654
2026-03-11 19:11:39,216   INFO  epoch: 2/6, acc_iter=106800, cur_iter=33207/36796, batch_size=4, time_cost(epoch): 18:58:21/2:03:01, time_cost(all): 25:11:07/65:07:04, loss=1.4711490869522095, d_time=0.25(0.25), f_time=2.40(1.80), b_time=2.65(2.06), lr=0.005716185293957197
/bin/sh: line 1: gpustat: command not found
2026-03-11 19:11:39,499   INFO  
2026-03-11 19:13:18,854   INFO  Save latest model to /storage/project/r-gchou3-0/spanse30/MSF/output/cfgs/waymo_models/msf_8frames/default/ckpt/latest_model
2026-03-11 19:13:27,792   INFO  epoch: 2/6, acc_iter=106850, cur_iter=33257/36796, batch_size=4, time_cost(epoch): 19:00:09/2:01:19, time_cost(all): 25:12:55/65:05:41, loss=1.497802972793579, d_time=0.25(0.25), f_time=2.94(1.80), b_time=3.18(2.06), lr=0.005714673013188943
2026-03-11 19:15:11,145   INFO  epoch: 2/6, acc_iter=106900, cur_iter=33307/36796, batch_size=4, time_cost(epoch): 19:01:53/1:59:36, time_cost(all): 25:14:39/65:04:00, loss=1.3654377460479736, d_time=0.25(0.25), f_time=2.15(1.80), b_time=2.40(2.06), lr=0.005713156915232385
2026-03-11 19:16:57,517   INFO  epoch: 2/6, acc_iter=106950, cur_iter=33357/36796, batch_size=4, time_cost(epoch): 19:03:39/1:57:54, time_cost(all): 25:16:25/65:02:29, loss=1.373504638671875, d_time=0.25(0.25), f_time=2.40(1.81), b_time=2.65(2.06), lr=0.0057116370022193795
/bin/sh: line 1: gpustat: command not found
2026-03-11 19:16:57,813   INFO  
2026-03-11 19:18:18,233   INFO  Save latest model to /storage/project/r-gchou3-0/spanse30/MSF/output/cfgs/waymo_models/msf_8frames/default/ckpt/latest_model
2026-03-11 19:18:43,656   INFO  epoch: 2/6, acc_iter=107000, cur_iter=33407/36796, batch_size=4, time_cost(epoch): 19:05:25/1:56:11, time_cost(all): 25:18:11/65:00:58, loss=1.3197742700576782, d_time=0.25(0.25), f_time=1.93(1.81), b_time=2.18(2.06), lr=0.005710113276287147
2026-03-11 19:20:32,037   INFO  epoch: 2/6, acc_iter=107050, cur_iter=33457/36796, batch_size=4, time_cost(epoch): 19:07:14/1:54:29, time_cost(all): 25:20:00/64:59:33, loss=1.5187828540802002, d_time=0.25(0.25), f_time=2.81(1.81), b_time=3.05(2.06), lr=0.005708585739578272
2026-03-11 19:22:18,128   INFO  epoch: 2/6, acc_iter=107100, cur_iter=33507/36796, batch_size=4, time_cost(epoch): 19:09:00/1:52:46, time_cost(all): 25:21:46/64:58:02, loss=1.568885087966919, d_time=0.25(0.25), f_time=2.66(1.81), b_time=2.91(2.06), lr=0.005707054394240697
/bin/sh: line 1: gpustat: command not found
2026-03-11 19:22:18,424   INFO  
2026-03-11 19:23:19,543   INFO  Save latest model to /storage/project/r-gchou3-0/spanse30/MSF/output/cfgs/waymo_models/msf_8frames/default/ckpt/latest_model
2026-03-11 19:24:04,563   INFO  epoch: 2/6, acc_iter=107150, cur_iter=33557/36796, batch_size=4, time_cost(epoch): 19:10:46/1:51:04, time_cost(all): 25:23:32/64:56:31, loss=1.4422465562820435, d_time=0.25(0.25), f_time=1.57(1.81), b_time=1.82(2.06), lr=0.005705519242427717
2026-03-11 19:25:49,065   INFO  epoch: 2/6, acc_iter=107200, cur_iter=33607/36796, batch_size=4, time_cost(epoch): 19:12:31/1:49:21, time_cost(all): 25:25:17/64:54:53, loss=1.4676506519317627, d_time=0.25(0.25), f_time=1.56(1.81), b_time=1.81(2.06), lr=0.0057039802862979844
2026-03-11 19:27:34,496   INFO  epoch: 2/6, acc_iter=107250, cur_iter=33657/36796, batch_size=4, time_cost(epoch): 19:14:16/1:47:38, time_cost(all): 25:27:02/64:53:19, loss=1.2408391237258911, d_time=0.33(0.25), f_time=1.27(1.81), b_time=1.60(2.06), lr=0.005702437528015496
/bin/sh: line 1: gpustat: command not found
2026-03-11 19:27:34,856   INFO  
2026-03-11 19:28:19,511   INFO  Save latest model to /storage/project/r-gchou3-0/spanse30/MSF/output/cfgs/waymo_models/msf_8frames/default/ckpt/latest_model
2026-03-11 19:29:20,107   INFO  epoch: 2/6, acc_iter=107300, cur_iter=33707/36796, batch_size=4, time_cost(epoch): 19:16:02/1:45:56, time_cost(all): 25:28:48/64:51:45, loss=1.7235450744628906, d_time=0.25(0.25), f_time=1.97(1.81), b_time=2.22(2.06), lr=0.005700890969749599
2026-03-11 19:31:06,259   INFO  epoch: 2/6, acc_iter=107350, cur_iter=33757/36796, batch_size=4, time_cost(epoch): 19:17:48/1:44:13, time_cost(all): 25:30:34/64:50:13, loss=1.2137556076049805, d_time=0.31(0.25), f_time=1.86(1.81), b_time=2.17(2.06), lr=0.005699340613674983
2026-03-11 19:32:45,604   INFO  epoch: 2/6, acc_iter=107400, cur_iter=33807/36796, batch_size=4, time_cost(epoch): 19:19:27/1:42:30, time_cost(all): 25:32:13/64:48:19, loss=1.4173072576522827, d_time=0.25(0.25), f_time=1.67(1.81), b_time=1.92(2.06), lr=0.005697786461971675
/bin/sh: line 1: gpustat: command not found
2026-03-11 19:32:45,885   INFO  
2026-03-11 19:33:19,982   INFO  Save latest model to /storage/project/r-gchou3-0/spanse30/MSF/output/cfgs/waymo_models/msf_8frames/default/ckpt/latest_model
2026-03-11 19:34:31,015   INFO  epoch: 2/6, acc_iter=107450, cur_iter=33857/36796, batch_size=4, time_cost(epoch): 19:21:13/1:40:47, time_cost(all): 25:33:59/64:46:44, loss=1.6505681276321411, d_time=0.25(0.25), f_time=1.89(1.81), b_time=2.13(2.06), lr=0.005696228516825043
2026-03-11 19:36:14,193   INFO  epoch: 2/6, acc_iter=107500, cur_iter=33907/36796, batch_size=4, time_cost(epoch): 19:22:56/1:39:05, time_cost(all): 25:35:42/64:45:02, loss=1.550234317779541, d_time=0.25(0.25), f_time=1.69(1.81), b_time=1.94(2.06), lr=0.005694666780425787
2026-03-11 19:38:00,315   INFO  epoch: 2/6, acc_iter=107550, cur_iter=33957/36796, batch_size=4, time_cost(epoch): 19:24:42/1:37:22, time_cost(all): 25:37:28/64:43:30, loss=1.5187184810638428, d_time=0.25(0.25), f_time=2.03(1.81), b_time=2.28(2.06), lr=0.005693101254969939
/bin/sh: line 1: gpustat: command not found
2026-03-11 19:38:00,585   INFO  
2026-03-11 19:38:20,597   INFO  Save latest model to /storage/project/r-gchou3-0/spanse30/MSF/output/cfgs/waymo_models/msf_8frames/default/ckpt/latest_model
2026-03-11 19:39:41,570   INFO  epoch: 2/6, acc_iter=107600, cur_iter=34007/36796, batch_size=4, time_cost(epoch): 19:26:23/1:35:39, time_cost(all): 25:39:09/64:41:42, loss=1.0458022356033325, d_time=0.25(0.25), f_time=0.82(1.81), b_time=1.07(2.06), lr=0.005691531942658859
2026-03-11 19:41:25,837   INFO  epoch: 2/6, acc_iter=107650, cur_iter=34057/36796, batch_size=4, time_cost(epoch): 19:28:07/1:33:56, time_cost(all): 25:40:53/64:40:04, loss=1.0082354545593262, d_time=0.25(0.25), f_time=1.34(1.81), b_time=1.58(2.06), lr=0.005689958845699229
2026-03-11 19:43:11,026   INFO  epoch: 2/6, acc_iter=107700, cur_iter=34107/36796, batch_size=4, time_cost(epoch): 19:29:53/1:32:13, time_cost(all): 25:42:39/64:38:28, loss=1.299557089805603, d_time=0.25(0.25), f_time=1.41(1.81), b_time=1.66(2.06), lr=0.005688381966303059
/bin/sh: line 1: gpustat: command not found
2026-03-11 19:43:11,304   INFO  
2026-03-11 19:43:19,284   INFO  Save latest model to /storage/project/r-gchou3-0/spanse30/MSF/output/cfgs/waymo_models/msf_8frames/default/ckpt/latest_model
2026-03-11 19:44:56,709   INFO  epoch: 2/6, acc_iter=107750, cur_iter=34157/36796, batch_size=4, time_cost(epoch): 19:31:38/1:30:31, time_cost(all): 25:44:24/64:36:55, loss=1.5188381671905518, d_time=0.25(0.25), f_time=2.03(1.81), b_time=2.28(2.06), lr=0.005686801306687671
2026-03-11 19:46:44,358   INFO  epoch: 2/6, acc_iter=107800, cur_iter=34207/36796, batch_size=4, time_cost(epoch): 19:33:26/1:28:48, time_cost(all): 25:46:12/64:35:27, loss=1.6694457530975342, d_time=0.25(0.25), f_time=2.43(1.81), b_time=2.68(2.06), lr=0.005685216869075706
2026-03-11 19:48:18,142   INFO  Save latest model to /storage/project/r-gchou3-0/spanse30/MSF/output/cfgs/waymo_models/msf_8frames/default/ckpt/latest_model
2026-03-11 19:48:30,891   INFO  epoch: 2/6, acc_iter=107850, cur_iter=34257/36796, batch_size=4, time_cost(epoch): 19:35:13/1:27:06, time_cost(all): 25:47:58/64:33:56, loss=0.9675390720367432, d_time=0.30(0.25), f_time=1.22(1.81), b_time=1.53(2.06), lr=0.0056836286556951185
/bin/sh: line 1: gpustat: command not found
2026-03-11 19:48:31,176   INFO  
2026-03-11 19:50:15,589   INFO  epoch: 2/6, acc_iter=107900, cur_iter=34307/36796, batch_size=4, time_cost(epoch): 19:36:57/1:25:23, time_cost(all): 25:49:43/64:32:19, loss=1.4926996231079102, d_time=0.25(0.25), f_time=2.49(1.81), b_time=2.74(2.06), lr=0.005682036668779169
2026-03-11 19:51:57,244   INFO  epoch: 2/6, acc_iter=107950, cur_iter=34357/36796, batch_size=4, time_cost(epoch): 19:38:39/1:23:40, time_cost(all): 25:51:25/64:30:32, loss=1.2996470928192139, d_time=0.25(0.25), f_time=1.52(1.81), b_time=1.77(2.06), lr=0.005680440910566426
2026-03-11 19:53:19,927   INFO  Save latest model to /storage/project/r-gchou3-0/spanse30/MSF/output/cfgs/waymo_models/msf_8frames/default/ckpt/latest_model
2026-03-11 19:53:40,595   INFO  epoch: 2/6, acc_iter=108000, cur_iter=34407/36796, batch_size=4, time_cost(epoch): 19:40:22/1:21:57, time_cost(all): 25:53:08/64:28:51, loss=1.261031985282898, d_time=0.25(0.25), f_time=1.69(1.81), b_time=1.94(2.06), lr=0.005678841383300761
/bin/sh: line 1: gpustat: command not found
2026-03-11 19:53:40,867   INFO  
2026-03-11 19:55:24,597   INFO  epoch: 2/6, acc_iter=108050, cur_iter=34457/36796, batch_size=4, time_cost(epoch): 19:42:06/1:20:14, time_cost(all): 25:54:52/64:27:11, loss=1.284879207611084, d_time=0.25(0.25), f_time=2.02(1.81), b_time=2.27(2.06), lr=0.0056772380892313465
2026-03-11 19:57:09,841   INFO  epoch: 2/6, acc_iter=108100, cur_iter=34507/36796, batch_size=4, time_cost(epoch): 19:43:51/1:18:31, time_cost(all): 25:56:37/64:25:36, loss=1.1479700803756714, d_time=0.25(0.25), f_time=1.34(1.81), b_time=1.59(2.06), lr=0.005675631030612648
2026-03-11 19:58:18,457   INFO  Save latest model to /storage/project/r-gchou3-0/spanse30/MSF/output/cfgs/waymo_models/msf_8frames/default/ckpt/latest_model
2026-03-11 19:58:51,060   INFO  epoch: 2/6, acc_iter=108150, cur_iter=34557/36796, batch_size=4, time_cost(epoch): 19:45:33/1:16:48, time_cost(all): 25:58:19/64:23:48, loss=0.797906756401062, d_time=0.24(0.25), f_time=0.98(1.81), b_time=1.22(2.06), lr=0.005674020209704429
/bin/sh: line 1: gpustat: command not found
2026-03-11 19:58:51,327   INFO  
2026-03-11 20:00:37,741   INFO  epoch: 2/6, acc_iter=108200, cur_iter=34607/36796, batch_size=4, time_cost(epoch): 19:47:19/1:15:06, time_cost(all): 26:00:05/64:22:17, loss=1.5998214483261108, d_time=0.25(0.25), f_time=2.24(1.81), b_time=2.49(2.06), lr=0.00567240562877174
2026-03-11 20:02:21,894   INFO  epoch: 2/6, acc_iter=108250, cur_iter=34657/36796, batch_size=4, time_cost(epoch): 19:49:04/1:13:23, time_cost(all): 26:01:49/64:20:38, loss=1.1582947969436646, d_time=0.25(0.25), f_time=1.64(1.81), b_time=1.89(2.06), lr=0.005670787290084919
2026-03-11 20:03:20,256   INFO  Save latest model to /storage/project/r-gchou3-0/spanse30/MSF/output/cfgs/waymo_models/msf_8frames/default/ckpt/latest_model
2026-03-11 20:04:05,484   INFO  epoch: 2/6, acc_iter=108300, cur_iter=34707/36796, batch_size=4, time_cost(epoch): 19:50:47/1:11:40, time_cost(all): 26:03:33/64:18:57, loss=1.3598010540008545, d_time=0.25(0.25), f_time=2.04(1.81), b_time=2.29(2.06), lr=0.005669165195919591
/bin/sh: line 1: gpustat: command not found
2026-03-11 20:04:05,759   INFO  
2026-03-11 20:05:49,618   INFO  epoch: 2/6, acc_iter=108350, cur_iter=34757/36796, batch_size=4, time_cost(epoch): 19:52:31/1:09:57, time_cost(all): 26:05:17/64:17:18, loss=1.0173505544662476, d_time=0.25(0.25), f_time=1.40(1.81), b_time=1.65(2.06), lr=0.005667539348556657
2026-03-11 20:07:35,773   INFO  epoch: 2/6, acc_iter=108400, cur_iter=34807/36796, batch_size=4, time_cost(epoch): 19:54:17/1:08:14, time_cost(all): 26:07:03/64:15:46, loss=1.3046090602874756, d_time=0.25(0.25), f_time=1.74(1.81), b_time=1.99(2.06), lr=0.005665909750282301
2026-03-11 20:08:19,536   INFO  Save latest model to /storage/project/r-gchou3-0/spanse30/MSF/output/cfgs/waymo_models/msf_8frames/default/ckpt/latest_model
2026-03-11 20:09:21,866   INFO  epoch: 2/6, acc_iter=108450, cur_iter=34857/36796, batch_size=4, time_cost(epoch): 19:56:03/1:06:31, time_cost(all): 26:08:49/64:14:13, loss=1.124063491821289, d_time=0.25(0.25), f_time=1.24(1.81), b_time=1.49(2.06), lr=0.005664276403387977
/bin/sh: line 1: gpustat: command not found
2026-03-11 20:09:22,138   INFO  
2026-03-11 20:11:06,886   INFO  epoch: 2/6, acc_iter=108500, cur_iter=34907/36796, batch_size=4, time_cost(epoch): 19:57:48/1:04:49, time_cost(all): 26:10:34/64:12:37, loss=1.1041977405548096, d_time=0.25(0.25), f_time=2.09(1.81), b_time=2.34(2.06), lr=0.00566263931017041
2026-03-11 20:12:50,659   INFO  epoch: 2/6, acc_iter=108550, cur_iter=34957/36796, batch_size=4, time_cost(epoch): 19:59:32/1:03:06, time_cost(all): 26:12:18/64:10:56, loss=1.128370761871338, d_time=0.25(0.25), f_time=1.31(1.81), b_time=1.56(2.06), lr=0.005660998472931597
2026-03-11 20:13:19,383   INFO  Save latest model to /storage/project/r-gchou3-0/spanse30/MSF/output/cfgs/waymo_models/msf_8frames/default/ckpt/latest_model
2026-03-11 20:14:32,424   INFO  epoch: 2/6, acc_iter=108600, cur_iter=35007/36796, batch_size=4, time_cost(epoch): 20:01:14/1:01:23, time_cost(all): 26:14:00/64:09:10, loss=1.140596866607666, d_time=0.25(0.25), f_time=0.84(1.81), b_time=1.09(2.06), lr=0.005659353893978794
/bin/sh: line 1: gpustat: command not found
2026-03-11 20:14:32,696   INFO  
2026-03-11 20:16:15,768   INFO  epoch: 2/6, acc_iter=108650, cur_iter=35057/36796, batch_size=4, time_cost(epoch): 20:02:57/59:40, time_cost(all): 26:15:43/64:07:28, loss=1.4415347576141357, d_time=0.25(0.25), f_time=1.70(1.81), b_time=1.95(2.06), lr=0.005657705575624525
2026-03-11 20:17:59,531   INFO  epoch: 2/6, acc_iter=108700, cur_iter=35107/36796, batch_size=4, time_cost(epoch): 20:04:41/57:57, time_cost(all): 26:17:27/64:05:48, loss=1.4923105239868164, d_time=0.25(0.25), f_time=1.79(1.81), b_time=2.04(2.06), lr=0.005656053520186568
2026-03-11 20:18:18,117   INFO  Save latest model to /storage/project/r-gchou3-0/spanse30/MSF/output/cfgs/waymo_models/msf_8frames/default/ckpt/latest_model
2026-03-11 20:19:43,847   INFO  epoch: 2/6, acc_iter=108750, cur_iter=35157/36796, batch_size=4, time_cost(epoch): 20:06:25/56:14, time_cost(all): 26:19:11/64:04:09, loss=1.787109375, d_time=0.25(0.25), f_time=2.44(1.81), b_time=2.68(2.06), lr=0.005654397729987954
/bin/sh: line 1: gpustat: command not found
2026-03-11 20:19:44,117   INFO  
2026-03-11 20:21:25,358   INFO  epoch: 2/6, acc_iter=108800, cur_iter=35207/36796, batch_size=4, time_cost(epoch): 20:08:07/54:31, time_cost(all): 26:20:53/64:02:22, loss=1.3817249536514282, d_time=0.25(0.25), f_time=2.26(1.81), b_time=2.51(2.06), lr=0.00565273820735697
2026-03-11 20:23:09,488   INFO  epoch: 2/6, acc_iter=108850, cur_iter=35257/36796, batch_size=4, time_cost(epoch): 20:09:51/52:48, time_cost(all): 26:22:37/64:00:43, loss=1.3915233612060547, d_time=0.25(0.25), f_time=1.98(1.81), b_time=2.23(2.06), lr=0.00565107495462715
2026-03-11 20:23:19,577   INFO  Save latest model to /storage/project/r-gchou3-0/spanse30/MSF/output/cfgs/waymo_models/msf_8frames/default/ckpt/latest_model
2026-03-11 20:24:53,406   INFO  epoch: 2/6, acc_iter=108900, cur_iter=35307/36796, batch_size=4, time_cost(epoch): 20:11:35/51:05, time_cost(all): 26:24:21/63:59:03, loss=1.383682131767273, d_time=0.24(0.25), f_time=1.31(1.81), b_time=1.55(2.06), lr=0.00564940797413727
/bin/sh: line 1: gpustat: command not found
2026-03-11 20:24:53,756   INFO  
2026-03-11 20:26:34,382   INFO  epoch: 2/6, acc_iter=108950, cur_iter=35357/36796, batch_size=4, time_cost(epoch): 20:13:16/49:22, time_cost(all): 26:26:02/63:57:13, loss=1.655470848083496, d_time=0.25(0.25), f_time=1.96(1.81), b_time=2.20(2.06), lr=0.005647737268231354
2026-03-11 20:28:19,079   INFO  Save latest model to /storage/project/r-gchou3-0/spanse30/MSF/output/cfgs/waymo_models/msf_8frames/default/ckpt/latest_model
2026-03-11 20:28:21,833   INFO  epoch: 2/6, acc_iter=109000, cur_iter=35407/36796, batch_size=4, time_cost(epoch): 20:15:03/47:39, time_cost(all): 26:27:49/63:55:45, loss=1.3142852783203125, d_time=0.37(0.25), f_time=2.50(1.81), b_time=2.88(2.06), lr=0.005646062839258658
2026-03-11 20:30:02,456   INFO  epoch: 2/6, acc_iter=109050, cur_iter=35457/36796, batch_size=4, time_cost(epoch): 20:16:44/45:56, time_cost(all): 26:29:30/63:53:55, loss=1.6292924880981445, d_time=0.25(0.25), f_time=1.75(1.81), b_time=2.00(2.06), lr=0.0056443846895736765
/bin/sh: line 1: gpustat: command not found
2026-03-11 20:30:02,757   INFO  
2026-03-11 20:31:48,030   INFO  epoch: 2/6, acc_iter=109100, cur_iter=35507/36796, batch_size=4, time_cost(epoch): 20:18:30/44:14, time_cost(all): 26:31:16/63:52:20, loss=1.1444584131240845, d_time=0.25(0.25), f_time=1.42(1.81), b_time=1.67(2.06), lr=0.005642702821536136
2026-03-11 20:33:18,077   INFO  Save latest model to /storage/project/r-gchou3-0/spanse30/MSF/output/cfgs/waymo_models/msf_8frames/default/ckpt/latest_model
2026-03-11 20:33:33,535   INFO  epoch: 2/6, acc_iter=109150, cur_iter=35557/36796, batch_size=4, time_cost(epoch): 20:20:15/42:31, time_cost(all): 26:33:01/63:50:45, loss=1.166290521621704, d_time=0.25(0.25), f_time=1.08(1.81), b_time=1.33(2.06), lr=0.005641017237510991
2026-03-11 20:35:22,125   INFO  epoch: 2/6, acc_iter=109200, cur_iter=35607/36796, batch_size=4, time_cost(epoch): 20:22:04/40:48, time_cost(all): 26:34:50/63:49:20, loss=1.3948533535003662, d_time=0.25(0.25), f_time=2.12(1.81), b_time=2.37(2.06), lr=0.0056393279398684205
/bin/sh: line 1: gpustat: command not found
2026-03-11 20:35:22,401   INFO  
2026-03-11 20:37:06,353   INFO  epoch: 2/6, acc_iter=109250, cur_iter=35657/36796, batch_size=4, time_cost(epoch): 20:23:48/39:05, time_cost(all): 26:36:34/63:47:41, loss=1.2802292108535767, d_time=0.25(0.25), f_time=2.16(1.81), b_time=2.41(2.06), lr=0.005637634930983826
2026-03-11 20:38:19,359   INFO  Save latest model to /storage/project/r-gchou3-0/spanse30/MSF/output/cfgs/waymo_models/msf_8frames/default/ckpt/latest_model
2026-03-11 20:38:48,535   INFO  epoch: 2/6, acc_iter=109300, cur_iter=35707/36796, batch_size=4, time_cost(epoch): 20:25:30/37:22, time_cost(all): 26:38:16/63:45:55, loss=1.3192675113677979, d_time=0.25(0.25), f_time=2.03(1.81), b_time=2.27(2.06), lr=0.0056359382132378285
2026-03-11 20:40:30,581   INFO  epoch: 2/6, acc_iter=109350, cur_iter=35757/36796, batch_size=4, time_cost(epoch): 20:27:12/35:39, time_cost(all): 26:39:58/63:44:09, loss=1.3971021175384521, d_time=0.25(0.25), f_time=1.34(1.81), b_time=1.59(2.06), lr=0.005634237789016263
/bin/sh: line 1: gpustat: command not found
2026-03-11 20:40:30,906   INFO  
2026-03-11 20:42:13,588   INFO  epoch: 2/6, acc_iter=109400, cur_iter=35807/36796, batch_size=4, time_cost(epoch): 20:28:55/33:56, time_cost(all): 26:41:41/63:42:27, loss=1.5859706401824951, d_time=0.28(0.25), f_time=1.70(1.81), b_time=1.98(2.06), lr=0.005632533660710176
2026-03-11 20:43:18,315   INFO  Save latest model to /storage/project/r-gchou3-0/spanse30/MSF/output/cfgs/waymo_models/msf_8frames/default/ckpt/latest_model
2026-03-11 20:43:56,984   INFO  epoch: 2/6, acc_iter=109450, cur_iter=35857/36796, batch_size=4, time_cost(epoch): 20:30:39/32:13, time_cost(all): 26:43:25/63:40:45, loss=1.2188947200775146, d_time=0.24(0.25), f_time=1.78(1.81), b_time=2.02(2.06), lr=0.005630825830715823
2026-03-11 20:45:39,550   INFO  epoch: 2/6, acc_iter=109500, cur_iter=35907/36796, batch_size=4, time_cost(epoch): 20:32:21/30:30, time_cost(all): 26:45:07/63:39:01, loss=1.3753392696380615, d_time=0.25(0.25), f_time=2.03(1.81), b_time=2.28(2.06), lr=0.0056291143014346665
/bin/sh: line 1: gpustat: command not found
2026-03-11 20:45:39,879   INFO  
2026-03-11 20:47:22,850   INFO  epoch: 2/6, acc_iter=109550, cur_iter=35957/36796, batch_size=4, time_cost(epoch): 20:34:04/28:47, time_cost(all): 26:46:50/63:37:19, loss=1.5126172304153442, d_time=0.25(0.25), f_time=1.69(1.81), b_time=1.94(2.06), lr=0.005627399075273367
2026-03-11 20:48:19,142   INFO  Save latest model to /storage/project/r-gchou3-0/spanse30/MSF/output/cfgs/waymo_models/msf_8frames/default/ckpt/latest_model
2026-03-11 20:49:06,004   INFO  epoch: 2/6, acc_iter=109600, cur_iter=36007/36796, batch_size=4, time_cost(epoch): 20:35:48/27:04, time_cost(all): 26:48:34/63:35:37, loss=1.5829846858978271, d_time=0.25(0.25), f_time=1.77(1.81), b_time=2.02(2.06), lr=0.005625680154643787
2026-03-11 20:50:49,255   INFO  epoch: 2/6, acc_iter=109650, cur_iter=36057/36796, batch_size=4, time_cost(epoch): 20:37:31/25:21, time_cost(all): 26:50:17/63:33:54, loss=1.6150152683258057, d_time=0.25(0.25), f_time=2.34(1.81), b_time=2.59(2.06), lr=0.005623957541962981
/bin/sh: line 1: gpustat: command not found
2026-03-11 20:50:49,523   INFO  
2026-03-11 20:52:29,584   INFO  epoch: 2/6, acc_iter=109700, cur_iter=36107/36796, batch_size=4, time_cost(epoch): 20:39:11/23:38, time_cost(all): 26:51:57/63:32:03, loss=1.3907592296600342, d_time=0.25(0.25), f_time=1.55(1.81), b_time=1.80(2.06), lr=0.0056222312396531976
2026-03-11 20:53:18,288   INFO  Save latest model to /storage/project/r-gchou3-0/spanse30/MSF/output/cfgs/waymo_models/msf_8frames/default/ckpt/latest_model
2026-03-11 20:54:13,174   INFO  epoch: 2/6, acc_iter=109750, cur_iter=36157/36796, batch_size=4, time_cost(epoch): 20:40:55/21:55, time_cost(all): 26:53:41/63:30:22, loss=1.6053045988082886, d_time=0.25(0.25), f_time=1.80(1.81), b_time=2.05(2.06), lr=0.005620501250141872
2026-03-11 20:55:53,580   INFO  epoch: 2/6, acc_iter=109800, cur_iter=36207/36796, batch_size=4, time_cost(epoch): 20:42:35/20:12, time_cost(all): 26:55:21/63:28:32, loss=1.1884195804595947, d_time=0.25(0.25), f_time=1.70(1.81), b_time=1.95(2.06), lr=0.0056187675758616225
/bin/sh: line 1: gpustat: command not found
2026-03-11 20:55:53,854   INFO  
2026-03-11 20:57:34,087   INFO  epoch: 2/6, acc_iter=109850, cur_iter=36257/36796, batch_size=4, time_cost(epoch): 20:44:16/18:29, time_cost(all): 26:57:02/63:26:41, loss=1.301999568939209, d_time=0.25(0.25), f_time=1.70(1.81), b_time=1.94(2.06), lr=0.005617030219250253
2026-03-11 20:58:19,490   INFO  Save latest model to /storage/project/r-gchou3-0/spanse30/MSF/output/cfgs/waymo_models/msf_8frames/default/ckpt/latest_model
2026-03-11 20:59:16,316   INFO  epoch: 2/6, acc_iter=109900, cur_iter=36307/36796, batch_size=4, time_cost(epoch): 20:45:58/16:46, time_cost(all): 26:58:44/63:24:56, loss=1.4205236434936523, d_time=0.25(0.25), f_time=1.93(1.81), b_time=2.18(2.06), lr=0.005615289182750743
2026-03-11 21:00:57,163   INFO  epoch: 2/6, acc_iter=109950, cur_iter=36357/36796, batch_size=4, time_cost(epoch): 20:47:39/15:03, time_cost(all): 27:00:25/63:23:07, loss=1.3376637697219849, d_time=0.26(0.25), f_time=1.88(1.81), b_time=2.14(2.06), lr=0.005613544468811246
/bin/sh: line 1: gpustat: command not found
2026-03-11 21:00:57,442   INFO  
2026-03-11 21:02:40,983   INFO  epoch: 2/6, acc_iter=110000, cur_iter=36407/36796, batch_size=4, time_cost(epoch): 20:49:23/13:20, time_cost(all): 27:02:09/63:21:26, loss=1.339741587638855, d_time=0.25(0.25), f_time=2.03(1.81), b_time=2.28(2.06), lr=0.005611796079885086
2026-03-11 21:03:18,750   INFO  Save latest model to /storage/project/r-gchou3-0/spanse30/MSF/output/cfgs/waymo_models/msf_8frames/default/ckpt/latest_model
2026-03-11 21:04:23,100   INFO  epoch: 2/6, acc_iter=110050, cur_iter=36457/36796, batch_size=4, time_cost(epoch): 20:51:05/11:37, time_cost(all): 27:03:51/63:19:41, loss=1.3887698650360107, d_time=0.25(0.25), f_time=2.18(1.81), b_time=2.43(2.06), lr=0.005610044018430758
2026-03-11 21:06:03,820   INFO  epoch: 2/6, acc_iter=110100, cur_iter=36507/36796, batch_size=4, time_cost(epoch): 20:52:45/09:55, time_cost(all): 27:05:31/63:17:51, loss=1.4069855213165283, d_time=0.25(0.25), f_time=1.45(1.81), b_time=1.70(2.06), lr=0.005608288286911917
/bin/sh: line 1: gpustat: command not found
2026-03-11 21:06:04,100   INFO  
2026-03-11 21:07:49,289   INFO  epoch: 2/6, acc_iter=110150, cur_iter=36557/36796, batch_size=4, time_cost(epoch): 20:54:31/08:12, time_cost(all): 27:07:17/63:16:16, loss=1.5621315240859985, d_time=0.25(0.25), f_time=2.54(1.81), b_time=2.80(2.06), lr=0.00560652888779738
2026-03-11 21:08:18,677   INFO  Save latest model to /storage/project/r-gchou3-0/spanse30/MSF/output/cfgs/waymo_models/msf_8frames/default/ckpt/latest_model
2026-03-11 21:09:33,060   INFO  epoch: 2/6, acc_iter=110200, cur_iter=36607/36796, batch_size=4, time_cost(epoch): 20:56:15/06:29, time_cost(all): 27:09:01/63:14:35, loss=1.4636144638061523, d_time=0.25(0.25), f_time=2.43(1.81), b_time=2.68(2.06), lr=0.005604765823561122
2026-03-11 21:11:17,751   INFO  epoch: 2/6, acc_iter=110250, cur_iter=36657/36796, batch_size=4, time_cost(epoch): 20:57:59/04:46, time_cost(all): 27:10:45/63:12:58, loss=1.6133544445037842, d_time=0.25(0.25), f_time=2.87(1.81), b_time=3.12(2.06), lr=0.005602999096682274
/bin/sh: line 1: gpustat: command not found
2026-03-11 21:11:18,023   INFO  
2026-03-11 21:13:02,209   INFO  epoch: 2/6, acc_iter=110300, cur_iter=36707/36796, batch_size=4, time_cost(epoch): 20:59:44/03:03, time_cost(all): 27:12:30/63:11:19, loss=1.4701045751571655, d_time=0.25(0.25), f_time=1.85(1.81), b_time=2.10(2.06), lr=0.005601228709645111
2026-03-11 21:13:18,189   INFO  Save latest model to /storage/project/r-gchou3-0/spanse30/MSF/output/cfgs/waymo_models/msf_8frames/default/ckpt/latest_model
2026-03-11 21:14:46,091   INFO  epoch: 2/6, acc_iter=110350, cur_iter=36757/36796, batch_size=4, time_cost(epoch): 21:01:28/01:20, time_cost(all): 27:14:14/63:09:39, loss=1.3079794645309448, d_time=0.25(0.25), f_time=1.57(1.81), b_time=1.81(2.06), lr=0.005599454664939057
2026-03-11 21:15:59,278   INFO  epoch: 2/6, acc_iter=110388, cur_iter=36795/36796, batch_size=2, time_cost(epoch): 21:02:41/00:02, time_cost(all): 27:15:27/63:08:06, loss=1.665268898010254, d_time=0.25(0.25), f_time=1.59(1.81), b_time=1.84(2.06), lr=0.005598103946248213

                                                [Aepochs:  40%|████      | 2/5 [27:15:27<44:48:46, 53775.50s/it]
train:   0%|          | 0/36796 [00:00<?, ?it/s][A2026-03-11 21:16:16,882   INFO  epoch: 3/6, acc_iter=110389, cur_iter=0/36796, batch_size=4, time_cost(epoch): 00:16/165:17:19, time_cost(all): 27:15:44/495:51:59, loss=1.4199585914611816, d_time=10.47(10.47), f_time=5.46(5.46), b_time=15.93(15.93), lr=0.005598068372519148
2026-03-11 21:16:38,740   INFO  epoch: 3/6, acc_iter=110400, cur_iter=11/36796, batch_size=4, time_cost(epoch): 00:38/32:22:54, time_cost(all): 27:16:06/97:09:52, loss=1.444792628288269, d_time=0.28(1.10), f_time=1.92(2.05), b_time=2.20(3.15), lr=0.005597676965058684
/bin/sh: line 1: gpustat: command not found
2026-03-11 21:16:39,011   INFO  
2026-03-11 21:18:22,864   INFO  epoch: 3/6, acc_iter=110450, cur_iter=61/36796, batch_size=4, time_cost(epoch): 02:22/23:23:45, time_cost(all): 27:17:50/70:15:57, loss=1.1364344358444214, d_time=0.25(0.42), f_time=1.81(1.87), b_time=2.06(2.29), lr=0.005595895612503699
2026-03-11 21:20:03,948   INFO  epoch: 3/6, acc_iter=110500, cur_iter=111/36796, batch_size=4, time_cost(epoch): 04:03/22:07:51, time_cost(all): 27:19:32/66:31:35, loss=1.2600224018096924, d_time=0.25(0.34), f_time=2.49(1.83), b_time=2.74(2.17), lr=0.0055941106097789454
2026-03-11 21:21:01,997   INFO  Save latest model to /storage/project/r-gchou3-0/spanse30/MSF/output/cfgs/waymo_models/msf_8frames/default/ckpt/latest_model
2026-03-11 21:21:44,822   INFO  epoch: 3/6, acc_iter=110550, cur_iter=161/36796, batch_size=4, time_cost(epoch): 05:44/21:36:57, time_cost(all): 27:21:12/65:02:17, loss=1.1300742626190186, d_time=0.24(0.31), f_time=1.58(1.81), b_time=1.82(2.12), lr=0.005592321959394401
/bin/sh: line 1: gpustat: command not found
2026-03-11 21:21:45,113   INFO  
2026-03-11 21:23:26,143   INFO  epoch: 3/6, acc_iter=110600, cur_iter=211/36796, batch_size=4, time_cost(epoch): 07:25/21:21:08, time_cost(all): 27:22:54/64:18:12, loss=1.3611174821853638, d_time=0.28(0.30), f_time=1.43(1.80), b_time=1.71(2.10), lr=0.0055905296638651715
2026-03-11 21:25:07,407   INFO  epoch: 3/6, acc_iter=110650, cur_iter=261/36796, batch_size=4, time_cost(epoch): 09:06/21:10:34, time_cost(all): 27:24:35/63:49:53, loss=1.4415230751037598, d_time=0.25(0.29), f_time=1.52(1.80), b_time=1.77(2.09), lr=0.005588733725711489
2026-03-11 21:26:01,439   INFO  Save latest model to /storage/project/r-gchou3-0/spanse30/MSF/output/cfgs/waymo_models/msf_8frames/default/ckpt/latest_model
2026-03-11 21:26:49,167   INFO  epoch: 3/6, acc_iter=110700, cur_iter=311/36796, batch_size=4, time_cost(epoch): 10:48/21:03:49, time_cost(all): 27:26:17/63:33:02, loss=1.391122579574585, d_time=0.25(0.28), f_time=2.16(1.79), b_time=2.41(2.08), lr=0.005586934147458708
/bin/sh: line 1: gpustat: command not found
2026-03-11 21:26:49,444   INFO  
2026-03-11 21:28:29,359   INFO  epoch: 3/6, acc_iter=110750, cur_iter=361/36796, batch_size=4, time_cost(epoch): 12:28/20:55:50, time_cost(all): 27:27:57/63:12:25, loss=1.3796650171279907, d_time=0.25(0.28), f_time=1.03(1.79), b_time=1.28(2.07), lr=0.005585130931637299
2026-03-11 21:30:11,280   INFO  epoch: 3/6, acc_iter=110800, cur_iter=411/36796, batch_size=4, time_cost(epoch): 14:10/20:51:56, time_cost(all): 27:29:39/63:04:06, loss=1.0184948444366455, d_time=0.25(0.28), f_time=1.71(1.79), b_time=1.95(2.06), lr=0.0055833240807828515
2026-03-11 21:31:02,308   INFO  Save latest model to /storage/project/r-gchou3-0/spanse30/MSF/output/cfgs/waymo_models/msf_8frames/default/ckpt/latest_model
2026-03-11 21:31:55,556   INFO  epoch: 3/6, acc_iter=110850, cur_iter=461/36796, batch_size=4, time_cost(epoch): 15:54/20:51:35, time_cost(all): 27:31:23/63:06:33, loss=1.4124431610107422, d_time=0.25(0.27), f_time=2.05(1.79), b_time=2.30(2.07), lr=0.005581513597436063
/bin/sh: line 1: gpustat: command not found
2026-03-11 21:31:55,832   INFO  
2026-03-11 21:33:40,183   INFO  epoch: 3/6, acc_iter=110900, cur_iter=511/36796, batch_size=4, time_cost(epoch): 17:39/20:51:23, time_cost(all): 27:33:08/63:09:26, loss=1.3604602813720703, d_time=0.25(0.27), f_time=1.75(1.80), b_time=2.00(2.07), lr=0.005579699484142739
2026-03-11 21:35:21,988   INFO  epoch: 3/6, acc_iter=110950, cur_iter=561/36796, batch_size=4, time_cost(epoch): 19:21/20:47:53, time_cost(all): 27:34:50/63:02:18, loss=1.4146779775619507, d_time=0.25(0.27), f_time=2.13(1.80), b_time=2.37(2.07), lr=0.005577881743453792
2026-03-11 21:36:00,922   INFO  Save latest model to /storage/project/r-gchou3-0/spanse30/MSF/output/cfgs/waymo_models/msf_8frames/default/ckpt/latest_model
2026-03-11 21:37:02,349   INFO  epoch: 3/6, acc_iter=111000, cur_iter=611/36796, batch_size=4, time_cost(epoch): 21:01/20:43:15, time_cost(all): 27:36:30/62:51:45, loss=1.491403579711914, d_time=0.25(0.27), f_time=2.09(1.79), b_time=2.34(2.06), lr=0.0055760603779252335
/bin/sh: line 1: gpustat: command not found
2026-03-11 21:37:02,629   INFO  
2026-03-11 21:38:47,405   INFO  epoch: 3/6, acc_iter=111050, cur_iter=661/36796, batch_size=4, time_cost(epoch): 22:46/20:43:20, time_cost(all): 27:38:15/62:55:30, loss=1.1090366840362549, d_time=0.25(0.27), f_time=1.72(1.80), b_time=1.97(2.06), lr=0.005574235390118171
2026-03-11 21:40:28,239   INFO  epoch: 3/6, acc_iter=111100, cur_iter=711/36796, batch_size=4, time_cost(epoch): 24:27/20:39:36, time_cost(all): 27:39:56/62:47:39, loss=1.3956485986709595, d_time=0.25(0.27), f_time=1.72(1.80), b_time=1.97(2.06), lr=0.0055724067825988054
2026-03-11 21:41:02,663   INFO  Save latest model to /storage/project/r-gchou3-0/spanse30/MSF/output/cfgs/waymo_models/msf_8frames/default/ckpt/latest_model
2026-03-11 21:42:12,027   INFO  epoch: 3/6, acc_iter=111150, cur_iter=761/36796, batch_size=4, time_cost(epoch): 26:11/20:38:27, time_cost(all): 27:41:40/62:47:41, loss=1.1886425018310547, d_time=0.25(0.26), f_time=1.45(1.80), b_time=1.70(2.06), lr=0.005570574557938431
/bin/sh: line 1: gpustat: command not found
2026-03-11 21:42:12,302   INFO  
2026-03-11 21:43:57,583   INFO  epoch: 3/6, acc_iter=111200, cur_iter=811/36796, batch_size=4, time_cost(epoch): 27:56/20:38:33, time_cost(all): 27:43:25/62:51:28, loss=1.1207789182662964, d_time=0.25(0.26), f_time=1.75(1.80), b_time=2.00(2.06), lr=0.005568738718713423
2026-03-11 21:45:40,503   INFO  epoch: 3/6, acc_iter=111250, cur_iter=861/36796, batch_size=4, time_cost(epoch): 29:39/20:36:35, time_cost(all): 27:45:08/62:49:03, loss=1.8388738632202148, d_time=0.25(0.26), f_time=2.59(1.80), b_time=2.84(2.06), lr=0.005566899267505245
2026-03-11 21:46:01,447   INFO  Save latest model to /storage/project/r-gchou3-0/spanse30/MSF/output/cfgs/waymo_models/msf_8frames/default/ckpt/latest_model
2026-03-11 21:47:21,056   INFO  epoch: 3/6, acc_iter=111300, cur_iter=911/36796, batch_size=4, time_cost(epoch): 31:20/20:33:07, time_cost(all): 27:46:49/62:41:57, loss=1.4098058938980103, d_time=0.25(0.26), f_time=1.70(1.80), b_time=1.95(2.06), lr=0.005565056206900434
/bin/sh: line 1: gpustat: command not found
2026-03-11 21:47:21,338   INFO  
2026-03-11 21:49:02,051   INFO  epoch: 3/6, acc_iter=111350, cur_iter=961/36796, batch_size=4, time_cost(epoch): 33:01/20:30:05, time_cost(all): 27:48:30/62:36:16, loss=1.3494315147399902, d_time=0.25(0.26), f_time=2.33(1.80), b_time=2.58(2.06), lr=0.005563209539490606
2026-03-11 21:50:47,937   INFO  epoch: 3/6, acc_iter=111400, cur_iter=1011/36796, batch_size=4, time_cost(epoch): 34:47/20:30:05, time_cost(all): 27:50:16/62:39:47, loss=1.4529974460601807, d_time=0.24(0.26), f_time=2.42(1.80), b_time=2.67(2.06), lr=0.005561359267872448
2026-03-11 21:51:02,483   INFO  Save latest model to /storage/project/r-gchou3-0/spanse30/MSF/output/cfgs/waymo_models/msf_8frames/default/ckpt/latest_model
2026-03-11 21:52:32,507   INFO  epoch: 3/6, acc_iter=111450, cur_iter=1061/36796, batch_size=4, time_cost(epoch): 36:31/20:29:11, time_cost(all): 27:52:00/62:40:33, loss=1.2623900175094604, d_time=0.25(0.26), f_time=1.32(1.80), b_time=1.57(2.06), lr=0.005559505394647715
/bin/sh: line 1: gpustat: command not found
2026-03-11 21:52:32,832   INFO  
2026-03-11 21:54:14,708   INFO  epoch: 3/6, acc_iter=111500, cur_iter=1111/36796, batch_size=4, time_cost(epoch): 38:13/20:26:56, time_cost(all): 27:53:42/62:37:12, loss=1.3513531684875488, d_time=0.25(0.26), f_time=1.89(1.80), b_time=2.14(2.06), lr=0.005557647922423225
2026-03-11 21:55:59,941   INFO  epoch: 3/6, acc_iter=111550, cur_iter=1161/36796, batch_size=4, time_cost(epoch): 39:59/20:26:17, time_cost(all): 27:55:28/62:38:45, loss=1.3819808959960938, d_time=0.25(0.26), f_time=1.92(1.80), b_time=2.17(2.06), lr=0.005555786853810859
2026-03-11 21:56:01,358   INFO  Save latest model to /storage/project/r-gchou3-0/spanse30/MSF/output/cfgs/waymo_models/msf_8frames/default/ckpt/latest_model
2026-03-11 21:57:45,728   INFO  epoch: 3/6, acc_iter=111600, cur_iter=1211/36796, batch_size=4, time_cost(epoch): 41:45/20:25:48, time_cost(all): 27:57:13/62:40:51, loss=1.4100013971328735, d_time=0.25(0.26), f_time=2.27(1.81), b_time=2.52(2.07), lr=0.005553922191427552
/bin/sh: line 1: gpustat: command not found
2026-03-11 21:57:46,031   INFO  
2026-03-11 21:59:31,122   INFO  epoch: 3/6, acc_iter=111650, cur_iter=1261/36796, batch_size=4, time_cost(epoch): 43:30/20:25:03, time_cost(all): 27:58:59/62:42:06, loss=1.3423365354537964, d_time=0.25(0.26), f_time=1.21(1.81), b_time=1.46(2.07), lr=0.005552053937895296
2026-03-11 22:01:01,785   INFO  Save latest model to /storage/project/r-gchou3-0/spanse30/MSF/output/cfgs/waymo_models/msf_8frames/default/ckpt/latest_model
2026-03-11 22:01:11,774   INFO  epoch: 3/6, acc_iter=111700, cur_iter=1311/36796, batch_size=4, time_cost(epoch): 45:11/20:22:04, time_cost(all): 28:00:39/62:36:32, loss=1.7488396167755127, d_time=0.27(0.26), f_time=1.97(1.81), b_time=2.24(2.07), lr=0.00555018209584113
2026-03-11 22:02:51,307   INFO  epoch: 3/6, acc_iter=111750, cur_iter=1361/36796, batch_size=4, time_cost(epoch): 46:50/20:18:42, time_cost(all): 28:02:19/62:29:45, loss=1.2650394439697266, d_time=0.24(0.26), f_time=1.59(1.80), b_time=1.83(2.06), lr=0.00554830666789714
/bin/sh: line 1: gpustat: command not found
2026-03-11 22:02:51,604   INFO  
2026-03-11 22:04:36,758   INFO  epoch: 3/6, acc_iter=111800, cur_iter=1411/36796, batch_size=4, time_cost(epoch): 48:36/20:17:56, time_cost(all): 28:04:04/62:30:58, loss=1.3565794229507446, d_time=0.25(0.26), f_time=1.91(1.81), b_time=2.16(2.07), lr=0.005546427656700454
2026-03-11 22:06:02,966   INFO  Save latest model to /storage/project/r-gchou3-0/spanse30/MSF/output/cfgs/waymo_models/msf_8frames/default/ckpt/latest_model
2026-03-11 22:06:16,591   INFO  epoch: 3/6, acc_iter=111850, cur_iter=1461/36796, batch_size=4, time_cost(epoch): 50:15/20:14:50, time_cost(all): 28:05:44/62:24:59, loss=1.6238105297088623, d_time=0.22(0.26), f_time=1.43(1.80), b_time=1.65(2.06), lr=0.00554454506489324
2026-03-11 22:07:59,510   INFO  epoch: 3/6, acc_iter=111900, cur_iter=1511/36796, batch_size=4, time_cost(epoch): 51:58/20:13:02, time_cost(all): 28:07:27/62:23:00, loss=1.2784897089004517, d_time=0.25(0.26), f_time=1.67(1.80), b_time=1.92(2.06), lr=0.005542658895122698
/bin/sh: line 1: gpustat: command not found
2026-03-11 22:07:59,789   INFO  
2026-03-11 22:09:44,051   INFO  epoch: 3/6, acc_iter=111950, cur_iter=1561/36796, batch_size=4, time_cost(epoch): 53:43/20:11:50, time_cost(all): 28:09:12/62:22:55, loss=1.2108381986618042, d_time=0.25(0.26), f_time=2.00(1.81), b_time=2.25(2.06), lr=0.005540769150041061
2026-03-11 22:11:01,098   INFO  Save latest model to /storage/project/r-gchou3-0/spanse30/MSF/output/cfgs/waymo_models/msf_8frames/default/ckpt/latest_model
2026-03-11 22:11:25,018   INFO  epoch: 3/6, acc_iter=112000, cur_iter=1611/36796, batch_size=4, time_cost(epoch): 55:24/20:09:19, time_cost(all): 28:10:53/62:18:42, loss=1.6096078157424927, d_time=0.25(0.26), f_time=1.28(1.80), b_time=1.53(2.06), lr=0.005538875832305591
2026-03-11 22:13:08,556   INFO  epoch: 3/6, acc_iter=112050, cur_iter=1661/36796, batch_size=4, time_cost(epoch): 57:07/20:07:45, time_cost(all): 28:12:36/62:17:27, loss=0.9792214035987854, d_time=0.25(0.26), f_time=1.77(1.80), b_time=2.02(2.06), lr=0.0055369789445785704
/bin/sh: line 1: gpustat: command not found
2026-03-11 22:13:08,836   INFO  
2026-03-11 22:14:48,832   INFO  epoch: 3/6, acc_iter=112100, cur_iter=1711/36796, batch_size=4, time_cost(epoch): 58:48/20:05:03, time_cost(all): 28:14:16/62:12:43, loss=1.3044742345809937, d_time=0.25(0.26), f_time=1.95(1.80), b_time=2.20(2.06), lr=0.005535078489527303
2026-03-11 22:16:01,704   INFO  Save latest model to /storage/project/r-gchou3-0/spanse30/MSF/output/cfgs/waymo_models/msf_8frames/default/ckpt/latest_model
2026-03-11 22:16:30,191   INFO  epoch: 3/6, acc_iter=112150, cur_iter=1761/36796, batch_size=4, time_cost(epoch): 1:00:29/20:02:47, time_cost(all): 28:15:58/62:09:16, loss=1.0554392337799072, d_time=0.25(0.26), f_time=1.51(1.80), b_time=1.76(2.06), lr=0.0055331744698241085
2026-03-11 22:18:12,560   INFO  epoch: 3/6, acc_iter=112200, cur_iter=1811/36796, batch_size=4, time_cost(epoch): 1:02:11/20:00:52, time_cost(all): 28:17:40/62:06:56, loss=1.58355712890625, d_time=0.24(0.26), f_time=1.78(1.80), b_time=2.02(2.06), lr=0.00553126688814632
/bin/sh: line 1: gpustat: command not found
2026-03-11 22:18:12,839   INFO  
2026-03-11 22:19:54,929   INFO  epoch: 3/6, acc_iter=112250, cur_iter=1861/36796, batch_size=4, time_cost(epoch): 1:03:54/19:58:57, time_cost(all): 28:19:22/62:04:38, loss=0.9026574492454529, d_time=0.25(0.26), f_time=0.84(1.80), b_time=1.09(2.06), lr=0.005529355747176279
2026-03-11 22:21:01,242   INFO  Save latest model to /storage/project/r-gchou3-0/spanse30/MSF/output/cfgs/waymo_models/msf_8frames/default/ckpt/latest_model
2026-03-11 22:21:42,700   INFO  epoch: 3/6, acc_iter=112300, cur_iter=1911/36796, batch_size=4, time_cost(epoch): 1:05:41/19:58:42, time_cost(all): 28:21:10/62:07:28, loss=1.4195996522903442, d_time=0.25(0.26), f_time=2.71(1.80), b_time=2.96(2.06), lr=0.00552744104960133
2026-03-11 22:23:27,652   INFO  epoch: 3/6, acc_iter=112350, cur_iter=1961/36796, batch_size=4, time_cost(epoch): 1:07:26/19:57:32, time_cost(all): 28:22:55/62:07:28, loss=1.3832920789718628, d_time=0.25(0.26), f_time=2.13(1.81), b_time=2.38(2.06), lr=0.005525522798113821
/bin/sh: line 1: gpustat: command not found
2026-03-11 22:23:27,922   INFO  
2026-03-11 22:25:13,178   INFO  epoch: 3/6, acc_iter=112400, cur_iter=2011/36796, batch_size=4, time_cost(epoch): 1:09:12/19:56:31, time_cost(all): 28:24:41/62:07:53, loss=1.401465892791748, d_time=0.24(0.26), f_time=1.82(1.81), b_time=2.06(2.06), lr=0.005523600995411097
2026-03-11 22:26:01,966   INFO  Save latest model to /storage/project/r-gchou3-0/spanse30/MSF/output/cfgs/waymo_models/msf_8frames/default/ckpt/latest_model
2026-03-11 22:26:56,289   INFO  epoch: 3/6, acc_iter=112450, cur_iter=2061/36796, batch_size=4, time_cost(epoch): 1:10:55/19:54:46, time_cost(all): 28:26:24/62:06:06, loss=1.6367032527923584, d_time=0.25(0.26), f_time=1.61(1.81), b_time=1.86(2.06), lr=0.005521675644195495
2026-03-11 22:28:36,514   INFO  epoch: 3/6, acc_iter=112500, cur_iter=2111/36796, batch_size=4, time_cost(epoch): 1:12:35/19:52:14, time_cost(all): 28:28:04/62:01:51, loss=1.3267889022827148, d_time=0.28(0.26), f_time=1.42(1.81), b_time=1.70(2.06), lr=0.005519746747174343
/bin/sh: line 1: gpustat: command not found
2026-03-11 22:28:36,797   INFO  
2026-03-11 22:30:20,547   INFO  epoch: 3/6, acc_iter=112550, cur_iter=2161/36796, batch_size=4, time_cost(epoch): 1:14:19/19:50:46, time_cost(all): 28:29:48/62:00:53, loss=1.1043198108673096, d_time=0.25(0.26), f_time=1.74(1.81), b_time=1.99(2.06), lr=0.005517814307059954
2026-03-11 22:31:02,958   INFO  Save latest model to /storage/project/r-gchou3-0/spanse30/MSF/output/cfgs/waymo_models/msf_8frames/default/ckpt/latest_model
2026-03-11 22:32:02,387   INFO  epoch: 3/6, acc_iter=112600, cur_iter=2211/36796, batch_size=4, time_cost(epoch): 1:16:01/19:48:42, time_cost(all): 28:31:30/61:58:06, loss=1.426349401473999, d_time=0.25(0.26), f_time=1.29(1.81), b_time=1.53(2.06), lr=0.005515878326569625
2026-03-11 22:33:46,823   INFO  epoch: 3/6, acc_iter=112650, cur_iter=2261/36796, batch_size=4, time_cost(epoch): 1:17:46/19:47:19, time_cost(all): 28:33:14/61:57:27, loss=1.3357704877853394, d_time=0.25(0.26), f_time=1.91(1.81), b_time=2.16(2.06), lr=0.005513938808425629
/bin/sh: line 1: gpustat: command not found
2026-03-11 22:33:47,102   INFO  
2026-03-11 22:35:30,097   INFO  epoch: 3/6, acc_iter=112700, cur_iter=2311/36796, batch_size=4, time_cost(epoch): 1:19:29/19:45:38, time_cost(all): 28:34:58/61:55:50, loss=1.445885181427002, d_time=0.25(0.26), f_time=2.64(1.81), b_time=2.89(2.06), lr=0.005511995755355215
2026-03-11 22:36:02,420   INFO  Save latest model to /storage/project/r-gchou3-0/spanse30/MSF/output/cfgs/waymo_models/msf_8frames/default/ckpt/latest_model
2026-03-11 22:37:09,954   INFO  epoch: 3/6, acc_iter=112750, cur_iter=2361/36796, batch_size=4, time_cost(epoch): 1:21:09/19:43:07, time_cost(all): 28:36:38/61:51:36, loss=1.4045839309692383, d_time=0.25(0.26), f_time=1.91(1.81), b_time=2.15(2.06), lr=0.005510049170090601
2026-03-11 22:38:56,021   INFO  epoch: 3/6, acc_iter=112800, cur_iter=2411/36796, batch_size=4, time_cost(epoch): 1:22:55/19:42:07, time_cost(all): 28:38:24/61:52:07, loss=1.2553400993347168, d_time=0.25(0.26), f_time=1.95(1.81), b_time=2.20(2.06), lr=0.005508099055368974
/bin/sh: line 1: gpustat: command not found
2026-03-11 22:38:56,291   INFO  
2026-03-11 22:40:40,669   INFO  epoch: 3/6, acc_iter=112850, cur_iter=2461/36796, batch_size=4, time_cost(epoch): 1:24:39/19:40:44, time_cost(all): 28:40:08/61:51:30, loss=1.2661731243133545, d_time=0.24(0.26), f_time=1.72(1.81), b_time=1.96(2.06), lr=0.0055061454139324825
2026-03-11 22:41:02,127   INFO  Save latest model to /storage/project/r-gchou3-0/spanse30/MSF/output/cfgs/waymo_models/msf_8frames/default/ckpt/latest_model
2026-03-11 22:42:21,719   INFO  epoch: 3/6, acc_iter=112900, cur_iter=2511/36796, batch_size=4, time_cost(epoch): 1:26:21/19:38:32, time_cost(all): 28:41:49/61:48:16, loss=1.2239248752593994, d_time=0.25(0.26), f_time=1.84(1.81), b_time=2.08(2.06), lr=0.005504188248528235
2026-03-11 22:44:03,705   INFO  epoch: 3/6, acc_iter=112950, cur_iter=2561/36796, batch_size=4, time_cost(epoch): 1:28:02/19:36:34, time_cost(all): 28:43:31/61:45:45, loss=1.4271682500839233, d_time=0.25(0.26), f_time=1.65(1.81), b_time=1.90(2.06), lr=0.005502227561908293
/bin/sh: line 1: gpustat: command not found
2026-03-11 22:44:03,985   INFO  
2026-03-11 22:45:46,250   INFO  epoch: 3/6, acc_iter=113000, cur_iter=2611/36796, batch_size=4, time_cost(epoch): 1:29:45/19:34:44, time_cost(all): 28:45:14/61:43:39, loss=1.2589300870895386, d_time=0.25(0.26), f_time=2.07(1.81), b_time=2.32(2.06), lr=0.005500263356829673
2026-03-11 22:46:02,332   INFO  Save latest model to /storage/project/r-gchou3-0/spanse30/MSF/output/cfgs/waymo_models/msf_8frames/default/ckpt/latest_model
2026-03-11 22:47:26,364   INFO  epoch: 3/6, acc_iter=113050, cur_iter=2661/36796, batch_size=4, time_cost(epoch): 1:31:25/19:32:22, time_cost(all): 28:46:54/61:39:55, loss=1.4641391038894653, d_time=0.25(0.26), f_time=1.85(1.81), b_time=2.10(2.06), lr=0.0054982956360543345
2026-03-11 22:49:09,389   INFO  epoch: 3/6, acc_iter=113100, cur_iter=2711/36796, batch_size=4, time_cost(epoch): 1:33:08/19:30:39, time_cost(all): 28:48:37/61:38:12, loss=1.285695195198059, d_time=0.25(0.26), f_time=1.86(1.81), b_time=2.11(2.06), lr=0.005496324402349185
/bin/sh: line 1: gpustat: command not found
2026-03-11 22:49:09,666   INFO  
2026-03-11 22:50:51,052   INFO  epoch: 3/6, acc_iter=113150, cur_iter=2761/36796, batch_size=4, time_cost(epoch): 1:34:50/19:28:39, time_cost(all): 28:50:19/61:35:35, loss=1.31403648853302, d_time=0.25(0.26), f_time=1.77(1.80), b_time=2.02(2.06), lr=0.0054943496584860686
2026-03-11 22:51:02,081   INFO  Save latest model to /storage/project/r-gchou3-0/spanse30/MSF/output/cfgs/waymo_models/msf_8frames/default/ckpt/latest_model
2026-03-11 22:52:34,360   INFO  epoch: 3/6, acc_iter=113200, cur_iter=2811/36796, batch_size=4, time_cost(epoch): 1:36:33/19:27:00, time_cost(all): 28:52:02/61:34:04, loss=1.3820210695266724, d_time=0.25(0.26), f_time=1.51(1.81), b_time=1.76(2.06), lr=0.005492371407241768
2026-03-11 22:54:16,991   INFO  epoch: 3/6, acc_iter=113250, cur_iter=2861/36796, batch_size=4, time_cost(epoch): 1:38:16/19:25:12, time_cost(all): 28:53:45/61:32:06, loss=1.0765104293823242, d_time=0.25(0.26), f_time=1.56(1.80), b_time=1.81(2.06), lr=0.005490389651397994
/bin/sh: line 1: gpustat: command not found
2026-03-11 22:54:17,268   INFO  
2026-03-11 22:55:56,569   INFO  epoch: 3/6, acc_iter=113300, cur_iter=2911/36796, batch_size=4, time_cost(epoch): 1:39:55/19:22:49, time_cost(all): 28:55:24/61:28:17, loss=1.5483214855194092, d_time=0.25(0.26), f_time=1.89(1.80), b_time=2.14(2.06), lr=0.005488404393741389
2026-03-11 22:56:01,154   INFO  Save latest model to /storage/project/r-gchou3-0/spanse30/MSF/output/cfgs/waymo_models/msf_8frames/default/ckpt/latest_model
2026-03-11 22:57:41,942   INFO  epoch: 3/6, acc_iter=113350, cur_iter=2961/36796, batch_size=4, time_cost(epoch): 1:41:41/19:21:34, time_cost(all): 28:57:10/61:28:01, loss=1.5020939111709595, d_time=0.26(0.26), f_time=1.41(1.80), b_time=1.67(2.06), lr=0.005486415637063517
2026-03-11 22:59:24,347   INFO  epoch: 3/6, acc_iter=113400, cur_iter=3011/36796, batch_size=4, time_cost(epoch): 1:43:23/19:19:44, time_cost(all): 28:58:52/61:25:57, loss=1.3624619245529175, d_time=0.25(0.25), f_time=2.65(1.80), b_time=2.89(2.06), lr=0.005484423384160863
/bin/sh: line 1: gpustat: command not found
2026-03-11 22:59:24,616   INFO  
2026-03-11 23:01:01,076   INFO  Save latest model to /storage/project/r-gchou3-0/spanse30/MSF/output/cfgs/waymo_models/msf_8frames/default/ckpt/latest_model
2026-03-11 23:01:06,073   INFO  epoch: 3/6, acc_iter=113450, cur_iter=3061/36796, batch_size=4, time_cost(epoch): 1:45:05/19:17:48, time_cost(all): 29:00:34/61:23:30, loss=1.3632690906524658, d_time=0.24(0.26), f_time=1.97(1.80), b_time=2.21(2.06), lr=0.00548242763783483
2026-03-11 23:02:50,211   INFO  epoch: 3/6, acc_iter=113500, cur_iter=3111/36796, batch_size=4, time_cost(epoch): 1:46:49/19:16:17, time_cost(all): 29:02:18/61:22:28, loss=1.3228245973587036, d_time=0.27(0.25), f_time=0.94(1.80), b_time=1.21(2.06), lr=0.005480428400891729
2026-03-11 23:04:33,781   INFO  epoch: 3/6, acc_iter=113550, cur_iter=3161/36796, batch_size=4, time_cost(epoch): 1:48:33/19:14:41, time_cost(all): 29:04:01/61:21:05, loss=1.4674285650253296, d_time=0.25(0.25), f_time=1.67(1.80), b_time=1.92(2.06), lr=0.005478425676142784
/bin/sh: line 1: gpustat: command not found
2026-03-11 23:04:34,061   INFO  
2026-03-11 23:06:01,106   INFO  Save latest model to /storage/project/r-gchou3-0/spanse30/MSF/output/cfgs/waymo_models/msf_8frames/default/ckpt/latest_model
2026-03-11 23:06:16,778   INFO  epoch: 3/6, acc_iter=113600, cur_iter=3211/36796, batch_size=4, time_cost(epoch): 1:50:16/19:12:58, time_cost(all): 29:05:44/61:19:22, loss=1.10196053981781, d_time=0.25(0.25), f_time=2.11(1.80), b_time=2.36(2.06), lr=0.005476419466404121
2026-03-11 23:07:57,722   INFO  epoch: 3/6, acc_iter=113650, cur_iter=3261/36796, batch_size=4, time_cost(epoch): 1:51:57/19:10:54, time_cost(all): 29:07:25/61:16:32, loss=1.0069059133529663, d_time=0.25(0.25), f_time=1.28(1.80), b_time=1.53(2.06), lr=0.005474409774496765
2026-03-11 23:09:37,896   INFO  epoch: 3/6, acc_iter=113700, cur_iter=3311/36796, batch_size=4, time_cost(epoch): 1:53:37/19:08:43, time_cost(all): 29:09:05/61:13:19, loss=1.401924967765808, d_time=0.25(0.25), f_time=1.97(1.80), b_time=2.22(2.06), lr=0.005472396603246641
/bin/sh: line 1: gpustat: command not found
2026-03-11 23:09:38,169   INFO  
2026-03-11 23:11:01,394   INFO  Save latest model to /storage/project/r-gchou3-0/spanse30/MSF/output/cfgs/waymo_models/msf_8frames/default/ckpt/latest_model
2026-03-11 23:11:18,012   INFO  epoch: 3/6, acc_iter=113750, cur_iter=3361/36796, batch_size=4, time_cost(epoch): 1:55:17/19:06:32, time_cost(all): 29:10:46/61:10:07, loss=1.2736753225326538, d_time=0.25(0.25), f_time=2.28(1.80), b_time=2.53(2.06), lr=0.005470379955484564
2026-03-11 23:13:00,277   INFO  epoch: 3/6, acc_iter=113800, cur_iter=3411/36796, batch_size=4, time_cost(epoch): 1:56:59/19:04:43, time_cost(all): 29:12:28/61:08:05, loss=1.0129945278167725, d_time=0.25(0.25), f_time=1.51(1.80), b_time=1.76(2.06), lr=0.005468359834046238
2026-03-11 23:14:45,998   INFO  epoch: 3/6, acc_iter=113850, cur_iter=3461/36796, batch_size=4, time_cost(epoch): 1:58:45/19:03:28, time_cost(all): 29:14:14/61:07:50, loss=1.554326057434082, d_time=0.25(0.25), f_time=1.97(1.80), b_time=2.22(2.06), lr=0.005466336241772251
/bin/sh: line 1: gpustat: command not found
2026-03-11 23:14:46,263   INFO  
2026-03-11 23:16:02,142   INFO  Save latest model to /storage/project/r-gchou3-0/spanse30/MSF/output/cfgs/waymo_models/msf_8frames/default/ckpt/latest_model
2026-03-11 23:16:24,773   INFO  epoch: 3/6, acc_iter=113900, cur_iter=3511/36796, batch_size=4, time_cost(epoch): 2:00:24/19:01:06, time_cost(all): 29:15:52/61:04:02, loss=1.2745097875595093, d_time=0.25(0.25), f_time=2.04(1.80), b_time=2.29(2.06), lr=0.005464309181508073
2026-03-11 23:18:05,400   INFO  epoch: 3/6, acc_iter=113950, cur_iter=3561/36796, batch_size=4, time_cost(epoch): 2:02:04/18:59:02, time_cost(all): 29:17:33/61:01:12, loss=1.4774092435836792, d_time=0.25(0.25), f_time=1.17(1.80), b_time=1.42(2.06), lr=0.00546227865610405
2026-03-11 23:19:47,362   INFO  epoch: 3/6, acc_iter=114000, cur_iter=3611/36796, batch_size=4, time_cost(epoch): 2:03:46/18:57:11, time_cost(all): 29:19:15/60:59:04, loss=1.243512511253357, d_time=0.26(0.25), f_time=2.19(1.80), b_time=2.45(2.06), lr=0.005460244668415397
/bin/sh: line 1: gpustat: command not found
2026-03-11 23:19:47,641   INFO  
2026-03-11 23:21:01,050   INFO  Save latest model to /storage/project/r-gchou3-0/spanse30/MSF/output/cfgs/waymo_models/msf_8frames/default/ckpt/latest_model
2026-03-11 23:21:30,896   INFO  epoch: 3/6, acc_iter=114050, cur_iter=3661/36796, batch_size=4, time_cost(epoch): 2:05:30/18:55:35, time_cost(all): 29:20:58/60:57:43, loss=1.3232452869415283, d_time=0.24(0.25), f_time=1.97(1.80), b_time=2.21(2.06), lr=0.005458207221302205
2026-03-11 23:23:13,724   INFO  epoch: 3/6, acc_iter=114100, cur_iter=3711/36796, batch_size=4, time_cost(epoch): 2:07:13/18:53:52, time_cost(all): 29:22:41/60:56:00, loss=1.2826454639434814, d_time=0.25(0.25), f_time=1.99(1.80), b_time=2.24(2.06), lr=0.005456166317629422
2026-03-11 23:24:54,441   INFO  epoch: 3/6, acc_iter=114150, cur_iter=3761/36796, batch_size=4, time_cost(epoch): 2:08:53/18:51:51, time_cost(all): 29:24:22/60:53:18, loss=1.253953218460083, d_time=0.25(0.25), f_time=1.80(1.80), b_time=2.05(2.06), lr=0.005454121960266861
/bin/sh: line 1: gpustat: command not found
2026-03-11 23:24:54,717   INFO  
2026-03-11 23:26:00,910   INFO  Save latest model to /storage/project/r-gchou3-0/spanse30/MSF/output/cfgs/waymo_models/msf_8frames/default/ckpt/latest_model
2026-03-11 23:26:34,156   INFO  epoch: 3/6, acc_iter=114200, cur_iter=3811/36796, batch_size=4, time_cost(epoch): 2:10:33/18:49:42, time_cost(all): 29:26:02/60:50:09, loss=1.6710315942764282, d_time=0.25(0.25), f_time=1.86(1.80), b_time=2.11(2.05), lr=0.005452074152089189
2026-03-11 23:28:15,757   INFO  epoch: 3/6, acc_iter=114250, cur_iter=3861/36796, batch_size=4, time_cost(epoch): 2:12:15/18:47:49, time_cost(all): 29:27:43/60:47:55, loss=1.3185826539993286, d_time=0.24(0.25), f_time=1.75(1.80), b_time=1.99(2.05), lr=0.005450022895975925
2026-03-11 23:30:00,036   INFO  epoch: 3/6, acc_iter=114300, cur_iter=3911/36796, batch_size=4, time_cost(epoch): 2:13:59/18:46:20, time_cost(all): 29:29:28/60:46:54, loss=1.3094669580459595, d_time=0.25(0.25), f_time=2.00(1.80), b_time=2.24(2.05), lr=0.0054479681948114405
/bin/sh: line 1: gpustat: command not found
2026-03-11 23:30:00,323   INFO  
2026-03-11 23:31:01,888   INFO  Save latest model to /storage/project/r-gchou3-0/spanse30/MSF/output/cfgs/waymo_models/msf_8frames/default/ckpt/latest_model
2026-03-11 23:31:43,404   INFO  epoch: 3/6, acc_iter=114350, cur_iter=3961/36796, batch_size=4, time_cost(epoch): 2:15:42/18:44:42, time_cost(all): 29:31:11/60:45:28, loss=1.61581289768219, d_time=0.25(0.25), f_time=2.09(1.80), b_time=2.34(2.06), lr=0.005445910051484946
2026-03-11 23:33:23,173   INFO  epoch: 3/6, acc_iter=114400, cur_iter=4011/36796, batch_size=4, time_cost(epoch): 2:17:22/18:42:35, time_cost(all): 29:32:51/60:42:26, loss=1.5615980625152588, d_time=0.25(0.25), f_time=2.24(1.80), b_time=2.49(2.05), lr=0.005443848468890495
2026-03-11 23:35:03,814   INFO  epoch: 3/6, acc_iter=114450, cur_iter=4061/36796, batch_size=4, time_cost(epoch): 2:19:03/18:40:35, time_cost(all): 29:34:31/60:39:49, loss=1.0704654455184937, d_time=0.25(0.25), f_time=1.30(1.80), b_time=1.55(2.05), lr=0.005441783449926978
/bin/sh: line 1: gpustat: command not found
2026-03-11 23:35:04,118   INFO  
2026-03-11 23:36:02,853   INFO  Save latest model to /storage/project/r-gchou3-0/spanse30/MSF/output/cfgs/waymo_models/msf_8frames/default/ckpt/latest_model
2026-03-11 23:36:49,495   INFO  epoch: 3/6, acc_iter=114500, cur_iter=4111/36796, batch_size=4, time_cost(epoch): 2:20:48/18:39:16, time_cost(all): 29:36:17/60:39:23, loss=1.2375123500823975, d_time=0.25(0.25), f_time=1.11(1.80), b_time=1.36(2.05), lr=0.0054397149974981145
2026-03-11 23:38:30,117   INFO  epoch: 3/6, acc_iter=114550, cur_iter=4161/36796, batch_size=4, time_cost(epoch): 2:22:29/18:37:17, time_cost(all): 29:37:58/60:36:47, loss=1.5099408626556396, d_time=0.25(0.25), f_time=2.04(1.80), b_time=2.29(2.05), lr=0.005437643114512453
2026-03-11 23:40:10,369   INFO  epoch: 3/6, acc_iter=114600, cur_iter=4211/36796, batch_size=4, time_cost(epoch): 2:24:09/18:35:15, time_cost(all): 29:39:38/60:34:02, loss=1.6837360858917236, d_time=0.25(0.25), f_time=1.99(1.80), b_time=2.24(2.05), lr=0.0054355678038833675
/bin/sh: line 1: gpustat: command not found
2026-03-11 23:40:10,639   INFO  
2026-03-11 23:41:01,344   INFO  Save latest model to /storage/project/r-gchou3-0/spanse30/MSF/output/cfgs/waymo_models/msf_8frames/default/ckpt/latest_model
2026-03-11 23:41:51,611   INFO  epoch: 3/6, acc_iter=114650, cur_iter=4261/36796, batch_size=4, time_cost(epoch): 2:25:50/18:33:22, time_cost(all): 29:41:19/60:31:43, loss=1.2611539363861084, d_time=0.25(0.25), f_time=1.50(1.80), b_time=1.75(2.05), lr=0.005433489068529051
2026-03-11 23:43:32,014   INFO  epoch: 3/6, acc_iter=114700, cur_iter=4311/36796, batch_size=4, time_cost(epoch): 2:27:31/18:31:22, time_cost(all): 29:43:00/60:29:05, loss=1.435593843460083, d_time=0.25(0.25), f_time=1.95(1.80), b_time=2.20(2.05), lr=0.005431406911372512
2026-03-11 23:45:13,895   INFO  epoch: 3/6, acc_iter=114750, cur_iter=4361/36796, batch_size=4, time_cost(epoch): 2:29:13/18:29:34, time_cost(all): 29:44:41/60:27:04, loss=1.5000603199005127, d_time=0.25(0.25), f_time=2.11(1.80), b_time=2.36(2.05), lr=0.00542932133534157
/bin/sh: line 1: gpustat: command not found
2026-03-11 23:45:14,174   INFO  
2026-03-11 23:46:00,959   INFO  Save latest model to /storage/project/r-gchou3-0/spanse30/MSF/output/cfgs/waymo_models/msf_8frames/default/ckpt/latest_model
2026-03-11 23:46:55,631   INFO  epoch: 3/6, acc_iter=114800, cur_iter=4411/36796, batch_size=4, time_cost(epoch): 2:30:54/18:27:45, time_cost(all): 29:46:23/60:25:00, loss=1.351777195930481, d_time=0.25(0.25), f_time=1.72(1.80), b_time=1.97(2.05), lr=0.00542723234336885
2026-03-11 23:48:38,549   INFO  epoch: 3/6, acc_iter=114850, cur_iter=4461/36796, batch_size=4, time_cost(epoch): 2:32:37/18:26:04, time_cost(all): 29:48:06/60:23:25, loss=1.4625017642974854, d_time=0.25(0.25), f_time=1.85(1.80), b_time=2.10(2.05), lr=0.005425139938391787
2026-03-11 23:50:16,840   INFO  epoch: 3/6, acc_iter=114900, cur_iter=4511/36796, batch_size=4, time_cost(epoch): 2:34:16/18:23:50, time_cost(all): 29:49:44/60:20:01, loss=1.2281734943389893, d_time=0.25(0.25), f_time=1.88(1.80), b_time=2.12(2.05), lr=0.005423044123352608
/bin/sh: line 1: gpustat: command not found
2026-03-11 23:50:17,118   INFO  
2026-03-11 23:51:01,054   INFO  Save latest model to /storage/project/r-gchou3-0/spanse30/MSF/output/cfgs/waymo_models/msf_8frames/default/ckpt/latest_model
2026-03-11 23:52:01,836   INFO  epoch: 3/6, acc_iter=114950, cur_iter=4561/36796, batch_size=4, time_cost(epoch): 2:36:01/18:22:25, time_cost(all): 29:51:29/60:19:14, loss=1.3411202430725098, d_time=0.25(0.25), f_time=1.67(1.80), b_time=1.92(2.05), lr=0.0054209449011983395
2026-03-11 23:53:44,819   INFO  epoch: 3/6, acc_iter=115000, cur_iter=4611/36796, batch_size=4, time_cost(epoch): 2:37:44/18:20:45, time_cost(all): 29:53:12/60:17:40, loss=1.3691151142120361, d_time=0.25(0.25), f_time=1.70(1.80), b_time=1.95(2.05), lr=0.005418842274880796
2026-03-11 23:55:27,454   INFO  epoch: 3/6, acc_iter=115050, cur_iter=4661/36796, batch_size=4, time_cost(epoch): 2:39:26/18:19:03, time_cost(all): 29:54:55/60:15:59, loss=1.4346058368682861, d_time=0.25(0.25), f_time=1.32(1.80), b_time=1.57(2.05), lr=0.0054167362473565815
/bin/sh: line 1: gpustat: command not found
2026-03-11 23:55:27,729   INFO  
2026-03-11 23:56:01,194   INFO  Save latest model to /storage/project/r-gchou3-0/spanse30/MSF/output/cfgs/waymo_models/msf_8frames/default/ckpt/latest_model
2026-03-11 23:57:12,015   INFO  epoch: 3/6, acc_iter=115100, cur_iter=4711/36796, batch_size=4, time_cost(epoch): 2:41:11/18:17:33, time_cost(all): 29:56:40/60:15:00, loss=1.3234049081802368, d_time=0.25(0.25), f_time=2.23(1.80), b_time=2.48(2.05), lr=0.00541462682158708
2026-03-11 23:58:56,331   INFO  epoch: 3/6, acc_iter=115150, cur_iter=4761/36796, batch_size=4, time_cost(epoch): 2:42:55/18:16:02, time_cost(all): 29:58:24/60:13:55, loss=1.084381341934204, d_time=0.25(0.25), f_time=2.27(1.80), b_time=2.52(2.05), lr=0.005412514000538456
2026-03-12 00:00:38,784   INFO  epoch: 3/6, acc_iter=115200, cur_iter=4811/36796, batch_size=4, time_cost(epoch): 2:44:38/18:14:18, time_cost(all): 30:00:06/60:12:08, loss=1.46808922290802, d_time=0.25(0.25), f_time=2.08(1.80), b_time=2.33(2.05), lr=0.005410397787181646
/bin/sh: line 1: gpustat: command not found
2026-03-12 00:00:39,056   INFO  
2026-03-12 00:01:01,207   INFO  Save latest model to /storage/project/r-gchou3-0/spanse30/MSF/output/cfgs/waymo_models/msf_8frames/default/ckpt/latest_model
2026-03-12 00:02:21,198   INFO  epoch: 3/6, acc_iter=115250, cur_iter=4861/36796, batch_size=4, time_cost(epoch): 2:46:20/18:12:34, time_cost(all): 30:01:49/60:10:20, loss=1.2701561450958252, d_time=0.25(0.25), f_time=1.88(1.80), b_time=2.13(2.05), lr=0.00540827818449236
2026-03-12 00:04:05,344   INFO  epoch: 3/6, acc_iter=115300, cur_iter=4911/36796, batch_size=4, time_cost(epoch): 2:48:04/18:11:01, time_cost(all): 30:03:33/60:09:10, loss=1.2161191701889038, d_time=0.25(0.25), f_time=2.07(1.80), b_time=2.32(2.05), lr=0.00540615519545107
2026-03-12 00:05:48,364   INFO  epoch: 3/6, acc_iter=115350, cur_iter=4961/36796, batch_size=4, time_cost(epoch): 2:49:47/18:09:21, time_cost(all): 30:05:16/60:07:35, loss=1.2858549356460571, d_time=0.25(0.25), f_time=1.52(1.80), b_time=1.77(2.05), lr=0.005404028823043013
/bin/sh: line 1: gpustat: command not found
2026-03-12 00:05:48,681   INFO  
2026-03-12 00:06:02,740   INFO  Save latest model to /storage/project/r-gchou3-0/spanse30/MSF/output/cfgs/waymo_models/msf_8frames/default/ckpt/latest_model
2026-03-12 00:07:35,109   INFO  epoch: 3/6, acc_iter=115400, cur_iter=5011/36796, batch_size=4, time_cost(epoch): 2:51:34/18:08:04, time_cost(all): 30:07:03/60:07:19, loss=1.2058043479919434, d_time=0.25(0.25), f_time=1.95(1.80), b_time=2.20(2.05), lr=0.005401899070258182
2026-03-12 00:09:17,678   INFO  epoch: 3/6, acc_iter=115450, cur_iter=5061/36796, batch_size=4, time_cost(epoch): 2:53:16/18:06:21, time_cost(all): 30:08:45/60:05:33, loss=1.835761547088623, d_time=0.25(0.25), f_time=1.56(1.80), b_time=1.81(2.05), lr=0.0053997659400913224
2026-03-12 00:11:00,792   INFO  epoch: 3/6, acc_iter=115500, cur_iter=5111/36796, batch_size=4, time_cost(epoch): 2:55:00/18:04:41, time_cost(all): 30:10:28/60:03:59, loss=1.4952518939971924, d_time=0.25(0.25), f_time=2.23(1.80), b_time=2.48(2.05), lr=0.00539762943554193
/bin/sh: line 1: gpustat: command not found
2026-03-12 00:11:01,061   INFO  
2026-03-12 00:11:01,177   INFO  Save latest model to /storage/project/r-gchou3-0/spanse30/MSF/output/cfgs/waymo_models/msf_8frames/default/ckpt/latest_model
2026-03-12 00:12:42,075   INFO  epoch: 3/6, acc_iter=115550, cur_iter=5161/36796, batch_size=4, time_cost(epoch): 2:56:41/18:02:49, time_cost(all): 30:12:10/60:01:48, loss=1.4610297679901123, d_time=0.25(0.25), f_time=1.70(1.80), b_time=1.94(2.05), lr=0.005395489559614246
2026-03-12 00:14:24,790   INFO  epoch: 3/6, acc_iter=115600, cur_iter=5211/36796, batch_size=4, time_cost(epoch): 2:58:24/18:01:07, time_cost(all): 30:13:52/60:00:05, loss=1.272796392440796, d_time=0.25(0.25), f_time=1.85(1.80), b_time=2.10(2.05), lr=0.005393346315317251
2026-03-12 00:16:01,843   INFO  Save latest model to /storage/project/r-gchou3-0/spanse30/MSF/output/cfgs/waymo_models/msf_8frames/default/ckpt/latest_model
2026-03-12 00:16:06,774   INFO  epoch: 3/6, acc_iter=115650, cur_iter=5261/36796, batch_size=4, time_cost(epoch): 3:00:06/17:59:20, time_cost(all): 30:15:34/59:58:09, loss=1.3841111660003662, d_time=0.25(0.25), f_time=1.70(1.80), b_time=1.95(2.05), lr=0.005391199705664661
/bin/sh: line 1: gpustat: command not found
2026-03-12 00:16:07,051   INFO  
2026-03-12 00:17:49,784   INFO  epoch: 3/6, acc_iter=115700, cur_iter=5311/36796, batch_size=4, time_cost(epoch): 3:01:49/17:57:39, time_cost(all): 30:17:17/59:56:33, loss=1.6026763916015625, d_time=0.25(0.25), f_time=2.08(1.80), b_time=2.33(2.05), lr=0.005389049733674928
2026-03-12 00:19:35,781   INFO  epoch: 3/6, acc_iter=115750, cur_iter=5361/36796, batch_size=4, time_cost(epoch): 3:03:35/17:56:16, time_cost(all): 30:19:03/59:55:55, loss=1.643543004989624, d_time=0.25(0.25), f_time=2.36(1.80), b_time=2.61(2.05), lr=0.005386896402371229
2026-03-12 00:21:01,089   INFO  Save latest model to /storage/project/r-gchou3-0/spanse30/MSF/output/cfgs/waymo_models/msf_8frames/default/ckpt/latest_model
2026-03-12 00:21:21,691   INFO  epoch: 3/6, acc_iter=115800, cur_iter=5411/36796, batch_size=4, time_cost(epoch): 3:05:20/17:54:52, time_cost(all): 30:20:49/59:55:14, loss=1.286448359489441, d_time=0.25(0.25), f_time=2.25(1.80), b_time=2.49(2.05), lr=0.005384739714781464
/bin/sh: line 1: gpustat: command not found
2026-03-12 00:21:21,973   INFO  
2026-03-12 00:23:03,959   INFO  epoch: 3/6, acc_iter=115850, cur_iter=5461/36796, batch_size=4, time_cost(epoch): 3:07:03/17:53:06, time_cost(all): 30:22:32/59:53:22, loss=1.4267579317092896, d_time=0.25(0.25), f_time=2.25(1.80), b_time=2.50(2.05), lr=0.005382579673938255
2026-03-12 00:24:48,286   INFO  epoch: 3/6, acc_iter=115900, cur_iter=5511/36796, batch_size=4, time_cost(epoch): 3:08:47/17:51:33, time_cost(all): 30:24:16/59:52:10, loss=1.3839843273162842, d_time=0.25(0.25), f_time=1.93(1.80), b_time=2.18(2.06), lr=0.005380416282878938
2026-03-12 00:26:02,310   INFO  Save latest model to /storage/project/r-gchou3-0/spanse30/MSF/output/cfgs/waymo_models/msf_8frames/default/ckpt/latest_model
2026-03-12 00:26:29,117   INFO  epoch: 3/6, acc_iter=115950, cur_iter=5561/36796, batch_size=4, time_cost(epoch): 3:10:28/17:49:39, time_cost(all): 30:25:57/59:49:51, loss=1.3264422416687012, d_time=0.25(0.25), f_time=1.73(1.80), b_time=1.98(2.05), lr=0.0053782495446455586
/bin/sh: line 1: gpustat: command not found
2026-03-12 00:26:29,390   INFO  
2026-03-12 00:28:12,780   INFO  epoch: 3/6, acc_iter=116000, cur_iter=5611/36796, batch_size=4, time_cost(epoch): 3:12:12/17:48:01, time_cost(all): 30:27:40/59:48:25, loss=1.5859849452972412, d_time=0.25(0.25), f_time=2.30(1.80), b_time=2.55(2.05), lr=0.005376079462284871
2026-03-12 00:29:53,394   INFO  epoch: 3/6, acc_iter=116050, cur_iter=5661/36796, batch_size=4, time_cost(epoch): 3:13:52/17:46:07, time_cost(all): 30:29:21/59:46:03, loss=1.2309978008270264, d_time=0.25(0.25), f_time=1.56(1.80), b_time=1.80(2.05), lr=0.00537390603884833
2026-03-12 00:31:01,132   INFO  Save latest model to /storage/project/r-gchou3-0/spanse30/MSF/output/cfgs/waymo_models/msf_8frames/default/ckpt/latest_model
2026-03-12 00:31:37,566   INFO  epoch: 3/6, acc_iter=116100, cur_iter=5711/36796, batch_size=4, time_cost(epoch): 3:15:36/17:44:32, time_cost(all): 30:31:05/59:44:47, loss=1.4057984352111816, d_time=0.25(0.25), f_time=1.92(1.80), b_time=2.17(2.05), lr=0.0053717292773920915
/bin/sh: line 1: gpustat: command not found
2026-03-12 00:31:37,843   INFO  
2026-03-12 00:33:18,942   INFO  epoch: 3/6, acc_iter=116150, cur_iter=5761/36796, batch_size=4, time_cost(epoch): 3:17:18/17:42:42, time_cost(all): 30:32:47/59:42:39, loss=1.6511658430099487, d_time=0.25(0.25), f_time=1.84(1.80), b_time=2.09(2.05), lr=0.005369549180977001
2026-03-12 00:35:00,082   INFO  epoch: 3/6, acc_iter=116200, cur_iter=5811/36796, batch_size=4, time_cost(epoch): 3:18:59/17:40:51, time_cost(all): 30:34:28/59:40:28, loss=1.3795626163482666, d_time=0.25(0.25), f_time=1.83(1.80), b_time=2.07(2.05), lr=0.005367365752668597
2026-03-12 00:36:01,997   INFO  Save latest model to /storage/project/r-gchou3-0/spanse30/MSF/output/cfgs/waymo_models/msf_8frames/default/ckpt/latest_model
2026-03-12 00:36:39,351   INFO  epoch: 3/6, acc_iter=116250, cur_iter=5861/36796, batch_size=4, time_cost(epoch): 3:20:38/17:38:50, time_cost(all): 30:36:07/59:37:44, loss=1.5667985677719116, d_time=0.25(0.25), f_time=2.55(1.80), b_time=2.80(2.05), lr=0.005365178995537101
/bin/sh: line 1: gpustat: command not found
2026-03-12 00:36:39,627   INFO  
2026-03-12 00:38:21,130   INFO  epoch: 3/6, acc_iter=116300, cur_iter=5911/36796, batch_size=4, time_cost(epoch): 3:22:20/17:37:03, time_cost(all): 30:37:49/59:35:45, loss=1.0332263708114624, d_time=0.26(0.25), f_time=1.18(1.80), b_time=1.44(2.05), lr=0.005362988912657415
2026-03-12 00:40:00,808   INFO  epoch: 3/6, acc_iter=116350, cur_iter=5961/36796, batch_size=4, time_cost(epoch): 3:24:00/17:35:04, time_cost(all): 30:39:28/59:33:10, loss=1.0355188846588135, d_time=0.25(0.25), f_time=1.15(1.80), b_time=1.40(2.05), lr=0.005360795507109119
2026-03-12 00:41:01,336   INFO  Save latest model to /storage/project/r-gchou3-0/spanse30/MSF/output/cfgs/waymo_models/msf_8frames/default/ckpt/latest_model
2026-03-12 00:41:42,805   INFO  epoch: 3/6, acc_iter=116400, cur_iter=6011/36796, batch_size=4, time_cost(epoch): 3:25:42/17:33:18, time_cost(all): 30:41:10/59:31:16, loss=1.210141658782959, d_time=0.24(0.25), f_time=1.83(1.80), b_time=2.07(2.05), lr=0.005358598781976465
/bin/sh: line 1: gpustat: command not found
2026-03-12 00:41:43,088   INFO  
2026-03-12 00:43:23,219   INFO  epoch: 3/6, acc_iter=116450, cur_iter=6061/36796, batch_size=4, time_cost(epoch): 3:27:22/17:31:24, time_cost(all): 30:42:51/59:28:55, loss=1.0736829042434692, d_time=0.25(0.25), f_time=1.21(1.80), b_time=1.46(2.05), lr=0.005356398740348373
2026-03-12 00:45:02,880   INFO  epoch: 3/6, acc_iter=116500, cur_iter=6111/36796, batch_size=4, time_cost(epoch): 3:29:02/17:29:27, time_cost(all): 30:44:30/59:26:22, loss=1.2851240634918213, d_time=0.25(0.25), f_time=1.14(1.80), b_time=1.39(2.05), lr=0.005354195385318424
2026-03-12 00:46:01,772   INFO  Save latest model to /storage/project/r-gchou3-0/spanse30/MSF/output/cfgs/waymo_models/msf_8frames/default/ckpt/latest_model
2026-03-12 00:46:44,082   INFO  epoch: 3/6, acc_iter=116550, cur_iter=6161/36796, batch_size=4, time_cost(epoch): 3:30:43/17:27:37, time_cost(all): 30:46:12/59:24:15, loss=1.3701655864715576, d_time=0.25(0.25), f_time=2.13(1.80), b_time=2.37(2.05), lr=0.005351988719984861
/bin/sh: line 1: gpustat: command not found
2026-03-12 00:46:44,359   INFO  
2026-03-12 00:48:27,093   INFO  epoch: 3/6, acc_iter=116600, cur_iter=6211/36796, batch_size=4, time_cost(epoch): 3:32:26/17:25:57, time_cost(all): 30:47:55/59:22:40, loss=1.464318037033081, d_time=0.25(0.25), f_time=1.74(1.80), b_time=1.99(2.05), lr=0.005349778747450582
2026-03-12 00:50:09,890   INFO  epoch: 3/6, acc_iter=116650, cur_iter=6261/36796, batch_size=4, time_cost(epoch): 3:34:09/17:24:15, time_cost(all): 30:49:37/59:21:01, loss=1.3330025672912598, d_time=0.25(0.25), f_time=2.26(1.80), b_time=2.51(2.05), lr=0.0053475654708231325
2026-03-12 00:51:01,436   INFO  Save latest model to /storage/project/r-gchou3-0/spanse30/MSF/output/cfgs/waymo_models/msf_8frames/default/ckpt/latest_model
2026-03-12 00:51:49,650   INFO  epoch: 3/6, acc_iter=116700, cur_iter=6311/36796, batch_size=4, time_cost(epoch): 3:35:48/17:22:19, time_cost(all): 30:51:17/59:18:31, loss=1.2985081672668457, d_time=0.25(0.25), f_time=1.19(1.80), b_time=1.43(2.05), lr=0.005345348893214707
/bin/sh: line 1: gpustat: command not found
2026-03-12 00:51:49,955   INFO  
2026-03-12 00:53:32,927   INFO  epoch: 3/6, acc_iter=116750, cur_iter=6361/36796, batch_size=4, time_cost(epoch): 3:37:32/17:20:40, time_cost(all): 30:53:00/59:17:00, loss=1.4111610651016235, d_time=0.25(0.25), f_time=2.32(1.80), b_time=2.57(2.05), lr=0.005343129017742139
2026-03-12 00:55:17,083   INFO  epoch: 3/6, acc_iter=116800, cur_iter=6411/36796, batch_size=4, time_cost(epoch): 3:39:16/17:19:05, time_cost(all): 30:54:45/59:15:43, loss=1.780037522315979, d_time=0.25(0.25), f_time=2.81(1.80), b_time=3.06(2.05), lr=0.0053409058475269
2026-03-12 00:56:01,785   INFO  Save latest model to /storage/project/r-gchou3-0/spanse30/MSF/output/cfgs/waymo_models/msf_8frames/default/ckpt/latest_model
2026-03-12 00:57:00,783   INFO  epoch: 3/6, acc_iter=116850, cur_iter=6461/36796, batch_size=4, time_cost(epoch): 3:41:00/17:17:27, time_cost(all): 30:56:28/59:14:18, loss=1.3179951906204224, d_time=0.25(0.25), f_time=1.11(1.80), b_time=1.36(2.05), lr=0.005338679385695098
/bin/sh: line 1: gpustat: command not found
2026-03-12 00:57:01,082   INFO  
2026-03-12 00:58:39,812   INFO  epoch: 3/6, acc_iter=116900, cur_iter=6511/36796, batch_size=4, time_cost(epoch): 3:42:39/17:15:28, time_cost(all): 30:58:07/59:11:39, loss=1.6521425247192383, d_time=0.25(0.25), f_time=2.56(1.80), b_time=2.81(2.05), lr=0.005336449635377465
2026-03-12 01:00:19,773   INFO  epoch: 3/6, acc_iter=116950, cur_iter=6561/36796, batch_size=4, time_cost(epoch): 3:44:19/17:13:33, time_cost(all): 30:59:47/59:09:15, loss=1.7074434757232666, d_time=0.25(0.25), f_time=2.22(1.80), b_time=2.47(2.05), lr=0.0053342165997093596
2026-03-12 01:01:01,670   INFO  Save latest model to /storage/project/r-gchou3-0/spanse30/MSF/output/cfgs/waymo_models/msf_8frames/default/ckpt/latest_model
2026-03-12 01:02:00,295   INFO  epoch: 3/6, acc_iter=117000, cur_iter=6611/36796, batch_size=4, time_cost(epoch): 3:45:59/17:11:42, time_cost(all): 31:01:28/59:07:01, loss=1.6831212043762207, d_time=0.25(0.25), f_time=2.14(1.80), b_time=2.39(2.05), lr=0.005331980281830758
/bin/sh: line 1: gpustat: command not found
2026-03-12 01:02:00,581   INFO  
2026-03-12 01:03:38,671   INFO  epoch: 3/6, acc_iter=117050, cur_iter=6661/36796, batch_size=4, time_cost(epoch): 3:47:37/17:09:40, time_cost(all): 31:03:06/59:04:13, loss=1.7312967777252197, d_time=0.25(0.25), f_time=2.75(1.80), b_time=3.00(2.05), lr=0.005329740684886252
2026-03-12 01:05:21,197   INFO  epoch: 3/6, acc_iter=117100, cur_iter=6711/36796, batch_size=4, time_cost(epoch): 3:49:20/17:07:58, time_cost(all): 31:04:49/59:02:31, loss=1.4621851444244385, d_time=0.25(0.25), f_time=1.73(1.80), b_time=1.98(2.05), lr=0.0053274978120250475
2026-03-12 01:06:02,116   INFO  Save latest model to /storage/project/r-gchou3-0/spanse30/MSF/output/cfgs/waymo_models/msf_8frames/default/ckpt/latest_model
2026-03-12 01:07:00,240   INFO  epoch: 3/6, acc_iter=117150, cur_iter=6761/36796, batch_size=4, time_cost(epoch): 3:50:59/17:06:00, time_cost(all): 31:06:28/58:59:55, loss=1.4034940004348755, d_time=0.25(0.25), f_time=1.99(1.80), b_time=2.24(2.05), lr=0.005325251666400953
/bin/sh: line 1: gpustat: command not found
2026-03-12 01:07:00,518   INFO  
2026-03-12 01:08:39,462   INFO  epoch: 3/6, acc_iter=117200, cur_iter=6811/36796, batch_size=4, time_cost(epoch): 3:52:38/17:04:03, time_cost(all): 31:08:07/58:57:23, loss=1.4411814212799072, d_time=0.25(0.25), f_time=1.97(1.80), b_time=2.22(2.05), lr=0.005323002251172381
2026-03-12 01:10:23,580   INFO  epoch: 3/6, acc_iter=117250, cur_iter=6861/36796, batch_size=4, time_cost(epoch): 3:54:22/17:02:28, time_cost(all): 31:09:51/58:56:06, loss=1.2095884084701538, d_time=0.25(0.25), f_time=1.53(1.80), b_time=1.78(2.05), lr=0.00532074956950234
2026-03-12 01:11:01,604   INFO  Save latest model to /storage/project/r-gchou3-0/spanse30/MSF/output/cfgs/waymo_models/msf_8frames/default/ckpt/latest_model
2026-03-12 01:12:04,890   INFO  epoch: 3/6, acc_iter=117300, cur_iter=6911/36796, batch_size=4, time_cost(epoch): 3:56:04/17:00:40, time_cost(all): 31:11:32/58:54:06, loss=1.1677532196044922, d_time=0.25(0.25), f_time=1.36(1.80), b_time=1.61(2.05), lr=0.005318493624558432
/bin/sh: line 1: gpustat: command not found
2026-03-12 01:12:05,178   INFO  
2026-03-12 01:13:48,650   INFO  epoch: 3/6, acc_iter=117350, cur_iter=6961/36796, batch_size=4, time_cost(epoch): 3:57:47/16:59:03, time_cost(all): 31:13:16/58:52:43, loss=1.4121710062026978, d_time=0.25(0.25), f_time=2.25(1.80), b_time=2.50(2.05), lr=0.005316234419512852
2026-03-12 01:15:33,145   INFO  epoch: 3/6, acc_iter=117400, cur_iter=7011/36796, batch_size=4, time_cost(epoch): 3:59:32/16:57:30, time_cost(all): 31:15:01/58:51:30, loss=1.4279619455337524, d_time=0.25(0.25), f_time=1.93(1.80), b_time=2.18(2.05), lr=0.005313971957542371
2026-03-12 01:16:02,589   INFO  Save latest model to /storage/project/r-gchou3-0/spanse30/MSF/output/cfgs/waymo_models/msf_8frames/default/ckpt/latest_model
2026-03-12 01:17:15,646   INFO  epoch: 3/6, acc_iter=117450, cur_iter=7061/36796, batch_size=4, time_cost(epoch): 4:01:14/16:55:47, time_cost(all): 31:16:43/58:49:48, loss=1.492272138595581, d_time=0.24(0.25), f_time=1.47(1.80), b_time=1.71(2.05), lr=0.005311706241828346
/bin/sh: line 1: gpustat: command not found
2026-03-12 01:17:15,928   INFO  
2026-03-12 01:18:56,042   INFO  epoch: 3/6, acc_iter=117500, cur_iter=7111/36796, batch_size=4, time_cost(epoch): 4:02:55/16:53:56, time_cost(all): 31:18:24/58:47:35, loss=1.5012071132659912, d_time=0.25(0.25), f_time=1.86(1.80), b_time=2.11(2.05), lr=0.005309437275556708
2026-03-12 01:20:37,352   INFO  epoch: 3/6, acc_iter=117550, cur_iter=7161/36796, batch_size=4, time_cost(epoch): 4:04:36/16:52:09, time_cost(all): 31:20:05/58:45:36, loss=1.3517570495605469, d_time=0.25(0.25), f_time=2.03(1.80), b_time=2.28(2.05), lr=0.005307165061917956
2026-03-12 01:21:02,099   INFO  Save latest model to /storage/project/r-gchou3-0/spanse30/MSF/output/cfgs/waymo_models/msf_8frames/default/ckpt/latest_model
2026-03-12 01:22:21,083   INFO  epoch: 3/6, acc_iter=117600, cur_iter=7211/36796, batch_size=4, time_cost(epoch): 4:06:20/16:50:31, time_cost(all): 31:21:49/58:44:12, loss=1.5416744947433472, d_time=0.24(0.25), f_time=2.01(1.80), b_time=2.25(2.05), lr=0.005304889604107159
/bin/sh: line 1: gpustat: command not found
2026-03-12 01:22:21,374   INFO  
2026-03-12 01:24:02,999   INFO  epoch: 3/6, acc_iter=117650, cur_iter=7261/36796, batch_size=4, time_cost(epoch): 4:08:02/16:48:47, time_cost(all): 31:23:31/58:42:22, loss=1.1672348976135254, d_time=0.25(0.25), f_time=1.89(1.80), b_time=2.14(2.05), lr=0.005302610905323946
2026-03-12 01:25:46,228   INFO  epoch: 3/6, acc_iter=117700, cur_iter=7311/36796, batch_size=4, time_cost(epoch): 4:09:45/16:47:07, time_cost(all): 31:25:14/58:40:50, loss=1.4031989574432373, d_time=0.25(0.25), f_time=1.52(1.80), b_time=1.77(2.05), lr=0.005300328968772503
2026-03-12 01:26:01,201   INFO  Save latest model to /storage/project/r-gchou3-0/spanse30/MSF/output/cfgs/waymo_models/msf_8frames/default/ckpt/latest_model
2026-03-12 01:27:28,103   INFO  epoch: 3/6, acc_iter=117750, cur_iter=7361/36796, batch_size=4, time_cost(epoch): 4:11:27/16:45:22, time_cost(all): 31:26:56/58:38:59, loss=1.1638904809951782, d_time=0.25(0.25), f_time=1.33(1.80), b_time=1.58(2.05), lr=0.00529804379766157
/bin/sh: line 1: gpustat: command not found
2026-03-12 01:27:28,382   INFO  
2026-03-12 01:29:08,307   INFO  epoch: 3/6, acc_iter=117800, cur_iter=7411/36796, batch_size=4, time_cost(epoch): 4:13:07/16:43:31, time_cost(all): 31:28:36/58:36:45, loss=1.3127541542053223, d_time=0.25(0.25), f_time=2.22(1.80), b_time=2.47(2.05), lr=0.005295755395204433
2026-03-12 01:30:51,716   INFO  epoch: 3/6, acc_iter=117850, cur_iter=7461/36796, batch_size=4, time_cost(epoch): 4:14:51/16:41:52, time_cost(all): 31:30:19/58:35:16, loss=1.8445652723312378, d_time=0.25(0.25), f_time=1.62(1.80), b_time=1.86(2.05), lr=0.005293463764618925
2026-03-12 01:31:02,783   INFO  Save latest model to /storage/project/r-gchou3-0/spanse30/MSF/output/cfgs/waymo_models/msf_8frames/default/ckpt/latest_model
2026-03-12 01:32:36,795   INFO  epoch: 3/6, acc_iter=117900, cur_iter=7511/36796, batch_size=4, time_cost(epoch): 4:16:36/16:40:20, time_cost(all): 31:32:04/58:34:09, loss=1.3292758464813232, d_time=0.25(0.25), f_time=1.32(1.80), b_time=1.57(2.05), lr=0.0052911689091274154
/bin/sh: line 1: gpustat: command not found
2026-03-12 01:32:37,169   INFO  
2026-03-12 01:34:19,724   INFO  epoch: 3/6, acc_iter=117950, cur_iter=7561/36796, batch_size=4, time_cost(epoch): 4:18:19/16:38:39, time_cost(all): 31:33:47/58:32:33, loss=1.2180829048156738, d_time=0.25(0.25), f_time=2.15(1.80), b_time=2.40(2.05), lr=0.00528887083195681
2026-03-12 01:36:02,038   INFO  Save latest model to /storage/project/r-gchou3-0/spanse30/MSF/output/cfgs/waymo_models/msf_8frames/default/ckpt/latest_model
2026-03-12 01:36:03,931   INFO  epoch: 3/6, acc_iter=118000, cur_iter=7611/36796, batch_size=4, time_cost(epoch): 4:20:03/16:37:03, time_cost(all): 31:35:31/58:31:14, loss=1.25225830078125, d_time=0.41(0.25), f_time=1.65(1.80), b_time=2.06(2.05), lr=0.005286569536338543
2026-03-12 01:37:51,013   INFO  epoch: 3/6, acc_iter=118050, cur_iter=7661/36796, batch_size=4, time_cost(epoch): 4:21:50/16:35:38, time_cost(all): 31:37:19/58:30:33, loss=1.6833035945892334, d_time=0.25(0.25), f_time=2.72(1.80), b_time=2.97(2.05), lr=0.005284265025508576
/bin/sh: line 1: gpustat: command not found
2026-03-12 01:37:51,301   INFO  
2026-03-12 01:39:34,221   INFO  epoch: 3/6, acc_iter=118100, cur_iter=7711/36796, batch_size=4, time_cost(epoch): 4:23:33/16:33:58, time_cost(all): 31:39:02/58:28:59, loss=1.5711288452148438, d_time=0.25(0.25), f_time=1.94(1.80), b_time=2.19(2.05), lr=0.005281957302707392
2026-03-12 01:41:02,043   INFO  Save latest model to /storage/project/r-gchou3-0/spanse30/MSF/output/cfgs/waymo_models/msf_8frames/default/ckpt/latest_model
2026-03-12 01:41:15,552   INFO  epoch: 3/6, acc_iter=118150, cur_iter=7761/36796, batch_size=4, time_cost(epoch): 4:25:14/16:32:12, time_cost(all): 31:40:43/58:27:01, loss=1.073365569114685, d_time=0.25(0.25), f_time=1.05(1.80), b_time=1.30(2.05), lr=0.005279646371179987
2026-03-12 01:42:58,089   INFO  epoch: 3/6, acc_iter=118200, cur_iter=7811/36796, batch_size=4, time_cost(epoch): 4:26:57/16:30:29, time_cost(all): 31:42:26/58:25:19, loss=1.5402482748031616, d_time=0.25(0.25), f_time=1.70(1.80), b_time=1.95(2.05), lr=0.005277332234175874
/bin/sh: line 1: gpustat: command not found
2026-03-12 01:42:58,371   INFO  
2026-03-12 01:44:43,833   INFO  epoch: 3/6, acc_iter=118250, cur_iter=7861/36796, batch_size=4, time_cost(epoch): 4:28:43/16:28:58, time_cost(all): 31:44:11/58:24:18, loss=1.3109867572784424, d_time=0.25(0.25), f_time=1.90(1.80), b_time=2.15(2.05), lr=0.0052750148949490695
2026-03-12 01:46:01,665   INFO  Save latest model to /storage/project/r-gchou3-0/spanse30/MSF/output/cfgs/waymo_models/msf_8frames/default/ckpt/latest_model
2026-03-12 01:46:26,572   INFO  epoch: 3/6, acc_iter=118300, cur_iter=7911/36796, batch_size=4, time_cost(epoch): 4:30:25/16:27:17, time_cost(all): 31:45:54/58:22:38, loss=1.1068456172943115, d_time=0.25(0.25), f_time=1.40(1.80), b_time=1.65(2.05), lr=0.005272694356758095
2026-03-12 01:48:11,411   INFO  epoch: 3/6, acc_iter=118350, cur_iter=7961/36796, batch_size=4, time_cost(epoch): 4:32:10/16:25:42, time_cost(all): 31:47:39/58:21:25, loss=1.263501524925232, d_time=0.25(0.25), f_time=1.65(1.80), b_time=1.90(2.05), lr=0.005270370622865967
/bin/sh: line 1: gpustat: command not found
2026-03-12 01:48:11,704   INFO  
2026-03-12 01:49:56,809   INFO  epoch: 3/6, acc_iter=118400, cur_iter=8011/36796, batch_size=4, time_cost(epoch): 4:33:56/16:24:10, time_cost(all): 31:49:24/58:20:19, loss=1.5326427221298218, d_time=0.25(0.25), f_time=2.22(1.80), b_time=2.47(2.05), lr=0.005268043696540201
2026-03-12 01:51:02,064   INFO  Save latest model to /storage/project/r-gchou3-0/spanse30/MSF/output/cfgs/waymo_models/msf_8frames/default/ckpt/latest_model
2026-03-12 01:51:40,302   INFO  epoch: 3/6, acc_iter=118450, cur_iter=8061/36796, batch_size=4, time_cost(epoch): 4:35:39/16:22:31, time_cost(all): 31:51:08/58:18:48, loss=0.8758102059364319, d_time=0.25(0.25), f_time=0.96(1.80), b_time=1.21(2.05), lr=0.005265713581052797
2026-03-12 01:53:25,728   INFO  epoch: 3/6, acc_iter=118500, cur_iter=8111/36796, batch_size=4, time_cost(epoch): 4:37:25/16:20:58, time_cost(all): 31:52:53/58:17:42, loss=1.2888026237487793, d_time=0.25(0.25), f_time=1.39(1.80), b_time=1.64(2.05), lr=0.0052633802796802414
/bin/sh: line 1: gpustat: command not found
2026-03-12 01:53:26,009   INFO  
2026-03-12 01:55:09,444   INFO  epoch: 3/6, acc_iter=118550, cur_iter=8161/36796, batch_size=4, time_cost(epoch): 4:39:08/16:19:20, time_cost(all): 31:54:37/58:16:13, loss=1.4124292135238647, d_time=0.25(0.25), f_time=1.70(1.80), b_time=1.95(2.05), lr=0.005261043795703499
2026-03-12 01:56:00,943   INFO  Save latest model to /storage/project/r-gchou3-0/spanse30/MSF/output/cfgs/waymo_models/msf_8frames/default/ckpt/latest_model
2026-03-12 01:56:54,308   INFO  epoch: 3/6, acc_iter=118600, cur_iter=8211/36796, batch_size=4, time_cost(epoch): 4:40:53/16:17:45, time_cost(all): 31:56:22/58:14:59, loss=1.5876243114471436, d_time=0.25(0.25), f_time=2.05(1.80), b_time=2.30(2.05), lr=0.005258704132408011
2026-03-12 01:58:39,890   INFO  epoch: 3/6, acc_iter=118650, cur_iter=8261/36796, batch_size=4, time_cost(epoch): 4:42:39/16:16:13, time_cost(all): 31:58:07/58:13:53, loss=1.1993021965026855, d_time=0.24(0.25), f_time=2.32(1.80), b_time=2.56(2.05), lr=0.00525636129308369
/bin/sh: line 1: gpustat: command not found
2026-03-12 01:58:40,170   INFO  
2026-03-12 02:00:22,674   INFO  epoch: 3/6, acc_iter=118700, cur_iter=8311/36796, batch_size=4, time_cost(epoch): 4:44:21/16:14:30, time_cost(all): 31:59:50/58:12:12, loss=1.276517629623413, d_time=0.25(0.25), f_time=2.36(1.80), b_time=2.61(2.05), lr=0.0052540152810249124
2026-03-12 02:01:02,914   INFO  Save latest model to /storage/project/r-gchou3-0/spanse30/MSF/output/cfgs/waymo_models/msf_8frames/default/ckpt/latest_model
2026-03-12 02:02:06,091   INFO  epoch: 3/6, acc_iter=118750, cur_iter=8361/36796, batch_size=4, time_cost(epoch): 4:46:05/16:12:50, time_cost(all): 32:01:34/58:10:39, loss=1.4878283739089966, d_time=0.25(0.25), f_time=2.07(1.80), b_time=2.32(2.05), lr=0.005251666099530518
2026-03-12 02:03:48,813   INFO  epoch: 3/6, acc_iter=118800, cur_iter=8411/36796, batch_size=4, time_cost(epoch): 4:47:48/16:11:08, time_cost(all): 32:03:16/58:08:57, loss=1.488797903060913, d_time=0.25(0.25), f_time=2.32(1.80), b_time=2.57(2.05), lr=0.005249313751903801
/bin/sh: line 1: gpustat: command not found
2026-03-12 02:03:49,100   INFO  
2026-03-12 02:05:34,143   INFO  epoch: 3/6, acc_iter=118850, cur_iter=8461/36796, batch_size=4, time_cost(epoch): 4:49:33/16:09:34, time_cost(all): 32:05:02/58:07:47, loss=1.2973554134368896, d_time=0.25(0.25), f_time=1.71(1.80), b_time=1.96(2.05), lr=0.005246958241452509
2026-03-12 02:06:01,558   INFO  Save latest model to /storage/project/r-gchou3-0/spanse30/MSF/output/cfgs/waymo_models/msf_8frames/default/ckpt/latest_model
2026-03-12 02:07:19,679   INFO  epoch: 3/6, acc_iter=118900, cur_iter=8511/36796, batch_size=4, time_cost(epoch): 4:51:18/16:08:01, time_cost(all): 32:06:47/58:06:39, loss=1.2716779708862305, d_time=0.27(0.25), f_time=1.21(1.80), b_time=1.47(2.05), lr=0.005244599571488839
2026-03-12 02:09:05,720   INFO  epoch: 3/6, acc_iter=118950, cur_iter=8561/36796, batch_size=4, time_cost(epoch): 4:53:05/16:06:30, time_cost(all): 32:08:33/58:05:36, loss=1.353356122970581, d_time=0.24(0.25), f_time=1.17(1.80), b_time=1.41(2.05), lr=0.005242237745329427
/bin/sh: line 1: gpustat: command not found
2026-03-12 02:09:06,000   INFO  
2026-03-12 02:10:50,476   INFO  epoch: 3/6, acc_iter=119000, cur_iter=8611/36796, batch_size=4, time_cost(epoch): 4:54:49/16:04:54, time_cost(all): 32:10:18/58:04:18, loss=1.1742240190505981, d_time=0.25(0.25), f_time=1.60(1.80), b_time=1.84(2.05), lr=0.005239872766295349
2026-03-12 02:11:02,301   INFO  Save latest model to /storage/project/r-gchou3-0/spanse30/MSF/output/cfgs/waymo_models/msf_8frames/default/ckpt/latest_model
2026-03-12 02:12:36,863   INFO  epoch: 3/6, acc_iter=119050, cur_iter=8661/36796, batch_size=4, time_cost(epoch): 4:56:36/16:03:23, time_cost(all): 32:12:04/58:03:18, loss=1.2486331462860107, d_time=0.25(0.25), f_time=1.66(1.80), b_time=1.91(2.05), lr=0.0052375046377121145
2026-03-12 02:14:19,805   INFO  epoch: 3/6, acc_iter=119100, cur_iter=8711/36796, batch_size=4, time_cost(epoch): 4:58:19/16:01:41, time_cost(all): 32:13:47/58:01:38, loss=1.7170279026031494, d_time=0.25(0.25), f_time=2.46(1.80), b_time=2.71(2.05), lr=0.005235133362909661
/bin/sh: line 1: gpustat: command not found
2026-03-12 02:14:20,086   INFO  
2026-03-12 02:16:01,743   INFO  Save latest model to /storage/project/r-gchou3-0/spanse30/MSF/output/cfgs/waymo_models/msf_8frames/default/ckpt/latest_model
2026-03-12 02:16:05,391   INFO  epoch: 3/6, acc_iter=119150, cur_iter=8761/36796, batch_size=4, time_cost(epoch): 5:00:04/16:00:07, time_cost(all): 32:15:33/58:00:29, loss=1.6332974433898926, d_time=0.25(0.25), f_time=2.27(1.80), b_time=2.52(2.05), lr=0.0052327589452223515
2026-03-12 02:17:51,387   INFO  epoch: 3/6, acc_iter=119200, cur_iter=8811/36796, batch_size=4, time_cost(epoch): 5:01:50/15:58:35, time_cost(all): 32:17:19/57:59:23, loss=1.180715799331665, d_time=0.25(0.25), f_time=1.59(1.80), b_time=1.84(2.06), lr=0.005230381387988966
2026-03-12 02:19:34,547   INFO  epoch: 3/6, acc_iter=119250, cur_iter=8861/36796, batch_size=4, time_cost(epoch): 5:03:33/15:56:54, time_cost(all): 32:19:02/57:57:45, loss=1.1973235607147217, d_time=0.25(0.25), f_time=1.50(1.80), b_time=1.75(2.06), lr=0.005228000694552701
/bin/sh: line 1: gpustat: command not found
2026-03-12 02:19:34,838   INFO  
2026-03-12 02:21:00,871   INFO  Save latest model to /storage/project/r-gchou3-0/spanse30/MSF/output/cfgs/waymo_models/msf_8frames/default/ckpt/latest_model
2026-03-12 02:21:17,529   INFO  epoch: 3/6, acc_iter=119300, cur_iter=8911/36796, batch_size=4, time_cost(epoch): 5:05:16/15:55:11, time_cost(all): 32:20:45/57:56:05, loss=1.0982632637023926, d_time=0.25(0.25), f_time=1.86(1.80), b_time=2.11(2.06), lr=0.005225616868261163
2026-03-12 02:23:02,998   INFO  epoch: 3/6, acc_iter=119350, cur_iter=8961/36796, batch_size=4, time_cost(epoch): 5:07:02/15:53:37, time_cost(all): 32:22:31/57:54:53, loss=1.3031100034713745, d_time=0.25(0.25), f_time=0.98(1.80), b_time=1.23(2.06), lr=0.005223229912466362
2026-03-12 02:24:47,696   INFO  epoch: 3/6, acc_iter=119400, cur_iter=9011/36796, batch_size=4, time_cost(epoch): 5:08:46/15:52:00, time_cost(all): 32:24:15/57:53:32, loss=1.199841022491455, d_time=0.25(0.25), f_time=1.35(1.80), b_time=1.60(2.06), lr=0.005220839830524712
/bin/sh: line 1: gpustat: command not found
2026-03-12 02:24:47,985   INFO  
2026-03-12 02:26:02,524   INFO  Save latest model to /storage/project/r-gchou3-0/spanse30/MSF/output/cfgs/waymo_models/msf_8frames/default/ckpt/latest_model
2026-03-12 02:26:31,381   INFO  epoch: 3/6, acc_iter=119450, cur_iter=9061/36796, batch_size=4, time_cost(epoch): 5:10:30/15:50:20, time_cost(all): 32:25:59/57:51:59, loss=1.4842333793640137, d_time=0.25(0.25), f_time=1.55(1.80), b_time=1.80(2.06), lr=0.005218446625797018
2026-03-12 02:28:13,338   INFO  epoch: 3/6, acc_iter=119500, cur_iter=9111/36796, batch_size=4, time_cost(epoch): 5:12:12/15:48:35, time_cost(all): 32:27:41/57:50:07, loss=1.47285795211792, d_time=0.25(0.25), f_time=1.74(1.80), b_time=1.99(2.06), lr=0.00521605030164848
2026-03-12 02:29:55,044   INFO  epoch: 3/6, acc_iter=119550, cur_iter=9161/36796, batch_size=4, time_cost(epoch): 5:13:54/15:46:49, time_cost(all): 32:29:23/57:48:12, loss=1.0144184827804565, d_time=0.25(0.25), f_time=1.20(1.80), b_time=1.45(2.06), lr=0.0052136508614486834
/bin/sh: line 1: gpustat: command not found
2026-03-12 02:29:55,343   INFO  
2026-03-12 02:31:01,668   INFO  Save latest model to /storage/project/r-gchou3-0/spanse30/MSF/output/cfgs/waymo_models/msf_8frames/default/ckpt/latest_model
2026-03-12 02:31:38,242   INFO  epoch: 3/6, acc_iter=119600, cur_iter=9211/36796, batch_size=4, time_cost(epoch): 5:15:37/15:45:07, time_cost(all): 32:31:06/57:46:34, loss=1.4725651741027832, d_time=0.25(0.25), f_time=2.50(1.80), b_time=2.75(2.06), lr=0.005211248308571594
2026-03-12 02:33:22,560   INFO  epoch: 3/6, acc_iter=119650, cur_iter=9261/36796, batch_size=4, time_cost(epoch): 5:17:21/15:43:29, time_cost(all): 32:32:50/57:45:08, loss=1.3957860469818115, d_time=0.25(0.25), f_time=2.27(1.80), b_time=2.52(2.06), lr=0.005208842646395557
2026-03-12 02:35:03,815   INFO  epoch: 3/6, acc_iter=119700, cur_iter=9311/36796, batch_size=4, time_cost(epoch): 5:19:03/15:41:42, time_cost(all): 32:34:31/57:43:08, loss=1.3098257780075073, d_time=0.25(0.25), f_time=1.92(1.80), b_time=2.17(2.06), lr=0.005206433878303285
/bin/sh: line 1: gpustat: command not found
2026-03-12 02:35:04,097   INFO  
2026-03-12 02:36:01,104   INFO  Save latest model to /storage/project/r-gchou3-0/spanse30/MSF/output/cfgs/waymo_models/msf_8frames/default/ckpt/latest_model
2026-03-12 02:36:49,192   INFO  epoch: 3/6, acc_iter=119750, cur_iter=9361/36796, batch_size=4, time_cost(epoch): 5:20:48/15:40:06, time_cost(all): 32:36:17/57:41:53, loss=1.1539241075515747, d_time=0.25(0.25), f_time=1.64(1.80), b_time=1.89(2.06), lr=0.005204022007681864
2026-03-12 02:38:34,105   INFO  epoch: 3/6, acc_iter=119800, cur_iter=9411/36796, batch_size=4, time_cost(epoch): 5:22:33/15:38:30, time_cost(all): 32:38:02/57:40:33, loss=1.3797850608825684, d_time=0.25(0.25), f_time=1.83(1.80), b_time=2.08(2.06), lr=0.0052016070379227375
2026-03-12 02:40:19,684   INFO  epoch: 3/6, acc_iter=119850, cur_iter=9461/36796, batch_size=4, time_cost(epoch): 5:24:18/15:36:55, time_cost(all): 32:39:47/57:39:20, loss=1.2720191478729248, d_time=0.25(0.25), f_time=1.67(1.80), b_time=1.92(2.06), lr=0.005199188972421711
/bin/sh: line 1: gpustat: command not found
2026-03-12 02:40:19,976   INFO  
2026-03-12 02:41:01,336   INFO  Save latest model to /storage/project/r-gchou3-0/spanse30/MSF/output/cfgs/waymo_models/msf_8frames/default/ckpt/latest_model
2026-03-12 02:42:02,942   INFO  epoch: 3/6, acc_iter=119900, cur_iter=9511/36796, batch_size=4, time_cost(epoch): 5:26:02/15:35:13, time_cost(all): 32:41:31/57:37:42, loss=1.394277572631836, d_time=0.25(0.25), f_time=2.68(1.80), b_time=2.93(2.06), lr=0.00519676781457894
2026-03-12 02:43:48,486   INFO  epoch: 3/6, acc_iter=119950, cur_iter=9561/36796, batch_size=4, time_cost(epoch): 5:27:47/15:33:38, time_cost(all): 32:43:16/57:36:27, loss=1.2207958698272705, d_time=0.25(0.25), f_time=1.54(1.80), b_time=1.79(2.06), lr=0.005194343567798929
2026-03-12 02:45:31,129   INFO  epoch: 3/6, acc_iter=120000, cur_iter=9611/36796, batch_size=4, time_cost(epoch): 5:29:30/15:31:55, time_cost(all): 32:44:59/57:34:42, loss=1.6066288948059082, d_time=0.25(0.25), f_time=1.87(1.80), b_time=2.12(2.06), lr=0.0051919162354905285
/bin/sh: line 1: gpustat: command not found
2026-03-12 02:45:31,415   INFO  
2026-03-12 02:46:01,641   INFO  Save latest model to /storage/project/r-gchou3-0/spanse30/MSF/output/cfgs/waymo_models/msf_8frames/default/ckpt/latest_model
2026-03-12 02:47:12,270   INFO  epoch: 3/6, acc_iter=120050, cur_iter=9661/36796, batch_size=4, time_cost(epoch): 5:31:11/15:30:07, time_cost(all): 32:46:40/57:32:42, loss=1.5291577577590942, d_time=0.25(0.25), f_time=1.52(1.80), b_time=1.77(2.06), lr=0.0051894858210669225
2026-03-12 02:48:55,064   INFO  epoch: 3/6, acc_iter=120100, cur_iter=9711/36796, batch_size=4, time_cost(epoch): 5:32:54/15:28:24, time_cost(all): 32:48:23/57:30:59, loss=1.5860331058502197, d_time=0.25(0.25), f_time=2.02(1.80), b_time=2.27(2.06), lr=0.005187052327945634
2026-03-12 02:50:41,406   INFO  epoch: 3/6, acc_iter=120150, cur_iter=9761/36796, batch_size=4, time_cost(epoch): 5:34:40/15:26:51, time_cost(all): 32:50:09/57:29:52, loss=1.6489641666412354, d_time=0.25(0.25), f_time=1.43(1.80), b_time=1.68(2.06), lr=0.0051846157595485136
/bin/sh: line 1: gpustat: command not found
2026-03-12 02:50:41,711   INFO  
2026-03-12 02:51:01,910   INFO  Save latest model to /storage/project/r-gchou3-0/spanse30/MSF/output/cfgs/waymo_models/msf_8frames/default/ckpt/latest_model
2026-03-12 02:52:24,117   INFO  epoch: 3/6, acc_iter=120200, cur_iter=9811/36796, batch_size=4, time_cost(epoch): 5:36:23/15:25:08, time_cost(all): 32:51:52/57:28:08, loss=1.360809326171875, d_time=0.25(0.25), f_time=1.40(1.80), b_time=1.65(2.06), lr=0.0051821761193017336
2026-03-12 02:54:08,172   INFO  epoch: 3/6, acc_iter=120250, cur_iter=9861/36796, batch_size=4, time_cost(epoch): 5:38:07/15:23:28, time_cost(all): 32:53:36/57:26:37, loss=1.617756962776184, d_time=0.25(0.25), f_time=1.63(1.80), b_time=1.88(2.06), lr=0.005179733410635789
2026-03-12 02:55:51,049   INFO  epoch: 3/6, acc_iter=120300, cur_iter=9911/36796, batch_size=4, time_cost(epoch): 5:39:50/15:21:46, time_cost(all): 32:55:19/57:24:54, loss=1.3857083320617676, d_time=0.25(0.25), f_time=1.86(1.80), b_time=2.10(2.06), lr=0.005177287636985489
/bin/sh: line 1: gpustat: command not found
2026-03-12 02:55:51,335   INFO  
2026-03-12 02:56:01,920   INFO  Save latest model to /storage/project/r-gchou3-0/spanse30/MSF/output/cfgs/waymo_models/msf_8frames/default/ckpt/latest_model
2026-03-12 02:57:33,245   INFO  epoch: 3/6, acc_iter=120350, cur_iter=9961/36796, batch_size=4, time_cost(epoch): 5:41:32/15:20:01, time_cost(all): 32:57:01/57:23:05, loss=1.138946294784546, d_time=0.25(0.25), f_time=1.76(1.80), b_time=2.01(2.06), lr=0.0051748388017899515
2026-03-12 02:59:20,583   INFO  epoch: 3/6, acc_iter=120400, cur_iter=10011/36796, batch_size=4, time_cost(epoch): 5:43:19/15:18:30, time_cost(all): 32:58:48/57:22:07, loss=1.4331610202789307, d_time=0.27(0.25), f_time=1.78(1.80), b_time=2.05(2.06), lr=0.005172386908492599
2026-03-12 03:01:01,403   INFO  Save latest model to /storage/project/r-gchou3-0/spanse30/MSF/output/cfgs/waymo_models/msf_8frames/default/ckpt/latest_model
2026-03-12 03:01:03,412   INFO  epoch: 3/6, acc_iter=120450, cur_iter=10061/36796, batch_size=4, time_cost(epoch): 5:45:02/15:16:47, time_cost(all): 33:00:31/57:20:24, loss=1.6001055240631104, d_time=0.33(0.25), f_time=1.76(1.80), b_time=2.09(2.06), lr=0.005169931960541156
/bin/sh: line 1: gpustat: command not found
2026-03-12 03:01:03,699   INFO  
2026-03-12 03:02:48,068   INFO  epoch: 3/6, acc_iter=120500, cur_iter=10111/36796, batch_size=4, time_cost(epoch): 5:46:47/15:15:09, time_cost(all): 33:02:16/57:18:58, loss=1.6216344833374023, d_time=0.24(0.25), f_time=1.34(1.81), b_time=1.58(2.06), lr=0.00516747396138764
2026-03-12 03:04:31,485   INFO  epoch: 3/6, acc_iter=120550, cur_iter=10161/36796, batch_size=4, time_cost(epoch): 5:48:30/15:13:27, time_cost(all): 33:03:59/57:17:21, loss=1.0539010763168335, d_time=0.25(0.25), f_time=1.74(1.81), b_time=1.99(2.06), lr=0.005165012914488363
2026-03-12 03:06:01,897   INFO  Save latest model to /storage/project/r-gchou3-0/spanse30/MSF/output/cfgs/waymo_models/msf_8frames/default/ckpt/latest_model
2026-03-12 03:06:16,860   INFO  epoch: 3/6, acc_iter=120600, cur_iter=10211/36796, batch_size=4, time_cost(epoch): 5:50:16/15:11:51, time_cost(all): 33:05:44/57:16:02, loss=1.28840970993042, d_time=0.25(0.25), f_time=1.86(1.81), b_time=2.11(2.06), lr=0.005162548823303917
/bin/sh: line 1: gpustat: command not found
2026-03-12 03:06:17,146   INFO  
2026-03-12 03:07:58,759   INFO  epoch: 3/6, acc_iter=120650, cur_iter=10261/36796, batch_size=4, time_cost(epoch): 5:51:58/15:10:06, time_cost(all): 33:07:26/57:14:10, loss=1.2361500263214111, d_time=0.25(0.25), f_time=1.70(1.81), b_time=1.94(2.06), lr=0.005160081691299178
2026-03-12 03:09:42,324   INFO  epoch: 3/6, acc_iter=120700, cur_iter=10311/36796, batch_size=4, time_cost(epoch): 5:53:41/15:08:24, time_cost(all): 33:09:10/57:12:33, loss=1.5220409631729126, d_time=0.25(0.25), f_time=1.41(1.81), b_time=1.66(2.06), lr=0.005157611521943297
2026-03-12 03:11:01,494   INFO  Save latest model to /storage/project/r-gchou3-0/spanse30/MSF/output/cfgs/waymo_models/msf_8frames/default/ckpt/latest_model
2026-03-12 03:11:23,581   INFO  epoch: 3/6, acc_iter=120750, cur_iter=10361/36796, batch_size=4, time_cost(epoch): 5:55:22/15:06:37, time_cost(all): 33:10:51/57:10:35, loss=1.3396875858306885, d_time=0.24(0.25), f_time=1.43(1.81), b_time=1.67(2.06), lr=0.005155138318709698
/bin/sh: line 1: gpustat: command not found
2026-03-12 03:11:23,897   INFO  
2026-03-12 03:13:11,704   INFO  epoch: 3/6, acc_iter=120800, cur_iter=10411/36796, batch_size=4, time_cost(epoch): 5:57:10/15:05:08, time_cost(all): 33:12:39/57:09:42, loss=1.1922365427017212, d_time=0.21(0.25), f_time=1.44(1.81), b_time=1.65(2.06), lr=0.005152662085076067
2026-03-12 03:14:58,122   INFO  epoch: 3/6, acc_iter=120850, cur_iter=10461/36796, batch_size=4, time_cost(epoch): 5:58:57/15:03:34, time_cost(all): 33:14:26/57:08:32, loss=1.2649180889129639, d_time=0.25(0.25), f_time=0.90(1.81), b_time=1.15(2.06), lr=0.005150182824524357
2026-03-12 03:16:02,557   INFO  Save latest model to /storage/project/r-gchou3-0/spanse30/MSF/output/cfgs/waymo_models/msf_8frames/default/ckpt/latest_model
2026-03-12 03:16:38,917   INFO  epoch: 3/6, acc_iter=120900, cur_iter=10511/36796, batch_size=4, time_cost(epoch): 6:00:38/15:01:45, time_cost(all): 33:16:06/57:06:29, loss=1.5136587619781494, d_time=0.25(0.25), f_time=2.61(1.81), b_time=2.86(2.06), lr=0.00514770054054077
/bin/sh: line 1: gpustat: command not found
2026-03-12 03:16:39,229   INFO  
2026-03-12 03:18:20,607   INFO  epoch: 3/6, acc_iter=120950, cur_iter=10561/36796, batch_size=4, time_cost(epoch): 6:02:19/14:59:59, time_cost(all): 33:17:48/57:04:35, loss=1.2718631029129028, d_time=0.25(0.25), f_time=2.30(1.81), b_time=2.55(2.06), lr=0.005145215236615766
2026-03-12 03:19:59,014   INFO  epoch: 3/6, acc_iter=121000, cur_iter=10611/36796, batch_size=4, time_cost(epoch): 6:03:58/14:58:05, time_cost(all): 33:19:27/57:02:09, loss=1.5265462398529053, d_time=0.25(0.25), f_time=1.78(1.81), b_time=2.03(2.06), lr=0.005142726916244048
2026-03-12 03:21:01,953   INFO  Save latest model to /storage/project/r-gchou3-0/spanse30/MSF/output/cfgs/waymo_models/msf_8frames/default/ckpt/latest_model
2026-03-12 03:21:39,417   INFO  epoch: 3/6, acc_iter=121050, cur_iter=10661/36796, batch_size=4, time_cost(epoch): 6:05:38/14:56:16, time_cost(all): 33:21:07/57:00:03, loss=1.2122797966003418, d_time=0.25(0.25), f_time=1.92(1.81), b_time=2.17(2.06), lr=0.005140235582924561
/bin/sh: line 1: gpustat: command not found
2026-03-12 03:21:39,704   INFO  
2026-03-12 03:23:23,471   INFO  epoch: 3/6, acc_iter=121100, cur_iter=10711/36796, batch_size=4, time_cost(epoch): 6:07:22/14:54:36, time_cost(all): 33:22:51/56:58:31, loss=1.5612170696258545, d_time=0.25(0.25), f_time=2.19(1.81), b_time=2.44(2.06), lr=0.0051377412401604865
2026-03-12 03:25:06,423   INFO  epoch: 3/6, acc_iter=121150, cur_iter=10761/36796, batch_size=4, time_cost(epoch): 6:09:05/14:52:54, time_cost(all): 33:24:34/56:56:49, loss=1.1118977069854736, d_time=0.25(0.25), f_time=1.92(1.81), b_time=2.17(2.06), lr=0.005135243891459238
2026-03-12 03:26:02,105   INFO  Save latest model to /storage/project/r-gchou3-0/spanse30/MSF/output/cfgs/waymo_models/msf_8frames/default/ckpt/latest_model
2026-03-12 03:26:49,622   INFO  epoch: 3/6, acc_iter=121200, cur_iter=10811/36796, batch_size=4, time_cost(epoch): 6:10:48/14:51:11, time_cost(all): 33:26:17/56:55:09, loss=1.586622714996338, d_time=0.25(0.25), f_time=2.56(1.81), b_time=2.81(2.06), lr=0.005132743540332458
/bin/sh: line 1: gpustat: command not found
2026-03-12 03:26:49,907   INFO  
2026-03-12 03:28:32,929   INFO  epoch: 3/6, acc_iter=121250, cur_iter=10861/36796, batch_size=4, time_cost(epoch): 6:12:32/14:49:29, time_cost(all): 33:28:00/56:53:30, loss=1.617500901222229, d_time=0.25(0.25), f_time=2.11(1.81), b_time=2.36(2.06), lr=0.005130240190296008
2026-03-12 03:30:17,162   INFO  epoch: 3/6, acc_iter=121300, cur_iter=10911/36796, batch_size=4, time_cost(epoch): 6:14:16/14:47:50, time_cost(all): 33:29:45/56:51:59, loss=1.759286880493164, d_time=0.25(0.25), f_time=1.87(1.81), b_time=2.12(2.06), lr=0.0051277338448699646
2026-03-12 03:31:03,068   INFO  Save latest model to /storage/project/r-gchou3-0/spanse30/MSF/output/cfgs/waymo_models/msf_8frames/default/ckpt/latest_model
2026-03-12 03:31:58,548   INFO  epoch: 3/6, acc_iter=121350, cur_iter=10961/36796, batch_size=4, time_cost(epoch): 6:15:57/14:46:03, time_cost(all): 33:31:26/56:50:02, loss=1.2212694883346558, d_time=0.25(0.25), f_time=1.23(1.81), b_time=1.48(2.06), lr=0.005125224507578623
/bin/sh: line 1: gpustat: command not found
2026-03-12 03:31:58,832   INFO  
2026-03-12 03:33:41,490   INFO  epoch: 3/6, acc_iter=121400, cur_iter=11011/36796, batch_size=4, time_cost(epoch): 6:17:40/14:44:21, time_cost(all): 33:33:09/56:48:20, loss=1.3168176412582397, d_time=0.24(0.25), f_time=1.62(1.81), b_time=1.86(2.06), lr=0.005122712181950478
2026-03-12 03:35:28,113   INFO  epoch: 3/6, acc_iter=121450, cur_iter=11061/36796, batch_size=4, time_cost(epoch): 6:19:27/14:42:46, time_cost(all): 33:34:56/56:47:11, loss=1.3828481435775757, d_time=0.25(0.25), f_time=2.64(1.81), b_time=2.89(2.06), lr=0.005120196871518232
2026-03-12 03:36:01,835   INFO  Save latest model to /storage/project/r-gchou3-0/spanse30/MSF/output/cfgs/waymo_models/msf_8frames/default/ckpt/latest_model
2026-03-12 03:37:11,291   INFO  epoch: 3/6, acc_iter=121500, cur_iter=11111/36796, batch_size=4, time_cost(epoch): 6:21:10/14:41:04, time_cost(all): 33:36:39/56:45:30, loss=1.273552656173706, d_time=0.25(0.25), f_time=2.15(1.81), b_time=2.40(2.06), lr=0.005117678579818782
/bin/sh: line 1: gpustat: command not found
2026-03-12 03:37:11,577   INFO  
2026-03-12 03:38:55,479   INFO  epoch: 3/6, acc_iter=121550, cur_iter=11161/36796, batch_size=4, time_cost(epoch): 6:22:54/14:39:24, time_cost(all): 33:38:23/56:43:59, loss=1.0834572315216064, d_time=0.25(0.25), f_time=1.90(1.81), b_time=2.14(2.06), lr=0.005115157310393217
2026-03-12 03:40:39,614   INFO  epoch: 3/6, acc_iter=121600, cur_iter=11211/36796, batch_size=4, time_cost(epoch): 6:24:38/14:37:44, time_cost(all): 33:40:07/56:42:27, loss=1.4615052938461304, d_time=0.25(0.25), f_time=2.28(1.81), b_time=2.53(2.06), lr=0.005112633066786813
2026-03-12 03:41:02,694   INFO  Save latest model to /storage/project/r-gchou3-0/spanse30/MSF/output/cfgs/waymo_models/msf_8frames/default/ckpt/latest_model
2026-03-12 03:42:22,573   INFO  epoch: 3/6, acc_iter=121650, cur_iter=11261/36796, batch_size=4, time_cost(epoch): 6:26:21/14:36:01, time_cost(all): 33:41:50/56:40:44, loss=1.3469653129577637, d_time=0.25(0.25), f_time=2.11(1.81), b_time=2.35(2.06), lr=0.00511010585254903
/bin/sh: line 1: gpustat: command not found
2026-03-12 03:42:22,857   INFO  
2026-03-12 03:44:02,287   INFO  epoch: 3/6, acc_iter=121700, cur_iter=11311/36796, batch_size=4, time_cost(epoch): 6:28:01/14:34:11, time_cost(all): 33:43:30/56:38:33, loss=1.178515911102295, d_time=0.25(0.25), f_time=1.85(1.81), b_time=2.10(2.06), lr=0.0051075756712335016
2026-03-12 03:45:46,427   INFO  epoch: 3/6, acc_iter=121750, cur_iter=11361/36796, batch_size=4, time_cost(epoch): 6:29:45/14:32:31, time_cost(all): 33:45:14/56:37:01, loss=1.5009472370147705, d_time=0.25(0.25), f_time=2.06(1.81), b_time=2.31(2.06), lr=0.005105042526398039
2026-03-12 03:46:02,605   INFO  Save latest model to /storage/project/r-gchou3-0/spanse30/MSF/output/cfgs/waymo_models/msf_8frames/default/ckpt/latest_model
2026-03-12 03:47:28,409   INFO  epoch: 3/6, acc_iter=121800, cur_iter=11411/36796, batch_size=4, time_cost(epoch): 6:31:27/14:30:46, time_cost(all): 33:46:56/56:35:10, loss=1.2009527683258057, d_time=0.25(0.25), f_time=1.45(1.81), b_time=1.70(2.06), lr=0.005102506421604615
/bin/sh: line 1: gpustat: command not found
2026-03-12 03:47:28,695   INFO  
2026-03-12 03:49:10,745   INFO  epoch: 3/6, acc_iter=121850, cur_iter=11461/36796, batch_size=4, time_cost(epoch): 6:33:10/14:29:02, time_cost(all): 33:48:38/56:33:22, loss=1.336959958076477, d_time=0.25(0.25), f_time=1.86(1.81), b_time=2.11(2.06), lr=0.005099967360419366
2026-03-12 03:50:56,082   INFO  epoch: 3/6, acc_iter=121900, cur_iter=11511/36796, batch_size=4, time_cost(epoch): 6:34:55/14:27:24, time_cost(all): 33:50:24/56:32:00, loss=1.4474639892578125, d_time=0.24(0.25), f_time=2.02(1.81), b_time=2.26(2.06), lr=0.00509742534641259
2026-03-12 03:51:02,629   INFO  Save latest model to /storage/project/r-gchou3-0/spanse30/MSF/output/cfgs/waymo_models/msf_8frames/default/ckpt/latest_model
2026-03-12 03:52:37,905   INFO  epoch: 3/6, acc_iter=121950, cur_iter=11561/36796, batch_size=4, time_cost(epoch): 6:36:37/14:25:39, time_cost(all): 33:52:05/56:30:08, loss=1.4975252151489258, d_time=0.25(0.25), f_time=1.22(1.81), b_time=1.47(2.06), lr=0.005094880383158729
/bin/sh: line 1: gpustat: command not found
2026-03-12 03:52:38,186   INFO  
2026-03-12 03:54:20,962   INFO  epoch: 3/6, acc_iter=122000, cur_iter=11611/36796, batch_size=4, time_cost(epoch): 6:38:20/14:23:56, time_cost(all): 33:53:49/56:28:26, loss=1.1783016920089722, d_time=0.25(0.25), f_time=1.39(1.81), b_time=1.64(2.06), lr=0.005092332474236381
2026-03-12 03:56:02,402   INFO  epoch: 3/6, acc_iter=122050, cur_iter=11661/36796, batch_size=4, time_cost(epoch): 6:40:01/14:22:10, time_cost(all): 33:55:30/56:26:31, loss=1.2269766330718994, d_time=0.25(0.25), f_time=1.81(1.81), b_time=2.06(2.06), lr=0.005089781623228278
2026-03-12 03:56:02,519   INFO  Save latest model to /storage/project/r-gchou3-0/spanse30/MSF/output/cfgs/waymo_models/msf_8frames/default/ckpt/latest_model
2026-03-12 03:57:44,718   INFO  epoch: 3/6, acc_iter=122100, cur_iter=11711/36796, batch_size=4, time_cost(epoch): 6:41:44/14:20:26, time_cost(all): 33:57:12/56:24:43, loss=1.2816239595413208, d_time=0.25(0.25), f_time=1.69(1.81), b_time=1.94(2.06), lr=0.005087227833721293
/bin/sh: line 1: gpustat: command not found
2026-03-12 03:57:45,009   INFO  
2026-03-12 03:59:32,394   INFO  epoch: 3/6, acc_iter=122150, cur_iter=11761/36796, batch_size=4, time_cost(epoch): 6:43:31/14:18:53, time_cost(all): 33:59:00/56:23:40, loss=1.264635443687439, d_time=0.25(0.25), f_time=1.60(1.81), b_time=1.85(2.06), lr=0.0050846711093064335
2026-03-12 04:01:02,035   INFO  Save latest model to /storage/project/r-gchou3-0/spanse30/MSF/output/cfgs/waymo_models/msf_8frames/default/ckpt/latest_model
2026-03-12 04:01:15,067   INFO  epoch: 3/6, acc_iter=122200, cur_iter=11811/36796, batch_size=4, time_cost(epoch): 6:45:14/14:17:10, time_cost(all): 34:00:43/56:21:55, loss=1.2944689989089966, d_time=0.25(0.25), f_time=1.95(1.81), b_time=2.20(2.06), lr=0.005082111453578828
2026-03-12 04:03:00,410   INFO  epoch: 3/6, acc_iter=122250, cur_iter=11861/36796, batch_size=4, time_cost(epoch): 6:46:59/14:15:32, time_cost(all): 34:02:28/56:20:32, loss=1.1949646472930908, d_time=0.21(0.25), f_time=1.64(1.81), b_time=1.85(2.06), lr=0.005079548870137731
/bin/sh: line 1: gpustat: command not found
2026-03-12 04:03:00,696   INFO  
2026-03-12 04:04:42,983   INFO  epoch: 3/6, acc_iter=122300, cur_iter=11911/36796, batch_size=4, time_cost(epoch): 6:48:42/14:13:48, time_cost(all): 34:04:11/56:18:46, loss=1.582175374031067, d_time=0.25(0.25), f_time=1.88(1.81), b_time=2.13(2.06), lr=0.005076983362586512
2026-03-12 04:06:02,155   INFO  Save latest model to /storage/project/r-gchou3-0/spanse30/MSF/output/cfgs/waymo_models/msf_8frames/default/ckpt/latest_model
2026-03-12 04:06:26,683   INFO  epoch: 3/6, acc_iter=122350, cur_iter=11961/36796, batch_size=4, time_cost(epoch): 6:50:25/14:12:07, time_cost(all): 34:05:54/56:17:10, loss=1.6188654899597168, d_time=0.25(0.25), f_time=2.92(1.81), b_time=3.17(2.06), lr=0.005074414934532654
2026-03-12 04:08:08,803   INFO  epoch: 3/6, acc_iter=122400, cur_iter=12011/36796, batch_size=4, time_cost(epoch): 6:52:08/14:10:22, time_cost(all): 34:07:36/56:15:20, loss=1.7033562660217285, d_time=0.25(0.25), f_time=1.79(1.81), b_time=2.04(2.06), lr=0.0050718435895877444
/bin/sh: line 1: gpustat: command not found
2026-03-12 04:08:09,083   INFO  
2026-03-12 04:09:51,653   INFO  epoch: 3/6, acc_iter=122450, cur_iter=12061/36796, batch_size=4, time_cost(epoch): 6:53:50/14:08:39, time_cost(all): 34:09:19/56:13:36, loss=1.5195945501327515, d_time=0.25(0.25), f_time=2.33(1.81), b_time=2.58(2.06), lr=0.005069269331367474
2026-03-12 04:11:01,818   INFO  Save latest model to /storage/project/r-gchou3-0/spanse30/MSF/output/cfgs/waymo_models/msf_8frames/default/ckpt/latest_model
2026-03-12 04:11:34,656   INFO  epoch: 3/6, acc_iter=122500, cur_iter=12111/36796, batch_size=4, time_cost(epoch): 6:55:33/14:06:56, time_cost(all): 34:11:02/56:11:54, loss=1.0972349643707275, d_time=0.25(0.25), f_time=1.93(1.81), b_time=2.18(2.06), lr=0.0050666921634916285
2026-03-12 04:13:21,618   INFO  epoch: 3/6, acc_iter=122550, cur_iter=12161/36796, batch_size=4, time_cost(epoch): 6:57:20/14:05:22, time_cost(all): 34:12:49/56:10:44, loss=1.4103044271469116, d_time=0.25(0.25), f_time=2.34(1.81), b_time=2.59(2.06), lr=0.0050641120895840875
/bin/sh: line 1: gpustat: command not found
2026-03-12 04:13:21,905   INFO  
2026-03-12 04:15:08,382   INFO  epoch: 3/6, acc_iter=122600, cur_iter=12211/36796, batch_size=4, time_cost(epoch): 6:59:07/14:03:46, time_cost(all): 34:14:36/56:09:31, loss=1.399277925491333, d_time=0.25(0.25), f_time=1.81(1.81), b_time=2.06(2.06), lr=0.005061529113272813
2026-03-12 04:16:02,365   INFO  Save latest model to /storage/project/r-gchou3-0/spanse30/MSF/output/cfgs/waymo_models/msf_8frames/default/ckpt/latest_model
2026-03-12 04:16:51,188   INFO  epoch: 3/6, acc_iter=122650, cur_iter=12261/36796, batch_size=4, time_cost(epoch): 7:00:50/14:02:03, time_cost(all): 34:16:19/56:07:47, loss=1.6898329257965088, d_time=0.25(0.25), f_time=2.56(1.81), b_time=2.81(2.06), lr=0.005058943238189853
2026-03-12 04:18:33,874   INFO  epoch: 3/6, acc_iter=122700, cur_iter=12311/36796, batch_size=4, time_cost(epoch): 7:02:33/14:00:20, time_cost(all): 34:18:01/56:06:02, loss=1.423593282699585, d_time=0.25(0.25), f_time=2.25(1.81), b_time=2.50(2.06), lr=0.005056354467971327
/bin/sh: line 1: gpustat: command not found
2026-03-12 04:18:34,161   INFO  
2026-03-12 04:20:17,165   INFO  epoch: 3/6, acc_iter=122750, cur_iter=12361/36796, batch_size=4, time_cost(epoch): 7:04:16/13:58:37, time_cost(all): 34:19:45/56:04:22, loss=1.4834380149841309, d_time=0.25(0.25), f_time=1.81(1.81), b_time=2.06(2.06), lr=0.005053762806257429
2026-03-12 04:21:01,223   INFO  Save latest model to /storage/project/r-gchou3-0/spanse30/MSF/output/cfgs/waymo_models/msf_8frames/default/ckpt/latest_model
2026-03-12 04:22:00,918   INFO  epoch: 3/6, acc_iter=122800, cur_iter=12411/36796, batch_size=4, time_cost(epoch): 7:06:00/13:56:56, time_cost(all): 34:21:28/56:02:45, loss=1.6048455238342285, d_time=0.25(0.25), f_time=2.42(1.81), b_time=2.67(2.06), lr=0.005051168256692416
2026-03-12 04:23:44,371   INFO  epoch: 3/6, acc_iter=122850, cur_iter=12461/36796, batch_size=4, time_cost(epoch): 7:07:43/13:55:14, time_cost(all): 34:23:12/56:01:06, loss=1.1432534456253052, d_time=0.24(0.25), f_time=1.47(1.81), b_time=1.71(2.06), lr=0.00504857082292461
/bin/sh: line 1: gpustat: command not found
2026-03-12 04:23:44,654   INFO  
2026-03-12 04:25:23,059   INFO  epoch: 3/6, acc_iter=122900, cur_iter=12511/36796, batch_size=4, time_cost(epoch): 7:09:22/13:53:23, time_cost(all): 34:24:51/55:58:49, loss=1.422549843788147, d_time=0.25(0.25), f_time=1.95(1.81), b_time=2.20(2.06), lr=0.005045970508606383
2026-03-12 04:26:01,531   INFO  Save latest model to /storage/project/r-gchou3-0/spanse30/MSF/output/cfgs/waymo_models/msf_8frames/default/ckpt/latest_model
2026-03-12 04:27:02,642   INFO  epoch: 3/6, acc_iter=122950, cur_iter=12561/36796, batch_size=4, time_cost(epoch): 7:11:01/13:51:33, time_cost(all): 34:26:30/55:56:40, loss=0.975830614566803, d_time=0.25(0.25), f_time=1.16(1.81), b_time=1.41(2.06), lr=0.005043367317394161
2026-03-12 04:28:48,223   INFO  epoch: 3/6, acc_iter=123000, cur_iter=12611/36796, batch_size=4, time_cost(epoch): 7:12:47/13:49:55, time_cost(all): 34:28:16/55:55:18, loss=1.514223575592041, d_time=0.24(0.25), f_time=1.92(1.81), b_time=2.16(2.06), lr=0.005040761252948415
/bin/sh: line 1: gpustat: command not found
2026-03-12 04:28:48,504   INFO  
2026-03-12 04:30:34,518   INFO  epoch: 3/6, acc_iter=123050, cur_iter=12661/36796, batch_size=4, time_cost(epoch): 7:14:33/13:48:19, time_cost(all): 34:30:02/55:54:01, loss=1.464879035949707, d_time=0.24(0.25), f_time=1.81(1.81), b_time=2.05(2.06), lr=0.005038152318933657
2026-03-12 04:31:00,868   INFO  Save latest model to /storage/project/r-gchou3-0/spanse30/MSF/output/cfgs/waymo_models/msf_8frames/default/ckpt/latest_model
2026-03-12 04:32:18,138   INFO  epoch: 3/6, acc_iter=123100, cur_iter=12711/36796, batch_size=4, time_cost(epoch): 7:16:17/13:46:37, time_cost(all): 34:31:46/55:52:23, loss=1.0973604917526245, d_time=0.24(0.25), f_time=2.22(1.81), b_time=2.46(2.06), lr=0.0050355405190184305
2026-03-12 04:34:01,437   INFO  epoch: 3/6, acc_iter=123150, cur_iter=12761/36796, batch_size=4, time_cost(epoch): 7:18:00/13:44:55, time_cost(all): 34:33:29/55:50:42, loss=1.2607630491256714, d_time=0.24(0.25), f_time=1.24(1.81), b_time=1.48(2.06), lr=0.0050329258568753135
/bin/sh: line 1: gpustat: command not found
2026-03-12 04:34:01,820   INFO  
2026-03-12 04:35:45,575   INFO  epoch: 3/6, acc_iter=123200, cur_iter=12811/36796, batch_size=4, time_cost(epoch): 7:19:44/13:43:14, time_cost(all): 34:35:13/55:49:08, loss=1.549431324005127, d_time=0.24(0.25), f_time=1.66(1.81), b_time=1.90(2.06), lr=0.005030308336180904
2026-03-12 04:36:02,082   INFO  Save latest model to /storage/project/r-gchou3-0/spanse30/MSF/output/cfgs/waymo_models/msf_8frames/default/ckpt/latest_model
2026-03-12 04:37:30,400   INFO  epoch: 3/6, acc_iter=123250, cur_iter=12861/36796, batch_size=4, time_cost(epoch): 7:21:29/13:41:34, time_cost(all): 34:36:58/55:47:39, loss=1.4533872604370117, d_time=0.25(0.25), f_time=1.69(1.81), b_time=1.94(2.06), lr=0.005027687960615824
2026-03-12 04:39:14,620   INFO  epoch: 3/6, acc_iter=123300, cur_iter=12911/36796, batch_size=4, time_cost(epoch): 7:23:13/13:39:54, time_cost(all): 34:38:42/55:46:06, loss=1.102524757385254, d_time=0.25(0.25), f_time=1.65(1.81), b_time=1.90(2.06), lr=0.005025064733864708
/bin/sh: line 1: gpustat: command not found
2026-03-12 04:39:14,907   INFO  
2026-03-12 04:40:58,487   INFO  epoch: 3/6, acc_iter=123350, cur_iter=12961/36796, batch_size=4, time_cost(epoch): 7:24:57/13:38:12, time_cost(all): 34:40:26/55:44:29, loss=1.6309565305709839, d_time=0.25(0.25), f_time=2.08(1.81), b_time=2.33(2.06), lr=0.005022438659616198
2026-03-12 04:41:02,287   INFO  Save latest model to /storage/project/r-gchou3-0/spanse30/MSF/output/cfgs/waymo_models/msf_8frames/default/ckpt/latest_model
2026-03-12 04:42:39,961   INFO  epoch: 3/6, acc_iter=123400, cur_iter=13011/36796, batch_size=4, time_cost(epoch): 7:26:39/13:36:27, time_cost(all): 34:42:08/55:42:35, loss=1.2566789388656616, d_time=0.25(0.25), f_time=1.83(1.81), b_time=2.08(2.06), lr=0.005019809741562941
2026-03-12 04:44:19,343   INFO  epoch: 3/6, acc_iter=123450, cur_iter=13061/36796, batch_size=4, time_cost(epoch): 7:28:18/13:34:37, time_cost(all): 34:43:47/55:40:25, loss=1.0731955766677856, d_time=0.25(0.25), f_time=0.91(1.81), b_time=1.15(2.06), lr=0.005017177983401587
/bin/sh: line 1: gpustat: command not found
2026-03-12 04:44:19,627   INFO  
2026-03-12 04:46:01,446   INFO  Save latest model to /storage/project/r-gchou3-0/spanse30/MSF/output/cfgs/waymo_models/msf_8frames/default/ckpt/latest_model
2026-03-12 04:46:03,101   INFO  epoch: 3/6, acc_iter=123500, cur_iter=13111/36796, batch_size=4, time_cost(epoch): 7:30:02/13:32:56, time_cost(all): 34:45:31/55:38:48, loss=0.9731525182723999, d_time=0.36(0.25), f_time=1.41(1.81), b_time=1.77(2.06), lr=0.005014543388832773
2026-03-12 04:47:46,481   INFO  epoch: 3/6, acc_iter=123550, cur_iter=13161/36796, batch_size=4, time_cost(epoch): 7:31:45/13:31:13, time_cost(all): 34:47:14/55:37:08, loss=1.310755968093872, d_time=0.25(0.25), f_time=1.97(1.81), b_time=2.22(2.06), lr=0.005011905961561129
2026-03-12 04:49:28,122   INFO  epoch: 3/6, acc_iter=123600, cur_iter=13211/36796, batch_size=4, time_cost(epoch): 7:33:27/13:29:28, time_cost(all): 34:48:56/55:35:16, loss=1.1917650699615479, d_time=0.25(0.25), f_time=1.94(1.81), b_time=2.19(2.06), lr=0.005009265705295264
/bin/sh: line 1: gpustat: command not found
2026-03-12 04:49:28,406   INFO  
2026-03-12 04:51:01,070   INFO  Save latest model to /storage/project/r-gchou3-0/spanse30/MSF/output/cfgs/waymo_models/msf_8frames/default/ckpt/latest_model
2026-03-12 04:51:08,267   INFO  epoch: 3/6, acc_iter=123650, cur_iter=13261/36796, batch_size=4, time_cost(epoch): 7:35:07/13:27:40, time_cost(all): 34:50:36/55:33:12, loss=1.2921063899993896, d_time=0.25(0.25), f_time=1.38(1.81), b_time=1.62(2.06), lr=0.00500662262374777
2026-03-12 04:52:52,502   INFO  epoch: 3/6, acc_iter=123700, cur_iter=13311/36796, batch_size=4, time_cost(epoch): 7:36:51/13:25:59, time_cost(all): 34:52:20/55:31:38, loss=1.3811686038970947, d_time=0.24(0.25), f_time=1.29(1.81), b_time=1.53(2.06), lr=0.005003976720635209
2026-03-12 04:54:34,774   INFO  epoch: 3/6, acc_iter=123750, cur_iter=13361/36796, batch_size=4, time_cost(epoch): 7:38:34/13:24:15, time_cost(all): 34:54:02/55:29:50, loss=1.283215045928955, d_time=0.25(0.25), f_time=2.19(1.81), b_time=2.44(2.06), lr=0.00500132799967811
/bin/sh: line 1: gpustat: command not found
2026-03-12 04:54:35,058   INFO  
2026-03-12 04:56:01,293   INFO  Save latest model to /storage/project/r-gchou3-0/spanse30/MSF/output/cfgs/waymo_models/msf_8frames/default/ckpt/latest_model
2026-03-12 04:56:17,212   INFO  epoch: 3/6, acc_iter=123800, cur_iter=13411/36796, batch_size=4, time_cost(epoch): 7:40:16/13:22:31, time_cost(all): 34:55:45/55:28:04, loss=1.463541865348816, d_time=0.25(0.25), f_time=1.19(1.81), b_time=1.44(2.06), lr=0.004998676464600965
2026-03-12 04:57:58,780   INFO  epoch: 3/6, acc_iter=123850, cur_iter=13461/36796, batch_size=4, time_cost(epoch): 7:41:58/13:20:46, time_cost(all): 34:57:26/55:26:11, loss=1.328836441040039, d_time=0.25(0.25), f_time=2.43(1.81), b_time=2.68(2.06), lr=0.004996022119132225
2026-03-12 04:59:40,032   INFO  epoch: 3/6, acc_iter=123900, cur_iter=13511/36796, batch_size=4, time_cost(epoch): 7:43:39/13:19:00, time_cost(all): 34:59:08/55:24:16, loss=1.414386510848999, d_time=0.24(0.25), f_time=2.58(1.81), b_time=2.83(2.06), lr=0.004993364967004289
/bin/sh: line 1: gpustat: command not found
2026-03-12 04:59:40,311   INFO  
2026-03-12 05:01:01,446   INFO  Save latest model to /storage/project/r-gchou3-0/spanse30/MSF/output/cfgs/waymo_models/msf_8frames/default/ckpt/latest_model
2026-03-12 05:01:23,941   INFO  epoch: 3/6, acc_iter=123950, cur_iter=13561/36796, batch_size=4, time_cost(epoch): 7:45:23/13:17:19, time_cost(all): 35:00:52/55:22:40, loss=1.2566685676574707, d_time=0.24(0.25), f_time=1.75(1.81), b_time=1.99(2.06), lr=0.0049907050119535066
2026-03-12 05:03:08,507   INFO  epoch: 3/6, acc_iter=124000, cur_iter=13611/36796, batch_size=4, time_cost(epoch): 7:47:07/13:15:39, time_cost(all): 35:02:36/55:21:08, loss=1.3285720348358154, d_time=0.25(0.25), f_time=1.14(1.81), b_time=1.39(2.06), lr=0.004988042257720166
2026-03-12 05:04:53,171   INFO  epoch: 3/6, acc_iter=124050, cur_iter=13661/36796, batch_size=4, time_cost(epoch): 7:48:52/13:13:59, time_cost(all): 35:04:21/55:19:37, loss=1.70121169090271, d_time=0.25(0.25), f_time=1.81(1.81), b_time=2.06(2.06), lr=0.004985376708048492
/bin/sh: line 1: gpustat: command not found
2026-03-12 05:04:53,457   INFO  
2026-03-12 05:06:02,495   INFO  Save latest model to /storage/project/r-gchou3-0/spanse30/MSF/output/cfgs/waymo_models/msf_8frames/default/ckpt/latest_model
2026-03-12 05:06:35,057   INFO  epoch: 3/6, acc_iter=124100, cur_iter=13711/36796, batch_size=4, time_cost(epoch): 7:50:34/13:12:14, time_cost(all): 35:06:03/55:17:47, loss=1.1010041236877441, d_time=0.25(0.25), f_time=1.57(1.81), b_time=1.82(2.06), lr=0.00498270836668664
2026-03-12 05:08:17,399   INFO  epoch: 3/6, acc_iter=124150, cur_iter=13761/36796, batch_size=4, time_cost(epoch): 7:52:16/13:10:30, time_cost(all): 35:07:45/55:16:00, loss=1.3152759075164795, d_time=0.25(0.25), f_time=2.13(1.81), b_time=2.38(2.06), lr=0.0049800372373866916
2026-03-12 05:10:00,580   INFO  epoch: 3/6, acc_iter=124200, cur_iter=13811/36796, batch_size=4, time_cost(epoch): 7:53:59/13:08:47, time_cost(all): 35:09:28/55:14:18, loss=1.4034899473190308, d_time=0.24(0.25), f_time=1.75(1.81), b_time=1.99(2.06), lr=0.004977363323904649
/bin/sh: line 1: gpustat: command not found
2026-03-12 05:10:00,861   INFO  
2026-03-12 05:11:02,852   INFO  Save latest model to /storage/project/r-gchou3-0/spanse30/MSF/output/cfgs/waymo_models/msf_8frames/default/ckpt/latest_model
2026-03-12 05:11:42,768   INFO  epoch: 3/6, acc_iter=124250, cur_iter=13861/36796, batch_size=4, time_cost(epoch): 7:55:42/13:07:03, time_cost(all): 35:11:10/55:12:30, loss=1.3886003494262695, d_time=0.25(0.25), f_time=1.83(1.81), b_time=2.08(2.06), lr=0.0049746866300004276
2026-03-12 05:13:24,848   INFO  epoch: 3/6, acc_iter=124300, cur_iter=13911/36796, batch_size=4, time_cost(epoch): 7:57:24/13:05:19, time_cost(all): 35:12:52/55:10:41, loss=1.3352634906768799, d_time=0.25(0.25), f_time=1.85(1.81), b_time=2.10(2.06), lr=0.004972007159437855
2026-03-12 05:15:07,866   INFO  epoch: 3/6, acc_iter=124350, cur_iter=13961/36796, batch_size=4, time_cost(epoch): 7:59:07/13:03:36, time_cost(all): 35:14:35/55:08:59, loss=1.3297916650772095, d_time=0.25(0.25), f_time=1.61(1.81), b_time=1.86(2.06), lr=0.004969324915984661
/bin/sh: line 1: gpustat: command not found
2026-03-12 05:15:08,149   INFO  
2026-03-12 05:16:02,050   INFO  Save latest model to /storage/project/r-gchou3-0/spanse30/MSF/output/cfgs/waymo_models/msf_8frames/default/ckpt/latest_model
2026-03-12 05:16:47,598   INFO  epoch: 3/6, acc_iter=124400, cur_iter=14011/36796, batch_size=4, time_cost(epoch): 8:00:46/13:01:48, time_cost(all): 35:16:15/55:06:53, loss=0.9803179502487183, d_time=0.25(0.25), f_time=1.11(1.81), b_time=1.36(2.06), lr=0.004966639903412476
2026-03-12 05:18:27,601   INFO  epoch: 3/6, acc_iter=124450, cur_iter=14061/36796, batch_size=4, time_cost(epoch): 8:02:26/13:00:00, time_cost(all): 35:17:55/55:04:50, loss=1.2570596933364868, d_time=0.25(0.25), f_time=1.22(1.81), b_time=1.47(2.06), lr=0.004963952125496824
2026-03-12 05:20:11,539   INFO  epoch: 3/6, acc_iter=124500, cur_iter=14111/36796, batch_size=4, time_cost(epoch): 8:04:10/12:58:19, time_cost(all): 35:19:39/55:03:14, loss=1.3000131845474243, d_time=0.25(0.25), f_time=1.88(1.81), b_time=2.13(2.06), lr=0.004961261586017115
/bin/sh: line 1: gpustat: command not found
2026-03-12 05:20:11,838   INFO  
2026-03-12 05:21:01,595   INFO  Save latest model to /storage/project/r-gchou3-0/spanse30/MSF/output/cfgs/waymo_models/msf_8frames/default/ckpt/latest_model
2026-03-12 05:21:57,638   INFO  epoch: 3/6, acc_iter=124550, cur_iter=14161/36796, batch_size=4, time_cost(epoch): 8:05:56/12:56:41, time_cost(all): 35:21:25/55:01:53, loss=1.3227490186691284, d_time=0.24(0.25), f_time=2.26(1.81), b_time=2.50(2.06), lr=0.004958568288756645
2026-03-12 05:23:42,681   INFO  epoch: 3/6, acc_iter=124600, cur_iter=14211/36796, batch_size=4, time_cost(epoch): 8:07:41/12:55:01, time_cost(all): 35:23:10/55:00:24, loss=1.533445954322815, d_time=0.28(0.25), f_time=1.97(1.81), b_time=2.25(2.06), lr=0.004955872237502588
2026-03-12 05:25:23,286   INFO  epoch: 3/6, acc_iter=124650, cur_iter=14261/36796, batch_size=4, time_cost(epoch): 8:09:22/12:53:15, time_cost(all): 35:24:51/54:58:26, loss=1.517350196838379, d_time=0.25(0.25), f_time=2.10(1.81), b_time=2.35(2.06), lr=0.004953173436045989
/bin/sh: line 1: gpustat: command not found
2026-03-12 05:25:23,573   INFO  
2026-03-12 05:26:02,003   INFO  Save latest model to /storage/project/r-gchou3-0/spanse30/MSF/output/cfgs/waymo_models/msf_8frames/default/ckpt/latest_model
2026-03-12 05:27:09,192   INFO  epoch: 3/6, acc_iter=124700, cur_iter=14311/36796, batch_size=4, time_cost(epoch): 8:11:08/12:51:36, time_cost(all): 35:26:37/54:57:03, loss=1.3382278680801392, d_time=0.25(0.25), f_time=1.89(1.81), b_time=2.14(2.06), lr=0.004950471888181761
2026-03-12 05:28:49,622   INFO  epoch: 3/6, acc_iter=124750, cur_iter=14361/36796, batch_size=4, time_cost(epoch): 8:12:48/12:49:49, time_cost(all): 35:28:17/54:55:03, loss=1.5618031024932861, d_time=0.24(0.25), f_time=2.26(1.81), b_time=2.50(2.06), lr=0.004947767597708678
2026-03-12 05:30:34,882   INFO  epoch: 3/6, acc_iter=124800, cur_iter=14411/36796, batch_size=4, time_cost(epoch): 8:14:34/12:48:10, time_cost(all): 35:30:02/54:53:35, loss=1.3255722522735596, d_time=0.24(0.25), f_time=1.22(1.81), b_time=1.47(2.06), lr=0.0049450605684293715
/bin/sh: line 1: gpustat: command not found
2026-03-12 05:30:35,166   INFO  
2026-03-12 05:31:01,869   INFO  Save latest model to /storage/project/r-gchou3-0/spanse30/MSF/output/cfgs/waymo_models/msf_8frames/default/ckpt/latest_model
2026-03-12 05:32:18,964   INFO  epoch: 3/6, acc_iter=124850, cur_iter=14461/36796, batch_size=4, time_cost(epoch): 8:16:18/12:46:29, time_cost(all): 35:31:47/54:52:00, loss=1.1214349269866943, d_time=0.25(0.25), f_time=1.53(1.81), b_time=1.78(2.06), lr=0.004942350804150324
2026-03-12 05:34:02,157   INFO  epoch: 3/6, acc_iter=124900, cur_iter=14511/36796, batch_size=4, time_cost(epoch): 8:18:01/12:44:46, time_cost(all): 35:33:30/54:50:18, loss=1.2987641096115112, d_time=0.25(0.25), f_time=1.65(1.81), b_time=1.90(2.06), lr=0.004939638308681863
2026-03-12 05:35:45,339   INFO  epoch: 3/6, acc_iter=124950, cur_iter=14561/36796, batch_size=4, time_cost(epoch): 8:19:44/12:43:04, time_cost(all): 35:35:13/54:48:37, loss=1.7452597618103027, d_time=0.25(0.25), f_time=2.19(1.81), b_time=2.44(2.06), lr=0.004936923085838157
/bin/sh: line 1: gpustat: command not found
2026-03-12 05:35:45,625   INFO  
2026-03-12 05:36:00,926   INFO  Save latest model to /storage/project/r-gchou3-0/spanse30/MSF/output/cfgs/waymo_models/msf_8frames/default/ckpt/latest_model
2026-03-12 05:37:32,434   INFO  epoch: 3/6, acc_iter=125000, cur_iter=14611/36796, batch_size=4, time_cost(epoch): 8:21:31/12:41:27, time_cost(all): 35:37:00/54:47:21, loss=1.50181245803833, d_time=0.25(0.25), f_time=1.59(1.81), b_time=1.84(2.06), lr=0.004934205139437211
2026-03-12 05:39:14,699   INFO  epoch: 3/6, acc_iter=125050, cur_iter=14661/36796, batch_size=4, time_cost(epoch): 8:23:13/12:39:43, time_cost(all): 35:38:42/54:45:34, loss=1.344429850578308, d_time=0.24(0.25), f_time=1.96(1.81), b_time=2.20(2.06), lr=0.004931484473300857
2026-03-12 05:40:57,062   INFO  epoch: 3/6, acc_iter=125100, cur_iter=14711/36796, batch_size=4, time_cost(epoch): 8:24:56/12:37:59, time_cost(all): 35:40:25/54:43:47, loss=1.3758690357208252, d_time=0.25(0.25), f_time=1.85(1.81), b_time=2.10(2.06), lr=0.004928761091254752
/bin/sh: line 1: gpustat: command not found
2026-03-12 05:40:57,345   INFO  
2026-03-12 05:41:01,175   INFO  Save latest model to /storage/project/r-gchou3-0/spanse30/MSF/output/cfgs/waymo_models/msf_8frames/default/ckpt/latest_model
2026-03-12 05:42:38,274   INFO  epoch: 3/6, acc_iter=125150, cur_iter=14761/36796, batch_size=4, time_cost(epoch): 8:26:37/12:36:13, time_cost(all): 35:42:06/54:41:52, loss=1.255339503288269, d_time=0.25(0.25), f_time=1.39(1.81), b_time=1.64(2.06), lr=0.004926034997128374
2026-03-12 05:44:17,134   INFO  epoch: 3/6, acc_iter=125200, cur_iter=14811/36796, batch_size=4, time_cost(epoch): 8:28:16/12:34:24, time_cost(all): 35:43:45/54:39:43, loss=1.1351912021636963, d_time=0.25(0.25), f_time=1.75(1.81), b_time=2.00(2.06), lr=0.004923306194755014
2026-03-12 05:46:01,513   INFO  Save latest model to /storage/project/r-gchou3-0/spanse30/MSF/output/cfgs/waymo_models/msf_8frames/default/ckpt/latest_model
2026-03-12 05:46:03,248   INFO  epoch: 3/6, acc_iter=125250, cur_iter=14861/36796, batch_size=4, time_cost(epoch): 8:30:02/12:32:46, time_cost(all): 35:45:31/54:38:20, loss=0.9551738500595093, d_time=0.39(0.25), f_time=1.49(1.81), b_time=1.88(2.06), lr=0.004920574687971768
/bin/sh: line 1: gpustat: command not found
2026-03-12 05:46:03,555   INFO  
2026-03-12 05:47:43,870   INFO  epoch: 3/6, acc_iter=125300, cur_iter=14911/36796, batch_size=4, time_cost(epoch): 8:31:43/12:31:00, time_cost(all): 35:47:11/54:36:22, loss=1.2136977910995483, d_time=0.25(0.25), f_time=1.59(1.81), b_time=1.84(2.06), lr=0.004917840480619539
2026-03-12 05:49:28,023   INFO  epoch: 3/6, acc_iter=125350, cur_iter=14961/36796, batch_size=4, time_cost(epoch): 8:33:27/12:29:19, time_cost(all): 35:48:56/54:34:47, loss=0.9752902388572693, d_time=0.25(0.25), f_time=2.06(1.81), b_time=2.31(2.06), lr=0.004915103576543026
2026-03-12 05:51:01,433   INFO  Save latest model to /storage/project/r-gchou3-0/spanse30/MSF/output/cfgs/waymo_models/msf_8frames/default/ckpt/latest_model
2026-03-12 05:51:09,378   INFO  epoch: 3/6, acc_iter=125400, cur_iter=15011/36796, batch_size=4, time_cost(epoch): 8:35:08/12:27:33, time_cost(all): 35:50:37/54:32:54, loss=1.4455807209014893, d_time=0.25(0.25), f_time=1.61(1.81), b_time=1.86(2.06), lr=0.004912363979590717
/bin/sh: line 1: gpustat: command not found
2026-03-12 05:51:09,662   INFO  
2026-03-12 05:52:53,185   INFO  epoch: 3/6, acc_iter=125450, cur_iter=15061/36796, batch_size=4, time_cost(epoch): 8:36:52/12:25:52, time_cost(all): 35:52:21/54:31:17, loss=1.4777064323425293, d_time=0.25(0.25), f_time=1.76(1.81), b_time=2.01(2.06), lr=0.004909621693614893
2026-03-12 05:54:38,498   INFO  epoch: 3/6, acc_iter=125500, cur_iter=15111/36796, batch_size=4, time_cost(epoch): 8:38:37/12:24:12, time_cost(all): 35:54:06/54:29:49, loss=1.4007368087768555, d_time=0.25(0.25), f_time=1.90(1.81), b_time=2.15(2.06), lr=0.004906876722471611
2026-03-12 05:56:01,237   INFO  Save latest model to /storage/project/r-gchou3-0/spanse30/MSF/output/cfgs/waymo_models/msf_8frames/default/ckpt/latest_model
2026-03-12 05:56:21,558   INFO  epoch: 3/6, acc_iter=125550, cur_iter=15161/36796, batch_size=4, time_cost(epoch): 8:40:20/12:22:29, time_cost(all): 35:55:49/54:28:06, loss=1.2485891580581665, d_time=0.25(0.25), f_time=1.32(1.81), b_time=1.56(2.06), lr=0.004904129070020704
/bin/sh: line 1: gpustat: command not found
2026-03-12 05:56:21,925   INFO  
2026-03-12 05:58:07,354   INFO  epoch: 3/6, acc_iter=125600, cur_iter=15211/36796, batch_size=4, time_cost(epoch): 8:42:06/12:20:50, time_cost(all): 35:57:35/54:26:41, loss=1.7733898162841797, d_time=0.25(0.25), f_time=1.87(1.81), b_time=2.12(2.06), lr=0.004901378740125776
2026-03-12 05:59:47,950   INFO  epoch: 3/6, acc_iter=125650, cur_iter=15261/36796, batch_size=4, time_cost(epoch): 8:43:47/12:19:04, time_cost(all): 35:59:16/54:24:43, loss=1.409170389175415, d_time=0.25(0.25), f_time=1.73(1.81), b_time=1.98(2.06), lr=0.004898625736654199
2026-03-12 06:01:01,801   INFO  Save latest model to /storage/project/r-gchou3-0/spanse30/MSF/output/cfgs/waymo_models/msf_8frames/default/ckpt/latest_model
2026-03-12 06:01:33,071   INFO  epoch: 3/6, acc_iter=125700, cur_iter=15311/36796, batch_size=4, time_cost(epoch): 8:45:32/12:17:24, time_cost(all): 36:01:01/54:23:14, loss=1.4872554540634155, d_time=0.25(0.25), f_time=2.25(1.81), b_time=2.50(2.06), lr=0.0048958700634770995
/bin/sh: line 1: gpustat: command not found
2026-03-12 06:01:33,348   INFO  
2026-03-12 06:03:15,703   INFO  epoch: 3/6, acc_iter=125750, cur_iter=15361/36796, batch_size=4, time_cost(epoch): 8:47:14/12:15:41, time_cost(all): 36:02:43/54:21:29, loss=1.158447027206421, d_time=0.25(0.25), f_time=1.84(1.81), b_time=2.09(2.06), lr=0.00489311172446936
2026-03-12 06:04:57,798   INFO  epoch: 3/6, acc_iter=125800, cur_iter=15411/36796, batch_size=4, time_cost(epoch): 8:48:57/12:13:56, time_cost(all): 36:04:25/54:19:40, loss=1.383091926574707, d_time=0.25(0.25), f_time=1.68(1.81), b_time=1.93(2.06), lr=0.004890350723509615
2026-03-12 06:06:01,515   INFO  Save latest model to /storage/project/r-gchou3-0/spanse30/MSF/output/cfgs/waymo_models/msf_8frames/default/ckpt/latest_model
2026-03-12 06:06:39,955   INFO  epoch: 3/6, acc_iter=125850, cur_iter=15461/36796, batch_size=4, time_cost(epoch): 8:50:39/12:12:12, time_cost(all): 36:06:08/54:17:53, loss=1.8641438484191895, d_time=0.24(0.25), f_time=1.08(1.81), b_time=1.32(2.06), lr=0.004887587064480235
/bin/sh: line 1: gpustat: command not found
2026-03-12 06:06:40,242   INFO  
2026-03-12 06:08:22,655   INFO  epoch: 3/6, acc_iter=125900, cur_iter=15511/36796, batch_size=4, time_cost(epoch): 8:52:21/12:10:29, time_cost(all): 36:07:50/54:16:08, loss=1.1136375665664673, d_time=0.24(0.25), f_time=1.29(1.81), b_time=1.53(2.06), lr=0.004884820751267334
2026-03-12 06:10:06,034   INFO  epoch: 3/6, acc_iter=125950, cur_iter=15561/36796, batch_size=4, time_cost(epoch): 8:54:05/12:08:47, time_cost(all): 36:09:34/54:14:28, loss=1.4645472764968872, d_time=0.25(0.25), f_time=2.19(1.81), b_time=2.44(2.06), lr=0.004882051787760756
2026-03-12 06:11:00,906   INFO  Save latest model to /storage/project/r-gchou3-0/spanse30/MSF/output/cfgs/waymo_models/msf_8frames/default/ckpt/latest_model
2026-03-12 06:11:48,949   INFO  epoch: 3/6, acc_iter=126000, cur_iter=15611/36796, batch_size=4, time_cost(epoch): 8:55:48/12:07:04, time_cost(all): 36:11:17/54:12:44, loss=1.0964999198913574, d_time=0.25(0.25), f_time=1.50(1.81), b_time=1.75(2.06), lr=0.004879280177854072
/bin/sh: line 1: gpustat: command not found
2026-03-12 06:11:49,238   INFO  
2026-03-12 06:13:32,267   INFO  epoch: 3/6, acc_iter=126050, cur_iter=15661/36796, batch_size=4, time_cost(epoch): 8:57:31/12:05:21, time_cost(all): 36:13:00/54:11:04, loss=0.962518036365509, d_time=0.25(0.25), f_time=1.34(1.81), b_time=1.59(2.06), lr=0.004876505925444575
2026-03-12 06:15:16,014   INFO  epoch: 3/6, acc_iter=126100, cur_iter=15711/36796, batch_size=4, time_cost(epoch): 8:59:15/12:03:39, time_cost(all): 36:14:44/54:09:25, loss=0.9658235311508179, d_time=0.24(0.25), f_time=0.97(1.81), b_time=1.21(2.06), lr=0.00487372903443327
2026-03-12 06:16:00,991   INFO  Save latest model to /storage/project/r-gchou3-0/spanse30/MSF/output/cfgs/waymo_models/msf_8frames/default/ckpt/latest_model
2026-03-12 06:16:58,933   INFO  epoch: 3/6, acc_iter=126150, cur_iter=15761/36796, batch_size=4, time_cost(epoch): 9:00:58/12:01:56, time_cost(all): 36:16:26/54:07:42, loss=1.9637500047683716, d_time=0.25(0.25), f_time=2.09(1.81), b_time=2.34(2.06), lr=0.004870949508724879
/bin/sh: line 1: gpustat: command not found
2026-03-12 06:16:59,211   INFO  
2026-03-12 06:18:40,723   INFO  epoch: 3/6, acc_iter=126200, cur_iter=15811/36796, batch_size=4, time_cost(epoch): 9:02:40/12:00:12, time_cost(all): 36:18:08/54:05:52, loss=1.2426729202270508, d_time=0.24(0.25), f_time=1.49(1.81), b_time=1.74(2.06), lr=0.004868167352227822
2026-03-12 06:20:27,521   INFO  epoch: 3/6, acc_iter=126250, cur_iter=15861/36796, batch_size=4, time_cost(epoch): 9:04:26/11:58:34, time_cost(all): 36:19:55/54:04:32, loss=1.2005890607833862, d_time=0.25(0.25), f_time=1.29(1.81), b_time=1.54(2.06), lr=0.004865382568854222
2026-03-12 06:21:01,317   INFO  Save latest model to /storage/project/r-gchou3-0/spanse30/MSF/output/cfgs/waymo_models/msf_8frames/default/ckpt/latest_model
2026-03-12 06:22:14,345   INFO  epoch: 3/6, acc_iter=126300, cur_iter=15911/36796, batch_size=4, time_cost(epoch): 9:06:13/11:56:56, time_cost(all): 36:21:42/54:03:12, loss=1.4196562767028809, d_time=0.24(0.25), f_time=1.91(1.81), b_time=2.16(2.06), lr=0.004862595162519896
/bin/sh: line 1: gpustat: command not found
2026-03-12 06:22:14,622   INFO  
2026-03-12 06:23:57,306   INFO  epoch: 3/6, acc_iter=126350, cur_iter=15961/36796, batch_size=4, time_cost(epoch): 9:07:56/11:55:13, time_cost(all): 36:23:25/54:01:29, loss=1.4753916263580322, d_time=0.25(0.25), f_time=2.93(1.81), b_time=3.18(2.06), lr=0.004859805137144348
2026-03-12 06:25:43,575   INFO  epoch: 3/6, acc_iter=126400, cur_iter=16011/36796, batch_size=4, time_cost(epoch): 9:09:42/11:53:34, time_cost(all): 36:25:11/54:00:05, loss=1.5155510902404785, d_time=0.25(0.25), f_time=2.03(1.81), b_time=2.28(2.06), lr=0.004857012496650763
2026-03-12 06:26:01,575   INFO  Save latest model to /storage/project/r-gchou3-0/spanse30/MSF/output/cfgs/waymo_models/msf_8frames/default/ckpt/latest_model
2026-03-12 06:27:28,083   INFO  epoch: 3/6, acc_iter=126450, cur_iter=16061/36796, batch_size=4, time_cost(epoch): 9:11:27/11:51:53, time_cost(all): 36:26:56/53:58:31, loss=1.906436800956726, d_time=0.25(0.25), f_time=2.26(1.81), b_time=2.51(2.06), lr=0.0048542172449660085
/bin/sh: line 1: gpustat: command not found
2026-03-12 06:27:28,357   INFO  
2026-03-12 06:29:10,766   INFO  epoch: 3/6, acc_iter=126500, cur_iter=16111/36796, batch_size=4, time_cost(epoch): 9:13:10/11:50:10, time_cost(all): 36:28:38/53:56:46, loss=1.3515026569366455, d_time=0.25(0.25), f_time=2.14(1.81), b_time=2.39(2.06), lr=0.004851419386020617
2026-03-12 06:30:54,691   INFO  epoch: 3/6, acc_iter=126550, cur_iter=16161/36796, batch_size=4, time_cost(epoch): 9:14:53/11:48:28, time_cost(all): 36:30:22/53:55:09, loss=1.559725284576416, d_time=0.25(0.25), f_time=2.39(1.81), b_time=2.64(2.06), lr=0.004848618923748794
2026-03-12 06:31:02,986   INFO  Save latest model to /storage/project/r-gchou3-0/spanse30/MSF/output/cfgs/waymo_models/msf_8frames/default/ckpt/latest_model
2026-03-12 06:32:39,448   INFO  epoch: 3/6, acc_iter=126600, cur_iter=16211/36796, batch_size=4, time_cost(epoch): 9:16:38/11:46:47, time_cost(all): 36:32:07/53:53:36, loss=1.6184386014938354, d_time=0.24(0.25), f_time=1.99(1.81), b_time=2.23(2.06), lr=0.0048458158620884005
/bin/sh: line 1: gpustat: command not found
2026-03-12 06:32:39,720   INFO  
2026-03-12 06:34:21,625   INFO  epoch: 3/6, acc_iter=126650, cur_iter=16261/36796, batch_size=4, time_cost(epoch): 9:18:20/11:45:03, time_cost(all): 36:33:49/53:51:48, loss=1.8170604705810547, d_time=0.25(0.25), f_time=1.74(1.81), b_time=1.99(2.06), lr=0.004843010204980955
2026-03-12 06:36:00,974   INFO  Save latest model to /storage/project/r-gchou3-0/spanse30/MSF/output/cfgs/waymo_models/msf_8frames/default/ckpt/latest_model
2026-03-12 06:36:03,862   INFO  epoch: 3/6, acc_iter=126700, cur_iter=16311/36796, batch_size=4, time_cost(epoch): 9:20:03/11:43:19, time_cost(all): 36:35:31/53:50:01, loss=1.5360898971557617, d_time=0.36(0.25), f_time=2.64(1.81), b_time=3.01(2.06), lr=0.004840201956371624
2026-03-12 06:37:46,642   INFO  epoch: 3/6, acc_iter=126750, cur_iter=16361/36796, batch_size=4, time_cost(epoch): 9:21:45/11:41:36, time_cost(all): 36:37:14/53:48:16, loss=1.3337745666503906, d_time=0.25(0.25), f_time=2.33(1.81), b_time=2.58(2.06), lr=0.00483739112020922
/bin/sh: line 1: gpustat: command not found
2026-03-12 06:37:46,936   INFO  
2026-03-12 06:39:30,860   INFO  epoch: 3/6, acc_iter=126800, cur_iter=16411/36796, batch_size=4, time_cost(epoch): 9:23:30/11:39:54, time_cost(all): 36:38:58/53:46:40, loss=1.6941020488739014, d_time=0.25(0.25), f_time=1.70(1.81), b_time=1.95(2.06), lr=0.004834577700446193
2026-03-12 06:41:02,503   INFO  Save latest model to /storage/project/r-gchou3-0/spanse30/MSF/output/cfgs/waymo_models/msf_8frames/default/ckpt/latest_model
2026-03-12 06:41:15,113   INFO  epoch: 3/6, acc_iter=126850, cur_iter=16461/36796, batch_size=4, time_cost(epoch): 9:25:14/11:38:13, time_cost(all): 36:40:43/53:45:04, loss=1.3631410598754883, d_time=0.25(0.25), f_time=1.75(1.81), b_time=2.00(2.06), lr=0.004831761701038626
2026-03-12 06:43:00,869   INFO  epoch: 3/6, acc_iter=126900, cur_iter=16511/36796, batch_size=4, time_cost(epoch): 9:27:00/11:36:33, time_cost(all): 36:42:28/53:43:37, loss=1.1536695957183838, d_time=0.24(0.25), f_time=1.86(1.81), b_time=2.10(2.06), lr=0.004828943125946229
/bin/sh: line 1: gpustat: command not found
2026-03-12 06:43:01,148   INFO  
2026-03-12 06:44:41,894   INFO  epoch: 3/6, acc_iter=126950, cur_iter=16561/36796, batch_size=4, time_cost(epoch): 9:28:41/11:34:48, time_cost(all): 36:44:09/53:41:43, loss=1.0997122526168823, d_time=0.25(0.25), f_time=2.15(1.81), b_time=2.40(2.06), lr=0.004826121979132335
2026-03-12 06:46:01,553   INFO  Save latest model to /storage/project/r-gchou3-0/spanse30/MSF/output/cfgs/waymo_models/msf_8frames/default/ckpt/latest_model
2026-03-12 06:46:26,777   INFO  epoch: 3/6, acc_iter=127000, cur_iter=16611/36796, batch_size=4, time_cost(epoch): 9:30:26/11:33:07, time_cost(all): 36:45:54/53:40:10, loss=1.5546891689300537, d_time=0.24(0.25), f_time=2.46(1.81), b_time=2.70(2.06), lr=0.004823298264563893
2026-03-12 06:48:08,404   INFO  epoch: 3/6, acc_iter=127050, cur_iter=16661/36796, batch_size=4, time_cost(epoch): 9:32:07/11:31:22, time_cost(all): 36:47:36/53:38:19, loss=1.6625404357910156, d_time=0.25(0.25), f_time=2.05(1.81), b_time=2.30(2.06), lr=0.004820471986211458
/bin/sh: line 1: gpustat: command not found
2026-03-12 06:48:08,685   INFO  
2026-03-12 06:49:50,068   INFO  epoch: 3/6, acc_iter=127100, cur_iter=16711/36796, batch_size=4, time_cost(epoch): 9:33:49/11:29:38, time_cost(all): 36:49:18/53:36:29, loss=1.4727859497070312, d_time=0.24(0.25), f_time=2.56(1.81), b_time=2.81(2.06), lr=0.004817643148049198
2026-03-12 06:51:02,653   INFO  Save latest model to /storage/project/r-gchou3-0/spanse30/MSF/output/cfgs/waymo_models/msf_8frames/default/ckpt/latest_model
2026-03-12 06:51:38,709   INFO  epoch: 3/6, acc_iter=127150, cur_iter=16761/36796, batch_size=4, time_cost(epoch): 9:35:37/11:28:01, time_cost(all): 36:51:06/53:35:17, loss=1.3797500133514404, d_time=0.25(0.25), f_time=1.73(1.81), b_time=1.98(2.06), lr=0.0048148117540548745
2026-03-12 06:53:20,857   INFO  epoch: 3/6, acc_iter=127200, cur_iter=16811/36796, batch_size=4, time_cost(epoch): 9:37:20/11:26:17, time_cost(all): 36:52:48/53:33:29, loss=1.337202548980713, d_time=0.21(0.25), f_time=1.49(1.81), b_time=1.71(2.06), lr=0.004811977808209847
/bin/sh: line 1: gpustat: command not found
2026-03-12 06:53:21,144   INFO  
2026-03-12 06:55:07,720   INFO  epoch: 3/6, acc_iter=127250, cur_iter=16861/36796, batch_size=4, time_cost(epoch): 9:39:07/11:24:39, time_cost(all): 36:54:35/53:32:08, loss=1.4323445558547974, d_time=0.25(0.25), f_time=2.27(1.81), b_time=2.52(2.06), lr=0.004809141314499059
2026-03-12 06:56:02,788   INFO  Save latest model to /storage/project/r-gchou3-0/spanse30/MSF/output/cfgs/waymo_models/msf_8frames/default/ckpt/latest_model
2026-03-12 06:56:51,896   INFO  epoch: 3/6, acc_iter=127300, cur_iter=16911/36796, batch_size=4, time_cost(epoch): 9:40:51/11:22:57, time_cost(all): 36:56:19/53:30:31, loss=1.2237492799758911, d_time=0.25(0.25), f_time=2.31(1.81), b_time=2.56(2.06), lr=0.00480630227691104
2026-03-12 06:58:35,233   INFO  epoch: 3/6, acc_iter=127350, cur_iter=16961/36796, batch_size=4, time_cost(epoch): 9:42:34/11:21:15, time_cost(all): 36:58:03/53:28:50, loss=1.027366042137146, d_time=0.25(0.25), f_time=0.98(1.81), b_time=1.23(2.06), lr=0.004803460699437896
/bin/sh: line 1: gpustat: command not found
2026-03-12 06:58:35,552   INFO  
2026-03-12 07:00:19,345   INFO  epoch: 3/6, acc_iter=127400, cur_iter=17011/36796, batch_size=4, time_cost(epoch): 9:44:18/11:19:33, time_cost(all): 36:59:47/53:27:12, loss=1.0605127811431885, d_time=0.25(0.25), f_time=1.51(1.81), b_time=1.76(2.06), lr=0.004800616586075302
2026-03-12 07:01:01,515   INFO  Save latest model to /storage/project/r-gchou3-0/spanse30/MSF/output/cfgs/waymo_models/msf_8frames/default/ckpt/latest_model
2026-03-12 07:02:00,523   INFO  epoch: 3/6, acc_iter=127450, cur_iter=17061/36796, batch_size=4, time_cost(epoch): 9:45:59/11:17:48, time_cost(all): 37:01:28/53:25:19, loss=1.4023900032043457, d_time=0.25(0.25), f_time=1.72(1.81), b_time=1.97(2.06), lr=0.004797769940822502
2026-03-12 07:03:37,680   INFO  epoch: 3/6, acc_iter=127500, cur_iter=17111/36796, batch_size=4, time_cost(epoch): 9:47:36/11:15:58, time_cost(all): 37:03:05/53:23:04, loss=1.1202738285064697, d_time=0.25(0.25), f_time=0.78(1.81), b_time=1.03(2.06), lr=0.004794920767682299
/bin/sh: line 1: gpustat: command not found
2026-03-12 07:03:38,023   INFO  
2026-03-12 07:05:23,887   INFO  epoch: 3/6, acc_iter=127550, cur_iter=17161/36796, batch_size=4, time_cost(epoch): 9:49:23/11:14:18, time_cost(all): 37:04:51/53:21:38, loss=1.0715147256851196, d_time=0.25(0.25), f_time=1.42(1.81), b_time=1.67(2.06), lr=0.0047920690706610486
2026-03-12 07:06:01,079   INFO  Save latest model to /storage/project/r-gchou3-0/spanse30/MSF/output/cfgs/waymo_models/msf_8frames/default/ckpt/latest_model
2026-03-12 07:07:04,393   INFO  epoch: 3/6, acc_iter=127600, cur_iter=17211/36796, batch_size=4, time_cost(epoch): 9:51:03/11:12:33, time_cost(all): 37:06:32/53:19:42, loss=1.4199042320251465, d_time=0.25(0.25), f_time=1.04(1.81), b_time=1.29(2.06), lr=0.004789214853768661
2026-03-12 07:08:45,341   INFO  epoch: 3/6, acc_iter=127650, cur_iter=17261/36796, batch_size=4, time_cost(epoch): 9:52:44/11:10:47, time_cost(all): 37:08:13/53:17:48, loss=1.138826847076416, d_time=0.25(0.25), f_time=1.48(1.81), b_time=1.73(2.06), lr=0.004786358121018582
/bin/sh: line 1: gpustat: command not found
2026-03-12 07:08:45,621   INFO  
2026-03-12 07:10:26,498   INFO  epoch: 3/6, acc_iter=127700, cur_iter=17311/36796, batch_size=4, time_cost(epoch): 9:54:25/11:09:02, time_cost(all): 37:09:54/53:15:55, loss=1.0880017280578613, d_time=0.25(0.25), f_time=0.51(1.81), b_time=0.76(2.06), lr=0.004783498876427802
2026-03-12 07:11:00,829   INFO  Save latest model to /storage/project/r-gchou3-0/spanse30/MSF/output/cfgs/waymo_models/msf_8frames/default/ckpt/latest_model
2026-03-12 07:12:09,781   INFO  epoch: 3/6, acc_iter=127750, cur_iter=17361/36796, batch_size=4, time_cost(epoch): 9:56:09/11:07:19, time_cost(all): 37:11:37/53:14:13, loss=1.3422105312347412, d_time=0.25(0.25), f_time=1.79(1.81), b_time=2.04(2.06), lr=0.0047806371240168375
2026-03-12 07:13:54,083   INFO  epoch: 3/6, acc_iter=127800, cur_iter=17411/36796, batch_size=4, time_cost(epoch): 9:57:53/11:05:38, time_cost(all): 37:13:22/53:12:37, loss=1.1957825422286987, d_time=0.25(0.25), f_time=1.26(1.81), b_time=1.51(2.06), lr=0.004777772867809737
/bin/sh: line 1: gpustat: command not found
2026-03-12 07:13:54,401   INFO  
2026-03-12 07:15:37,366   INFO  epoch: 3/6, acc_iter=127850, cur_iter=17461/36796, batch_size=4, time_cost(epoch): 9:59:36/11:03:55, time_cost(all): 37:15:05/53:10:55, loss=1.3675007820129395, d_time=0.25(0.25), f_time=1.61(1.81), b_time=1.86(2.06), lr=0.004774906111834067
2026-03-12 07:16:01,263   INFO  Save latest model to /storage/project/r-gchou3-0/spanse30/MSF/output/cfgs/waymo_models/msf_8frames/default/ckpt/latest_model
2026-03-12 07:17:17,575   INFO  epoch: 3/6, acc_iter=127900, cur_iter=17511/36796, batch_size=4, time_cost(epoch): 10:01:16/11:02:09, time_cost(all): 37:16:45/53:08:57, loss=1.2953170537948608, d_time=0.25(0.25), f_time=1.68(1.81), b_time=1.93(2.06), lr=0.004772036860120906
2026-03-12 07:18:59,318   INFO  epoch: 3/6, acc_iter=127950, cur_iter=17561/36796, batch_size=4, time_cost(epoch): 10:02:58/11:00:25, time_cost(all): 37:18:27/53:07:08, loss=1.4438869953155518, d_time=0.25(0.25), f_time=1.85(1.81), b_time=2.10(2.06), lr=0.004769165116704849
/bin/sh: line 1: gpustat: command not found
2026-03-12 07:18:59,604   INFO  
2026-03-12 07:20:41,234   INFO  epoch: 3/6, acc_iter=128000, cur_iter=17611/36796, batch_size=4, time_cost(epoch): 10:04:40/10:58:40, time_cost(all): 37:20:09/53:05:19, loss=1.2472491264343262, d_time=0.25(0.25), f_time=1.74(1.81), b_time=1.99(2.06), lr=0.004766290885623988
2026-03-12 07:21:02,252   INFO  Save latest model to /storage/project/r-gchou3-0/spanse30/MSF/output/cfgs/waymo_models/msf_8frames/default/ckpt/latest_model
2026-03-12 07:22:25,869   INFO  epoch: 3/6, acc_iter=128050, cur_iter=17661/36796, batch_size=4, time_cost(epoch): 10:06:25/10:56:59, time_cost(all): 37:21:53/53:03:45, loss=1.2000917196273804, d_time=0.25(0.25), f_time=1.94(1.81), b_time=2.19(2.06), lr=0.004763414170919915
2026-03-12 07:24:07,574   INFO  epoch: 3/6, acc_iter=128100, cur_iter=17711/36796, batch_size=4, time_cost(epoch): 10:08:06/10:55:15, time_cost(all): 37:23:35/53:01:55, loss=1.1631181240081787, d_time=0.25(0.25), f_time=1.61(1.81), b_time=1.86(2.06), lr=0.004760534976637718
/bin/sh: line 1: gpustat: command not found
2026-03-12 07:24:07,858   INFO  
2026-03-12 07:25:43,608   INFO  epoch: 3/6, acc_iter=128150, cur_iter=17761/36796, batch_size=4, time_cost(epoch): 10:09:42/10:53:24, time_cost(all): 37:25:11/52:59:36, loss=0.8667773008346558, d_time=0.25(0.25), f_time=0.64(1.81), b_time=0.89(2.06), lr=0.004757653306825966
2026-03-12 07:26:02,609   INFO  Save latest model to /storage/project/r-gchou3-0/spanse30/MSF/output/cfgs/waymo_models/msf_8frames/default/ckpt/latest_model
2026-03-12 07:27:23,507   INFO  epoch: 3/6, acc_iter=128200, cur_iter=17811/36796, batch_size=4, time_cost(epoch): 10:11:22/10:51:38, time_cost(all): 37:26:51/52:57:37, loss=1.2931329011917114, d_time=0.25(0.25), f_time=1.62(1.81), b_time=1.87(2.06), lr=0.0047547691655367135
2026-03-12 07:29:05,648   INFO  epoch: 3/6, acc_iter=128250, cur_iter=17861/36796, batch_size=4, time_cost(epoch): 10:13:04/10:49:54, time_cost(all): 37:28:33/52:55:49, loss=1.3181103467941284, d_time=0.24(0.25), f_time=1.71(1.81), b_time=1.95(2.06), lr=0.004751882556825487
/bin/sh: line 1: gpustat: command not found
2026-03-12 07:29:05,932   INFO  
2026-03-12 07:30:47,667   INFO  epoch: 3/6, acc_iter=128300, cur_iter=17911/36796, batch_size=4, time_cost(epoch): 10:14:46/10:48:10, time_cost(all): 37:30:15/52:54:01, loss=1.2687618732452393, d_time=0.25(0.25), f_time=2.12(1.81), b_time=2.37(2.06), lr=0.004748993484751284
2026-03-12 07:31:02,169   INFO  Save latest model to /storage/project/r-gchou3-0/spanse30/MSF/output/cfgs/waymo_models/msf_8frames/default/ckpt/latest_model
2026-03-12 07:32:29,847   INFO  epoch: 3/6, acc_iter=128350, cur_iter=17961/36796, batch_size=4, time_cost(epoch): 10:16:29/10:46:26, time_cost(all): 37:31:57/52:52:14, loss=1.2998124361038208, d_time=0.25(0.25), f_time=1.77(1.81), b_time=2.01(2.06), lr=0.004746101953376566
2026-03-12 07:34:15,189   INFO  epoch: 3/6, acc_iter=128400, cur_iter=18011/36796, batch_size=4, time_cost(epoch): 10:18:14/10:44:46, time_cost(all): 37:33:43/52:50:44, loss=1.4866101741790771, d_time=0.25(0.25), f_time=2.17(1.81), b_time=2.42(2.06), lr=0.004743207966767252
/bin/sh: line 1: gpustat: command not found
2026-03-12 07:34:15,473   INFO  
2026-03-12 07:35:53,522   INFO  epoch: 3/6, acc_iter=128450, cur_iter=18061/36796, batch_size=4, time_cost(epoch): 10:19:52/10:42:58, time_cost(all): 37:35:21/52:48:37, loss=1.4036130905151367, d_time=0.24(0.25), f_time=1.83(1.81), b_time=2.07(2.06), lr=0.0047403115289927165
2026-03-12 07:36:02,261   INFO  Save latest model to /storage/project/r-gchou3-0/spanse30/MSF/output/cfgs/waymo_models/msf_8frames/default/ckpt/latest_model
2026-03-12 07:37:37,570   INFO  epoch: 3/6, acc_iter=128500, cur_iter=18111/36796, batch_size=4, time_cost(epoch): 10:21:36/10:41:16, time_cost(all): 37:37:05/52:47:00, loss=1.4215600490570068, d_time=0.25(0.25), f_time=1.85(1.81), b_time=2.10(2.06), lr=0.004737412644125774
2026-03-12 07:39:20,356   INFO  epoch: 3/6, acc_iter=128550, cur_iter=18161/36796, batch_size=4, time_cost(epoch): 10:23:19/10:39:33, time_cost(all): 37:38:48/52:45:16, loss=1.1593167781829834, d_time=0.25(0.25), f_time=1.90(1.81), b_time=2.15(2.06), lr=0.004734511316242687
/bin/sh: line 1: gpustat: command not found
2026-03-12 07:39:20,644   INFO  
2026-03-12 07:41:01,375   INFO  Save latest model to /storage/project/r-gchou3-0/spanse30/MSF/output/cfgs/waymo_models/msf_8frames/default/ckpt/latest_model
2026-03-12 07:41:06,351   INFO  epoch: 3/6, acc_iter=128600, cur_iter=18211/36796, batch_size=4, time_cost(epoch): 10:25:05/10:37:53, time_cost(all): 37:40:34/52:43:48, loss=1.4592770338058472, d_time=0.25(0.25), f_time=2.17(1.81), b_time=2.42(2.06), lr=0.004731607549423149
2026-03-12 07:42:48,546   INFO  epoch: 3/6, acc_iter=128650, cur_iter=18261/36796, batch_size=4, time_cost(epoch): 10:26:47/10:36:10, time_cost(all): 37:42:16/52:42:01, loss=1.0837286710739136, d_time=0.25(0.25), f_time=1.17(1.81), b_time=1.41(2.06), lr=0.004728701347750284
2026-03-12 07:44:31,398   INFO  epoch: 3/6, acc_iter=128700, cur_iter=18311/36796, batch_size=4, time_cost(epoch): 10:28:30/10:34:26, time_cost(all): 37:43:59/52:40:18, loss=1.2108869552612305, d_time=0.24(0.25), f_time=1.59(1.81), b_time=1.84(2.06), lr=0.004725792715310641
/bin/sh: line 1: gpustat: command not found
2026-03-12 07:44:31,681   INFO  
2026-03-12 07:46:02,152   INFO  Save latest model to /storage/project/r-gchou3-0/spanse30/MSF/output/cfgs/waymo_models/msf_8frames/default/ckpt/latest_model
2026-03-12 07:46:12,652   INFO  epoch: 3/6, acc_iter=128750, cur_iter=18361/36796, batch_size=4, time_cost(epoch): 10:30:11/10:32:42, time_cost(all): 37:45:40/52:38:26, loss=1.0802040100097656, d_time=0.25(0.25), f_time=1.94(1.81), b_time=2.19(2.06), lr=0.004722881656194186
2026-03-12 07:47:54,871   INFO  epoch: 3/6, acc_iter=128800, cur_iter=18411/36796, batch_size=4, time_cost(epoch): 10:31:54/10:30:58, time_cost(all): 37:47:22/52:36:39, loss=1.1298871040344238, d_time=0.25(0.25), f_time=1.20(1.81), b_time=1.45(2.06), lr=0.0047199681744942955
2026-03-12 07:49:39,624   INFO  epoch: 3/6, acc_iter=128850, cur_iter=18461/36796, batch_size=4, time_cost(epoch): 10:33:38/10:29:17, time_cost(all): 37:49:07/52:35:05, loss=1.2172768115997314, d_time=0.25(0.25), f_time=1.73(1.81), b_time=1.98(2.06), lr=0.004717052274307756
/bin/sh: line 1: gpustat: command not found
2026-03-12 07:49:39,909   INFO  
2026-03-12 07:51:02,099   INFO  Save latest model to /storage/project/r-gchou3-0/spanse30/MSF/output/cfgs/waymo_models/msf_8frames/default/ckpt/latest_model
2026-03-12 07:51:24,341   INFO  epoch: 3/6, acc_iter=128900, cur_iter=18511/36796, batch_size=4, time_cost(epoch): 10:35:23/10:27:36, time_cost(all): 37:50:52/52:33:31, loss=1.5892504453659058, d_time=0.25(0.25), f_time=2.66(1.81), b_time=2.91(2.06), lr=0.004714133959734753
2026-03-12 07:53:07,475   INFO  epoch: 3/6, acc_iter=128950, cur_iter=18561/36796, batch_size=4, time_cost(epoch): 10:37:06/10:25:53, time_cost(all): 37:52:35/52:31:49, loss=1.5087271928787231, d_time=0.26(0.25), f_time=2.21(1.81), b_time=2.47(2.06), lr=0.004711213234878868
2026-03-12 07:54:50,936   INFO  epoch: 3/6, acc_iter=129000, cur_iter=18611/36796, batch_size=4, time_cost(epoch): 10:38:50/10:24:10, time_cost(all): 37:54:19/52:30:08, loss=1.3951895236968994, d_time=0.27(0.25), f_time=1.80(1.81), b_time=2.07(2.06), lr=0.004708290103847068
/bin/sh: line 1: gpustat: command not found
2026-03-12 07:54:51,217   INFO  
2026-03-12 07:56:02,160   INFO  Save latest model to /storage/project/r-gchou3-0/spanse30/MSF/output/cfgs/waymo_models/msf_8frames/default/ckpt/latest_model
2026-03-12 07:56:35,848   INFO  epoch: 3/6, acc_iter=129050, cur_iter=18661/36796, batch_size=4, time_cost(epoch): 10:40:35/10:22:29, time_cost(all): 37:56:03/52:28:35, loss=1.0361460447311401, d_time=0.25(0.25), f_time=1.76(1.81), b_time=2.01(2.06), lr=0.004705364570749708
2026-03-12 07:58:19,236   INFO  epoch: 3/6, acc_iter=129100, cur_iter=18711/36796, batch_size=4, time_cost(epoch): 10:42:18/10:20:47, time_cost(all): 37:57:47/52:26:54, loss=1.3871402740478516, d_time=0.25(0.25), f_time=1.92(1.81), b_time=2.17(2.06), lr=0.004702436639700519
2026-03-12 07:59:58,274   INFO  epoch: 3/6, acc_iter=129150, cur_iter=18761/36796, batch_size=4, time_cost(epoch): 10:43:57/10:19:00, time_cost(all): 37:59:26/52:24:52, loss=1.4769880771636963, d_time=0.25(0.25), f_time=2.03(1.81), b_time=2.28(2.06), lr=0.0046995063148166025
/bin/sh: line 1: gpustat: command not found
2026-03-12 07:59:58,557   INFO  
2026-03-12 08:01:02,808   INFO  Save latest model to /storage/project/r-gchou3-0/spanse30/MSF/output/cfgs/waymo_models/msf_8frames/default/ckpt/latest_model
2026-03-12 08:01:42,604   INFO  epoch: 3/6, acc_iter=129200, cur_iter=18811/36796, batch_size=4, time_cost(epoch): 10:45:41/10:17:18, time_cost(all): 38:01:10/52:23:15, loss=1.518766164779663, d_time=0.25(0.25), f_time=2.03(1.81), b_time=2.28(2.06), lr=0.004696573600218429
2026-03-12 08:03:20,166   INFO  epoch: 3/6, acc_iter=129250, cur_iter=18861/36796, batch_size=4, time_cost(epoch): 10:47:19/10:15:30, time_cost(all): 38:02:48/52:21:06, loss=2.005181074142456, d_time=0.25(0.25), f_time=2.60(1.81), b_time=2.85(2.06), lr=0.004693638500029826
2026-03-12 08:05:03,331   INFO  epoch: 3/6, acc_iter=129300, cur_iter=18911/36796, batch_size=4, time_cost(epoch): 10:49:02/10:13:47, time_cost(all): 38:04:31/52:19:24, loss=1.4623541831970215, d_time=0.25(0.25), f_time=2.39(1.81), b_time=2.64(2.06), lr=0.004690701018377978
/bin/sh: line 1: gpustat: command not found
2026-03-12 08:05:03,607   INFO  
2026-03-12 08:06:01,575   INFO  Save latest model to /storage/project/r-gchou3-0/spanse30/MSF/output/cfgs/waymo_models/msf_8frames/default/ckpt/latest_model
2026-03-12 08:06:43,805   INFO  epoch: 3/6, acc_iter=129350, cur_iter=18961/36796, batch_size=4, time_cost(epoch): 10:50:43/10:12:02, time_cost(all): 38:06:11/52:17:29, loss=1.205013394355774, d_time=0.25(0.25), f_time=0.82(1.81), b_time=1.06(2.06), lr=0.004687761159393417
2026-03-12 08:08:25,185   INFO  epoch: 3/6, acc_iter=129400, cur_iter=19011/36796, batch_size=4, time_cost(epoch): 10:52:24/10:10:18, time_cost(all): 38:07:53/52:15:39, loss=1.1906511783599854, d_time=0.27(0.25), f_time=1.83(1.81), b_time=2.09(2.06), lr=0.004684818927210019
2026-03-12 08:10:03,602   INFO  epoch: 3/6, acc_iter=129450, cur_iter=19061/36796, batch_size=4, time_cost(epoch): 10:54:02/10:08:30, time_cost(all): 38:09:31/52:13:34, loss=1.1366420984268188, d_time=0.25(0.25), f_time=1.01(1.81), b_time=1.26(2.06), lr=0.0046818743259649945
/bin/sh: line 1: gpustat: command not found
2026-03-12 08:10:03,951   INFO  
2026-03-12 08:11:02,421   INFO  Save latest model to /storage/project/r-gchou3-0/spanse30/MSF/output/cfgs/waymo_models/msf_8frames/default/ckpt/latest_model
2026-03-12 08:11:47,947   INFO  epoch: 3/6, acc_iter=129500, cur_iter=19111/36796, batch_size=4, time_cost(epoch): 10:55:47/10:06:49, time_cost(all): 38:11:16/52:11:58, loss=1.772713541984558, d_time=0.25(0.25), f_time=2.53(1.81), b_time=2.78(2.06), lr=0.004678927359798889
2026-03-12 08:13:28,491   INFO  epoch: 3/6, acc_iter=129550, cur_iter=19161/36796, batch_size=4, time_cost(epoch): 10:57:27/10:05:04, time_cost(all): 38:12:56/52:10:04, loss=1.2238301038742065, d_time=0.25(0.25), f_time=2.00(1.81), b_time=2.25(2.06), lr=0.00467597803285557
2026-03-12 08:15:11,315   INFO  epoch: 3/6, acc_iter=129600, cur_iter=19211/36796, batch_size=4, time_cost(epoch): 10:59:10/10:03:21, time_cost(all): 38:14:39/52:08:20, loss=1.007799506187439, d_time=0.25(0.25), f_time=0.93(1.81), b_time=1.18(2.06), lr=0.004673026349282226
/bin/sh: line 1: gpustat: command not found
2026-03-12 08:15:11,608   INFO  
2026-03-12 08:16:01,065   INFO  Save latest model to /storage/project/r-gchou3-0/spanse30/MSF/output/cfgs/waymo_models/msf_8frames/default/ckpt/latest_model
2026-03-12 08:16:57,051   INFO  epoch: 3/6, acc_iter=129650, cur_iter=19261/36796, batch_size=4, time_cost(epoch): 11:00:56/10:01:40, time_cost(all): 38:16:25/52:06:51, loss=1.5170178413391113, d_time=0.25(0.25), f_time=1.89(1.81), b_time=2.14(2.06), lr=0.00467007231322936
2026-03-12 08:18:40,386   INFO  epoch: 3/6, acc_iter=129700, cur_iter=19311/36796, batch_size=4, time_cost(epoch): 11:02:39/9:59:58, time_cost(all): 38:18:08/52:05:09, loss=1.294808030128479, d_time=0.25(0.25), f_time=1.89(1.81), b_time=2.14(2.06), lr=0.004667115928850781
2026-03-12 08:20:22,574   INFO  epoch: 3/6, acc_iter=129750, cur_iter=19361/36796, batch_size=4, time_cost(epoch): 11:04:21/9:58:14, time_cost(all): 38:19:50/52:03:23, loss=1.3619351387023926, d_time=0.25(0.25), f_time=1.87(1.81), b_time=2.12(2.06), lr=0.004664157200303603
/bin/sh: line 1: gpustat: command not found
2026-03-12 08:20:22,862   INFO  
2026-03-12 08:21:02,310   INFO  Save latest model to /storage/project/r-gchou3-0/spanse30/MSF/output/cfgs/waymo_models/msf_8frames/default/ckpt/latest_model
2026-03-12 08:22:05,667   INFO  epoch: 3/6, acc_iter=129800, cur_iter=19411/36796, batch_size=4, time_cost(epoch): 11:06:04/9:56:31, time_cost(all): 38:21:33/52:01:41, loss=1.1662911176681519, d_time=0.25(0.25), f_time=2.38(1.81), b_time=2.63(2.06), lr=0.004661196131748234
2026-03-12 08:23:44,101   INFO  epoch: 3/6, acc_iter=129850, cur_iter=19461/36796, batch_size=4, time_cost(epoch): 11:07:43/9:54:44, time_cost(all): 38:23:12/51:59:37, loss=1.0703847408294678, d_time=0.25(0.25), f_time=1.03(1.81), b_time=1.28(2.06), lr=0.004658232727348373
2026-03-12 08:25:22,315   INFO  epoch: 3/6, acc_iter=129900, cur_iter=19511/36796, batch_size=4, time_cost(epoch): 11:09:21/9:52:57, time_cost(all): 38:24:50/51:57:32, loss=1.5330514907836914, d_time=0.25(0.25), f_time=1.77(1.81), b_time=2.02(2.06), lr=0.004655266991271003
/bin/sh: line 1: gpustat: command not found
2026-03-12 08:25:22,606   INFO  
2026-03-12 08:26:02,097   INFO  Save latest model to /storage/project/r-gchou3-0/spanse30/MSF/output/cfgs/waymo_models/msf_8frames/default/ckpt/latest_model
2026-03-12 08:27:07,428   INFO  epoch: 3/6, acc_iter=129950, cur_iter=19561/36796, batch_size=4, time_cost(epoch): 11:11:06/9:51:16, time_cost(all): 38:26:35/51:55:59, loss=1.5226495265960693, d_time=0.25(0.25), f_time=1.97(1.81), b_time=2.22(2.06), lr=0.004652298927686386
2026-03-12 08:28:52,438   INFO  epoch: 3/6, acc_iter=130000, cur_iter=19611/36796, batch_size=4, time_cost(epoch): 11:12:51/9:49:35, time_cost(all): 38:28:20/51:54:26, loss=1.432616949081421, d_time=0.25(0.25), f_time=1.73(1.81), b_time=1.98(2.06), lr=0.004649328540768058
2026-03-12 08:30:32,518   INFO  epoch: 3/6, acc_iter=130050, cur_iter=19661/36796, batch_size=4, time_cost(epoch): 11:14:31/9:47:50, time_cost(all): 38:30:00/51:52:30, loss=1.0672290325164795, d_time=0.25(0.25), f_time=0.80(1.81), b_time=1.05(2.06), lr=0.004646355834692819
/bin/sh: line 1: gpustat: command not found
2026-03-12 08:30:32,884   INFO  
2026-03-12 08:31:00,983   INFO  Save latest model to /storage/project/r-gchou3-0/spanse30/MSF/output/cfgs/waymo_models/msf_8frames/default/ckpt/latest_model
2026-03-12 08:32:17,474   INFO  epoch: 3/6, acc_iter=130100, cur_iter=19711/36796, batch_size=4, time_cost(epoch): 11:16:16/9:46:09, time_cost(all): 38:31:45/51:50:56, loss=1.7561317682266235, d_time=0.25(0.25), f_time=2.08(1.81), b_time=2.33(2.06), lr=0.0046433808136407346
2026-03-12 08:33:59,746   INFO  epoch: 3/6, acc_iter=130150, cur_iter=19761/36796, batch_size=4, time_cost(epoch): 11:17:59/9:44:25, time_cost(all): 38:33:27/51:49:10, loss=1.6189531087875366, d_time=0.25(0.25), f_time=2.15(1.81), b_time=2.40(2.06), lr=0.004640403481795121
2026-03-12 08:35:43,166   INFO  epoch: 3/6, acc_iter=130200, cur_iter=19811/36796, batch_size=4, time_cost(epoch): 11:19:42/9:42:43, time_cost(all): 38:35:11/51:47:30, loss=1.676565170288086, d_time=0.25(0.25), f_time=2.63(1.81), b_time=2.88(2.06), lr=0.004637423843342546
/bin/sh: line 1: gpustat: command not found
2026-03-12 08:35:43,442   INFO  
2026-03-12 08:36:01,469   INFO  Save latest model to /storage/project/r-gchou3-0/spanse30/MSF/output/cfgs/waymo_models/msf_8frames/default/ckpt/latest_model
2026-03-12 08:37:26,892   INFO  epoch: 3/6, acc_iter=130250, cur_iter=19861/36796, batch_size=4, time_cost(epoch): 11:21:26/9:41:00, time_cost(all): 38:36:54/51:45:50, loss=1.3777625560760498, d_time=0.25(0.25), f_time=2.10(1.81), b_time=2.35(2.06), lr=0.004634441902472822
2026-03-12 08:39:09,630   INFO  epoch: 3/6, acc_iter=130300, cur_iter=19911/36796, batch_size=4, time_cost(epoch): 11:23:08/9:39:17, time_cost(all): 38:38:37/51:44:07, loss=1.0361136198043823, d_time=0.25(0.25), f_time=1.46(1.81), b_time=1.71(2.06), lr=0.004631457663378997
2026-03-12 08:40:51,446   INFO  epoch: 3/6, acc_iter=130350, cur_iter=19961/36796, batch_size=4, time_cost(epoch): 11:24:50/9:37:33, time_cost(all): 38:40:19/51:42:19, loss=0.9282476305961609, d_time=0.25(0.25), f_time=1.07(1.81), b_time=1.32(2.06), lr=0.0046284711302573495
/bin/sh: line 1: gpustat: command not found
2026-03-12 08:40:51,729   INFO  
2026-03-12 08:41:03,441   INFO  Save latest model to /storage/project/r-gchou3-0/spanse30/MSF/output/cfgs/waymo_models/msf_8frames/default/ckpt/latest_model
2026-03-12 08:42:36,661   INFO  epoch: 3/6, acc_iter=130400, cur_iter=20011/36796, batch_size=4, time_cost(epoch): 11:26:35/9:35:52, time_cost(all): 38:42:04/51:40:46, loss=1.525334358215332, d_time=0.25(0.25), f_time=2.20(1.81), b_time=2.45(2.06), lr=0.004625482307307386
2026-03-12 08:44:18,013   INFO  epoch: 3/6, acc_iter=130450, cur_iter=20061/36796, batch_size=4, time_cost(epoch): 11:28:17/9:34:08, time_cost(all): 38:43:46/51:38:56, loss=1.3062671422958374, d_time=0.25(0.25), f_time=2.06(1.81), b_time=2.31(2.06), lr=0.004622491198731834
2026-03-12 08:46:00,847   INFO  epoch: 3/6, acc_iter=130500, cur_iter=20111/36796, batch_size=4, time_cost(epoch): 11:30:00/9:32:25, time_cost(all): 38:45:28/51:37:13, loss=1.4386521577835083, d_time=0.25(0.25), f_time=2.14(1.81), b_time=2.39(2.06), lr=0.0046194978087366325
/bin/sh: line 1: gpustat: command not found
2026-03-12 08:46:01,128   INFO  
2026-03-12 08:46:01,227   INFO  Save latest model to /storage/project/r-gchou3-0/spanse30/MSF/output/cfgs/waymo_models/msf_8frames/default/ckpt/latest_model
2026-03-12 08:47:45,497   INFO  epoch: 3/6, acc_iter=130550, cur_iter=20161/36796, batch_size=4, time_cost(epoch): 11:31:44/9:30:44, time_cost(all): 38:47:13/51:35:38, loss=1.1137480735778809, d_time=0.25(0.25), f_time=1.98(1.81), b_time=2.23(2.06), lr=0.0046165021415309265
2026-03-12 08:49:26,439   INFO  epoch: 3/6, acc_iter=130600, cur_iter=20211/36796, batch_size=4, time_cost(epoch): 11:33:25/9:28:59, time_cost(all): 38:48:54/51:33:46, loss=1.579308032989502, d_time=0.25(0.25), f_time=2.17(1.81), b_time=2.42(2.06), lr=0.00461350420132707
2026-03-12 08:51:00,930   INFO  Save latest model to /storage/project/r-gchou3-0/spanse30/MSF/output/cfgs/waymo_models/msf_8frames/default/ckpt/latest_model
2026-03-12 08:51:08,624   INFO  epoch: 3/6, acc_iter=130650, cur_iter=20261/36796, batch_size=4, time_cost(epoch): 11:35:07/9:27:16, time_cost(all): 38:50:36/51:32:00, loss=1.373650312423706, d_time=0.25(0.25), f_time=1.25(1.81), b_time=1.50(2.06), lr=0.004610503992340606
/bin/sh: line 1: gpustat: command not found
2026-03-12 08:51:08,924   INFO  
2026-03-12 08:52:54,031   INFO  epoch: 3/6, acc_iter=130700, cur_iter=20311/36796, batch_size=4, time_cost(epoch): 11:36:53/9:25:35, time_cost(all): 38:52:22/51:30:28, loss=1.6466350555419922, d_time=0.25(0.25), f_time=2.31(1.81), b_time=2.56(2.06), lr=0.00460750151879027
2026-03-12 08:54:30,846   INFO  epoch: 3/6, acc_iter=130750, cur_iter=20361/36796, batch_size=4, time_cost(epoch): 11:38:30/9:23:47, time_cost(all): 38:53:58/51:28:18, loss=1.191623568534851, d_time=0.24(0.25), f_time=1.26(1.81), b_time=1.50(2.06), lr=0.0046044967848979865
2026-03-12 08:56:01,630   INFO  Save latest model to /storage/project/r-gchou3-0/spanse30/MSF/output/cfgs/waymo_models/msf_8frames/default/ckpt/latest_model
2026-03-12 08:56:16,118   INFO  epoch: 3/6, acc_iter=130800, cur_iter=20411/36796, batch_size=4, time_cost(epoch): 11:40:15/9:22:06, time_cost(all): 38:55:44/51:26:45, loss=1.3783122301101685, d_time=0.27(0.25), f_time=1.80(1.81), b_time=2.08(2.06), lr=0.0046014897948888495
/bin/sh: line 1: gpustat: command not found
2026-03-12 08:56:16,407   INFO  
2026-03-12 08:57:58,785   INFO  epoch: 3/6, acc_iter=130850, cur_iter=20461/36796, batch_size=4, time_cost(epoch): 11:41:58/9:20:23, time_cost(all): 38:57:26/51:25:01, loss=1.1608612537384033, d_time=0.25(0.25), f_time=1.92(1.81), b_time=2.17(2.06), lr=0.004598480552991133
2026-03-12 08:59:41,206   INFO  epoch: 3/6, acc_iter=130900, cur_iter=20511/36796, batch_size=4, time_cost(epoch): 11:43:40/9:18:39, time_cost(all): 38:59:09/51:23:16, loss=1.1052597761154175, d_time=0.25(0.25), f_time=1.65(1.81), b_time=1.90(2.06), lr=0.004595469063436275
2026-03-12 09:01:00,857   INFO  Save latest model to /storage/project/r-gchou3-0/spanse30/MSF/output/cfgs/waymo_models/msf_8frames/default/ckpt/latest_model
2026-03-12 09:01:24,640   INFO  epoch: 3/6, acc_iter=130950, cur_iter=20561/36796, batch_size=4, time_cost(epoch): 11:45:23/9:16:57, time_cost(all): 39:00:52/51:21:36, loss=1.3003811836242676, d_time=0.25(0.25), f_time=1.66(1.81), b_time=1.91(2.06), lr=0.004592455330458873
/bin/sh: line 1: gpustat: command not found
2026-03-12 09:01:24,922   INFO  
2026-03-12 09:03:05,221   INFO  epoch: 3/6, acc_iter=131000, cur_iter=20611/36796, batch_size=4, time_cost(epoch): 11:47:04/9:15:12, time_cost(all): 39:02:33/51:19:42, loss=1.5271047353744507, d_time=0.25(0.25), f_time=1.52(1.81), b_time=1.77(2.06), lr=0.00458943935829668
2026-03-12 09:04:48,580   INFO  epoch: 3/6, acc_iter=131050, cur_iter=20661/36796, batch_size=4, time_cost(epoch): 11:48:47/9:13:30, time_cost(all): 39:04:16/51:18:01, loss=1.2314784526824951, d_time=0.24(0.25), f_time=1.73(1.81), b_time=1.97(2.06), lr=0.004586421151190597
2026-03-12 09:06:01,414   INFO  Save latest model to /storage/project/r-gchou3-0/spanse30/MSF/output/cfgs/waymo_models/msf_8frames/default/ckpt/latest_model
2026-03-12 09:06:31,034   INFO  epoch: 3/6, acc_iter=131100, cur_iter=20711/36796, batch_size=4, time_cost(epoch): 11:50:30/9:11:46, time_cost(all): 39:05:59/51:16:17, loss=1.279491662979126, d_time=0.25(0.25), f_time=1.84(1.81), b_time=2.09(2.06), lr=0.0045834007133846695
/bin/sh: line 1: gpustat: command not found
2026-03-12 09:06:31,344   INFO  
2026-03-12 09:08:12,399   INFO  epoch: 3/6, acc_iter=131150, cur_iter=20761/36796, batch_size=4, time_cost(epoch): 11:52:11/9:10:02, time_cost(all): 39:07:40/51:14:27, loss=1.207377552986145, d_time=0.25(0.25), f_time=1.86(1.81), b_time=2.11(2.06), lr=0.004580378049126077
2026-03-12 09:09:54,975   INFO  epoch: 3/6, acc_iter=131200, cur_iter=20811/36796, batch_size=4, time_cost(epoch): 11:53:54/9:08:19, time_cost(all): 39:09:23/51:12:43, loss=1.0998631715774536, d_time=0.25(0.25), f_time=2.38(1.81), b_time=2.63(2.06), lr=0.004577353162665131
2026-03-12 09:11:02,318   INFO  Save latest model to /storage/project/r-gchou3-0/spanse30/MSF/output/cfgs/waymo_models/msf_8frames/default/ckpt/latest_model
2026-03-12 09:11:39,826   INFO  epoch: 3/6, acc_iter=131250, cur_iter=20861/36796, batch_size=4, time_cost(epoch): 11:55:39/9:06:38, time_cost(all): 39:11:07/51:11:08, loss=1.742108941078186, d_time=0.25(0.25), f_time=2.05(1.81), b_time=2.30(2.06), lr=0.00457432605825527
/bin/sh: line 1: gpustat: command not found
2026-03-12 09:11:40,119   INFO  
2026-03-12 09:13:23,150   INFO  epoch: 3/6, acc_iter=131300, cur_iter=20911/36796, batch_size=4, time_cost(epoch): 11:57:22/9:04:55, time_cost(all): 39:12:51/51:09:27, loss=1.8310003280639648, d_time=0.24(0.25), f_time=1.76(1.81), b_time=2.00(2.06), lr=0.004571296740153046
2026-03-12 09:15:01,892   INFO  epoch: 3/6, acc_iter=131350, cur_iter=20961/36796, batch_size=4, time_cost(epoch): 11:59:01/9:03:09, time_cost(all): 39:14:29/51:07:26, loss=1.40898597240448, d_time=0.25(0.25), f_time=2.34(1.81), b_time=2.58(2.06), lr=0.004568265212618129
2026-03-12 09:16:02,914   INFO  Save latest model to /storage/project/r-gchou3-0/spanse30/MSF/output/cfgs/waymo_models/msf_8frames/default/ckpt/latest_model
2026-03-12 09:16:46,981   INFO  epoch: 3/6, acc_iter=131400, cur_iter=21011/36796, batch_size=4, time_cost(epoch): 12:00:46/9:01:28, time_cost(all): 39:16:15/51:05:53, loss=1.4121490716934204, d_time=0.25(0.25), f_time=1.66(1.81), b_time=1.91(2.06), lr=0.0045652314799132935
/bin/sh: line 1: gpustat: command not found
2026-03-12 09:16:47,287   INFO  
2026-03-12 09:18:29,138   INFO  epoch: 3/6, acc_iter=131450, cur_iter=21061/36796, batch_size=4, time_cost(epoch): 12:02:28/8:59:44, time_cost(all): 39:17:57/51:04:06, loss=0.9927362203598022, d_time=0.24(0.25), f_time=1.52(1.81), b_time=1.76(2.06), lr=0.004562195546304415
2026-03-12 09:20:10,506   INFO  epoch: 3/6, acc_iter=131500, cur_iter=21111/36796, batch_size=4, time_cost(epoch): 12:04:09/8:58:00, time_cost(all): 39:19:38/51:02:17, loss=0.9381417632102966, d_time=0.26(0.25), f_time=1.00(1.81), b_time=1.26(2.06), lr=0.004559157416060462
2026-03-12 09:21:02,693   INFO  Save latest model to /storage/project/r-gchou3-0/spanse30/MSF/output/cfgs/waymo_models/msf_8frames/default/ckpt/latest_model
2026-03-12 09:21:52,697   INFO  epoch: 3/6, acc_iter=131550, cur_iter=21161/36796, batch_size=4, time_cost(epoch): 12:05:51/8:56:17, time_cost(all): 39:21:20/51:00:31, loss=1.7376459836959839, d_time=0.25(0.25), f_time=1.90(1.81), b_time=2.15(2.06), lr=0.004556117093453495
/bin/sh: line 1: gpustat: command not found
2026-03-12 09:21:52,976   INFO  
2026-03-12 09:23:35,252   INFO  epoch: 3/6, acc_iter=131600, cur_iter=21211/36796, batch_size=4, time_cost(epoch): 12:07:34/8:54:34, time_cost(all): 39:23:03/50:58:47, loss=1.0336613655090332, d_time=0.24(0.25), f_time=0.91(1.81), b_time=1.16(2.06), lr=0.004553074582758656
2026-03-12 09:25:16,292   INFO  epoch: 3/6, acc_iter=131650, cur_iter=21261/36796, batch_size=4, time_cost(epoch): 12:09:15/8:52:49, time_cost(all): 39:24:44/50:56:56, loss=1.713953971862793, d_time=0.25(0.25), f_time=2.20(1.81), b_time=2.45(2.06), lr=0.004550029888254164
2026-03-12 09:26:01,273   INFO  Save latest model to /storage/project/r-gchou3-0/spanse30/MSF/output/cfgs/waymo_models/msf_8frames/default/ckpt/latest_model
2026-03-12 09:26:58,186   INFO  epoch: 3/6, acc_iter=131700, cur_iter=21311/36796, batch_size=4, time_cost(epoch): 12:10:57/8:51:06, time_cost(all): 39:26:26/50:55:09, loss=1.7948684692382812, d_time=0.25(0.25), f_time=1.90(1.81), b_time=2.15(2.06), lr=0.0045469830142213065
/bin/sh: line 1: gpustat: command not found
2026-03-12 09:26:58,480   INFO  
2026-03-12 09:28:41,129   INFO  epoch: 3/6, acc_iter=131750, cur_iter=21361/36796, batch_size=4, time_cost(epoch): 12:12:40/8:49:23, time_cost(all): 39:28:09/50:53:26, loss=1.7991887331008911, d_time=0.25(0.25), f_time=2.11(1.81), b_time=2.36(2.06), lr=0.0045439339649444395
2026-03-12 09:30:20,509   INFO  epoch: 3/6, acc_iter=131800, cur_iter=21411/36796, batch_size=4, time_cost(epoch): 12:14:19/8:47:37, time_cost(all): 39:29:48/50:51:29, loss=1.807232141494751, d_time=0.25(0.25), f_time=2.87(1.81), b_time=3.12(2.06), lr=0.004540882744710975
2026-03-12 09:31:02,072   INFO  Save latest model to /storage/project/r-gchou3-0/spanse30/MSF/output/cfgs/waymo_models/msf_8frames/default/ckpt/latest_model
2026-03-12 09:32:02,833   INFO  epoch: 3/6, acc_iter=131850, cur_iter=21461/36796, batch_size=4, time_cost(epoch): 12:16:02/8:45:54, time_cost(all): 39:31:30/50:49:44, loss=1.429304599761963, d_time=0.25(0.25), f_time=1.73(1.81), b_time=1.98(2.06), lr=0.004537829357811379
/bin/sh: line 1: gpustat: command not found
2026-03-12 09:32:03,117   INFO  
2026-03-12 09:33:45,124   INFO  epoch: 3/6, acc_iter=131900, cur_iter=21511/36796, batch_size=4, time_cost(epoch): 12:17:44/8:44:11, time_cost(all): 39:33:13/50:47:58, loss=1.3670737743377686, d_time=0.24(0.25), f_time=1.99(1.81), b_time=2.24(2.06), lr=0.0045347738085391625
2026-03-12 09:35:24,306   INFO  epoch: 3/6, acc_iter=131950, cur_iter=21561/36796, batch_size=4, time_cost(epoch): 12:19:23/8:42:25, time_cost(all): 39:34:52/50:46:00, loss=1.4349353313446045, d_time=0.25(0.25), f_time=2.39(1.81), b_time=2.64(2.06), lr=0.004531716101190879
2026-03-12 09:36:02,139   INFO  Save latest model to /storage/project/r-gchou3-0/spanse30/MSF/output/cfgs/waymo_models/msf_8frames/default/ckpt/latest_model
2026-03-12 09:37:03,777   INFO  epoch: 3/6, acc_iter=132000, cur_iter=21611/36796, batch_size=4, time_cost(epoch): 12:21:03/8:40:40, time_cost(all): 39:36:31/50:44:03, loss=1.4761508703231812, d_time=0.25(0.25), f_time=2.38(1.81), b_time=2.63(2.06), lr=0.004528656240066116
/bin/sh: line 1: gpustat: command not found
2026-03-12 09:37:04,060   INFO  
2026-03-12 09:38:48,940   INFO  epoch: 3/6, acc_iter=132050, cur_iter=21661/36796, batch_size=4, time_cost(epoch): 12:22:48/8:38:59, time_cost(all): 39:38:17/50:42:30, loss=1.0178977251052856, d_time=0.25(0.25), f_time=1.55(1.81), b_time=1.80(2.06), lr=0.004525594229467489
2026-03-12 09:40:30,011   INFO  epoch: 3/6, acc_iter=132100, cur_iter=21711/36796, batch_size=4, time_cost(epoch): 12:24:29/8:37:15, time_cost(all): 39:39:58/50:40:40, loss=1.1494797468185425, d_time=0.26(0.25), f_time=1.36(1.81), b_time=1.62(2.06), lr=0.004522530073700638
2026-03-12 09:41:02,061   INFO  Save latest model to /storage/project/r-gchou3-0/spanse30/MSF/output/cfgs/waymo_models/msf_8frames/default/ckpt/latest_model
2026-03-12 09:42:10,944   INFO  epoch: 3/6, acc_iter=132150, cur_iter=21761/36796, batch_size=4, time_cost(epoch): 12:26:10/8:35:31, time_cost(all): 39:41:39/50:38:49, loss=1.2168281078338623, d_time=0.25(0.25), f_time=1.82(1.81), b_time=2.07(2.06), lr=0.0045194637770742145
/bin/sh: line 1: gpustat: command not found
2026-03-12 09:42:11,224   INFO  
2026-03-12 09:43:50,756   INFO  epoch: 3/6, acc_iter=132200, cur_iter=21811/36796, batch_size=4, time_cost(epoch): 12:27:50/8:33:46, time_cost(all): 39:43:18/50:36:54, loss=1.2302418947219849, d_time=0.25(0.25), f_time=1.66(1.80), b_time=1.90(2.06), lr=0.0045163953438998854
2026-03-12 09:45:34,910   INFO  epoch: 3/6, acc_iter=132250, cur_iter=21861/36796, batch_size=4, time_cost(epoch): 12:29:34/8:32:04, time_cost(all): 39:45:02/50:35:16, loss=1.284006953239441, d_time=0.25(0.25), f_time=1.64(1.81), b_time=1.89(2.06), lr=0.004513324778492321
2026-03-12 09:46:03,017   INFO  Save latest model to /storage/project/r-gchou3-0/spanse30/MSF/output/cfgs/waymo_models/msf_8frames/default/ckpt/latest_model
2026-03-12 09:47:19,303   INFO  epoch: 3/6, acc_iter=132300, cur_iter=21911/36796, batch_size=4, time_cost(epoch): 12:31:18/8:30:22, time_cost(all): 39:46:47/50:33:39, loss=1.327115535736084, d_time=0.24(0.25), f_time=1.92(1.81), b_time=2.16(2.06), lr=0.004510252085169189
/bin/sh: line 1: gpustat: command not found
2026-03-12 09:47:19,587   INFO  
2026-03-12 09:48:59,418   INFO  epoch: 3/6, acc_iter=132350, cur_iter=21961/36796, batch_size=4, time_cost(epoch): 12:32:58/8:28:37, time_cost(all): 39:48:27/50:31:45, loss=1.425158143043518, d_time=0.25(0.25), f_time=1.57(1.80), b_time=1.81(2.06), lr=0.004507177268251146
2026-03-12 09:50:40,944   INFO  epoch: 3/6, acc_iter=132400, cur_iter=22011/36796, batch_size=4, time_cost(epoch): 12:34:40/8:26:53, time_cost(all): 39:50:09/50:29:57, loss=1.4879752397537231, d_time=0.25(0.25), f_time=1.70(1.80), b_time=1.95(2.06), lr=0.004504100332061842
2026-03-12 09:51:02,084   INFO  Save latest model to /storage/project/r-gchou3-0/spanse30/MSF/output/cfgs/waymo_models/msf_8frames/default/ckpt/latest_model
2026-03-12 09:52:25,323   INFO  epoch: 3/6, acc_iter=132450, cur_iter=22061/36796, batch_size=4, time_cost(epoch): 12:36:24/8:25:11, time_cost(all): 39:51:53/50:28:20, loss=1.4322857856750488, d_time=0.25(0.25), f_time=1.79(1.80), b_time=2.04(2.06), lr=0.004501021280927901
/bin/sh: line 1: gpustat: command not found
2026-03-12 09:52:25,611   INFO  
2026-03-12 09:54:10,162   INFO  epoch: 3/6, acc_iter=132500, cur_iter=22111/36796, batch_size=4, time_cost(epoch): 12:38:09/8:23:30, time_cost(all): 39:53:38/50:26:46, loss=1.151611089706421, d_time=0.25(0.25), f_time=2.20(1.81), b_time=2.45(2.06), lr=0.0044979401191789226
2026-03-12 09:55:48,673   INFO  epoch: 3/6, acc_iter=132550, cur_iter=22161/36796, batch_size=4, time_cost(epoch): 12:39:47/8:21:44, time_cost(all): 39:55:16/50:24:45, loss=1.6528866291046143, d_time=0.25(0.25), f_time=2.83(1.80), b_time=3.08(2.06), lr=0.004494856851147475
2026-03-12 09:56:02,070   INFO  Save latest model to /storage/project/r-gchou3-0/spanse30/MSF/output/cfgs/waymo_models/msf_8frames/default/ckpt/latest_model
2026-03-12 09:57:31,967   INFO  epoch: 3/6, acc_iter=132600, cur_iter=22211/36796, batch_size=4, time_cost(epoch): 12:41:31/8:20:02, time_cost(all): 39:57:00/50:23:04, loss=1.3201100826263428, d_time=0.25(0.25), f_time=1.44(1.80), b_time=1.69(2.06), lr=0.0044917714811690875
/bin/sh: line 1: gpustat: command not found
2026-03-12 09:57:32,242   INFO  
2026-03-12 09:59:17,499   INFO  epoch: 3/6, acc_iter=132650, cur_iter=22261/36796, batch_size=4, time_cost(epoch): 12:43:16/8:18:21, time_cost(all): 39:58:45/50:21:32, loss=1.6151905059814453, d_time=0.24(0.25), f_time=2.50(1.80), b_time=2.74(2.06), lr=0.004488684013582245
2026-03-12 10:00:54,174   INFO  epoch: 3/6, acc_iter=132700, cur_iter=22311/36796, batch_size=4, time_cost(epoch): 12:44:53/8:16:34, time_cost(all): 40:00:22/50:19:25, loss=0.9750179052352905, d_time=0.25(0.25), f_time=1.54(1.80), b_time=1.79(2.06), lr=0.004485594452728383
2026-03-12 10:01:02,462   INFO  Save latest model to /storage/project/r-gchou3-0/spanse30/MSF/output/cfgs/waymo_models/msf_8frames/default/ckpt/latest_model
2026-03-12 10:02:37,202   INFO  epoch: 3/6, acc_iter=132750, cur_iter=22361/36796, batch_size=4, time_cost(epoch): 12:46:36/8:14:51, time_cost(all): 40:02:05/50:17:43, loss=1.1870782375335693, d_time=0.25(0.25), f_time=1.14(1.80), b_time=1.39(2.06), lr=0.00448250280295188
/bin/sh: line 1: gpustat: command not found
2026-03-12 10:02:37,472   INFO  
2026-03-12 10:04:19,419   INFO  epoch: 3/6, acc_iter=132800, cur_iter=22411/36796, batch_size=4, time_cost(epoch): 12:48:18/8:13:08, time_cost(all): 40:03:47/50:15:57, loss=1.3300021886825562, d_time=0.25(0.25), f_time=0.96(1.80), b_time=1.21(2.06), lr=0.0044794090686000486
2026-03-12 10:06:01,681   INFO  epoch: 3/6, acc_iter=132850, cur_iter=22461/36796, batch_size=4, time_cost(epoch): 12:50:00/8:11:24, time_cost(all): 40:05:29/50:14:12, loss=1.472886085510254, d_time=0.25(0.25), f_time=2.64(1.80), b_time=2.89(2.06), lr=0.004476313254023137
2026-03-12 10:06:01,821   INFO  Save latest model to /storage/project/r-gchou3-0/spanse30/MSF/output/cfgs/waymo_models/msf_8frames/default/ckpt/latest_model
2026-03-12 10:07:38,104   INFO  epoch: 3/6, acc_iter=132900, cur_iter=22511/36796, batch_size=4, time_cost(epoch): 12:51:37/8:09:38, time_cost(all): 40:07:06/50:12:04, loss=1.39760422706604, d_time=0.25(0.25), f_time=2.05(1.80), b_time=2.30(2.06), lr=0.004473215363574317
/bin/sh: line 1: gpustat: command not found
2026-03-12 10:07:38,375   INFO  
2026-03-12 10:09:19,840   INFO  epoch: 3/6, acc_iter=132950, cur_iter=22561/36796, batch_size=4, time_cost(epoch): 12:53:19/8:07:54, time_cost(all): 40:08:47/50:10:17, loss=1.3099206686019897, d_time=0.25(0.25), f_time=1.82(1.80), b_time=2.07(2.06), lr=0.004470115401609681
2026-03-12 10:11:01,569   INFO  epoch: 3/6, acc_iter=133000, cur_iter=22611/36796, batch_size=4, time_cost(epoch): 12:55:00/8:06:11, time_cost(all): 40:10:29/50:08:30, loss=1.3017905950546265, d_time=0.27(0.25), f_time=1.68(1.80), b_time=1.96(2.06), lr=0.00446701337248823
2026-03-12 10:11:01,680   INFO  Save latest model to /storage/project/r-gchou3-0/spanse30/MSF/output/cfgs/waymo_models/msf_8frames/default/ckpt/latest_model
2026-03-12 10:12:43,808   INFO  epoch: 3/6, acc_iter=133050, cur_iter=22661/36796, batch_size=4, time_cost(epoch): 12:56:43/8:04:27, time_cost(all): 40:12:11/50:06:45, loss=1.3757209777832031, d_time=0.25(0.25), f_time=1.84(1.80), b_time=2.09(2.06), lr=0.004463909280571874
/bin/sh: line 1: gpustat: command not found
2026-03-12 10:12:44,079   INFO  
2026-03-12 10:14:23,811   INFO  epoch: 3/6, acc_iter=133100, cur_iter=22711/36796, batch_size=4, time_cost(epoch): 12:58:23/8:02:43, time_cost(all): 40:13:51/50:04:51, loss=1.6828049421310425, d_time=0.25(0.25), f_time=1.67(1.80), b_time=1.92(2.06), lr=0.004460803130225427
2026-03-12 10:16:02,371   INFO  epoch: 3/6, acc_iter=133150, cur_iter=22761/36796, batch_size=4, time_cost(epoch): 13:00:01/8:00:57, time_cost(all): 40:15:30/50:02:52, loss=1.4320993423461914, d_time=0.21(0.25), f_time=1.70(1.80), b_time=1.91(2.06), lr=0.004457694925816592
2026-03-12 10:16:02,469   INFO  Save latest model to /storage/project/r-gchou3-0/spanse30/MSF/output/cfgs/waymo_models/msf_8frames/default/ckpt/latest_model
2026-03-12 10:17:44,421   INFO  epoch: 3/6, acc_iter=133200, cur_iter=22811/36796, batch_size=4, time_cost(epoch): 13:01:43/7:59:14, time_cost(all): 40:17:12/50:01:06, loss=1.1932847499847412, d_time=0.25(0.25), f_time=1.71(1.80), b_time=1.96(2.06), lr=0.0044545846717159625
/bin/sh: line 1: gpustat: command not found
2026-03-12 10:17:44,693   INFO  
2026-03-12 10:19:29,830   INFO  epoch: 3/6, acc_iter=133250, cur_iter=22861/36796, batch_size=4, time_cost(epoch): 13:03:29/7:57:33, time_cost(all): 40:18:57/49:59:34, loss=1.2067229747772217, d_time=0.25(0.25), f_time=1.94(1.80), b_time=2.19(2.06), lr=0.004451472372297015
2026-03-12 10:21:02,317   INFO  Save latest model to /storage/project/r-gchou3-0/spanse30/MSF/output/cfgs/waymo_models/msf_8frames/default/ckpt/latest_model
2026-03-12 10:21:10,792   INFO  epoch: 3/6, acc_iter=133300, cur_iter=22911/36796, batch_size=4, time_cost(epoch): 13:05:10/7:55:49, time_cost(all): 40:20:38/49:57:44, loss=1.213792324066162, d_time=0.25(0.25), f_time=1.91(1.80), b_time=2.17(2.06), lr=0.004448358031936102
2026-03-12 10:22:52,456   INFO  epoch: 3/6, acc_iter=133350, cur_iter=22961/36796, batch_size=4, time_cost(epoch): 13:06:51/7:54:05, time_cost(all): 40:22:20/49:55:57, loss=1.7043962478637695, d_time=0.25(0.25), f_time=2.68(1.80), b_time=2.93(2.06), lr=0.004445241655012443
/bin/sh: line 1: gpustat: command not found
2026-03-12 10:22:52,721   INFO  
2026-03-12 10:24:35,374   INFO  epoch: 3/6, acc_iter=133400, cur_iter=23011/36796, batch_size=4, time_cost(epoch): 13:08:34/7:52:23, time_cost(all): 40:24:03/49:54:14, loss=0.9028111696243286, d_time=0.25(0.25), f_time=0.43(1.80), b_time=0.68(2.06), lr=0.0044421232459081255
2026-03-12 10:26:01,246   INFO  Save latest model to /storage/project/r-gchou3-0/spanse30/MSF/output/cfgs/waymo_models/msf_8frames/default/ckpt/latest_model
2026-03-12 10:26:19,674   INFO  epoch: 3/6, acc_iter=133450, cur_iter=23061/36796, batch_size=4, time_cost(epoch): 13:10:18/7:50:41, time_cost(all): 40:25:47/49:52:37, loss=1.690583348274231, d_time=0.25(0.25), f_time=1.85(1.80), b_time=2.10(2.06), lr=0.004439002809008092
2026-03-12 10:27:59,915   INFO  epoch: 3/6, acc_iter=133500, cur_iter=23111/36796, batch_size=4, time_cost(epoch): 13:11:59/7:48:56, time_cost(all): 40:27:27/49:50:45, loss=1.622469186782837, d_time=0.25(0.25), f_time=2.26(1.80), b_time=2.51(2.06), lr=0.004435880348700137
/bin/sh: line 1: gpustat: command not found
2026-03-12 10:28:00,183   INFO  
2026-03-12 10:29:40,904   INFO  epoch: 3/6, acc_iter=133550, cur_iter=23161/36796, batch_size=4, time_cost(epoch): 13:13:40/7:47:13, time_cost(all): 40:29:08/49:48:55, loss=1.1447844505310059, d_time=0.25(0.25), f_time=2.10(1.80), b_time=2.35(2.06), lr=0.004432755869374899
2026-03-12 10:31:02,058   INFO  Save latest model to /storage/project/r-gchou3-0/spanse30/MSF/output/cfgs/waymo_models/msf_8frames/default/ckpt/latest_model
2026-03-12 10:31:20,534   INFO  epoch: 3/6, acc_iter=133600, cur_iter=23211/36796, batch_size=4, time_cost(epoch): 13:15:19/7:45:28, time_cost(all): 40:30:48/49:47:00, loss=1.2885019779205322, d_time=0.25(0.25), f_time=1.87(1.80), b_time=2.12(2.06), lr=0.004429629375425857
2026-03-12 10:33:02,438   INFO  epoch: 3/6, acc_iter=133650, cur_iter=23261/36796, batch_size=4, time_cost(epoch): 13:17:01/7:43:45, time_cost(all): 40:32:30/49:45:14, loss=1.3454909324645996, d_time=0.25(0.25), f_time=1.67(1.80), b_time=1.92(2.06), lr=0.004426500871249324
/bin/sh: line 1: gpustat: command not found
2026-03-12 10:33:02,706   INFO  
2026-03-12 10:34:44,345   INFO  epoch: 3/6, acc_iter=133700, cur_iter=23311/36796, batch_size=4, time_cost(epoch): 13:18:43/7:42:01, time_cost(all): 40:34:12/49:43:28, loss=1.3007692098617554, d_time=0.28(0.25), f_time=1.47(1.80), b_time=1.75(2.06), lr=0.004423370361244436
2026-03-12 10:36:02,303   INFO  Save latest model to /storage/project/r-gchou3-0/spanse30/MSF/output/cfgs/waymo_models/msf_8frames/default/ckpt/latest_model
2026-03-12 10:36:22,676   INFO  epoch: 3/6, acc_iter=133750, cur_iter=23361/36796, batch_size=4, time_cost(epoch): 13:20:21/7:40:16, time_cost(all): 40:35:50/49:41:29, loss=1.0162144899368286, d_time=0.25(0.25), f_time=1.49(1.80), b_time=1.74(2.06), lr=0.004420237849813153
2026-03-12 10:38:06,018   INFO  epoch: 3/6, acc_iter=133800, cur_iter=23411/36796, batch_size=4, time_cost(epoch): 13:22:05/7:38:33, time_cost(all): 40:37:34/49:39:48, loss=1.4787943363189697, d_time=0.25(0.25), f_time=2.03(1.80), b_time=2.28(2.06), lr=0.004417103341360247
/bin/sh: line 1: gpustat: command not found
2026-03-12 10:38:06,296   INFO  
2026-03-12 10:39:50,236   INFO  epoch: 3/6, acc_iter=133850, cur_iter=23461/36796, batch_size=4, time_cost(epoch): 13:23:49/7:36:52, time_cost(all): 40:39:18/49:38:10, loss=1.34089195728302, d_time=0.25(0.25), f_time=1.67(1.80), b_time=1.92(2.06), lr=0.004413966840293299
2026-03-12 10:41:01,368   INFO  Save latest model to /storage/project/r-gchou3-0/spanse30/MSF/output/cfgs/waymo_models/msf_8frames/default/ckpt/latest_model
2026-03-12 10:41:34,207   INFO  epoch: 3/6, acc_iter=133900, cur_iter=23511/36796, batch_size=4, time_cost(epoch): 13:25:33/7:35:09, time_cost(all): 40:41:02/49:36:32, loss=1.2253296375274658, d_time=0.25(0.25), f_time=1.84(1.80), b_time=2.09(2.06), lr=0.004410828351022693
2026-03-12 10:43:12,745   INFO  epoch: 3/6, acc_iter=133950, cur_iter=23561/36796, batch_size=4, time_cost(epoch): 13:27:12/7:33:24, time_cost(all): 40:42:40/49:34:34, loss=1.3095115423202515, d_time=0.25(0.25), f_time=1.86(1.80), b_time=2.11(2.06), lr=0.004407687877961606
/bin/sh: line 1: gpustat: command not found
2026-03-12 10:43:13,017   INFO  
2026-03-12 10:44:57,410   INFO  epoch: 3/6, acc_iter=134000, cur_iter=23611/36796, batch_size=4, time_cost(epoch): 13:28:56/7:31:43, time_cost(all): 40:44:25/49:32:58, loss=1.2718443870544434, d_time=0.25(0.25), f_time=2.09(1.80), b_time=2.34(2.06), lr=0.004404545425526009
2026-03-12 10:46:01,181   INFO  Save latest model to /storage/project/r-gchou3-0/spanse30/MSF/output/cfgs/waymo_models/msf_8frames/default/ckpt/latest_model
2026-03-12 10:46:41,685   INFO  epoch: 3/6, acc_iter=134050, cur_iter=23661/36796, batch_size=4, time_cost(epoch): 13:30:40/7:30:01, time_cost(all): 40:46:09/49:31:21, loss=1.171099305152893, d_time=0.25(0.25), f_time=1.16(1.80), b_time=1.41(2.06), lr=0.0044014009981346485
2026-03-12 10:48:24,961   INFO  epoch: 3/6, acc_iter=134100, cur_iter=23711/36796, batch_size=4, time_cost(epoch): 13:32:24/7:28:18, time_cost(all): 40:47:53/49:29:40, loss=1.24588942527771, d_time=0.25(0.25), f_time=1.96(1.80), b_time=2.21(2.06), lr=0.0043982546002090585
/bin/sh: line 1: gpustat: command not found
2026-03-12 10:48:25,237   INFO  
2026-03-12 10:50:06,207   INFO  epoch: 3/6, acc_iter=134150, cur_iter=23761/36796, batch_size=4, time_cost(epoch): 13:34:05/7:26:34, time_cost(all): 40:49:34/49:27:51, loss=1.817476511001587, d_time=0.27(0.25), f_time=2.13(1.80), b_time=2.40(2.06), lr=0.004395106236173535
2026-03-12 10:51:01,595   INFO  Save latest model to /storage/project/r-gchou3-0/spanse30/MSF/output/cfgs/waymo_models/msf_8frames/default/ckpt/latest_model
2026-03-12 10:51:47,014   INFO  epoch: 3/6, acc_iter=134200, cur_iter=23811/36796, batch_size=4, time_cost(epoch): 13:35:46/7:24:51, time_cost(all): 40:51:15/49:26:01, loss=1.149712085723877, d_time=0.25(0.25), f_time=1.12(1.80), b_time=1.37(2.06), lr=0.004391955910455143
2026-03-12 10:53:27,551   INFO  epoch: 3/6, acc_iter=134250, cur_iter=23861/36796, batch_size=4, time_cost(epoch): 13:37:26/7:23:07, time_cost(all): 40:52:55/49:24:10, loss=1.1561732292175293, d_time=0.25(0.25), f_time=1.54(1.80), b_time=1.79(2.06), lr=0.004388803627483704
/bin/sh: line 1: gpustat: command not found
2026-03-12 10:53:27,821   INFO  
2026-03-12 10:55:12,927   INFO  epoch: 3/6, acc_iter=134300, cur_iter=23911/36796, batch_size=4, time_cost(epoch): 13:39:12/7:21:25, time_cost(all): 40:54:40/49:22:37, loss=1.299513816833496, d_time=0.24(0.25), f_time=2.10(1.80), b_time=2.34(2.06), lr=0.0043856493916917955
2026-03-12 10:56:02,095   INFO  Save latest model to /storage/project/r-gchou3-0/spanse30/MSF/output/cfgs/waymo_models/msf_8frames/default/ckpt/latest_model
2026-03-12 10:56:55,757   INFO  epoch: 3/6, acc_iter=134350, cur_iter=23961/36796, batch_size=4, time_cost(epoch): 13:40:55/7:19:42, time_cost(all): 40:56:23/49:20:54, loss=1.3291654586791992, d_time=0.25(0.25), f_time=1.53(1.80), b_time=1.78(2.06), lr=0.004382493207514733
2026-03-12 10:58:39,721   INFO  epoch: 3/6, acc_iter=134400, cur_iter=24011/36796, batch_size=4, time_cost(epoch): 13:42:39/7:18:00, time_cost(all): 40:58:07/49:19:16, loss=1.1339887380599976, d_time=0.25(0.25), f_time=1.54(1.80), b_time=1.79(2.06), lr=0.0043793350793905825
/bin/sh: line 1: gpustat: command not found
2026-03-12 10:58:40,001   INFO  
2026-03-12 11:00:21,500   INFO  epoch: 3/6, acc_iter=134450, cur_iter=24061/36796, batch_size=4, time_cost(epoch): 13:44:20/7:16:17, time_cost(all): 40:59:49/49:17:29, loss=1.4540655612945557, d_time=0.25(0.25), f_time=1.99(1.80), b_time=2.24(2.06), lr=0.004376175011760133
2026-03-12 11:01:01,870   INFO  Save latest model to /storage/project/r-gchou3-0/spanse30/MSF/output/cfgs/waymo_models/msf_8frames/default/ckpt/latest_model
2026-03-12 11:02:04,821   INFO  epoch: 3/6, acc_iter=134500, cur_iter=24111/36796, batch_size=4, time_cost(epoch): 13:46:04/7:14:35, time_cost(all): 41:01:32/49:15:49, loss=1.2796547412872314, d_time=0.28(0.25), f_time=1.61(1.80), b_time=1.89(2.06), lr=0.004373013009066909
2026-03-12 11:03:49,400   INFO  epoch: 3/6, acc_iter=134550, cur_iter=24161/36796, batch_size=4, time_cost(epoch): 13:47:48/7:12:53, time_cost(all): 41:03:17/49:14:12, loss=1.1925116777420044, d_time=0.24(0.25), f_time=1.52(1.80), b_time=1.76(2.06), lr=0.00436984907575715
/bin/sh: line 1: gpustat: command not found
2026-03-12 11:03:49,704   INFO  
2026-03-12 11:05:30,437   INFO  epoch: 3/6, acc_iter=134600, cur_iter=24211/36796, batch_size=4, time_cost(epoch): 13:49:29/7:11:09, time_cost(all): 41:04:58/49:12:23, loss=1.1254591941833496, d_time=0.25(0.25), f_time=1.70(1.80), b_time=1.95(2.06), lr=0.004366683216279814
2026-03-12 11:06:02,296   INFO  Save latest model to /storage/project/r-gchou3-0/spanse30/MSF/output/cfgs/waymo_models/msf_8frames/default/ckpt/latest_model
2026-03-12 11:07:10,700   INFO  epoch: 3/6, acc_iter=134650, cur_iter=24261/36796, batch_size=4, time_cost(epoch): 13:51:09/7:09:25, time_cost(all): 41:06:38/49:10:32, loss=1.155714750289917, d_time=0.25(0.25), f_time=1.58(1.80), b_time=1.83(2.06), lr=0.004363515435086566
2026-03-12 11:08:51,245   INFO  epoch: 3/6, acc_iter=134700, cur_iter=24311/36796, batch_size=4, time_cost(epoch): 13:52:50/7:07:41, time_cost(all): 41:08:19/49:08:41, loss=1.2932363748550415, d_time=0.24(0.25), f_time=1.34(1.80), b_time=1.58(2.06), lr=0.004360345736631772
/bin/sh: line 1: gpustat: command not found
2026-03-12 11:08:51,515   INFO  
2026-03-12 11:10:31,302   INFO  epoch: 3/6, acc_iter=134750, cur_iter=24361/36796, batch_size=4, time_cost(epoch): 13:54:30/7:05:57, time_cost(all): 41:09:59/49:06:49, loss=1.312841534614563, d_time=0.25(0.25), f_time=2.12(1.80), b_time=2.37(2.06), lr=0.004357174125372498
2026-03-12 11:11:02,531   INFO  Save latest model to /storage/project/r-gchou3-0/spanse30/MSF/output/cfgs/waymo_models/msf_8frames/default/ckpt/latest_model
2026-03-12 11:12:13,709   INFO  epoch: 3/6, acc_iter=134800, cur_iter=24411/36796, batch_size=4, time_cost(epoch): 13:56:12/7:04:14, time_cost(all): 41:11:41/49:05:05, loss=1.3121964931488037, d_time=0.25(0.25), f_time=1.83(1.80), b_time=2.08(2.06), lr=0.0043540006057684955
2026-03-12 11:13:55,390   INFO  epoch: 3/6, acc_iter=134850, cur_iter=24461/36796, batch_size=4, time_cost(epoch): 13:57:54/7:02:31, time_cost(all): 41:13:23/49:03:18, loss=1.231388807296753, d_time=0.25(0.25), f_time=1.70(1.80), b_time=1.95(2.06), lr=0.004350825182282201
/bin/sh: line 1: gpustat: command not found
2026-03-12 11:13:55,660   INFO  
2026-03-12 11:15:35,843   INFO  epoch: 3/6, acc_iter=134900, cur_iter=24511/36796, batch_size=4, time_cost(epoch): 13:59:35/7:00:47, time_cost(all): 41:15:03/49:01:27, loss=1.3977605104446411, d_time=0.25(0.25), f_time=2.33(1.80), b_time=2.59(2.06), lr=0.0043476478593787275
2026-03-12 11:16:00,944   INFO  Save latest model to /storage/project/r-gchou3-0/spanse30/MSF/output/cfgs/waymo_models/msf_8frames/default/ckpt/latest_model
2026-03-12 11:17:19,792   INFO  epoch: 3/6, acc_iter=134950, cur_iter=24561/36796, batch_size=4, time_cost(epoch): 14:01:19/6:59:05, time_cost(all): 41:16:47/48:59:49, loss=1.408833622932434, d_time=0.24(0.25), f_time=1.72(1.80), b_time=1.96(2.06), lr=0.00434446864152586
2026-03-12 11:18:58,461   INFO  epoch: 3/6, acc_iter=135000, cur_iter=24611/36796, batch_size=4, time_cost(epoch): 14:02:57/6:57:20, time_cost(all): 41:18:26/48:57:52, loss=1.1492793560028076, d_time=0.25(0.25), f_time=1.63(1.80), b_time=1.88(2.05), lr=0.004341287533194049
/bin/sh: line 1: gpustat: command not found
2026-03-12 11:18:58,730   INFO  
2026-03-12 11:20:38,236   INFO  epoch: 3/6, acc_iter=135050, cur_iter=24661/36796, batch_size=4, time_cost(epoch): 14:04:37/6:55:36, time_cost(all): 41:20:06/48:55:58, loss=1.294603943824768, d_time=0.25(0.25), f_time=1.05(1.80), b_time=1.30(2.05), lr=0.004338104538856399
2026-03-12 11:21:02,797   INFO  Save latest model to /storage/project/r-gchou3-0/spanse30/MSF/output/cfgs/waymo_models/msf_8frames/default/ckpt/latest_model
2026-03-12 11:22:18,320   INFO  epoch: 3/6, acc_iter=135100, cur_iter=24711/36796, batch_size=4, time_cost(epoch): 14:06:17/6:53:51, time_cost(all): 41:21:46/48:54:06, loss=1.0421373844146729, d_time=0.27(0.25), f_time=0.98(1.80), b_time=1.25(2.05), lr=0.004334919662988671
2026-03-12 11:24:00,822   INFO  epoch: 3/6, acc_iter=135150, cur_iter=24761/36796, batch_size=4, time_cost(epoch): 14:08:00/6:52:09, time_cost(all): 41:23:28/48:52:23, loss=1.768181562423706, d_time=0.25(0.25), f_time=2.27(1.80), b_time=2.52(2.05), lr=0.00433173291006927
/bin/sh: line 1: gpustat: command not found
2026-03-12 11:24:01,105   INFO  
2026-03-12 11:25:44,372   INFO  epoch: 3/6, acc_iter=135200, cur_iter=24811/36796, batch_size=4, time_cost(epoch): 14:09:43/6:50:26, time_cost(all): 41:25:12/48:50:43, loss=1.4597193002700806, d_time=0.25(0.25), f_time=1.65(1.80), b_time=1.90(2.05), lr=0.00432854428457924
2026-03-12 11:26:02,219   INFO  Save latest model to /storage/project/r-gchou3-0/spanse30/MSF/output/cfgs/waymo_models/msf_8frames/default/ckpt/latest_model
2026-03-12 11:27:26,573   INFO  epoch: 3/6, acc_iter=135250, cur_iter=24861/36796, batch_size=4, time_cost(epoch): 14:11:25/6:48:43, time_cost(all): 41:26:54/48:48:58, loss=1.615539312362671, d_time=0.25(0.25), f_time=2.61(1.80), b_time=2.86(2.05), lr=0.004325353791002259
2026-03-12 11:29:09,702   INFO  epoch: 3/6, acc_iter=135300, cur_iter=24911/36796, batch_size=4, time_cost(epoch): 14:13:08/6:47:01, time_cost(all): 41:28:37/48:47:17, loss=1.5201470851898193, d_time=0.25(0.25), f_time=2.20(1.80), b_time=2.45(2.05), lr=0.004322161433824631
/bin/sh: line 1: gpustat: command not found
2026-03-12 11:29:09,972   INFO  
2026-03-12 11:30:47,132   INFO  epoch: 3/6, acc_iter=135350, cur_iter=24961/36796, batch_size=4, time_cost(epoch): 14:14:46/6:45:15, time_cost(all): 41:30:15/48:45:16, loss=1.3292267322540283, d_time=0.25(0.25), f_time=1.92(1.80), b_time=2.17(2.05), lr=0.0043189672175352805
2026-03-12 11:31:01,201   INFO  Save latest model to /storage/project/r-gchou3-0/spanse30/MSF/output/cfgs/waymo_models/msf_8frames/default/ckpt/latest_model
2026-03-12 11:32:30,613   INFO  epoch: 3/6, acc_iter=135400, cur_iter=25011/36796, batch_size=4, time_cost(epoch): 14:16:29/6:43:33, time_cost(all): 41:31:58/48:43:36, loss=1.2425897121429443, d_time=0.25(0.25), f_time=1.38(1.80), b_time=1.63(2.05), lr=0.0043157711466257475
2026-03-12 11:34:12,483   INFO  epoch: 3/6, acc_iter=135450, cur_iter=25061/36796, batch_size=4, time_cost(epoch): 14:18:11/6:41:50, time_cost(all): 41:33:40/48:41:50, loss=1.2176027297973633, d_time=0.25(0.25), f_time=1.44(1.80), b_time=1.69(2.05), lr=0.0043125732255901795
/bin/sh: line 1: gpustat: command not found
2026-03-12 11:34:12,755   INFO  
2026-03-12 11:35:55,577   INFO  epoch: 3/6, acc_iter=135500, cur_iter=25111/36796, batch_size=4, time_cost(epoch): 14:19:54/6:40:07, time_cost(all): 41:35:23/48:40:09, loss=1.5848045349121094, d_time=0.25(0.25), f_time=2.54(1.80), b_time=2.79(2.05), lr=0.004309373458925323
2026-03-12 11:36:01,361   INFO  Save latest model to /storage/project/r-gchou3-0/spanse30/MSF/output/cfgs/waymo_models/msf_8frames/default/ckpt/latest_model
2026-03-12 11:37:39,177   INFO  epoch: 3/6, acc_iter=135550, cur_iter=25161/36796, batch_size=4, time_cost(epoch): 14:21:38/6:38:25, time_cost(all): 41:37:07/48:38:29, loss=1.4229025840759277, d_time=0.25(0.25), f_time=1.49(1.80), b_time=1.74(2.05), lr=0.004306171851130522
2026-03-12 11:39:24,288   INFO  epoch: 3/6, acc_iter=135600, cur_iter=25211/36796, batch_size=4, time_cost(epoch): 14:23:23/6:36:43, time_cost(all): 41:38:52/48:36:54, loss=1.3055751323699951, d_time=0.25(0.25), f_time=2.08(1.80), b_time=2.33(2.05), lr=0.00430296840670771
/bin/sh: line 1: gpustat: command not found
2026-03-12 11:39:24,562   INFO  
2026-03-12 11:41:01,157   INFO  Save latest model to /storage/project/r-gchou3-0/spanse30/MSF/output/cfgs/waymo_models/msf_8frames/default/ckpt/latest_model
2026-03-12 11:41:05,781   INFO  epoch: 3/6, acc_iter=135650, cur_iter=25261/36796, batch_size=4, time_cost(epoch): 14:25:05/6:35:00, time_cost(all): 41:40:33/48:35:07, loss=1.7514350414276123, d_time=0.25(0.25), f_time=2.18(1.80), b_time=2.43(2.05), lr=0.004299763130161402
2026-03-12 11:42:46,155   INFO  epoch: 3/6, acc_iter=135700, cur_iter=25311/36796, batch_size=4, time_cost(epoch): 14:26:45/6:33:16, time_cost(all): 41:42:14/48:33:17, loss=1.3657675981521606, d_time=0.25(0.25), f_time=2.04(1.80), b_time=2.29(2.05), lr=0.004296556025998688
2026-03-12 11:44:29,315   INFO  epoch: 3/6, acc_iter=135750, cur_iter=25361/36796, batch_size=4, time_cost(epoch): 14:28:28/6:31:34, time_cost(all): 41:43:57/48:31:35, loss=1.1746718883514404, d_time=0.25(0.25), f_time=2.15(1.80), b_time=2.40(2.05), lr=0.004293347098729232
/bin/sh: line 1: gpustat: command not found
2026-03-12 11:44:29,583   INFO  
2026-03-12 11:46:02,772   INFO  Save latest model to /storage/project/r-gchou3-0/spanse30/MSF/output/cfgs/waymo_models/msf_8frames/default/ckpt/latest_model
2026-03-12 11:46:10,402   INFO  epoch: 3/6, acc_iter=135800, cur_iter=25411/36796, batch_size=4, time_cost(epoch): 14:30:09/6:29:50, time_cost(all): 41:45:38/48:29:47, loss=1.159662127494812, d_time=0.25(0.25), f_time=1.51(1.80), b_time=1.76(2.05), lr=0.004290136352865257
2026-03-12 11:47:53,395   INFO  epoch: 3/6, acc_iter=135850, cur_iter=25461/36796, batch_size=4, time_cost(epoch): 14:31:52/6:28:08, time_cost(all): 41:47:21/48:28:05, loss=1.8595869541168213, d_time=0.25(0.25), f_time=1.88(1.80), b_time=2.13(2.05), lr=0.004286923792921544
2026-03-12 11:49:36,918   INFO  epoch: 3/6, acc_iter=135900, cur_iter=25511/36796, batch_size=4, time_cost(epoch): 14:33:36/6:26:25, time_cost(all): 41:49:04/48:26:25, loss=1.1521841287612915, d_time=0.25(0.25), f_time=1.88(1.80), b_time=2.12(2.05), lr=0.004283709423415429
/bin/sh: line 1: gpustat: command not found
2026-03-12 11:49:37,198   INFO  
2026-03-12 11:51:02,056   INFO  Save latest model to /storage/project/r-gchou3-0/spanse30/MSF/output/cfgs/waymo_models/msf_8frames/default/ckpt/latest_model
2026-03-12 11:51:20,262   INFO  epoch: 3/6, acc_iter=135950, cur_iter=25561/36796, batch_size=4, time_cost(epoch): 14:35:19/6:24:43, time_cost(all): 41:50:48/48:24:45, loss=1.5808706283569336, d_time=0.25(0.25), f_time=2.15(1.80), b_time=2.40(2.05), lr=0.004280493248866786
2026-03-12 11:53:05,498   INFO  epoch: 3/6, acc_iter=136000, cur_iter=25611/36796, batch_size=4, time_cost(epoch): 14:37:04/6:23:01, time_cost(all): 41:52:33/48:23:10, loss=1.454896092414856, d_time=0.25(0.25), f_time=3.02(1.80), b_time=3.27(2.05), lr=0.004277275273798034
2026-03-12 11:54:48,679   INFO  epoch: 3/6, acc_iter=136050, cur_iter=25661/36796, batch_size=4, time_cost(epoch): 14:38:47/6:21:19, time_cost(all): 41:54:16/48:21:29, loss=1.2151141166687012, d_time=0.25(0.25), f_time=2.58(1.80), b_time=2.83(2.05), lr=0.004274055502734117
/bin/sh: line 1: gpustat: command not found
2026-03-12 11:54:48,944   INFO  
2026-03-12 11:56:01,749   INFO  Save latest model to /storage/project/r-gchou3-0/spanse30/MSF/output/cfgs/waymo_models/msf_8frames/default/ckpt/latest_model
2026-03-12 11:56:33,604   INFO  epoch: 3/6, acc_iter=136100, cur_iter=25711/36796, batch_size=4, time_cost(epoch): 14:40:32/6:19:37, time_cost(all): 41:56:01/48:19:53, loss=1.1850965023040771, d_time=0.25(0.25), f_time=2.20(1.80), b_time=2.45(2.05), lr=0.004270833940202511
2026-03-12 11:58:14,965   INFO  epoch: 3/6, acc_iter=136150, cur_iter=25761/36796, batch_size=4, time_cost(epoch): 14:42:14/6:17:54, time_cost(all): 41:57:43/48:18:06, loss=1.4127509593963623, d_time=0.25(0.25), f_time=2.11(1.80), b_time=2.37(2.05), lr=0.004267610590733206
2026-03-12 11:59:57,163   INFO  epoch: 3/6, acc_iter=136200, cur_iter=25811/36796, batch_size=4, time_cost(epoch): 14:43:56/6:16:11, time_cost(all): 41:59:25/48:16:22, loss=1.0512038469314575, d_time=0.25(0.25), f_time=0.96(1.80), b_time=1.21(2.05), lr=0.004264385458858706
/bin/sh: line 1: gpustat: command not found
2026-03-12 11:59:57,458   INFO  
2026-03-12 12:01:00,926   INFO  Save latest model to /storage/project/r-gchou3-0/spanse30/MSF/output/cfgs/waymo_models/msf_8frames/default/ckpt/latest_model
2026-03-12 12:01:39,358   INFO  epoch: 3/6, acc_iter=136250, cur_iter=25861/36796, batch_size=4, time_cost(epoch): 14:45:38/6:14:28, time_cost(all): 42:01:07/48:14:37, loss=1.2746305465698242, d_time=0.25(0.25), f_time=1.58(1.80), b_time=1.82(2.05), lr=0.0042611585491140235
2026-03-12 12:03:23,072   INFO  epoch: 3/6, acc_iter=136300, cur_iter=25911/36796, batch_size=4, time_cost(epoch): 14:47:22/6:12:45, time_cost(all): 42:02:51/48:12:58, loss=1.2466038465499878, d_time=0.25(0.25), f_time=1.74(1.80), b_time=1.99(2.05), lr=0.004257929866036669
2026-03-12 12:05:04,951   INFO  epoch: 3/6, acc_iter=136350, cur_iter=25961/36796, batch_size=4, time_cost(epoch): 14:49:04/6:11:02, time_cost(all): 42:04:33/48:11:12, loss=1.4388236999511719, d_time=0.25(0.25), f_time=1.90(1.80), b_time=2.15(2.05), lr=0.004254699414166646
/bin/sh: line 1: gpustat: command not found
2026-03-12 12:05:05,230   INFO  
2026-03-12 12:06:02,159   INFO  Save latest model to /storage/project/r-gchou3-0/spanse30/MSF/output/cfgs/waymo_models/msf_8frames/default/ckpt/latest_model
2026-03-12 12:06:49,413   INFO  epoch: 3/6, acc_iter=136400, cur_iter=26011/36796, batch_size=4, time_cost(epoch): 14:50:48/6:09:20, time_cost(all): 42:06:17/48:09:35, loss=1.3831236362457275, d_time=0.25(0.25), f_time=1.88(1.80), b_time=2.13(2.05), lr=0.004251467198046447
2026-03-12 12:08:29,140   INFO  epoch: 3/6, acc_iter=136450, cur_iter=26061/36796, batch_size=4, time_cost(epoch): 14:52:28/6:07:36, time_cost(all): 42:07:57/48:07:42, loss=1.3720481395721436, d_time=0.25(0.25), f_time=2.09(1.80), b_time=2.34(2.05), lr=0.004248233222221045
2026-03-12 12:10:10,336   INFO  epoch: 3/6, acc_iter=136500, cur_iter=26111/36796, batch_size=4, time_cost(epoch): 14:54:09/6:05:53, time_cost(all): 42:09:38/48:05:55, loss=1.2080563306808472, d_time=0.25(0.25), f_time=1.50(1.80), b_time=1.75(2.05), lr=0.004244997491237886
/bin/sh: line 1: gpustat: command not found
2026-03-12 12:10:10,615   INFO  
2026-03-12 12:11:01,739   INFO  Save latest model to /storage/project/r-gchou3-0/spanse30/MSF/output/cfgs/waymo_models/msf_8frames/default/ckpt/latest_model
2026-03-12 12:11:51,822   INFO  epoch: 3/6, acc_iter=136550, cur_iter=26161/36796, batch_size=4, time_cost(epoch): 14:55:51/6:04:10, time_cost(all): 42:11:19/48:04:08, loss=1.3193151950836182, d_time=0.25(0.25), f_time=2.03(1.80), b_time=2.28(2.05), lr=0.004241760009646884
2026-03-12 12:13:33,679   INFO  epoch: 3/6, acc_iter=136600, cur_iter=26211/36796, batch_size=4, time_cost(epoch): 14:57:32/6:02:27, time_cost(all): 42:13:01/48:02:22, loss=1.2385456562042236, d_time=0.25(0.25), f_time=1.89(1.80), b_time=2.14(2.05), lr=0.004238520782000415
2026-03-12 12:15:15,063   INFO  epoch: 3/6, acc_iter=136650, cur_iter=26261/36796, batch_size=4, time_cost(epoch): 14:59:14/6:00:43, time_cost(all): 42:14:43/48:00:35, loss=1.4046598672866821, d_time=0.25(0.25), f_time=1.85(1.80), b_time=2.10(2.05), lr=0.004235279812853314
/bin/sh: line 1: gpustat: command not found
2026-03-12 12:15:15,335   INFO  
2026-03-12 12:16:02,824   INFO  Save latest model to /storage/project/r-gchou3-0/spanse30/MSF/output/cfgs/waymo_models/msf_8frames/default/ckpt/latest_model
2026-03-12 12:16:57,276   INFO  epoch: 3/6, acc_iter=136700, cur_iter=26311/36796, batch_size=4, time_cost(epoch): 15:00:56/5:59:00, time_cost(all): 42:16:25/47:58:51, loss=1.4369916915893555, d_time=0.25(0.25), f_time=2.13(1.80), b_time=2.38(2.05), lr=0.004232037106762857
2026-03-12 12:18:39,139   INFO  epoch: 3/6, acc_iter=136750, cur_iter=26361/36796, batch_size=4, time_cost(epoch): 15:02:38/5:57:17, time_cost(all): 42:18:07/47:57:06, loss=1.5340465307235718, d_time=0.25(0.25), f_time=2.03(1.80), b_time=2.28(2.05), lr=0.004228792668288772
2026-03-12 12:20:21,715   INFO  epoch: 3/6, acc_iter=136800, cur_iter=26411/36796, batch_size=4, time_cost(epoch): 15:04:21/5:55:35, time_cost(all): 42:19:49/47:55:22, loss=1.2697126865386963, d_time=0.24(0.25), f_time=2.11(1.80), b_time=2.35(2.05), lr=0.004225546501993213
/bin/sh: line 1: gpustat: command not found
2026-03-12 12:20:21,983   INFO  
2026-03-12 12:21:02,128   INFO  Save latest model to /storage/project/r-gchou3-0/spanse30/MSF/output/cfgs/waymo_models/msf_8frames/default/ckpt/latest_model
2026-03-12 12:22:03,027   INFO  epoch: 3/6, acc_iter=136850, cur_iter=26461/36796, batch_size=4, time_cost(epoch): 15:06:02/5:53:51, time_cost(all): 42:21:31/47:53:35, loss=1.2164098024368286, d_time=0.25(0.25), f_time=1.94(1.80), b_time=2.19(2.05), lr=0.00422229861244077
2026-03-12 12:23:45,318   INFO  epoch: 3/6, acc_iter=136900, cur_iter=26511/36796, batch_size=4, time_cost(epoch): 15:07:44/5:52:08, time_cost(all): 42:23:13/47:51:51, loss=1.5869104862213135, d_time=0.25(0.25), f_time=2.43(1.80), b_time=2.68(2.05), lr=0.004219049004198456
2026-03-12 12:25:25,922   INFO  epoch: 3/6, acc_iter=136950, cur_iter=26561/36796, batch_size=4, time_cost(epoch): 15:09:25/5:50:25, time_cost(all): 42:24:53/47:50:02, loss=1.1313374042510986, d_time=0.25(0.25), f_time=1.79(1.80), b_time=2.04(2.05), lr=0.004215797681835698
/bin/sh: line 1: gpustat: command not found
2026-03-12 12:25:26,203   INFO  
2026-03-12 12:26:01,377   INFO  Save latest model to /storage/project/r-gchou3-0/spanse30/MSF/output/cfgs/waymo_models/msf_8frames/default/ckpt/latest_model
2026-03-12 12:27:08,036   INFO  epoch: 3/6, acc_iter=137000, cur_iter=26611/36796, batch_size=4, time_cost(epoch): 15:11:07/5:48:42, time_cost(all): 42:26:36/47:48:17, loss=1.5866060256958008, d_time=0.25(0.25), f_time=2.09(1.80), b_time=2.34(2.05), lr=0.004212544649924334
2026-03-12 12:28:44,048   INFO  epoch: 3/6, acc_iter=137050, cur_iter=26661/36796, batch_size=4, time_cost(epoch): 15:12:43/5:46:57, time_cost(all): 42:28:12/47:46:13, loss=1.2915890216827393, d_time=0.25(0.25), f_time=1.39(1.80), b_time=1.64(2.05), lr=0.004209289913038608
2026-03-12 12:30:27,601   INFO  epoch: 3/6, acc_iter=137100, cur_iter=26711/36796, batch_size=4, time_cost(epoch): 15:14:26/5:45:14, time_cost(all): 42:29:55/47:44:33, loss=1.248655080795288, d_time=0.24(0.25), f_time=1.39(1.80), b_time=1.63(2.05), lr=0.00420603347575516
/bin/sh: line 1: gpustat: command not found
2026-03-12 12:30:27,874   INFO  
2026-03-12 12:31:02,171   INFO  Save latest model to /storage/project/r-gchou3-0/spanse30/MSF/output/cfgs/waymo_models/msf_8frames/default/ckpt/latest_model
2026-03-12 12:32:12,240   INFO  epoch: 3/6, acc_iter=137150, cur_iter=26761/36796, batch_size=4, time_cost(epoch): 15:16:11/5:43:32, time_cost(all): 42:31:40/47:42:57, loss=1.111462950706482, d_time=0.25(0.25), f_time=2.06(1.80), b_time=2.31(2.05), lr=0.004202775342653019
2026-03-12 12:33:55,878   INFO  epoch: 3/6, acc_iter=137200, cur_iter=26811/36796, batch_size=4, time_cost(epoch): 15:17:55/5:41:50, time_cost(all): 42:33:23/47:41:17, loss=1.3567097187042236, d_time=0.25(0.25), f_time=1.81(1.80), b_time=2.07(2.05), lr=0.004199515518313602
2026-03-12 12:35:39,773   INFO  epoch: 3/6, acc_iter=137250, cur_iter=26861/36796, batch_size=4, time_cost(epoch): 15:19:39/5:40:08, time_cost(all): 42:35:07/47:39:38, loss=1.6660892963409424, d_time=0.25(0.25), f_time=1.78(1.80), b_time=2.03(2.05), lr=0.004196254007320702
/bin/sh: line 1: gpustat: command not found
2026-03-12 12:35:40,042   INFO  
2026-03-12 12:36:02,223   INFO  Save latest model to /storage/project/r-gchou3-0/spanse30/MSF/output/cfgs/waymo_models/msf_8frames/default/ckpt/latest_model
2026-03-12 12:37:20,239   INFO  epoch: 3/6, acc_iter=137300, cur_iter=26911/36796, batch_size=4, time_cost(epoch): 15:21:19/5:38:24, time_cost(all): 42:36:48/47:37:48, loss=1.0836244821548462, d_time=0.27(0.25), f_time=1.62(1.80), b_time=1.89(2.05), lr=0.004192990814260484
2026-03-12 12:39:00,804   INFO  epoch: 3/6, acc_iter=137350, cur_iter=26961/36796, batch_size=4, time_cost(epoch): 15:23:00/5:36:41, time_cost(all): 42:38:28/47:35:59, loss=1.502195119857788, d_time=0.24(0.25), f_time=1.40(1.80), b_time=1.65(2.05), lr=0.00418972594372148
2026-03-12 12:40:41,247   INFO  epoch: 3/6, acc_iter=137400, cur_iter=27011/36796, batch_size=4, time_cost(epoch): 15:24:40/5:34:57, time_cost(all): 42:40:09/47:34:09, loss=1.0682296752929688, d_time=0.25(0.25), f_time=1.36(1.80), b_time=1.61(2.05), lr=0.004186459400294579
/bin/sh: line 1: gpustat: command not found
2026-03-12 12:40:41,562   INFO  
2026-03-12 12:41:02,507   INFO  Save latest model to /storage/project/r-gchou3-0/spanse30/MSF/output/cfgs/waymo_models/msf_8frames/default/ckpt/latest_model
2026-03-12 12:42:23,486   INFO  epoch: 3/6, acc_iter=137450, cur_iter=27061/36796, batch_size=4, time_cost(epoch): 15:26:22/5:33:14, time_cost(all): 42:41:51/47:32:25, loss=1.4461227655410767, d_time=0.25(0.25), f_time=1.90(1.80), b_time=2.15(2.05), lr=0.004183191188573021
2026-03-12 12:44:03,286   INFO  epoch: 3/6, acc_iter=137500, cur_iter=27111/36796, batch_size=4, time_cost(epoch): 15:28:02/5:31:31, time_cost(all): 42:43:31/47:30:34, loss=1.125521183013916, d_time=0.25(0.25), f_time=1.66(1.80), b_time=1.91(2.05), lr=0.004179921313152394
2026-03-12 12:45:42,927   INFO  epoch: 3/6, acc_iter=137550, cur_iter=27161/36796, batch_size=4, time_cost(epoch): 15:29:42/5:29:47, time_cost(all): 42:45:10/47:28:42, loss=1.2741692066192627, d_time=0.25(0.25), f_time=1.43(1.80), b_time=1.68(2.05), lr=0.004176649778630628
/bin/sh: line 1: gpustat: command not found
2026-03-12 12:45:43,196   INFO  
2026-03-12 12:46:01,317   INFO  Save latest model to /storage/project/r-gchou3-0/spanse30/MSF/output/cfgs/waymo_models/msf_8frames/default/ckpt/latest_model
2026-03-12 12:47:25,010   INFO  epoch: 3/6, acc_iter=137600, cur_iter=27211/36796, batch_size=4, time_cost(epoch): 15:31:24/5:28:04, time_cost(all): 42:46:53/47:26:57, loss=1.4821399450302124, d_time=0.25(0.25), f_time=1.38(1.80), b_time=1.63(2.05), lr=0.004173376589607978
2026-03-12 12:49:06,663   INFO  epoch: 3/6, acc_iter=137650, cur_iter=27261/36796, batch_size=4, time_cost(epoch): 15:33:05/5:26:21, time_cost(all): 42:48:34/47:25:11, loss=1.5070555210113525, d_time=0.25(0.25), f_time=1.53(1.80), b_time=1.78(2.05), lr=0.004170101750687035
2026-03-12 12:50:47,358   INFO  epoch: 3/6, acc_iter=137700, cur_iter=27311/36796, batch_size=4, time_cost(epoch): 15:34:46/5:24:37, time_cost(all): 42:50:15/47:23:23, loss=1.2144272327423096, d_time=0.25(0.25), f_time=1.40(1.80), b_time=1.65(2.05), lr=0.0041668252664727005
/bin/sh: line 1: gpustat: command not found
2026-03-12 12:50:47,634   INFO  
2026-03-12 12:51:01,860   INFO  Save latest model to /storage/project/r-gchou3-0/spanse30/MSF/output/cfgs/waymo_models/msf_8frames/default/ckpt/latest_model
2026-03-12 12:52:30,778   INFO  epoch: 3/6, acc_iter=137750, cur_iter=27361/36796, batch_size=4, time_cost(epoch): 15:36:30/5:22:55, time_cost(all): 42:51:58/47:21:42, loss=1.249342918395996, d_time=0.25(0.25), f_time=1.77(1.80), b_time=2.02(2.05), lr=0.0041635471415721985
2026-03-12 12:54:11,114   INFO  epoch: 3/6, acc_iter=137800, cur_iter=27411/36796, batch_size=4, time_cost(epoch): 15:38:10/5:21:12, time_cost(all): 42:53:39/47:19:52, loss=1.358776330947876, d_time=0.25(0.25), f_time=2.22(1.80), b_time=2.47(2.05), lr=0.004160267380595055
2026-03-12 12:55:54,036   INFO  epoch: 3/6, acc_iter=137850, cur_iter=27461/36796, batch_size=4, time_cost(epoch): 15:39:53/5:19:29, time_cost(all): 42:55:22/47:18:10, loss=1.4884004592895508, d_time=0.25(0.25), f_time=1.96(1.80), b_time=2.21(2.05), lr=0.004156985988153095
/bin/sh: line 1: gpustat: command not found
2026-03-12 12:55:54,306   INFO  
2026-03-12 12:56:01,058   INFO  Save latest model to /storage/project/r-gchou3-0/spanse30/MSF/output/cfgs/waymo_models/msf_8frames/default/ckpt/latest_model
2026-03-12 12:57:36,866   INFO  epoch: 3/6, acc_iter=137900, cur_iter=27511/36796, batch_size=4, time_cost(epoch): 15:41:36/5:17:46, time_cost(all): 42:57:04/47:16:28, loss=1.478072166442871, d_time=0.25(0.25), f_time=2.19(1.80), b_time=2.44(2.05), lr=0.004153702968860444
2026-03-12 12:59:18,712   INFO  epoch: 3/6, acc_iter=137950, cur_iter=27561/36796, batch_size=4, time_cost(epoch): 15:43:18/5:16:03, time_cost(all): 42:58:46/47:14:43, loss=1.4540722370147705, d_time=0.25(0.25), f_time=2.14(1.80), b_time=2.39(2.05), lr=0.004150418327333507
2026-03-12 13:00:56,941   INFO  epoch: 3/6, acc_iter=138000, cur_iter=27611/36796, batch_size=4, time_cost(epoch): 15:44:56/5:14:19, time_cost(all): 43:00:25/47:12:47, loss=1.4107283353805542, d_time=0.25(0.25), f_time=1.77(1.80), b_time=2.02(2.05), lr=0.004147132068190977
/bin/sh: line 1: gpustat: command not found
2026-03-12 13:00:57,213   INFO  
2026-03-12 13:01:00,893   INFO  Save latest model to /storage/project/r-gchou3-0/spanse30/MSF/output/cfgs/waymo_models/msf_8frames/default/ckpt/latest_model
2026-03-12 13:02:39,589   INFO  epoch: 3/6, acc_iter=138050, cur_iter=27661/36796, batch_size=4, time_cost(epoch): 15:46:38/5:12:37, time_cost(all): 43:02:07/47:11:04, loss=1.1504932641983032, d_time=0.25(0.25), f_time=1.32(1.80), b_time=1.57(2.05), lr=0.004143844196053819
2026-03-12 13:04:23,858   INFO  epoch: 3/6, acc_iter=138100, cur_iter=27711/36796, batch_size=4, time_cost(epoch): 15:48:23/5:10:54, time_cost(all): 43:03:51/47:09:26, loss=1.1871825456619263, d_time=0.25(0.25), f_time=1.46(1.80), b_time=1.71(2.05), lr=0.004140554715545265
2026-03-12 13:06:02,030   INFO  Save latest model to /storage/project/r-gchou3-0/spanse30/MSF/output/cfgs/waymo_models/msf_8frames/default/ckpt/latest_model
2026-03-12 13:06:05,678   INFO  epoch: 3/6, acc_iter=138150, cur_iter=27761/36796, batch_size=4, time_cost(epoch): 15:50:04/5:09:11, time_cost(all): 43:05:33/47:07:41, loss=1.337472915649414, d_time=0.25(0.25), f_time=1.38(1.80), b_time=1.63(2.05), lr=0.004137263631290809
/bin/sh: line 1: gpustat: command not found
2026-03-12 13:06:05,951   INFO  
2026-03-12 13:07:48,090   INFO  epoch: 3/6, acc_iter=138200, cur_iter=27811/36796, batch_size=4, time_cost(epoch): 15:51:47/5:07:29, time_cost(all): 43:07:16/47:05:58, loss=1.235440731048584, d_time=0.25(0.25), f_time=1.69(1.80), b_time=1.93(2.05), lr=0.004133970947918202
2026-03-12 13:09:30,334   INFO  epoch: 3/6, acc_iter=138250, cur_iter=27861/36796, batch_size=4, time_cost(epoch): 15:53:29/5:05:46, time_cost(all): 43:08:58/47:04:14, loss=1.140756607055664, d_time=0.25(0.25), f_time=1.38(1.80), b_time=1.63(2.05), lr=0.004130676670057442
2026-03-12 13:11:02,976   INFO  Save latest model to /storage/project/r-gchou3-0/spanse30/MSF/output/cfgs/waymo_models/msf_8frames/default/ckpt/latest_model
2026-03-12 13:11:13,271   INFO  epoch: 3/6, acc_iter=138300, cur_iter=27911/36796, batch_size=4, time_cost(epoch): 15:55:12/5:04:03, time_cost(all): 43:10:41/47:02:32, loss=1.8093992471694946, d_time=0.25(0.25), f_time=2.05(1.80), b_time=2.30(2.05), lr=0.0041273808023407675
/bin/sh: line 1: gpustat: command not found
2026-03-12 13:11:13,547   INFO  
2026-03-12 13:12:53,844   INFO  epoch: 3/6, acc_iter=138350, cur_iter=27961/36796, batch_size=4, time_cost(epoch): 15:56:53/5:02:20, time_cost(all): 43:12:21/47:00:43, loss=1.1485025882720947, d_time=0.25(0.25), f_time=1.72(1.80), b_time=1.97(2.05), lr=0.004124083349402657
2026-03-12 13:14:36,538   INFO  epoch: 3/6, acc_iter=138400, cur_iter=28011/36796, batch_size=4, time_cost(epoch): 15:58:35/5:00:37, time_cost(all): 43:14:04/46:59:01, loss=1.5507956743240356, d_time=0.25(0.25), f_time=2.77(1.80), b_time=3.02(2.05), lr=0.004120784315879814
2026-03-12 13:16:01,390   INFO  Save latest model to /storage/project/r-gchou3-0/spanse30/MSF/output/cfgs/waymo_models/msf_8frames/default/ckpt/latest_model
2026-03-12 13:16:21,231   INFO  epoch: 3/6, acc_iter=138450, cur_iter=28061/36796, batch_size=4, time_cost(epoch): 16:00:20/4:58:55, time_cost(all): 43:15:49/46:57:24, loss=1.3101588487625122, d_time=0.25(0.25), f_time=1.63(1.80), b_time=1.88(2.05), lr=0.004117483706411167
/bin/sh: line 1: gpustat: command not found
2026-03-12 13:16:21,515   INFO  
2026-03-12 13:18:02,996   INFO  epoch: 3/6, acc_iter=138500, cur_iter=28111/36796, batch_size=4, time_cost(epoch): 16:02:02/4:57:12, time_cost(all): 43:17:31/46:55:39, loss=1.3297817707061768, d_time=0.25(0.25), f_time=1.73(1.80), b_time=1.98(2.05), lr=0.0041141815256378585
2026-03-12 13:19:44,785   INFO  epoch: 3/6, acc_iter=138550, cur_iter=28161/36796, batch_size=4, time_cost(epoch): 16:03:44/4:55:29, time_cost(all): 43:19:12/46:53:53, loss=1.298189640045166, d_time=0.25(0.25), f_time=1.33(1.80), b_time=1.58(2.05), lr=0.004110877778203243
2026-03-12 13:21:03,005   INFO  Save latest model to /storage/project/r-gchou3-0/spanse30/MSF/output/cfgs/waymo_models/msf_8frames/default/ckpt/latest_model
2026-03-12 13:21:26,752   INFO  epoch: 3/6, acc_iter=138600, cur_iter=28211/36796, batch_size=4, time_cost(epoch): 16:05:26/4:53:47, time_cost(all): 43:20:54/46:52:09, loss=1.390315055847168, d_time=0.25(0.25), f_time=0.98(1.80), b_time=1.23(2.05), lr=0.0041075724687528745
/bin/sh: line 1: gpustat: command not found
2026-03-12 13:21:27,023   INFO  
2026-03-12 13:23:07,260   INFO  epoch: 3/6, acc_iter=138650, cur_iter=28261/36796, batch_size=4, time_cost(epoch): 16:07:06/4:52:03, time_cost(all): 43:22:35/46:50:20, loss=1.4260414838790894, d_time=0.25(0.25), f_time=2.45(1.80), b_time=2.70(2.05), lr=0.004104265601934508
2026-03-12 13:24:48,145   INFO  epoch: 3/6, acc_iter=138700, cur_iter=28311/36796, batch_size=4, time_cost(epoch): 16:08:47/4:50:20, time_cost(all): 43:24:16/46:48:32, loss=1.212196946144104, d_time=0.25(0.25), f_time=1.69(1.80), b_time=1.95(2.05), lr=0.004100957182398082
2026-03-12 13:26:00,877   INFO  Save latest model to /storage/project/r-gchou3-0/spanse30/MSF/output/cfgs/waymo_models/msf_8frames/default/ckpt/latest_model
2026-03-12 13:26:28,679   INFO  epoch: 3/6, acc_iter=138750, cur_iter=28361/36796, batch_size=4, time_cost(epoch): 16:10:27/4:48:37, time_cost(all): 43:25:56/46:46:43, loss=1.3706809282302856, d_time=0.25(0.25), f_time=1.31(1.80), b_time=1.56(2.05), lr=0.004097647214795725
/bin/sh: line 1: gpustat: command not found
2026-03-12 13:26:28,965   INFO  
2026-03-12 13:28:11,581   INFO  epoch: 3/6, acc_iter=138800, cur_iter=28411/36796, batch_size=4, time_cost(epoch): 16:12:10/4:46:54, time_cost(all): 43:27:39/46:45:01, loss=1.7355320453643799, d_time=0.25(0.25), f_time=1.12(1.80), b_time=1.37(2.05), lr=0.004094335703781739
2026-03-12 13:29:51,662   INFO  epoch: 3/6, acc_iter=138850, cur_iter=28461/36796, batch_size=4, time_cost(epoch): 16:13:50/4:45:11, time_cost(all): 43:29:19/46:43:11, loss=1.1538631916046143, d_time=0.25(0.25), f_time=1.50(1.80), b_time=1.75(2.05), lr=0.004091022654012596
2026-03-12 13:31:02,509   INFO  Save latest model to /storage/project/r-gchou3-0/spanse30/MSF/output/cfgs/waymo_models/msf_8frames/default/ckpt/latest_model
2026-03-12 13:31:36,470   INFO  epoch: 3/6, acc_iter=138900, cur_iter=28511/36796, batch_size=4, time_cost(epoch): 16:15:35/4:43:29, time_cost(all): 43:31:04/46:41:35, loss=1.3211781978607178, d_time=0.25(0.25), f_time=1.73(1.80), b_time=1.98(2.05), lr=0.004087708070146934
/bin/sh: line 1: gpustat: command not found
2026-03-12 13:31:36,745   INFO  
2026-03-12 13:33:17,906   INFO  epoch: 3/6, acc_iter=138950, cur_iter=28561/36796, batch_size=4, time_cost(epoch): 16:17:17/4:41:46, time_cost(all): 43:32:45/46:39:49, loss=1.1137995719909668, d_time=0.25(0.25), f_time=1.67(1.80), b_time=1.92(2.05), lr=0.004084391956845545
2026-03-12 13:35:01,186   INFO  epoch: 3/6, acc_iter=139000, cur_iter=28611/36796, batch_size=4, time_cost(epoch): 16:19:00/4:40:03, time_cost(all): 43:34:29/46:38:08, loss=1.138008952140808, d_time=0.24(0.25), f_time=1.69(1.80), b_time=1.93(2.05), lr=0.0040810743187713735
2026-03-12 13:36:00,994   INFO  Save latest model to /storage/project/r-gchou3-0/spanse30/MSF/output/cfgs/waymo_models/msf_8frames/default/ckpt/latest_model
2026-03-12 13:36:41,348   INFO  epoch: 3/6, acc_iter=139050, cur_iter=28661/36796, batch_size=4, time_cost(epoch): 16:20:40/4:38:20, time_cost(all): 43:36:09/46:36:18, loss=1.3256120681762695, d_time=0.25(0.25), f_time=1.73(1.80), b_time=1.98(2.05), lr=0.004077755160589507
/bin/sh: line 1: gpustat: command not found
2026-03-12 13:36:41,622   INFO  
2026-03-12 13:38:23,910   INFO  epoch: 3/6, acc_iter=139100, cur_iter=28711/36796, batch_size=4, time_cost(epoch): 16:22:23/4:36:37, time_cost(all): 43:37:51/46:34:35, loss=1.2000116109848022, d_time=0.27(0.25), f_time=1.40(1.80), b_time=1.67(2.05), lr=0.004074434486967175
2026-03-12 13:40:09,076   INFO  epoch: 3/6, acc_iter=139150, cur_iter=28761/36796, batch_size=4, time_cost(epoch): 16:24:08/4:34:55, time_cost(all): 43:39:37/46:33:00, loss=1.2914375066757202, d_time=0.25(0.25), f_time=2.29(1.80), b_time=2.54(2.05), lr=0.004071112302573728
2026-03-12 13:41:01,135   INFO  Save latest model to /storage/project/r-gchou3-0/spanse30/MSF/output/cfgs/waymo_models/msf_8frames/default/ckpt/latest_model
2026-03-12 13:41:52,856   INFO  epoch: 3/6, acc_iter=139200, cur_iter=28811/36796, batch_size=4, time_cost(epoch): 16:25:52/4:33:13, time_cost(all): 43:41:20/46:31:20, loss=1.4844787120819092, d_time=0.25(0.25), f_time=2.42(1.80), b_time=2.67(2.05), lr=0.004067788612080654
/bin/sh: line 1: gpustat: command not found
2026-03-12 13:41:53,128   INFO  
2026-03-12 13:43:36,062   INFO  epoch: 3/6, acc_iter=139250, cur_iter=28861/36796, batch_size=4, time_cost(epoch): 16:27:35/4:31:31, time_cost(all): 43:43:04/46:29:39, loss=1.2751011848449707, d_time=0.25(0.25), f_time=2.35(1.80), b_time=2.60(2.05), lr=0.004064463420161545
2026-03-12 13:45:21,469   INFO  epoch: 3/6, acc_iter=139300, cur_iter=28911/36796, batch_size=4, time_cost(epoch): 16:29:20/4:29:49, time_cost(all): 43:44:49/46:28:04, loss=1.5075433254241943, d_time=0.25(0.25), f_time=2.31(1.80), b_time=2.55(2.05), lr=0.004061136731492116
2026-03-12 13:46:02,783   INFO  Save latest model to /storage/project/r-gchou3-0/spanse30/MSF/output/cfgs/waymo_models/msf_8frames/default/ckpt/latest_model
2026-03-12 13:47:04,434   INFO  epoch: 3/6, acc_iter=139350, cur_iter=28961/36796, batch_size=4, time_cost(epoch): 16:31:03/4:28:06, time_cost(all): 43:46:32/46:26:22, loss=1.230343222618103, d_time=0.25(0.25), f_time=1.94(1.80), b_time=2.19(2.05), lr=0.00405780855075018
/bin/sh: line 1: gpustat: command not found
2026-03-12 13:47:04,716   INFO  
2026-03-12 13:48:44,722   INFO  epoch: 3/6, acc_iter=139400, cur_iter=29011/36796, batch_size=4, time_cost(epoch): 16:32:44/4:26:23, time_cost(all): 43:48:12/46:24:33, loss=0.9731525778770447, d_time=0.25(0.25), f_time=1.81(1.80), b_time=2.06(2.05), lr=0.00405447888261565
2026-03-12 13:50:27,642   INFO  epoch: 3/6, acc_iter=139450, cur_iter=29061/36796, batch_size=4, time_cost(epoch): 16:34:26/4:24:40, time_cost(all): 43:49:55/46:22:51, loss=1.890291690826416, d_time=0.25(0.25), f_time=2.65(1.80), b_time=2.90(2.05), lr=0.00405114773177053
2026-03-12 13:51:01,721   INFO  Save latest model to /storage/project/r-gchou3-0/spanse30/MSF/output/cfgs/waymo_models/msf_8frames/default/ckpt/latest_model
2026-03-12 13:52:11,400   INFO  epoch: 3/6, acc_iter=139500, cur_iter=29111/36796, batch_size=4, time_cost(epoch): 16:36:10/4:22:58, time_cost(all): 43:51:39/46:21:12, loss=1.3956960439682007, d_time=0.24(0.25), f_time=1.54(1.80), b_time=1.78(2.05), lr=0.0040478151028989105
/bin/sh: line 1: gpustat: command not found
2026-03-12 13:52:11,675   INFO  
2026-03-12 13:53:55,838   INFO  epoch: 3/6, acc_iter=139550, cur_iter=29161/36796, batch_size=4, time_cost(epoch): 16:37:55/4:21:16, time_cost(all): 43:53:23/46:19:34, loss=1.060806155204773, d_time=0.25(0.25), f_time=0.60(1.80), b_time=0.85(2.05), lr=0.004044481000686957
2026-03-12 13:55:40,910   INFO  epoch: 3/6, acc_iter=139600, cur_iter=29211/36796, batch_size=4, time_cost(epoch): 16:39:40/4:19:34, time_cost(all): 43:55:08/46:17:58, loss=1.1788008213043213, d_time=0.25(0.25), f_time=1.18(1.80), b_time=1.43(2.05), lr=0.00404114542982291
2026-03-12 13:56:01,802   INFO  Save latest model to /storage/project/r-gchou3-0/spanse30/MSF/output/cfgs/waymo_models/msf_8frames/default/ckpt/latest_model
2026-03-12 13:57:27,019   INFO  epoch: 3/6, acc_iter=139650, cur_iter=29261/36796, batch_size=4, time_cost(epoch): 16:41:26/4:17:52, time_cost(all): 43:56:55/46:16:25, loss=1.2417047023773193, d_time=0.25(0.25), f_time=2.02(1.80), b_time=2.27(2.05), lr=0.0040378083949970745
/bin/sh: line 1: gpustat: command not found
2026-03-12 13:57:27,298   INFO  
2026-03-12 13:59:08,645   INFO  epoch: 3/6, acc_iter=139700, cur_iter=29311/36796, batch_size=4, time_cost(epoch): 16:43:07/4:16:09, time_cost(all): 43:58:36/46:14:39, loss=1.4118753671646118, d_time=0.25(0.25), f_time=1.94(1.80), b_time=2.19(2.05), lr=0.004034469900901811
2026-03-12 14:00:52,589   INFO  epoch: 3/6, acc_iter=139750, cur_iter=29361/36796, batch_size=4, time_cost(epoch): 16:44:51/4:14:27, time_cost(all): 44:00:20/46:13:00, loss=1.2749427556991577, d_time=0.25(0.25), f_time=2.12(1.80), b_time=2.37(2.05), lr=0.004031129952231537
2026-03-12 14:01:03,110   INFO  Save latest model to /storage/project/r-gchou3-0/spanse30/MSF/output/cfgs/waymo_models/msf_8frames/default/ckpt/latest_model
2026-03-12 14:02:39,882   INFO  epoch: 3/6, acc_iter=139800, cur_iter=29411/36796, batch_size=4, time_cost(epoch): 16:46:39/4:12:45, time_cost(all): 44:02:07/46:11:30, loss=1.2540425062179565, d_time=0.25(0.25), f_time=1.96(1.80), b_time=2.21(2.05), lr=0.004027788553682712
/bin/sh: line 1: gpustat: command not found
2026-03-12 14:02:40,163   INFO  
2026-03-12 14:04:23,185   INFO  epoch: 3/6, acc_iter=139850, cur_iter=29461/36796, batch_size=4, time_cost(epoch): 16:48:22/4:11:02, time_cost(all): 44:03:51/46:09:49, loss=0.8219864368438721, d_time=0.25(0.25), f_time=1.05(1.80), b_time=1.30(2.05), lr=0.004024445709953834
2026-03-12 14:06:01,351   INFO  Save latest model to /storage/project/r-gchou3-0/spanse30/MSF/output/cfgs/waymo_models/msf_8frames/default/ckpt/latest_model
2026-03-12 14:06:08,397   INFO  epoch: 3/6, acc_iter=139900, cur_iter=29511/36796, batch_size=4, time_cost(epoch): 16:50:07/4:09:20, time_cost(all): 44:05:36/46:08:14, loss=1.2667678594589233, d_time=0.24(0.25), f_time=1.56(1.80), b_time=1.80(2.05), lr=0.0040211014257454354
2026-03-12 14:07:51,351   INFO  epoch: 3/6, acc_iter=139950, cur_iter=29561/36796, batch_size=4, time_cost(epoch): 16:51:50/4:07:38, time_cost(all): 44:07:19/46:06:32, loss=1.5593258142471313, d_time=0.25(0.25), f_time=2.13(1.80), b_time=2.38(2.05), lr=0.004017755705760072
/bin/sh: line 1: gpustat: command not found
2026-03-12 14:07:51,636   INFO  
2026-03-12 14:09:33,532   INFO  epoch: 3/6, acc_iter=140000, cur_iter=29611/36796, batch_size=4, time_cost(epoch): 16:53:32/4:05:55, time_cost(all): 44:09:01/46:04:48, loss=1.5638859272003174, d_time=0.25(0.25), f_time=1.78(1.80), b_time=2.03(2.05), lr=0.00401440855470232
2026-03-12 14:11:01,094   INFO  Save latest model to /storage/project/r-gchou3-0/spanse30/MSF/output/cfgs/waymo_models/msf_8frames/default/ckpt/latest_model
2026-03-12 14:11:18,295   INFO  epoch: 3/6, acc_iter=140050, cur_iter=29661/36796, batch_size=4, time_cost(epoch): 16:55:17/4:04:13, time_cost(all): 44:10:46/46:03:11, loss=1.7817821502685547, d_time=0.25(0.25), f_time=2.69(1.80), b_time=2.94(2.05), lr=0.0040110599772787674
2026-03-12 14:12:57,828   INFO  epoch: 3/6, acc_iter=140100, cur_iter=29711/36796, batch_size=4, time_cost(epoch): 16:56:57/4:02:29, time_cost(all): 44:12:25/46:01:19, loss=0.8553751111030579, d_time=0.24(0.25), f_time=1.38(1.80), b_time=1.63(2.05), lr=0.004007709978198008
/bin/sh: line 1: gpustat: command not found
2026-03-12 14:12:58,155   INFO  
2026-03-12 14:14:38,869   INFO  epoch: 3/6, acc_iter=140150, cur_iter=29761/36796, batch_size=4, time_cost(epoch): 16:58:38/4:00:46, time_cost(all): 44:14:06/45:59:32, loss=1.1801190376281738, d_time=0.25(0.25), f_time=2.12(1.80), b_time=2.37(2.05), lr=0.0040043585621706325
2026-03-12 14:16:03,535   INFO  Save latest model to /storage/project/r-gchou3-0/spanse30/MSF/output/cfgs/waymo_models/msf_8frames/default/ckpt/latest_model
2026-03-12 14:16:23,129   INFO  epoch: 3/6, acc_iter=140200, cur_iter=29811/36796, batch_size=4, time_cost(epoch): 17:00:22/3:59:04, time_cost(all): 44:15:51/45:57:54, loss=1.0848698616027832, d_time=0.25(0.25), f_time=1.78(1.80), b_time=2.03(2.05), lr=0.004001005733909227
2026-03-12 14:18:09,753   INFO  epoch: 3/6, acc_iter=140250, cur_iter=29861/36796, batch_size=4, time_cost(epoch): 17:02:09/3:57:22, time_cost(all): 44:17:37/45:56:22, loss=1.7528382539749146, d_time=0.24(0.25), f_time=1.57(1.80), b_time=1.81(2.05), lr=0.003997651498128363
/bin/sh: line 1: gpustat: command not found
2026-03-12 14:18:10,027   INFO  
2026-03-12 14:19:55,892   INFO  epoch: 3/6, acc_iter=140300, cur_iter=29911/36796, batch_size=4, time_cost(epoch): 17:03:55/3:55:40, time_cost(all): 44:19:23/45:54:48, loss=1.0860761404037476, d_time=0.25(0.25), f_time=1.37(1.80), b_time=1.62(2.05), lr=0.00399429585954459
2026-03-12 14:21:02,081   INFO  Save latest model to /storage/project/r-gchou3-0/spanse30/MSF/output/cfgs/waymo_models/msf_8frames/default/ckpt/latest_model
2026-03-12 14:21:42,422   INFO  epoch: 3/6, acc_iter=140350, cur_iter=29961/36796, batch_size=4, time_cost(epoch): 17:05:41/3:53:59, time_cost(all): 44:21:10/45:53:16, loss=1.3093053102493286, d_time=0.25(0.25), f_time=1.93(1.80), b_time=2.18(2.05), lr=0.0039909388228764305
2026-03-12 14:23:28,856   INFO  epoch: 3/6, acc_iter=140400, cur_iter=30011/36796, batch_size=4, time_cost(epoch): 17:07:28/3:52:17, time_cost(all): 44:22:56/45:51:43, loss=1.3299942016601562, d_time=0.25(0.25), f_time=1.86(1.80), b_time=2.11(2.05), lr=0.0039875803928443735
/bin/sh: line 1: gpustat: command not found
2026-03-12 14:23:29,163   INFO  
2026-03-12 14:25:20,010   INFO  epoch: 3/6, acc_iter=140450, cur_iter=30061/36796, batch_size=4, time_cost(epoch): 17:09:19/3:50:36, time_cost(all): 44:24:48/45:50:23, loss=1.0374000072479248, d_time=0.25(0.25), f_time=1.36(1.80), b_time=1.61(2.05), lr=0.003984220574170867
2026-03-12 14:26:01,542   INFO  Save latest model to /storage/project/r-gchou3-0/spanse30/MSF/output/cfgs/waymo_models/msf_8frames/default/ckpt/latest_model
2026-03-12 14:27:07,576   INFO  epoch: 3/6, acc_iter=140500, cur_iter=30111/36796, batch_size=4, time_cost(epoch): 17:11:06/3:48:54, time_cost(all): 44:26:35/45:48:53, loss=0.9384520649909973, d_time=0.25(0.25), f_time=1.35(1.80), b_time=1.60(2.05), lr=0.00398085937158031
2026-03-12 14:28:54,495   INFO  epoch: 3/6, acc_iter=140550, cur_iter=30161/36796, batch_size=4, time_cost(epoch): 17:12:53/3:47:12, time_cost(all): 44:28:22/45:47:22, loss=0.9782958030700684, d_time=0.25(0.25), f_time=1.45(1.80), b_time=1.70(2.05), lr=0.00397749678979905
/bin/sh: line 1: gpustat: command not found
2026-03-12 14:28:54,830   INFO  
2026-03-12 14:30:44,193   INFO  epoch: 3/6, acc_iter=140600, cur_iter=30211/36796, batch_size=4, time_cost(epoch): 17:14:43/3:45:31, time_cost(all): 44:30:12/45:45:57, loss=1.3591010570526123, d_time=0.25(0.25), f_time=1.82(1.80), b_time=2.07(2.05), lr=0.003974132833555372
2026-03-12 14:31:02,697   INFO  Save latest model to /storage/project/r-gchou3-0/spanse30/MSF/output/cfgs/waymo_models/msf_8frames/default/ckpt/latest_model
2026-03-12 14:32:34,212   INFO  epoch: 3/6, acc_iter=140650, cur_iter=30261/36796, batch_size=4, time_cost(epoch): 17:16:33/3:43:50, time_cost(all): 44:32:02/45:44:34, loss=1.5003927946090698, d_time=0.25(0.25), f_time=1.79(1.80), b_time=2.04(2.06), lr=0.003970767507579496
2026-03-12 14:34:23,477   INFO  epoch: 3/6, acc_iter=140700, cur_iter=30311/36796, batch_size=4, time_cost(epoch): 17:18:22/3:42:09, time_cost(all): 44:33:51/45:43:08, loss=1.425227165222168, d_time=0.25(0.25), f_time=1.79(1.80), b_time=2.04(2.06), lr=0.0039674008166035645
/bin/sh: line 1: gpustat: command not found
2026-03-12 14:34:23,819   INFO  
2026-03-12 14:36:01,418   INFO  Save latest model to /storage/project/r-gchou3-0/spanse30/MSF/output/cfgs/waymo_models/msf_8frames/default/ckpt/latest_model
2026-03-12 14:36:10,467   INFO  epoch: 3/6, acc_iter=140750, cur_iter=30361/36796, batch_size=4, time_cost(epoch): 17:20:09/3:40:27, time_cost(all): 44:35:38/45:41:37, loss=1.1484122276306152, d_time=0.25(0.25), f_time=1.75(1.80), b_time=2.00(2.06), lr=0.003964032765361643
2026-03-12 14:37:57,401   INFO  epoch: 3/6, acc_iter=140800, cur_iter=30411/36796, batch_size=4, time_cost(epoch): 17:21:56/3:38:45, time_cost(all): 44:37:25/45:40:05, loss=1.3607633113861084, d_time=0.25(0.25), f_time=1.92(1.80), b_time=2.17(2.06), lr=0.003960663358589706
2026-03-12 14:39:41,116   INFO  epoch: 3/6, acc_iter=140850, cur_iter=30461/36796, batch_size=4, time_cost(epoch): 17:23:40/3:37:02, time_cost(all): 44:39:09/45:38:25, loss=1.0144009590148926, d_time=0.24(0.25), f_time=1.12(1.80), b_time=1.36(2.06), lr=0.003957292601025639
/bin/sh: line 1: gpustat: command not found
2026-03-12 14:39:41,410   INFO  
2026-03-12 14:41:02,221   INFO  Save latest model to /storage/project/r-gchou3-0/spanse30/MSF/output/cfgs/waymo_models/msf_8frames/default/ckpt/latest_model
2026-03-12 14:41:29,334   INFO  epoch: 3/6, acc_iter=140900, cur_iter=30511/36796, batch_size=4, time_cost(epoch): 17:25:28/3:35:21, time_cost(all): 44:40:57/45:36:56, loss=1.5772360563278198, d_time=0.25(0.25), f_time=2.08(1.80), b_time=2.33(2.06), lr=0.003953920497409221
2026-03-12 14:43:09,113   INFO  epoch: 3/6, acc_iter=140950, cur_iter=30561/36796, batch_size=4, time_cost(epoch): 17:27:08/3:33:37, time_cost(all): 44:42:37/45:35:05, loss=1.2889785766601562, d_time=0.25(0.25), f_time=2.08(1.80), b_time=2.33(2.06), lr=0.00395054705248213
2026-03-12 14:44:53,110   INFO  epoch: 3/6, acc_iter=141000, cur_iter=30611/36796, batch_size=4, time_cost(epoch): 17:28:52/3:31:55, time_cost(all): 44:44:21/45:33:26, loss=1.3312671184539795, d_time=0.25(0.25), f_time=1.48(1.80), b_time=1.73(2.06), lr=0.0039471722709879245
/bin/sh: line 1: gpustat: command not found
2026-03-12 14:44:53,435   INFO  
2026-03-12 14:46:02,371   INFO  Save latest model to /storage/project/r-gchou3-0/spanse30/MSF/output/cfgs/waymo_models/msf_8frames/default/ckpt/latest_model
2026-03-12 14:46:36,186   INFO  epoch: 3/6, acc_iter=141050, cur_iter=30661/36796, batch_size=4, time_cost(epoch): 17:30:35/3:30:12, time_cost(all): 44:46:04/45:31:44, loss=1.5890547037124634, d_time=0.25(0.25), f_time=1.80(1.80), b_time=2.05(2.06), lr=0.003943796157672047
2026-03-12 14:48:20,261   INFO  epoch: 3/6, acc_iter=141100, cur_iter=30711/36796, batch_size=4, time_cost(epoch): 17:32:19/3:28:29, time_cost(all): 44:47:48/45:30:04, loss=1.5756855010986328, d_time=0.25(0.25), f_time=2.21(1.80), b_time=2.46(2.06), lr=0.003940418717281809
2026-03-12 14:50:01,833   INFO  epoch: 3/6, acc_iter=141150, cur_iter=30761/36796, batch_size=4, time_cost(epoch): 17:34:01/3:26:46, time_cost(all): 44:49:29/45:28:18, loss=1.1419543027877808, d_time=0.25(0.25), f_time=1.31(1.80), b_time=1.56(2.06), lr=0.003937039954566389
/bin/sh: line 1: gpustat: command not found
2026-03-12 14:50:02,114   INFO  
2026-03-12 14:51:01,582   INFO  Save latest model to /storage/project/r-gchou3-0/spanse30/MSF/output/cfgs/waymo_models/msf_8frames/default/ckpt/latest_model
2026-03-12 14:51:45,108   INFO  epoch: 3/6, acc_iter=141200, cur_iter=30811/36796, batch_size=4, time_cost(epoch): 17:35:44/3:25:04, time_cost(all): 44:51:13/45:26:37, loss=1.1428966522216797, d_time=0.25(0.25), f_time=0.67(1.80), b_time=0.92(2.06), lr=0.003933659874276827
2026-03-12 14:53:28,594   INFO  epoch: 3/6, acc_iter=141250, cur_iter=30861/36796, batch_size=4, time_cost(epoch): 17:37:27/3:23:21, time_cost(all): 44:52:56/45:24:56, loss=1.4266891479492188, d_time=0.25(0.25), f_time=1.77(1.80), b_time=2.02(2.06), lr=0.003930278481166015
2026-03-12 14:55:12,447   INFO  epoch: 3/6, acc_iter=141300, cur_iter=30911/36796, batch_size=4, time_cost(epoch): 17:39:11/3:21:38, time_cost(all): 44:54:40/45:23:16, loss=1.4796123504638672, d_time=0.25(0.25), f_time=2.35(1.80), b_time=2.60(2.06), lr=0.003926895779988687
/bin/sh: line 1: gpustat: command not found
2026-03-12 14:55:12,724   INFO  
2026-03-12 14:56:01,669   INFO  Save latest model to /storage/project/r-gchou3-0/spanse30/MSF/output/cfgs/waymo_models/msf_8frames/default/ckpt/latest_model
2026-03-12 14:56:58,023   INFO  epoch: 3/6, acc_iter=141350, cur_iter=30961/36796, batch_size=4, time_cost(epoch): 17:40:57/3:19:56, time_cost(all): 44:56:26/45:21:40, loss=1.5099341869354248, d_time=0.25(0.25), f_time=1.89(1.80), b_time=2.14(2.06), lr=0.003923511775501423
2026-03-12 14:58:40,182   INFO  epoch: 3/6, acc_iter=141400, cur_iter=31011/36796, batch_size=4, time_cost(epoch): 17:42:39/3:18:13, time_cost(all): 44:58:08/45:19:56, loss=1.2479562759399414, d_time=0.25(0.25), f_time=1.86(1.80), b_time=2.11(2.06), lr=0.003920126472462629
2026-03-12 15:00:25,908   INFO  epoch: 3/6, acc_iter=141450, cur_iter=31061/36796, batch_size=4, time_cost(epoch): 17:44:25/3:16:31, time_cost(all): 44:59:53/45:18:20, loss=1.1074252128601074, d_time=0.25(0.25), f_time=1.42(1.80), b_time=1.67(2.06), lr=0.003916739875632544
/bin/sh: line 1: gpustat: command not found
2026-03-12 15:00:26,215   INFO  
2026-03-12 15:01:01,228   INFO  Save latest model to /storage/project/r-gchou3-0/spanse30/MSF/output/cfgs/waymo_models/msf_8frames/default/ckpt/latest_model
2026-03-12 15:02:15,003   INFO  epoch: 3/6, acc_iter=141500, cur_iter=31111/36796, batch_size=4, time_cost(epoch): 17:46:14/3:14:49, time_cost(all): 45:01:43/45:16:53, loss=1.1982474327087402, d_time=0.25(0.25), f_time=2.36(1.80), b_time=2.61(2.06), lr=0.003913351989773218
2026-03-12 15:03:59,658   INFO  epoch: 3/6, acc_iter=141550, cur_iter=31161/36796, batch_size=4, time_cost(epoch): 17:47:58/3:13:07, time_cost(all): 45:03:27/45:15:15, loss=1.4880976676940918, d_time=0.25(0.25), f_time=2.62(1.80), b_time=2.87(2.06), lr=0.003909962819648523
2026-03-12 15:05:41,994   INFO  epoch: 3/6, acc_iter=141600, cur_iter=31211/36796, batch_size=4, time_cost(epoch): 17:49:41/3:11:24, time_cost(all): 45:05:10/45:13:31, loss=1.2573988437652588, d_time=0.25(0.25), f_time=1.46(1.80), b_time=1.71(2.06), lr=0.003906572370024127
/bin/sh: line 1: gpustat: command not found
2026-03-12 15:05:42,269   INFO  
2026-03-12 15:06:02,638   INFO  Save latest model to /storage/project/r-gchou3-0/spanse30/MSF/output/cfgs/waymo_models/msf_8frames/default/ckpt/latest_model
2026-03-12 15:07:26,287   INFO  epoch: 3/6, acc_iter=141650, cur_iter=31261/36796, batch_size=4, time_cost(epoch): 17:51:25/3:09:41, time_cost(all): 45:06:54/45:11:52, loss=1.3932018280029297, d_time=0.25(0.25), f_time=1.86(1.80), b_time=2.11(2.06), lr=0.0039031806456675065
2026-03-12 15:09:08,704   INFO  epoch: 3/6, acc_iter=141700, cur_iter=31311/36796, batch_size=4, time_cost(epoch): 17:53:07/3:07:59, time_cost(all): 45:08:36/45:10:08, loss=1.1684445142745972, d_time=0.25(0.25), f_time=1.67(1.80), b_time=1.92(2.06), lr=0.003899787651347922
2026-03-12 15:10:53,591   INFO  epoch: 3/6, acc_iter=141750, cur_iter=31361/36796, batch_size=4, time_cost(epoch): 17:54:52/3:06:16, time_cost(all): 45:10:21/45:08:31, loss=1.2009029388427734, d_time=0.25(0.25), f_time=1.99(1.80), b_time=2.24(2.06), lr=0.0038963933918364268
/bin/sh: line 1: gpustat: command not found
2026-03-12 15:10:53,872   INFO  
2026-03-12 15:11:03,073   INFO  Save latest model to /storage/project/r-gchou3-0/spanse30/MSF/output/cfgs/waymo_models/msf_8frames/default/ckpt/latest_model
2026-03-12 15:12:32,380   INFO  epoch: 3/6, acc_iter=141800, cur_iter=31411/36796, batch_size=4, time_cost(epoch): 17:56:31/3:04:33, time_cost(all): 45:12:00/45:06:38, loss=1.1514523029327393, d_time=0.24(0.25), f_time=1.37(1.80), b_time=1.61(2.06), lr=0.0038929978719058483
2026-03-12 15:14:13,682   INFO  epoch: 3/6, acc_iter=141850, cur_iter=31461/36796, batch_size=4, time_cost(epoch): 17:58:12/3:02:49, time_cost(all): 45:13:41/45:04:51, loss=1.074306845664978, d_time=0.25(0.25), f_time=1.33(1.80), b_time=1.58(2.06), lr=0.003889601096330789
2026-03-12 15:15:56,542   INFO  epoch: 3/6, acc_iter=141900, cur_iter=31511/36796, batch_size=4, time_cost(epoch): 17:59:55/3:01:07, time_cost(all): 45:15:24/45:03:09, loss=1.47133469581604, d_time=0.25(0.25), f_time=1.78(1.80), b_time=2.03(2.06), lr=0.003886203069887615
/bin/sh: line 1: gpustat: command not found
2026-03-12 15:15:56,818   INFO  
2026-03-12 15:16:02,845   INFO  Save latest model to /storage/project/r-gchou3-0/spanse30/MSF/output/cfgs/waymo_models/msf_8frames/default/ckpt/latest_model
2026-03-12 15:17:38,229   INFO  epoch: 3/6, acc_iter=141950, cur_iter=31561/36796, batch_size=4, time_cost(epoch): 18:01:37/2:59:24, time_cost(all): 45:17:06/45:01:23, loss=1.5805778503417969, d_time=0.25(0.25), f_time=2.47(1.80), b_time=2.72(2.06), lr=0.003882803797354455
2026-03-12 15:19:24,247   INFO  epoch: 3/6, acc_iter=142000, cur_iter=31611/36796, batch_size=4, time_cost(epoch): 18:03:23/2:57:41, time_cost(all): 45:18:52/44:59:48, loss=1.6654789447784424, d_time=0.25(0.25), f_time=1.85(1.80), b_time=2.10(2.06), lr=0.0038794032835111846
2026-03-12 15:21:03,282   INFO  Save latest model to /storage/project/r-gchou3-0/spanse30/MSF/output/cfgs/waymo_models/msf_8frames/default/ckpt/latest_model
2026-03-12 15:21:09,287   INFO  epoch: 3/6, acc_iter=142050, cur_iter=31661/36796, batch_size=4, time_cost(epoch): 18:05:08/2:55:59, time_cost(all): 45:20:37/44:58:11, loss=1.4062862396240234, d_time=0.25(0.25), f_time=2.51(1.80), b_time=2.76(2.06), lr=0.0038760015331394285
/bin/sh: line 1: gpustat: command not found
2026-03-12 15:21:09,563   INFO  
2026-03-12 15:22:51,341   INFO  epoch: 3/6, acc_iter=142100, cur_iter=31711/36796, batch_size=4, time_cost(epoch): 18:06:50/2:54:16, time_cost(all): 45:22:19/44:56:26, loss=1.3373034000396729, d_time=0.24(0.25), f_time=3.25(1.80), b_time=3.49(2.06), lr=0.00387259855102255
2026-03-12 15:24:33,383   INFO  epoch: 3/6, acc_iter=142150, cur_iter=31761/36796, batch_size=4, time_cost(epoch): 18:08:32/2:52:33, time_cost(all): 45:24:01/44:54:41, loss=0.8766646981239319, d_time=0.25(0.25), f_time=1.41(1.80), b_time=1.66(2.06), lr=0.0038691943419456435
2026-03-12 15:26:01,001   INFO  Save latest model to /storage/project/r-gchou3-0/spanse30/MSF/output/cfgs/waymo_models/msf_8frames/default/ckpt/latest_model
2026-03-12 15:26:16,475   INFO  epoch: 3/6, acc_iter=142200, cur_iter=31811/36796, batch_size=4, time_cost(epoch): 18:10:15/2:50:50, time_cost(all): 45:25:44/44:52:59, loss=1.3556928634643555, d_time=0.24(0.25), f_time=1.26(1.80), b_time=1.50(2.06), lr=0.003865788910695528
/bin/sh: line 1: gpustat: command not found
2026-03-12 15:26:16,764   INFO  
2026-03-12 15:27:59,958   INFO  epoch: 3/6, acc_iter=142250, cur_iter=31861/36796, batch_size=4, time_cost(epoch): 18:11:59/2:49:08, time_cost(all): 45:27:28/44:51:18, loss=1.3738797903060913, d_time=0.25(0.25), f_time=2.28(1.80), b_time=2.53(2.06), lr=0.0038623822620607426
2026-03-12 15:29:41,844   INFO  epoch: 3/6, acc_iter=142300, cur_iter=31911/36796, batch_size=4, time_cost(epoch): 18:13:41/2:47:25, time_cost(all): 45:29:09/44:49:33, loss=1.195068359375, d_time=0.25(0.25), f_time=1.29(1.80), b_time=1.54(2.06), lr=0.0038589744008315375
2026-03-12 15:31:01,505   INFO  Save latest model to /storage/project/r-gchou3-0/spanse30/MSF/output/cfgs/waymo_models/msf_8frames/default/ckpt/latest_model
2026-03-12 15:31:24,014   INFO  epoch: 3/6, acc_iter=142350, cur_iter=31961/36796, batch_size=4, time_cost(epoch): 18:15:23/2:45:42, time_cost(all): 45:30:52/44:47:49, loss=1.4248138666152954, d_time=0.25(0.25), f_time=2.24(1.80), b_time=2.49(2.06), lr=0.003855565331799868
/bin/sh: line 1: gpustat: command not found
2026-03-12 15:31:24,292   INFO  
2026-03-12 15:33:08,417   INFO  epoch: 3/6, acc_iter=142400, cur_iter=32011/36796, batch_size=4, time_cost(epoch): 18:17:07/2:43:59, time_cost(all): 45:32:36/44:46:10, loss=1.3639379739761353, d_time=0.25(0.25), f_time=2.05(1.80), b_time=2.30(2.06), lr=0.0038521550597593874
2026-03-12 15:34:50,093   INFO  epoch: 3/6, acc_iter=142450, cur_iter=32061/36796, batch_size=4, time_cost(epoch): 18:18:49/2:42:16, time_cost(all): 45:34:18/44:44:24, loss=1.22133469581604, d_time=0.25(0.25), f_time=1.72(1.80), b_time=1.97(2.06), lr=0.0038487435895054422
2026-03-12 15:36:01,177   INFO  Save latest model to /storage/project/r-gchou3-0/spanse30/MSF/output/cfgs/waymo_models/msf_8frames/default/ckpt/latest_model
2026-03-12 15:36:30,356   INFO  epoch: 3/6, acc_iter=142500, cur_iter=32111/36796, batch_size=4, time_cost(epoch): 18:20:29/2:40:33, time_cost(all): 45:35:58/44:42:35, loss=1.4898521900177002, d_time=0.25(0.25), f_time=2.26(1.80), b_time=2.51(2.06), lr=0.00384533092583506
/bin/sh: line 1: gpustat: command not found
2026-03-12 15:36:30,630   INFO  
2026-03-12 15:38:11,365   INFO  epoch: 3/6, acc_iter=142550, cur_iter=32161/36796, batch_size=4, time_cost(epoch): 18:22:10/2:38:50, time_cost(all): 45:37:39/44:40:48, loss=1.0790518522262573, d_time=0.25(0.25), f_time=1.39(1.80), b_time=1.64(2.06), lr=0.0038419170735469518
2026-03-12 15:39:54,668   INFO  epoch: 3/6, acc_iter=142600, cur_iter=32211/36796, batch_size=4, time_cost(epoch): 18:23:53/2:37:07, time_cost(all): 45:39:22/44:39:06, loss=1.0495579242706299, d_time=0.25(0.25), f_time=1.47(1.80), b_time=1.72(2.06), lr=0.003838502037441495
2026-03-12 15:41:01,355   INFO  Save latest model to /storage/project/r-gchou3-0/spanse30/MSF/output/cfgs/waymo_models/msf_8frames/default/ckpt/latest_model
2026-03-12 15:41:36,838   INFO  epoch: 3/6, acc_iter=142650, cur_iter=32261/36796, batch_size=4, time_cost(epoch): 18:25:36/2:35:24, time_cost(all): 45:41:04/44:37:22, loss=1.2826029062271118, d_time=0.25(0.25), f_time=1.91(1.80), b_time=2.16(2.06), lr=0.003835085822320736
/bin/sh: line 1: gpustat: command not found
2026-03-12 15:41:37,118   INFO  
2026-03-12 15:43:19,194   INFO  epoch: 3/6, acc_iter=142700, cur_iter=32311/36796, batch_size=4, time_cost(epoch): 18:27:18/2:33:41, time_cost(all): 45:42:47/44:35:38, loss=1.2306619882583618, d_time=0.25(0.25), f_time=1.49(1.80), b_time=1.74(2.06), lr=0.0038316684329883755
2026-03-12 15:45:03,515   INFO  epoch: 3/6, acc_iter=142750, cur_iter=32361/36796, batch_size=4, time_cost(epoch): 18:29:02/2:31:59, time_cost(all): 45:44:31/44:33:59, loss=1.2219159603118896, d_time=0.25(0.25), f_time=1.48(1.80), b_time=1.73(2.06), lr=0.0038282498742497678
2026-03-12 15:46:02,273   INFO  Save latest model to /storage/project/r-gchou3-0/spanse30/MSF/output/cfgs/waymo_models/msf_8frames/default/ckpt/latest_model
2026-03-12 15:46:47,163   INFO  epoch: 3/6, acc_iter=142800, cur_iter=32411/36796, batch_size=4, time_cost(epoch): 18:30:46/2:30:16, time_cost(all): 45:46:15/44:32:18, loss=1.0522246360778809, d_time=0.25(0.25), f_time=0.98(1.80), b_time=1.23(2.06), lr=0.003824830150911909
/bin/sh: line 1: gpustat: command not found
2026-03-12 15:46:47,469   INFO  
2026-03-12 15:48:29,618   INFO  epoch: 3/6, acc_iter=142850, cur_iter=32461/36796, batch_size=4, time_cost(epoch): 18:32:28/2:28:33, time_cost(all): 45:47:57/44:30:34, loss=1.6009844541549683, d_time=0.24(0.25), f_time=1.98(1.80), b_time=2.22(2.06), lr=0.003821409267783434
2026-03-12 15:50:11,477   INFO  epoch: 3/6, acc_iter=142900, cur_iter=32511/36796, batch_size=4, time_cost(epoch): 18:34:10/2:26:50, time_cost(all): 45:49:39/44:28:49, loss=1.2931561470031738, d_time=0.25(0.25), f_time=2.01(1.80), b_time=2.26(2.06), lr=0.0038179872296746115
2026-03-12 15:51:02,385   INFO  Save latest model to /storage/project/r-gchou3-0/spanse30/MSF/output/cfgs/waymo_models/msf_8frames/default/ckpt/latest_model
2026-03-12 15:51:56,746   INFO  epoch: 3/6, acc_iter=142950, cur_iter=32561/36796, batch_size=4, time_cost(epoch): 18:35:56/2:25:08, time_cost(all): 45:51:24/44:27:12, loss=1.19341242313385, d_time=0.24(0.25), f_time=2.13(1.80), b_time=2.37(2.06), lr=0.00381456404139733
/bin/sh: line 1: gpustat: command not found
2026-03-12 15:51:57,025   INFO  
2026-03-12 15:53:38,962   INFO  epoch: 3/6, acc_iter=143000, cur_iter=32611/36796, batch_size=4, time_cost(epoch): 18:37:38/2:23:25, time_cost(all): 45:53:07/44:25:28, loss=1.0995147228240967, d_time=0.25(0.25), f_time=1.25(1.80), b_time=1.50(2.06), lr=0.0038111397077650964
2026-03-12 15:55:21,248   INFO  epoch: 3/6, acc_iter=143050, cur_iter=32661/36796, batch_size=4, time_cost(epoch): 18:39:20/2:21:42, time_cost(all): 45:54:49/44:23:44, loss=1.3389770984649658, d_time=0.25(0.25), f_time=2.04(1.80), b_time=2.29(2.06), lr=0.0038077142335930293
2026-03-12 15:56:02,485   INFO  Save latest model to /storage/project/r-gchou3-0/spanse30/MSF/output/cfgs/waymo_models/msf_8frames/default/ckpt/latest_model
2026-03-12 15:57:01,550   INFO  epoch: 3/6, acc_iter=143100, cur_iter=32711/36796, batch_size=4, time_cost(epoch): 18:41:00/2:19:59, time_cost(all): 45:56:29/44:21:55, loss=0.8467052578926086, d_time=0.25(0.25), f_time=1.29(1.80), b_time=1.54(2.06), lr=0.0038042876236978503
/bin/sh: line 1: gpustat: command not found
2026-03-12 15:57:01,828   INFO  
2026-03-12 15:58:41,276   INFO  epoch: 3/6, acc_iter=143150, cur_iter=32761/36796, batch_size=4, time_cost(epoch): 18:42:40/2:18:16, time_cost(all): 45:58:09/44:20:05, loss=1.1389755010604858, d_time=0.24(0.25), f_time=1.54(1.80), b_time=1.79(2.06), lr=0.0038008598828978774
2026-03-12 16:00:23,280   INFO  epoch: 3/6, acc_iter=143200, cur_iter=32811/36796, batch_size=4, time_cost(epoch): 18:44:22/2:16:33, time_cost(all): 45:59:51/44:18:20, loss=1.3269928693771362, d_time=0.25(0.25), f_time=2.71(1.80), b_time=2.96(2.06), lr=0.0037974310160130216
2026-03-12 16:01:01,233   INFO  Save latest model to /storage/project/r-gchou3-0/spanse30/MSF/output/cfgs/waymo_models/msf_8frames/default/ckpt/latest_model
2026-03-12 16:02:04,380   INFO  epoch: 3/6, acc_iter=143250, cur_iter=32861/36796, batch_size=4, time_cost(epoch): 18:46:03/2:14:50, time_cost(all): 46:01:32/44:16:34, loss=1.402912974357605, d_time=0.25(0.25), f_time=2.03(1.80), b_time=2.28(2.06), lr=0.0037940010278647725
/bin/sh: line 1: gpustat: command not found
2026-03-12 16:02:04,658   INFO  
2026-03-12 16:03:44,698   INFO  epoch: 3/6, acc_iter=143300, cur_iter=32911/36796, batch_size=4, time_cost(epoch): 18:47:43/2:13:07, time_cost(all): 46:03:12/44:14:45, loss=1.5517715215682983, d_time=0.24(0.25), f_time=2.30(1.80), b_time=2.55(2.06), lr=0.0037905699232762013
2026-03-12 16:05:24,938   INFO  epoch: 3/6, acc_iter=143350, cur_iter=32961/36796, batch_size=4, time_cost(epoch): 18:49:24/2:11:24, time_cost(all): 46:04:53/44:12:56, loss=1.432401180267334, d_time=0.25(0.25), f_time=2.36(1.80), b_time=2.61(2.06), lr=0.0037871377070719464
2026-03-12 16:06:02,080   INFO  Save latest model to /storage/project/r-gchou3-0/spanse30/MSF/output/cfgs/waymo_models/msf_8frames/default/ckpt/latest_model
2026-03-12 16:07:05,545   INFO  epoch: 3/6, acc_iter=143400, cur_iter=33011/36796, batch_size=4, time_cost(epoch): 18:51:04/2:09:41, time_cost(all): 46:06:33/44:11:08, loss=1.459980845451355, d_time=0.24(0.25), f_time=1.87(1.80), b_time=2.12(2.06), lr=0.003783704384078209
/bin/sh: line 1: gpustat: command not found
2026-03-12 16:07:05,820   INFO  
2026-03-12 16:08:46,988   INFO  epoch: 3/6, acc_iter=143450, cur_iter=33061/36796, batch_size=4, time_cost(epoch): 18:52:46/2:07:58, time_cost(all): 46:08:15/44:09:22, loss=0.9777835607528687, d_time=0.25(0.25), f_time=1.48(1.80), b_time=1.73(2.06), lr=0.0037802699591227484
2026-03-12 16:10:28,305   INFO  epoch: 3/6, acc_iter=143500, cur_iter=33111/36796, batch_size=4, time_cost(epoch): 18:54:27/2:06:15, time_cost(all): 46:09:56/44:07:36, loss=1.180946707725525, d_time=0.25(0.25), f_time=1.92(1.80), b_time=2.17(2.06), lr=0.003776834437034871
2026-03-12 16:11:01,345   INFO  Save latest model to /storage/project/r-gchou3-0/spanse30/MSF/output/cfgs/waymo_models/msf_8frames/default/ckpt/latest_model
2026-03-12 16:12:08,194   INFO  epoch: 3/6, acc_iter=143550, cur_iter=33161/36796, batch_size=4, time_cost(epoch): 18:56:07/2:04:32, time_cost(all): 46:11:36/44:05:47, loss=1.550363302230835, d_time=0.25(0.25), f_time=1.59(1.80), b_time=1.84(2.06), lr=0.0037733978226454296
/bin/sh: line 1: gpustat: command not found
2026-03-12 16:12:08,479   INFO  
2026-03-12 16:13:54,873   INFO  epoch: 3/6, acc_iter=143600, cur_iter=33211/36796, batch_size=4, time_cost(epoch): 18:57:54/2:02:49, time_cost(all): 46:13:22/44:04:13, loss=1.3648134469985962, d_time=0.25(0.25), f_time=2.21(1.80), b_time=2.47(2.06), lr=0.003769960120786809
2026-03-12 16:15:39,236   INFO  epoch: 3/6, acc_iter=143650, cur_iter=33261/36796, batch_size=4, time_cost(epoch): 18:59:38/2:01:07, time_cost(all): 46:15:07/44:02:34, loss=1.275223970413208, d_time=0.25(0.25), f_time=1.79(1.80), b_time=2.04(2.06), lr=0.0037665213362929255
2026-03-12 16:16:02,395   INFO  Save latest model to /storage/project/r-gchou3-0/spanse30/MSF/output/cfgs/waymo_models/msf_8frames/default/ckpt/latest_model
2026-03-12 16:17:21,684   INFO  epoch: 3/6, acc_iter=143700, cur_iter=33311/36796, batch_size=4, time_cost(epoch): 19:01:20/1:59:24, time_cost(all): 46:16:49/44:00:50, loss=1.2075616121292114, d_time=0.25(0.25), f_time=1.51(1.80), b_time=1.76(2.06), lr=0.0037630814739992163
/bin/sh: line 1: gpustat: command not found
2026-03-12 16:17:21,965   INFO  
2026-03-12 16:19:03,831   INFO  epoch: 3/6, acc_iter=143750, cur_iter=33361/36796, batch_size=4, time_cost(epoch): 19:03:03/1:57:41, time_cost(all): 46:18:31/43:59:06, loss=1.4657068252563477, d_time=0.25(0.25), f_time=2.14(1.80), b_time=2.39(2.06), lr=0.0037596405387426354
2026-03-12 16:20:43,363   INFO  epoch: 3/6, acc_iter=143800, cur_iter=33411/36796, batch_size=4, time_cost(epoch): 19:04:42/1:55:58, time_cost(all): 46:20:11/43:57:16, loss=0.9303649663925171, d_time=0.25(0.25), f_time=1.21(1.80), b_time=1.46(2.06), lr=0.0037561985353616466
2026-03-12 16:21:02,564   INFO  Save latest model to /storage/project/r-gchou3-0/spanse30/MSF/output/cfgs/waymo_models/msf_8frames/default/ckpt/latest_model
2026-03-12 16:22:24,108   INFO  epoch: 3/6, acc_iter=143850, cur_iter=33461/36796, batch_size=4, time_cost(epoch): 19:06:23/1:54:15, time_cost(all): 46:21:52/43:55:28, loss=2.020493507385254, d_time=0.25(0.25), f_time=1.80(1.80), b_time=2.05(2.06), lr=0.0037527554686962103
/bin/sh: line 1: gpustat: command not found
2026-03-12 16:22:24,388   INFO  
2026-03-12 16:24:07,511   INFO  epoch: 3/6, acc_iter=143900, cur_iter=33511/36796, batch_size=4, time_cost(epoch): 19:08:06/1:52:32, time_cost(all): 46:23:35/43:53:47, loss=1.4264501333236694, d_time=0.24(0.25), f_time=2.05(1.80), b_time=2.30(2.06), lr=0.003749311343587791
2026-03-12 16:25:50,475   INFO  epoch: 3/6, acc_iter=143950, cur_iter=33561/36796, batch_size=4, time_cost(epoch): 19:09:49/1:50:49, time_cost(all): 46:25:18/43:52:04, loss=0.988653302192688, d_time=0.25(0.25), f_time=0.82(1.80), b_time=1.07(2.06), lr=0.003745866164879332
2026-03-12 16:26:02,802   INFO  Save latest model to /storage/project/r-gchou3-0/spanse30/MSF/output/cfgs/waymo_models/msf_8frames/default/ckpt/latest_model
2026-03-12 16:27:32,242   INFO  epoch: 3/6, acc_iter=144000, cur_iter=33611/36796, batch_size=4, time_cost(epoch): 19:11:31/1:49:06, time_cost(all): 46:27:00/43:50:19, loss=1.1434834003448486, d_time=0.25(0.25), f_time=1.18(1.80), b_time=1.43(2.06), lr=0.003742419937415264
/bin/sh: line 1: gpustat: command not found
2026-03-12 16:27:32,582   INFO  
2026-03-12 16:29:17,534   INFO  epoch: 3/6, acc_iter=144050, cur_iter=33661/36796, batch_size=4, time_cost(epoch): 19:13:16/1:47:24, time_cost(all): 46:28:45/43:48:42, loss=1.5004736185073853, d_time=0.25(0.25), f_time=1.68(1.80), b_time=1.93(2.06), lr=0.003738972666041492
2026-03-12 16:31:01,111   INFO  epoch: 3/6, acc_iter=144100, cur_iter=33711/36796, batch_size=4, time_cost(epoch): 19:15:00/1:45:41, time_cost(all): 46:30:29/43:47:01, loss=1.4536288976669312, d_time=0.25(0.25), f_time=1.61(1.80), b_time=1.86(2.06), lr=0.003735524355605387
2026-03-12 16:31:01,282   INFO  Save latest model to /storage/project/r-gchou3-0/spanse30/MSF/output/cfgs/waymo_models/msf_8frames/default/ckpt/latest_model
2026-03-12 16:32:44,502   INFO  epoch: 3/6, acc_iter=144150, cur_iter=33761/36796, batch_size=4, time_cost(epoch): 19:16:43/1:43:58, time_cost(all): 46:32:12/43:45:20, loss=1.3582332134246826, d_time=0.26(0.25), f_time=2.25(1.80), b_time=2.51(2.06), lr=0.00373207501095578
/bin/sh: line 1: gpustat: command not found
2026-03-12 16:32:44,826   INFO  
2026-03-12 16:34:32,780   INFO  epoch: 3/6, acc_iter=144200, cur_iter=33811/36796, batch_size=4, time_cost(epoch): 19:18:32/1:42:16, time_cost(all): 46:34:00/43:43:50, loss=1.3674359321594238, d_time=0.25(0.25), f_time=2.04(1.80), b_time=2.29(2.06), lr=0.0037286246369429626
2026-03-12 16:36:02,862   INFO  Save latest model to /storage/project/r-gchou3-0/spanse30/MSF/output/cfgs/waymo_models/msf_8frames/default/ckpt/latest_model
2026-03-12 16:36:20,732   INFO  epoch: 3/6, acc_iter=144250, cur_iter=33861/36796, batch_size=4, time_cost(epoch): 19:20:20/1:40:34, time_cost(all): 46:35:48/43:42:18, loss=1.1532630920410156, d_time=0.25(0.25), f_time=1.90(1.80), b_time=2.15(2.06), lr=0.0037251732384186646
2026-03-12 16:38:08,436   INFO  epoch: 3/6, acc_iter=144300, cur_iter=33911/36796, batch_size=4, time_cost(epoch): 19:22:07/1:38:51, time_cost(all): 46:37:36/43:40:47, loss=1.2079484462738037, d_time=0.25(0.25), f_time=1.87(1.80), b_time=2.12(2.06), lr=0.0037217208202360635
/bin/sh: line 1: gpustat: command not found
2026-03-12 16:38:08,784   INFO  
2026-03-12 16:39:55,337   INFO  epoch: 3/6, acc_iter=144350, cur_iter=33961/36796, batch_size=4, time_cost(epoch): 19:23:54/1:37:09, time_cost(all): 46:39:23/43:39:13, loss=1.3402786254882812, d_time=0.25(0.25), f_time=1.61(1.80), b_time=1.86(2.06), lr=0.0037182673872497678
2026-03-12 16:41:01,077   INFO  Save latest model to /storage/project/r-gchou3-0/spanse30/MSF/output/cfgs/waymo_models/msf_8frames/default/ckpt/latest_model
2026-03-12 16:41:37,021   INFO  epoch: 3/6, acc_iter=144400, cur_iter=34011/36796, batch_size=4, time_cost(epoch): 19:25:36/1:35:26, time_cost(all): 46:41:05/43:37:28, loss=1.4735701084136963, d_time=0.28(0.25), f_time=1.12(1.80), b_time=1.40(2.06), lr=0.0037148129443158144
2026-03-12 16:43:21,001   INFO  epoch: 3/6, acc_iter=144450, cur_iter=34061/36796, batch_size=4, time_cost(epoch): 19:27:20/1:33:43, time_cost(all): 46:42:49/43:35:48, loss=1.399339199066162, d_time=0.25(0.25), f_time=1.88(1.80), b_time=2.13(2.06), lr=0.0037113574962916586
/bin/sh: line 1: gpustat: command not found
2026-03-12 16:43:21,326   INFO  
2026-03-12 16:45:09,342   INFO  epoch: 3/6, acc_iter=144500, cur_iter=34111/36796, batch_size=4, time_cost(epoch): 19:29:08/1:32:01, time_cost(all): 46:44:37/43:34:17, loss=1.557752013206482, d_time=0.25(0.25), f_time=2.21(1.80), b_time=2.46(2.06), lr=0.0037079010480361684
2026-03-12 16:46:02,098   INFO  Save latest model to /storage/project/r-gchou3-0/spanse30/MSF/output/cfgs/waymo_models/msf_8frames/default/ckpt/latest_model
2026-03-12 16:46:59,510   INFO  epoch: 3/6, acc_iter=144550, cur_iter=34161/36796, batch_size=4, time_cost(epoch): 19:30:58/1:30:19, time_cost(all): 46:46:27/43:32:51, loss=0.9246549606323242, d_time=0.25(0.25), f_time=1.00(1.80), b_time=1.25(2.06), lr=0.003704443604409622
2026-03-12 16:48:43,299   INFO  epoch: 3/6, acc_iter=144600, cur_iter=34211/36796, batch_size=4, time_cost(epoch): 19:32:42/1:28:36, time_cost(all): 46:48:11/43:31:10, loss=1.0274028778076172, d_time=0.25(0.25), f_time=1.18(1.80), b_time=1.43(2.06), lr=0.0037009851702736935
/bin/sh: line 1: gpustat: command not found
2026-03-12 16:48:43,646   INFO  
2026-03-12 16:50:29,131   INFO  epoch: 3/6, acc_iter=144650, cur_iter=34261/36796, batch_size=4, time_cost(epoch): 19:34:28/1:26:53, time_cost(all): 46:49:57/43:29:34, loss=1.1097389459609985, d_time=0.25(0.25), f_time=1.78(1.80), b_time=2.03(2.06), lr=0.0036975257504914517
2026-03-12 16:51:03,270   INFO  Save latest model to /storage/project/r-gchou3-0/spanse30/MSF/output/cfgs/waymo_models/msf_8frames/default/ckpt/latest_model
2026-03-12 16:52:16,250   INFO  epoch: 3/6, acc_iter=144700, cur_iter=34311/36796, batch_size=4, time_cost(epoch): 19:36:15/1:25:11, time_cost(all): 46:51:44/43:28:00, loss=1.1379220485687256, d_time=0.25(0.25), f_time=2.25(1.80), b_time=2.50(2.06), lr=0.00369406534992735
2026-03-12 16:53:58,675   INFO  epoch: 3/6, acc_iter=144750, cur_iter=34361/36796, batch_size=4, time_cost(epoch): 19:37:57/1:23:28, time_cost(all): 46:53:26/43:26:17, loss=1.1423370838165283, d_time=0.25(0.25), f_time=1.81(1.80), b_time=2.06(2.06), lr=0.0036906039734472236
/bin/sh: line 1: gpustat: command not found
2026-03-12 16:53:58,950   INFO  
2026-03-12 16:55:41,668   INFO  epoch: 3/6, acc_iter=144800, cur_iter=34411/36796, batch_size=4, time_cost(epoch): 19:39:40/1:21:45, time_cost(all): 46:55:09/43:24:34, loss=0.8328264951705933, d_time=0.25(0.25), f_time=1.56(1.80), b_time=1.81(2.06), lr=0.003687141625918276
2026-03-12 16:56:01,133   INFO  Save latest model to /storage/project/r-gchou3-0/spanse30/MSF/output/cfgs/waymo_models/msf_8frames/default/ckpt/latest_model
2026-03-12 16:57:23,631   INFO  epoch: 3/6, acc_iter=144850, cur_iter=34461/36796, batch_size=4, time_cost(epoch): 19:41:22/1:20:02, time_cost(all): 46:56:51/43:22:49, loss=1.1712079048156738, d_time=0.25(0.25), f_time=2.51(1.80), b_time=2.76(2.06), lr=0.0036836783122090795
2026-03-12 16:59:03,329   INFO  epoch: 3/6, acc_iter=144900, cur_iter=34511/36796, batch_size=4, time_cost(epoch): 19:43:02/1:18:19, time_cost(all): 46:58:31/43:21:00, loss=1.2627856731414795, d_time=0.25(0.25), f_time=1.16(1.80), b_time=1.41(2.06), lr=0.003680214037189564
/bin/sh: line 1: gpustat: command not found
2026-03-12 16:59:03,618   INFO  
2026-03-12 17:00:45,689   INFO  epoch: 3/6, acc_iter=144950, cur_iter=34561/36796, batch_size=4, time_cost(epoch): 19:44:44/1:16:36, time_cost(all): 47:00:13/43:19:16, loss=1.197522521018982, d_time=0.25(0.25), f_time=1.82(1.80), b_time=2.07(2.06), lr=0.0036767488057310106
2026-03-12 17:01:02,048   INFO  Save latest model to /storage/project/r-gchou3-0/spanse30/MSF/output/cfgs/waymo_models/msf_8frames/default/ckpt/latest_model
2026-03-12 17:02:29,047   INFO  epoch: 3/6, acc_iter=145000, cur_iter=34611/36796, batch_size=4, time_cost(epoch): 19:46:28/1:14:54, time_cost(all): 47:01:57/43:17:34, loss=1.4706149101257324, d_time=0.25(0.25), f_time=1.50(1.80), b_time=1.75(2.06), lr=0.003673282622706045
2026-03-12 17:04:15,491   INFO  epoch: 3/6, acc_iter=145050, cur_iter=34661/36796, batch_size=4, time_cost(epoch): 19:48:14/1:13:11, time_cost(all): 47:03:43/43:15:59, loss=1.8810477256774902, d_time=0.25(0.25), f_time=2.02(1.80), b_time=2.27(2.06), lr=0.0036698154929886324
/bin/sh: line 1: gpustat: command not found
2026-03-12 17:04:15,778   INFO  
2026-03-12 17:05:54,191   INFO  epoch: 3/6, acc_iter=145100, cur_iter=34711/36796, batch_size=4, time_cost(epoch): 19:49:53/1:11:28, time_cost(all): 47:05:22/43:14:07, loss=1.0581481456756592, d_time=0.24(0.25), f_time=1.58(1.80), b_time=1.82(2.06), lr=0.0036663474214540686
2026-03-12 17:06:02,246   INFO  Save latest model to /storage/project/r-gchou3-0/spanse30/MSF/output/cfgs/waymo_models/msf_8frames/default/ckpt/latest_model
2026-03-12 17:07:37,092   INFO  epoch: 3/6, acc_iter=145150, cur_iter=34761/36796, batch_size=4, time_cost(epoch): 19:51:36/1:09:45, time_cost(all): 47:07:05/43:12:25, loss=1.2929680347442627, d_time=0.24(0.25), f_time=1.30(1.80), b_time=1.54(2.06), lr=0.003662878412978971
2026-03-12 17:09:20,721   INFO  epoch: 3/6, acc_iter=145200, cur_iter=34811/36796, batch_size=4, time_cost(epoch): 19:53:20/1:08:02, time_cost(all): 47:08:48/43:10:43, loss=1.5869972705841064, d_time=0.25(0.25), f_time=1.79(1.80), b_time=2.04(2.06), lr=0.003659408472441281
/bin/sh: line 1: gpustat: command not found
2026-03-12 17:09:20,998   INFO  
2026-03-12 17:11:01,269   INFO  Save latest model to /storage/project/r-gchou3-0/spanse30/MSF/output/cfgs/waymo_models/msf_8frames/default/ckpt/latest_model
2026-03-12 17:11:05,079   INFO  epoch: 3/6, acc_iter=145250, cur_iter=34861/36796, batch_size=4, time_cost(epoch): 19:55:04/1:06:19, time_cost(all): 47:10:33/43:09:04, loss=1.118033766746521, d_time=0.25(0.25), f_time=1.56(1.80), b_time=1.81(2.06), lr=0.0036559376047202437
2026-03-12 17:12:50,661   INFO  epoch: 3/6, acc_iter=145300, cur_iter=34911/36796, batch_size=4, time_cost(epoch): 19:56:49/1:04:37, time_cost(all): 47:12:18/43:07:27, loss=1.2549914121627808, d_time=0.25(0.25), f_time=1.53(1.80), b_time=1.78(2.06), lr=0.0036524658146964107
2026-03-12 17:14:33,959   INFO  epoch: 3/6, acc_iter=145350, cur_iter=34961/36796, batch_size=4, time_cost(epoch): 19:58:33/1:02:54, time_cost(all): 47:14:02/43:05:45, loss=1.3658535480499268, d_time=0.25(0.25), f_time=2.06(1.80), b_time=2.31(2.06), lr=0.003648993107251632
/bin/sh: line 1: gpustat: command not found
2026-03-12 17:14:34,236   INFO  
2026-03-12 17:16:02,367   INFO  Save latest model to /storage/project/r-gchou3-0/spanse30/MSF/output/cfgs/waymo_models/msf_8frames/default/ckpt/latest_model
2026-03-12 17:16:20,281   INFO  epoch: 3/6, acc_iter=145400, cur_iter=35011/36796, batch_size=4, time_cost(epoch): 20:00:19/1:01:11, time_cost(all): 47:15:48/43:04:10, loss=1.280895471572876, d_time=0.25(0.25), f_time=2.45(1.80), b_time=2.70(2.06), lr=0.003645519487269046
2026-03-12 17:18:03,518   INFO  epoch: 3/6, acc_iter=145450, cur_iter=35061/36796, batch_size=4, time_cost(epoch): 20:02:02/59:28, time_cost(all): 47:17:31/43:02:28, loss=1.3154754638671875, d_time=0.25(0.25), f_time=1.82(1.80), b_time=2.07(2.06), lr=0.0036420449596330754
2026-03-12 17:19:48,563   INFO  epoch: 3/6, acc_iter=145500, cur_iter=35111/36796, batch_size=4, time_cost(epoch): 20:03:47/57:46, time_cost(all): 47:19:16/43:00:50, loss=1.3468587398529053, d_time=0.25(0.25), f_time=2.26(1.80), b_time=2.51(2.06), lr=0.003638569529229415
/bin/sh: line 1: gpustat: command not found
2026-03-12 17:19:48,839   INFO  
2026-03-12 17:21:01,414   INFO  Save latest model to /storage/project/r-gchou3-0/spanse30/MSF/output/cfgs/waymo_models/msf_8frames/default/ckpt/latest_model
2026-03-12 17:21:31,791   INFO  epoch: 3/6, acc_iter=145550, cur_iter=35161/36796, batch_size=4, time_cost(epoch): 20:05:31/56:03, time_cost(all): 47:20:59/42:59:08, loss=1.14199697971344, d_time=0.25(0.25), f_time=1.97(1.80), b_time=2.22(2.06), lr=0.003635093200945037
2026-03-12 17:23:13,319   INFO  epoch: 3/6, acc_iter=145600, cur_iter=35211/36796, batch_size=4, time_cost(epoch): 20:07:12/54:20, time_cost(all): 47:22:41/42:57:22, loss=1.190302848815918, d_time=0.25(0.25), f_time=1.67(1.80), b_time=1.92(2.06), lr=0.0036316159796681673
2026-03-12 17:24:53,512   INFO  epoch: 3/6, acc_iter=145650, cur_iter=35261/36796, batch_size=4, time_cost(epoch): 20:08:52/52:37, time_cost(all): 47:24:21/42:55:33, loss=1.1413886547088623, d_time=0.25(0.25), f_time=1.70(1.80), b_time=1.95(2.06), lr=0.003628137870288294
/bin/sh: line 1: gpustat: command not found
2026-03-12 17:24:53,794   INFO  
2026-03-12 17:26:02,357   INFO  Save latest model to /storage/project/r-gchou3-0/spanse30/MSF/output/cfgs/waymo_models/msf_8frames/default/ckpt/latest_model
2026-03-12 17:26:40,649   INFO  epoch: 3/6, acc_iter=145700, cur_iter=35311/36796, batch_size=4, time_cost(epoch): 20:10:39/50:54, time_cost(all): 47:26:08/42:54:00, loss=1.2100520133972168, d_time=0.25(0.25), f_time=1.95(1.80), b_time=2.20(2.06), lr=0.003624658877696151
2026-03-12 17:28:22,393   INFO  epoch: 3/6, acc_iter=145750, cur_iter=35361/36796, batch_size=4, time_cost(epoch): 20:12:21/49:11, time_cost(all): 47:27:50/42:52:14, loss=1.1584584712982178, d_time=0.25(0.25), f_time=1.72(1.80), b_time=1.96(2.06), lr=0.003621179006783715
2026-03-12 17:30:05,474   INFO  epoch: 3/6, acc_iter=145800, cur_iter=35411/36796, batch_size=4, time_cost(epoch): 20:14:04/47:29, time_cost(all): 47:29:33/42:50:32, loss=1.01332426071167, d_time=0.24(0.25), f_time=1.13(1.80), b_time=1.37(2.06), lr=0.003617698262444197
/bin/sh: line 1: gpustat: command not found
2026-03-12 17:30:05,750   INFO  
2026-03-12 17:31:01,898   INFO  Save latest model to /storage/project/r-gchou3-0/spanse30/MSF/output/cfgs/waymo_models/msf_8frames/default/ckpt/latest_model
2026-03-12 17:31:45,660   INFO  epoch: 3/6, acc_iter=145850, cur_iter=35461/36796, batch_size=4, time_cost(epoch): 20:15:44/45:46, time_cost(all): 47:31:13/42:48:44, loss=1.71238374710083, d_time=0.25(0.25), f_time=1.78(1.80), b_time=2.03(2.06), lr=0.0036142166495720376
2026-03-12 17:33:28,135   INFO  epoch: 3/6, acc_iter=145900, cur_iter=35511/36796, batch_size=4, time_cost(epoch): 20:17:27/44:03, time_cost(all): 47:32:56/42:47:00, loss=1.4260447025299072, d_time=0.25(0.25), f_time=2.96(1.80), b_time=3.20(2.06), lr=0.003610734173062898
2026-03-12 17:35:13,503   INFO  epoch: 3/6, acc_iter=145950, cur_iter=35561/36796, batch_size=4, time_cost(epoch): 20:19:12/42:20, time_cost(all): 47:34:41/42:45:22, loss=2.042379140853882, d_time=0.25(0.25), f_time=1.72(1.80), b_time=1.97(2.06), lr=0.003607250837813653
/bin/sh: line 1: gpustat: command not found
2026-03-12 17:35:13,783   INFO  
2026-03-12 17:36:03,041   INFO  Save latest model to /storage/project/r-gchou3-0/spanse30/MSF/output/cfgs/waymo_models/msf_8frames/default/ckpt/latest_model
2026-03-12 17:36:55,431   INFO  epoch: 3/6, acc_iter=146000, cur_iter=35611/36796, batch_size=4, time_cost(epoch): 20:20:54/40:37, time_cost(all): 47:36:23/42:43:38, loss=1.1629486083984375, d_time=0.25(0.25), f_time=1.57(1.80), b_time=1.82(2.06), lr=0.0036037666487223844
2026-03-12 17:38:36,790   INFO  epoch: 3/6, acc_iter=146050, cur_iter=35661/36796, batch_size=4, time_cost(epoch): 20:22:36/38:54, time_cost(all): 47:38:04/42:41:52, loss=1.2233681678771973, d_time=0.25(0.25), f_time=1.32(1.80), b_time=1.57(2.06), lr=0.0036002816106883774
2026-03-12 17:40:18,709   INFO  epoch: 3/6, acc_iter=146100, cur_iter=35711/36796, batch_size=4, time_cost(epoch): 20:24:17/37:11, time_cost(all): 47:39:46/42:40:07, loss=1.3561232089996338, d_time=0.25(0.25), f_time=2.10(1.80), b_time=2.35(2.06), lr=0.003596795728612109
/bin/sh: line 1: gpustat: command not found
2026-03-12 17:40:18,987   INFO  
2026-03-12 17:41:02,493   INFO  Save latest model to /storage/project/r-gchou3-0/spanse30/MSF/output/cfgs/waymo_models/msf_8frames/default/ckpt/latest_model
2026-03-12 17:42:00,939   INFO  epoch: 3/6, acc_iter=146150, cur_iter=35761/36796, batch_size=4, time_cost(epoch): 20:26:00/35:28, time_cost(all): 47:41:29/42:38:23, loss=1.3407385349273682, d_time=0.26(0.25), f_time=1.32(1.80), b_time=1.58(2.06), lr=0.0035933090073952422
2026-03-12 17:43:45,501   INFO  epoch: 3/6, acc_iter=146200, cur_iter=35811/36796, batch_size=4, time_cost(epoch): 20:27:44/33:46, time_cost(all): 47:43:13/42:36:43, loss=1.558103084564209, d_time=0.25(0.25), f_time=1.41(1.80), b_time=1.66(2.06), lr=0.0035898214519406234
2026-03-12 17:45:25,505   INFO  epoch: 3/6, acc_iter=146250, cur_iter=35861/36796, batch_size=4, time_cost(epoch): 20:29:24/32:03, time_cost(all): 47:44:53/42:34:55, loss=1.195225715637207, d_time=0.25(0.25), f_time=1.71(1.80), b_time=1.96(2.06), lr=0.0035863330671522674
/bin/sh: line 1: gpustat: command not found
2026-03-12 17:45:25,782   INFO  
2026-03-12 17:46:02,287   INFO  Save latest model to /storage/project/r-gchou3-0/spanse30/MSF/output/cfgs/waymo_models/msf_8frames/default/ckpt/latest_model
2026-03-12 17:47:10,771   INFO  epoch: 3/6, acc_iter=146300, cur_iter=35911/36796, batch_size=4, time_cost(epoch): 20:31:10/30:20, time_cost(all): 47:46:38/42:33:17, loss=1.1103103160858154, d_time=0.28(0.25), f_time=1.48(1.80), b_time=1.76(2.06), lr=0.0035828438579353587
2026-03-12 17:48:56,278   INFO  epoch: 3/6, acc_iter=146350, cur_iter=35961/36796, batch_size=4, time_cost(epoch): 20:32:55/28:37, time_cost(all): 47:48:24/42:31:39, loss=1.2637591361999512, d_time=0.25(0.25), f_time=2.11(1.80), b_time=2.36(2.06), lr=0.0035793538291962394
2026-03-12 17:50:35,608   INFO  epoch: 3/6, acc_iter=146400, cur_iter=36011/36796, batch_size=4, time_cost(epoch): 20:34:34/26:54, time_cost(all): 47:50:03/42:29:49, loss=1.2606850862503052, d_time=0.24(0.25), f_time=1.48(1.80), b_time=1.73(2.06), lr=0.003575862985842404
/bin/sh: line 1: gpustat: command not found
2026-03-12 17:50:35,890   INFO  
2026-03-12 17:51:01,485   INFO  Save latest model to /storage/project/r-gchou3-0/spanse30/MSF/output/cfgs/waymo_models/msf_8frames/default/ckpt/latest_model
2026-03-12 17:52:18,321   INFO  epoch: 3/6, acc_iter=146450, cur_iter=36061/36796, batch_size=4, time_cost(epoch): 20:36:17/25:11, time_cost(all): 47:51:46/42:28:06, loss=1.471531629562378, d_time=0.25(0.25), f_time=1.84(1.80), b_time=2.09(2.06), lr=0.0035723713327824955
2026-03-12 17:54:02,625   INFO  epoch: 3/6, acc_iter=146500, cur_iter=36111/36796, batch_size=4, time_cost(epoch): 20:38:01/23:29, time_cost(all): 47:53:30/42:26:26, loss=1.3814438581466675, d_time=0.25(0.25), f_time=2.10(1.80), b_time=2.35(2.06), lr=0.003568878874926289
2026-03-12 17:55:45,546   INFO  epoch: 3/6, acc_iter=146550, cur_iter=36161/36796, batch_size=4, time_cost(epoch): 20:39:44/21:46, time_cost(all): 47:55:13/42:24:44, loss=1.394944429397583, d_time=0.25(0.25), f_time=2.06(1.80), b_time=2.31(2.06), lr=0.0035653856171846987
/bin/sh: line 1: gpustat: command not found
2026-03-12 17:55:45,822   INFO  
2026-03-12 17:56:02,633   INFO  Save latest model to /storage/project/r-gchou3-0/spanse30/MSF/output/cfgs/waymo_models/msf_8frames/default/ckpt/latest_model
2026-03-12 17:57:27,374   INFO  epoch: 3/6, acc_iter=146600, cur_iter=36211/36796, batch_size=4, time_cost(epoch): 20:41:26/20:03, time_cost(all): 47:56:55/42:22:59, loss=1.254933476448059, d_time=0.25(0.25), f_time=1.90(1.80), b_time=2.15(2.06), lr=0.0035618915644697576
2026-03-12 17:59:12,653   INFO  epoch: 3/6, acc_iter=146650, cur_iter=36261/36796, batch_size=4, time_cost(epoch): 20:43:11/18:20, time_cost(all): 47:58:40/42:21:21, loss=1.0055947303771973, d_time=0.25(0.25), f_time=1.26(1.80), b_time=1.51(2.06), lr=0.00355839672169462
2026-03-12 18:00:56,325   INFO  epoch: 3/6, acc_iter=146700, cur_iter=36311/36796, batch_size=4, time_cost(epoch): 20:44:55/16:37, time_cost(all): 48:00:24/42:19:40, loss=1.3573442697525024, d_time=0.25(0.25), f_time=1.96(1.80), b_time=2.21(2.06), lr=0.0035549010937735498
/bin/sh: line 1: gpustat: command not found
2026-03-12 18:00:56,597   INFO  
2026-03-12 18:01:00,949   INFO  Save latest model to /storage/project/r-gchou3-0/spanse30/MSF/output/cfgs/waymo_models/msf_8frames/default/ckpt/latest_model
2026-03-12 18:02:39,042   INFO  epoch: 3/6, acc_iter=146750, cur_iter=36361/36796, batch_size=4, time_cost(epoch): 20:46:38/14:54, time_cost(all): 48:02:07/42:17:56, loss=1.1829804182052612, d_time=0.25(0.25), f_time=1.65(1.80), b_time=1.90(2.06), lr=0.0035514046856219153
2026-03-12 18:04:21,450   INFO  epoch: 3/6, acc_iter=146800, cur_iter=36411/36796, batch_size=4, time_cost(epoch): 20:48:20/13:11, time_cost(all): 48:03:49/42:16:13, loss=1.44720458984375, d_time=0.25(0.25), f_time=1.87(1.80), b_time=2.12(2.06), lr=0.003547907502156182
2026-03-12 18:06:00,696   INFO  epoch: 3/6, acc_iter=146850, cur_iter=36461/36796, batch_size=4, time_cost(epoch): 20:49:59/11:29, time_cost(all): 48:05:28/42:14:23, loss=1.1337491273880005, d_time=0.25(0.25), f_time=1.74(1.80), b_time=1.99(2.06), lr=0.003544409548293905
/bin/sh: line 1: gpustat: command not found
2026-03-12 18:06:00,970   INFO  
2026-03-12 18:06:01,091   INFO  Save latest model to /storage/project/r-gchou3-0/spanse30/MSF/output/cfgs/waymo_models/msf_8frames/default/ckpt/latest_model
2026-03-12 18:07:46,720   INFO  epoch: 3/6, acc_iter=146900, cur_iter=36511/36796, batch_size=4, time_cost(epoch): 20:51:46/09:46, time_cost(all): 48:07:14/42:12:46, loss=1.3636929988861084, d_time=0.25(0.25), f_time=1.90(1.80), b_time=2.14(2.06), lr=0.0035409108289537242
2026-03-12 18:09:30,148   INFO  epoch: 3/6, acc_iter=146950, cur_iter=36561/36796, batch_size=4, time_cost(epoch): 20:53:29/08:03, time_cost(all): 48:08:58/42:11:04, loss=1.1244392395019531, d_time=0.25(0.25), f_time=1.46(1.80), b_time=1.71(2.06), lr=0.003537411349055354
2026-03-12 18:11:02,792   INFO  Save latest model to /storage/project/r-gchou3-0/spanse30/MSF/output/cfgs/waymo_models/msf_8frames/default/ckpt/latest_model
2026-03-12 18:11:14,921   INFO  epoch: 3/6, acc_iter=147000, cur_iter=36611/36796, batch_size=4, time_cost(epoch): 20:55:14/06:20, time_cost(all): 48:10:42/42:09:25, loss=1.1838045120239258, d_time=0.25(0.25), f_time=1.26(1.81), b_time=1.50(2.06), lr=0.0035339111135195785
/bin/sh: line 1: gpustat: command not found
2026-03-12 18:11:15,210   INFO  
2026-03-12 18:12:56,639   INFO  epoch: 3/6, acc_iter=147050, cur_iter=36661/36796, batch_size=4, time_cost(epoch): 20:56:55/04:37, time_cost(all): 48:12:24/42:07:40, loss=1.4134843349456787, d_time=0.25(0.25), f_time=1.73(1.80), b_time=1.98(2.06), lr=0.0035304101272682457
2026-03-12 18:14:38,954   INFO  epoch: 3/6, acc_iter=147100, cur_iter=36711/36796, batch_size=4, time_cost(epoch): 20:58:38/02:54, time_cost(all): 48:14:07/42:05:56, loss=1.0025805234909058, d_time=0.24(0.25), f_time=1.80(1.80), b_time=2.04(2.06), lr=0.0035269083952242587
2026-03-12 18:16:01,097   INFO  Save latest model to /storage/project/r-gchou3-0/spanse30/MSF/output/cfgs/waymo_models/msf_8frames/default/ckpt/latest_model
2026-03-12 18:16:19,513   INFO  epoch: 3/6, acc_iter=147150, cur_iter=36761/36796, batch_size=4, time_cost(epoch): 21:00:18/01:11, time_cost(all): 48:15:47/42:04:09, loss=0.9499204158782959, d_time=0.25(0.25), f_time=1.40(1.80), b_time=1.65(2.06), lr=0.0035234059223115677
/bin/sh: line 1: gpustat: command not found
2026-03-12 18:16:19,867   INFO  
2026-03-12 18:17:25,740   INFO  epoch: 3/6, acc_iter=147184, cur_iter=36795/36796, batch_size=2, time_cost(epoch): 21:01:25/00:02, time_cost(all): 48:16:53/42:02:52, loss=1.379589557647705, d_time=0.25(0.25), f_time=0.80(1.80), b_time=1.05(2.06), lr=0.00352102382005978

                                                [Aepochs:  60%|██████    | 3/5 [48:16:54<35:26:00, 63780.49s/it]
train:   0%|          | 0/36796 [00:00<?, ?it/s][A2026-03-12 18:17:43,797   INFO  epoch: 4/6, acc_iter=147185, cur_iter=0/36796, batch_size=4, time_cost(epoch): 00:16/170:05:08, time_cost(all): 48:17:11/340:10:16, loss=1.0568898916244507, d_time=11.39(11.39), f_time=5.00(5.00), b_time=16.40(16.40), lr=0.003520953753093099
2026-03-12 18:18:13,499   INFO  epoch: 4/6, acc_iter=147200, cur_iter=15/36796, batch_size=4, time_cost(epoch): 00:46/29:35:31, time_cost(all): 48:17:41/59:11:46, loss=1.4302130937576294, d_time=0.25(0.94), f_time=1.63(1.94), b_time=1.88(2.88), lr=0.0035199027134551687
2026-03-12 18:19:55,849   INFO  epoch: 4/6, acc_iter=147250, cur_iter=65/36796, batch_size=4, time_cost(epoch): 02:28/22:59:11, time_cost(all): 48:19:23/46:00:50, loss=1.4239526987075806, d_time=0.25(0.42), f_time=2.33(1.83), b_time=2.58(2.25), lr=0.003516398773581087
2026-03-12 18:21:34,266   INFO  epoch: 4/6, acc_iter=147300, cur_iter=115/36796, batch_size=4, time_cost(epoch): 04:07/21:42:19, time_cost(all): 48:21:02/43:28:44, loss=0.9187089204788208, d_time=0.25(0.34), f_time=1.39(1.78), b_time=1.64(2.13), lr=0.0035128941076163797
/bin/sh: line 1: gpustat: command not found
2026-03-12 18:21:34,547   INFO  
2026-03-12 18:22:28,334   INFO  Save latest model to /storage/project/r-gchou3-0/spanse30/MSF/output/cfgs/waymo_models/msf_8frames/default/ckpt/latest_model
2026-03-12 18:23:19,073   INFO  epoch: 4/6, acc_iter=147350, cur_iter=165/36796, batch_size=4, time_cost(epoch): 05:51/21:34:17, time_cost(all): 48:22:47/43:14:23, loss=1.7662174701690674, d_time=0.25(0.32), f_time=2.45(1.80), b_time=2.70(2.12), lr=0.003509388720489124
2026-03-12 18:25:01,224   INFO  epoch: 4/6, acc_iter=147400, cur_iter=215/36796, batch_size=4, time_cost(epoch): 07:34/21:21:39, time_cost(all): 48:24:29/42:50:50, loss=1.2923035621643066, d_time=0.25(0.30), f_time=1.66(1.80), b_time=1.91(2.10), lr=0.0035058826171284105
2026-03-12 18:26:44,789   INFO  epoch: 4/6, acc_iter=147450, cur_iter=265/36796, batch_size=4, time_cost(epoch): 09:17/21:16:22, time_cost(all): 48:26:12/42:41:59, loss=1.360152006149292, d_time=0.25(0.29), f_time=1.79(1.80), b_time=2.04(2.10), lr=0.003502375802464339
/bin/sh: line 1: gpustat: command not found
2026-03-12 18:26:45,058   INFO  
2026-03-12 18:27:29,138   INFO  Save latest model to /storage/project/r-gchou3-0/spanse30/MSF/output/cfgs/waymo_models/msf_8frames/default/ckpt/latest_model
2026-03-12 18:28:27,864   INFO  epoch: 4/6, acc_iter=147500, cur_iter=315/36796, batch_size=4, time_cost(epoch): 11:00/21:11:16, time_cost(all): 48:27:55/42:33:31, loss=1.8436205387115479, d_time=0.25(0.29), f_time=2.28(1.80), b_time=2.53(2.09), lr=0.003498868281428005
2026-03-12 18:30:12,702   INFO  epoch: 4/6, acc_iter=147550, cur_iter=365/36796, batch_size=4, time_cost(epoch): 12:45/21:10:01, time_cost(all): 48:29:40/42:32:45, loss=1.147869348526001, d_time=0.25(0.28), f_time=2.05(1.81), b_time=2.30(2.09), lr=0.003495360058951504
2026-03-12 18:31:53,853   INFO  epoch: 4/6, acc_iter=147600, cur_iter=415/36796, batch_size=4, time_cost(epoch): 14:26/21:03:16, time_cost(all): 48:31:21/42:20:57, loss=1.4040974378585815, d_time=0.25(0.28), f_time=1.60(1.81), b_time=1.85(2.08), lr=0.0034918511399679108
/bin/sh: line 1: gpustat: command not found
2026-03-12 18:31:54,119   INFO  
2026-03-12 18:32:28,991   INFO  Save latest model to /storage/project/r-gchou3-0/spanse30/MSF/output/cfgs/waymo_models/msf_8frames/default/ckpt/latest_model
2026-03-12 18:33:37,141   INFO  epoch: 4/6, acc_iter=147650, cur_iter=465/36796, batch_size=4, time_cost(epoch): 16:09/21:00:23, time_cost(all): 48:33:05/42:16:54, loss=1.2643777132034302, d_time=0.28(0.28), f_time=1.74(1.81), b_time=2.02(2.08), lr=0.003488341529411284
2026-03-12 18:35:20,429   INFO  epoch: 4/6, acc_iter=147700, cur_iter=515/36796, batch_size=4, time_cost(epoch): 17:53/20:57:43, time_cost(all): 48:34:48/42:13:19, loss=1.4017360210418701, d_time=0.25(0.27), f_time=2.25(1.81), b_time=2.50(2.08), lr=0.0034848312322166538
2026-03-12 18:37:04,666   INFO  epoch: 4/6, acc_iter=147750, cur_iter=565/36796, batch_size=4, time_cost(epoch): 19:37/20:56:15, time_cost(all): 48:36:32/42:12:05, loss=1.5376800298690796, d_time=0.25(0.27), f_time=1.45(1.81), b_time=1.70(2.08), lr=0.0034813202533200156
/bin/sh: line 1: gpustat: command not found
2026-03-12 18:37:04,944   INFO  
2026-03-12 18:37:28,612   INFO  Save latest model to /storage/project/r-gchou3-0/spanse30/MSF/output/cfgs/waymo_models/msf_8frames/default/ckpt/latest_model
2026-03-12 18:38:46,092   INFO  epoch: 4/6, acc_iter=147800, cur_iter=615/36796, batch_size=4, time_cost(epoch): 21:18/20:51:58, time_cost(all): 48:38:14/42:05:14, loss=1.5504642724990845, d_time=0.25(0.27), f_time=1.69(1.81), b_time=1.94(2.08), lr=0.0034778085976583223
2026-03-12 18:40:29,242   INFO  epoch: 4/6, acc_iter=147850, cur_iter=665/36796, batch_size=4, time_cost(epoch): 23:02/20:49:39, time_cost(all): 48:39:57/42:02:18, loss=1.0983057022094727, d_time=0.24(0.27), f_time=0.91(1.81), b_time=1.14(2.07), lr=0.0034742962701694805
2026-03-12 18:42:07,719   INFO  epoch: 4/6, acc_iter=147900, cur_iter=715/36796, batch_size=4, time_cost(epoch): 24:40/20:43:29, time_cost(all): 48:41:35/41:51:36, loss=1.402593970298767, d_time=0.25(0.27), f_time=2.08(1.80), b_time=2.33(2.07), lr=0.003470783275792341
/bin/sh: line 1: gpustat: command not found
2026-03-12 18:42:08,002   INFO  
2026-03-12 18:42:28,544   INFO  Save latest model to /storage/project/r-gchou3-0/spanse30/MSF/output/cfgs/waymo_models/msf_8frames/default/ckpt/latest_model
2026-03-12 18:43:52,926   INFO  epoch: 4/6, acc_iter=147950, cur_iter=765/36796, batch_size=4, time_cost(epoch): 26:25/20:43:11, time_cost(all): 48:43:20/41:52:46, loss=1.3983924388885498, d_time=0.25(0.27), f_time=1.54(1.80), b_time=1.79(2.07), lr=0.003467269619466691
2026-03-12 18:45:35,925   INFO  epoch: 4/6, acc_iter=148000, cur_iter=815/36796, batch_size=4, time_cost(epoch): 28:08/20:41:05, time_cost(all): 48:45:03/41:50:17, loss=1.4333375692367554, d_time=0.25(0.27), f_time=1.66(1.80), b_time=1.90(2.07), lr=0.0034637553061332483
2026-03-12 18:47:16,265   INFO  epoch: 4/6, acc_iter=148050, cur_iter=865/36796, batch_size=4, time_cost(epoch): 29:49/20:37:11, time_cost(all): 48:46:44/41:44:09, loss=1.5315539836883545, d_time=0.25(0.26), f_time=2.03(1.80), b_time=2.28(2.07), lr=0.0034602403407336577
/bin/sh: line 1: gpustat: command not found
2026-03-12 18:47:16,545   INFO  
2026-03-12 18:47:29,111   INFO  Save latest model to /storage/project/r-gchou3-0/spanse30/MSF/output/cfgs/waymo_models/msf_8frames/default/ckpt/latest_model
2026-03-12 18:49:02,228   INFO  epoch: 4/6, acc_iter=148100, cur_iter=915/36796, batch_size=4, time_cost(epoch): 31:35/20:37:12, time_cost(all): 48:48:30/41:45:58, loss=1.4175057411193848, d_time=0.24(0.26), f_time=1.85(1.80), b_time=2.09(2.07), lr=0.0034567247282104776
2026-03-12 18:50:46,419   INFO  epoch: 4/6, acc_iter=148150, cur_iter=965/36796, batch_size=4, time_cost(epoch): 33:19/20:35:56, time_cost(all): 48:50:14/41:45:10, loss=1.0518152713775635, d_time=0.25(0.26), f_time=1.58(1.81), b_time=1.83(2.07), lr=0.0034532084735071768
2026-03-12 18:52:27,825   INFO  epoch: 4/6, acc_iter=148200, cur_iter=1015/36796, batch_size=4, time_cost(epoch): 35:00/20:33:00, time_cost(all): 48:51:55/41:40:59, loss=1.2009153366088867, d_time=0.25(0.26), f_time=1.81(1.81), b_time=2.06(2.07), lr=0.0034496915815681295
/bin/sh: line 1: gpustat: command not found
2026-03-12 18:52:28,099   INFO  
2026-03-12 18:52:28,248   INFO  Save latest model to /storage/project/r-gchou3-0/spanse30/MSF/output/cfgs/waymo_models/msf_8frames/default/ckpt/latest_model
2026-03-12 18:54:08,025   INFO  epoch: 4/6, acc_iter=148250, cur_iter=1065/36796, batch_size=4, time_cost(epoch): 36:40/20:29:30, time_cost(all): 48:53:36/41:35:39, loss=1.331956386566162, d_time=0.25(0.26), f_time=1.80(1.80), b_time=2.05(2.06), lr=0.0034461740573386037
2026-03-12 18:55:53,865   INFO  epoch: 4/6, acc_iter=148300, cur_iter=1115/36796, batch_size=4, time_cost(epoch): 38:26/20:29:10, time_cost(all): 48:55:21/41:36:45, loss=1.5225999355316162, d_time=0.25(0.26), f_time=2.29(1.81), b_time=2.54(2.07), lr=0.003442655905764756
2026-03-12 18:57:29,052   INFO  Save latest model to /storage/project/r-gchou3-0/spanse30/MSF/output/cfgs/waymo_models/msf_8frames/default/ckpt/latest_model
2026-03-12 18:57:38,410   INFO  epoch: 4/6, acc_iter=148350, cur_iter=1165/36796, batch_size=4, time_cost(epoch): 40:11/20:28:03, time_cost(all): 48:57:06/41:36:16, loss=1.0732821226119995, d_time=0.24(0.26), f_time=1.47(1.81), b_time=1.72(2.07), lr=0.0034391371317936273
/bin/sh: line 1: gpustat: command not found
2026-03-12 18:57:38,682   INFO  
2026-03-12 18:59:18,475   INFO  epoch: 4/6, acc_iter=148400, cur_iter=1215/36796, batch_size=4, time_cost(epoch): 41:51/20:24:42, time_cost(all): 48:58:46/41:31:15, loss=1.3860411643981934, d_time=0.25(0.26), f_time=2.05(1.80), b_time=2.30(2.07), lr=0.0034356177403731323
2026-03-12 19:01:01,336   INFO  epoch: 4/6, acc_iter=148450, cur_iter=1265/36796, batch_size=4, time_cost(epoch): 43:34/20:22:48, time_cost(all): 49:00:29/41:29:08, loss=1.1296201944351196, d_time=0.25(0.26), f_time=1.35(1.80), b_time=1.59(2.06), lr=0.0034320977364520546
2026-03-12 19:02:29,067   INFO  Save latest model to /storage/project/r-gchou3-0/spanse30/MSF/output/cfgs/waymo_models/msf_8frames/default/ckpt/latest_model
2026-03-12 19:02:41,688   INFO  epoch: 4/6, acc_iter=148500, cur_iter=1315/36796, batch_size=4, time_cost(epoch): 45:14/20:19:47, time_cost(all): 49:02:09/41:24:46, loss=0.9332219362258911, d_time=0.25(0.26), f_time=1.12(1.80), b_time=1.36(2.06), lr=0.0034285771249800375
/bin/sh: line 1: gpustat: command not found
2026-03-12 19:02:41,977   INFO  
2026-03-12 19:04:24,129   INFO  epoch: 4/6, acc_iter=148550, cur_iter=1365/36796, batch_size=4, time_cost(epoch): 46:56/20:17:45, time_cost(all): 49:03:52/41:22:26, loss=1.7360130548477173, d_time=0.25(0.26), f_time=1.94(1.80), b_time=2.19(2.06), lr=0.0034250559109075818
2026-03-12 19:06:04,253   INFO  epoch: 4/6, acc_iter=148600, cur_iter=1415/36796, batch_size=4, time_cost(epoch): 48:37/20:14:48, time_cost(all): 49:05:32/41:18:11, loss=1.4070535898208618, d_time=0.25(0.26), f_time=1.28(1.80), b_time=1.53(2.06), lr=0.0034215340991860317
2026-03-12 19:07:27,570   INFO  Save latest model to /storage/project/r-gchou3-0/spanse30/MSF/output/cfgs/waymo_models/msf_8frames/default/ckpt/latest_model
2026-03-12 19:07:46,797   INFO  epoch: 4/6, acc_iter=148650, cur_iter=1465/36796, batch_size=4, time_cost(epoch): 50:19/20:12:54, time_cost(all): 49:07:14/41:16:05, loss=1.0826759338378906, d_time=0.25(0.26), f_time=1.95(1.80), b_time=2.19(2.06), lr=0.0034180116947675745
/bin/sh: line 1: gpustat: command not found
2026-03-12 19:07:47,072   INFO  
2026-03-12 19:09:29,642   INFO  epoch: 4/6, acc_iter=148700, cur_iter=1515/36796, batch_size=4, time_cost(epoch): 52:02/20:11:07, time_cost(all): 49:08:57/41:14:16, loss=1.5084569454193115, d_time=0.25(0.26), f_time=2.46(1.80), b_time=2.71(2.06), lr=0.0034144887026052303
2026-03-12 19:11:09,916   INFO  epoch: 4/6, acc_iter=148750, cur_iter=1565/36796, batch_size=4, time_cost(epoch): 53:42/20:08:23, time_cost(all): 49:10:37/41:10:28, loss=1.1168376207351685, d_time=0.25(0.26), f_time=1.98(1.80), b_time=2.23(2.06), lr=0.003410965127652845
2026-03-12 19:12:27,613   INFO  Save latest model to /storage/project/r-gchou3-0/spanse30/MSF/output/cfgs/waymo_models/msf_8frames/default/ckpt/latest_model
2026-03-12 19:12:51,901   INFO  epoch: 4/6, acc_iter=148800, cur_iter=1615/36796, batch_size=4, time_cost(epoch): 55:24/20:06:21, time_cost(all): 49:12:19/41:08:04, loss=1.2654738426208496, d_time=0.25(0.26), f_time=1.83(1.80), b_time=2.08(2.06), lr=0.0034074409748650844
/bin/sh: line 1: gpustat: command not found
2026-03-12 19:12:52,177   INFO  
2026-03-12 19:14:33,886   INFO  epoch: 4/6, acc_iter=148850, cur_iter=1665/36796, batch_size=4, time_cost(epoch): 57:06/20:04:19, time_cost(all): 49:14:01/41:05:43, loss=1.055108904838562, d_time=0.25(0.26), f_time=2.07(1.80), b_time=2.32(2.06), lr=0.0034039162491974278
2026-03-12 19:16:18,974   INFO  epoch: 4/6, acc_iter=148900, cur_iter=1715/36796, batch_size=4, time_cost(epoch): 58:51/20:03:22, time_cost(all): 49:15:47/41:05:34, loss=1.1315479278564453, d_time=0.25(0.26), f_time=1.56(1.80), b_time=1.81(2.06), lr=0.003400390955606159
2026-03-12 19:17:27,576   INFO  Save latest model to /storage/project/r-gchou3-0/spanse30/MSF/output/cfgs/waymo_models/msf_8frames/default/ckpt/latest_model
2026-03-12 19:18:03,077   INFO  epoch: 4/6, acc_iter=148950, cur_iter=1765/36796, batch_size=4, time_cost(epoch): 1:00:35/20:02:03, time_cost(all): 49:17:31/41:04:40, loss=0.9663839340209961, d_time=0.25(0.26), f_time=1.11(1.80), b_time=1.36(2.06), lr=0.0033968650990483587
/bin/sh: line 1: gpustat: command not found
2026-03-12 19:18:03,359   INFO  
2026-03-12 19:19:43,138   INFO  epoch: 4/6, acc_iter=149000, cur_iter=1815/36796, batch_size=4, time_cost(epoch): 1:02:15/19:59:24, time_cost(all): 49:19:11/41:01:03, loss=1.3558030128479004, d_time=0.25(0.26), f_time=1.77(1.80), b_time=2.02(2.06), lr=0.003393338684481904
2026-03-12 19:21:27,102   INFO  epoch: 4/6, acc_iter=149050, cur_iter=1865/36796, batch_size=4, time_cost(epoch): 1:03:59/19:58:02, time_cost(all): 49:20:55/41:00:03, loss=1.4247965812683105, d_time=0.25(0.26), f_time=2.57(1.80), b_time=2.82(2.06), lr=0.003389811716865451
2026-03-12 19:22:27,938   INFO  Save latest model to /storage/project/r-gchou3-0/spanse30/MSF/output/cfgs/waymo_models/msf_8frames/default/ckpt/latest_model
2026-03-12 19:23:11,996   INFO  epoch: 4/6, acc_iter=149100, cur_iter=1915/36796, batch_size=4, time_cost(epoch): 1:05:44/19:56:56, time_cost(all): 49:22:40/40:59:35, loss=1.320670485496521, d_time=0.25(0.26), f_time=1.74(1.80), b_time=1.99(2.06), lr=0.0033862842011584387
/bin/sh: line 1: gpustat: command not found
2026-03-12 19:23:12,278   INFO  
2026-03-12 19:24:53,077   INFO  epoch: 4/6, acc_iter=149150, cur_iter=1965/36796, batch_size=4, time_cost(epoch): 1:07:25/19:54:40, time_cost(all): 49:24:21/40:56:44, loss=1.2203367948532104, d_time=0.25(0.26), f_time=1.42(1.80), b_time=1.67(2.06), lr=0.003382756142321071
2026-03-12 19:26:35,895   INFO  epoch: 4/6, acc_iter=149200, cur_iter=2015/36796, batch_size=4, time_cost(epoch): 1:09:08/19:52:56, time_cost(all): 49:26:03/40:54:58, loss=1.4460866451263428, d_time=0.25(0.26), f_time=1.47(1.80), b_time=1.72(2.06), lr=0.0033792275453143217
2026-03-12 19:27:27,931   INFO  Save latest model to /storage/project/r-gchou3-0/spanse30/MSF/output/cfgs/waymo_models/msf_8frames/default/ckpt/latest_model
2026-03-12 19:28:16,663   INFO  epoch: 4/6, acc_iter=149250, cur_iter=2065/36796, batch_size=4, time_cost(epoch): 1:10:49/19:50:37, time_cost(all): 49:27:44/40:52:02, loss=1.274580717086792, d_time=0.25(0.26), f_time=1.47(1.80), b_time=1.72(2.06), lr=0.003375698415099918
/bin/sh: line 1: gpustat: command not found
2026-03-12 19:28:16,984   INFO  
2026-03-12 19:29:56,490   INFO  epoch: 4/6, acc_iter=149300, cur_iter=2115/36796, batch_size=4, time_cost(epoch): 1:12:29/19:48:05, time_cost(all): 49:29:24/40:48:37, loss=1.285628318786621, d_time=0.25(0.26), f_time=1.94(1.80), b_time=2.19(2.06), lr=0.0033721687566403346
2026-03-12 19:31:39,711   INFO  epoch: 4/6, acc_iter=149350, cur_iter=2165/36796, batch_size=4, time_cost(epoch): 1:14:12/19:46:29, time_cost(all): 49:31:07/40:47:09, loss=1.6873841285705566, d_time=0.25(0.26), f_time=2.28(1.80), b_time=2.53(2.06), lr=0.003368638574898796
2026-03-12 19:32:28,304   INFO  Save latest model to /storage/project/r-gchou3-0/spanse30/MSF/output/cfgs/waymo_models/msf_8frames/default/ckpt/latest_model
2026-03-12 19:33:19,160   INFO  epoch: 4/6, acc_iter=149400, cur_iter=2215/36796, batch_size=4, time_cost(epoch): 1:15:52/19:43:54, time_cost(all): 49:32:47/40:43:39, loss=1.413522720336914, d_time=0.25(0.26), f_time=1.98(1.80), b_time=2.23(2.05), lr=0.003365107874839255
/bin/sh: line 1: gpustat: command not found
2026-03-12 19:33:19,435   INFO  
2026-03-12 19:35:01,191   INFO  epoch: 4/6, acc_iter=149450, cur_iter=2265/36796, batch_size=4, time_cost(epoch): 1:17:34/19:42:01, time_cost(all): 49:34:29/40:41:35, loss=1.503554344177246, d_time=0.24(0.26), f_time=2.54(1.80), b_time=2.78(2.05), lr=0.003361576661426397
2026-03-12 19:36:44,030   INFO  epoch: 4/6, acc_iter=149500, cur_iter=2315/36796, batch_size=4, time_cost(epoch): 1:19:16/19:40:21, time_cost(all): 49:36:12/40:39:57, loss=0.9559323787689209, d_time=0.25(0.26), f_time=1.28(1.80), b_time=1.53(2.05), lr=0.0033580449396256296
2026-03-12 19:37:29,071   INFO  Save latest model to /storage/project/r-gchou3-0/spanse30/MSF/output/cfgs/waymo_models/msf_8frames/default/ckpt/latest_model
2026-03-12 19:38:26,363   INFO  epoch: 4/6, acc_iter=149550, cur_iter=2365/36796, batch_size=4, time_cost(epoch): 1:20:59/19:38:33, time_cost(all): 49:37:54/40:38:03, loss=1.3343238830566406, d_time=0.25(0.26), f_time=1.72(1.80), b_time=1.97(2.05), lr=0.003354512714403074
/bin/sh: line 1: gpustat: command not found
2026-03-12 19:38:26,646   INFO  
2026-03-12 19:40:05,753   INFO  epoch: 4/6, acc_iter=149600, cur_iter=2415/36796, batch_size=4, time_cost(epoch): 1:22:38/19:36:03, time_cost(all): 49:39:33/40:34:43, loss=1.5487849712371826, d_time=0.25(0.26), f_time=1.90(1.80), b_time=2.15(2.05), lr=0.0033509799907255593
2026-03-12 19:41:43,338   INFO  epoch: 4/6, acc_iter=149650, cur_iter=2465/36796, batch_size=4, time_cost(epoch): 1:24:16/19:33:10, time_cost(all): 49:41:11/40:30:35, loss=1.2341527938842773, d_time=0.25(0.26), f_time=1.95(1.79), b_time=2.20(2.05), lr=0.0033474467735606153
2026-03-12 19:42:28,986   INFO  Save latest model to /storage/project/r-gchou3-0/spanse30/MSF/output/cfgs/waymo_models/msf_8frames/default/ckpt/latest_model
2026-03-12 19:43:26,994   INFO  epoch: 4/6, acc_iter=149700, cur_iter=2515/36796, batch_size=4, time_cost(epoch): 1:25:59/19:31:43, time_cost(all): 49:42:55/40:29:25, loss=1.5642476081848145, d_time=0.25(0.26), f_time=1.78(1.79), b_time=2.03(2.05), lr=0.003343913067876468
/bin/sh: line 1: gpustat: command not found
2026-03-12 19:43:27,271   INFO  
2026-03-12 19:45:08,655   INFO  epoch: 4/6, acc_iter=149750, cur_iter=2565/36796, batch_size=4, time_cost(epoch): 1:27:41/19:29:49, time_cost(all): 49:44:36/40:27:18, loss=1.2321053743362427, d_time=0.25(0.26), f_time=1.91(1.79), b_time=2.16(2.05), lr=0.003340378878642026
2026-03-12 19:46:52,202   INFO  epoch: 4/6, acc_iter=149800, cur_iter=2615/36796, batch_size=4, time_cost(epoch): 1:29:25/19:28:20, time_cost(all): 49:46:20/40:26:03, loss=1.202486515045166, d_time=0.25(0.26), f_time=1.74(1.80), b_time=1.99(2.05), lr=0.0033368442108268827
2026-03-12 19:47:27,277   INFO  Save latest model to /storage/project/r-gchou3-0/spanse30/MSF/output/cfgs/waymo_models/msf_8frames/default/ckpt/latest_model
2026-03-12 19:48:32,601   INFO  epoch: 4/6, acc_iter=149850, cur_iter=2665/36796, batch_size=4, time_cost(epoch): 1:31:05/19:26:10, time_cost(all): 49:48:00/40:23:24, loss=1.3190116882324219, d_time=0.24(0.26), f_time=1.62(1.79), b_time=1.87(2.05), lr=0.003333309069401301
/bin/sh: line 1: gpustat: command not found
2026-03-12 19:48:32,878   INFO  
2026-03-12 19:50:16,134   INFO  epoch: 4/6, acc_iter=149900, cur_iter=2715/36796, batch_size=4, time_cost(epoch): 1:32:48/19:24:40, time_cost(all): 49:49:44/40:22:08, loss=1.3996496200561523, d_time=0.25(0.26), f_time=2.05(1.79), b_time=2.30(2.05), lr=0.0033297734593362126
2026-03-12 19:51:59,254   INFO  epoch: 4/6, acc_iter=149950, cur_iter=2765/36796, batch_size=4, time_cost(epoch): 1:34:32/19:23:05, time_cost(all): 49:51:27/40:20:41, loss=1.2498736381530762, d_time=0.24(0.26), f_time=1.63(1.80), b_time=1.87(2.05), lr=0.003326237385603204
2026-03-12 19:52:27,601   INFO  Save latest model to /storage/project/r-gchou3-0/spanse30/MSF/output/cfgs/waymo_models/msf_8frames/default/ckpt/latest_model
2026-03-12 19:53:43,689   INFO  epoch: 4/6, acc_iter=150000, cur_iter=2815/36796, batch_size=4, time_cost(epoch): 1:36:16/19:21:46, time_cost(all): 49:53:11/40:19:46, loss=1.4001524448394775, d_time=0.25(0.26), f_time=2.01(1.80), b_time=2.26(2.05), lr=0.0033227008531745185
/bin/sh: line 1: gpustat: command not found
2026-03-12 19:53:43,961   INFO  
2026-03-12 19:55:20,558   INFO  epoch: 4/6, acc_iter=150050, cur_iter=2865/36796, batch_size=4, time_cost(epoch): 1:37:53/19:18:56, time_cost(all): 49:54:48/40:15:43, loss=1.6172693967819214, d_time=0.25(0.26), f_time=1.67(1.79), b_time=1.92(2.05), lr=0.0033191638670230397
2026-03-12 19:57:02,719   INFO  epoch: 4/6, acc_iter=150100, cur_iter=2915/36796, batch_size=4, time_cost(epoch): 1:39:35/19:17:10, time_cost(all): 49:56:30/40:13:53, loss=1.3731844425201416, d_time=0.25(0.26), f_time=2.10(1.79), b_time=2.35(2.05), lr=0.0033156264321222944
2026-03-12 19:57:27,797   INFO  Save latest model to /storage/project/r-gchou3-0/spanse30/MSF/output/cfgs/waymo_models/msf_8frames/default/ckpt/latest_model
2026-03-12 19:58:45,062   INFO  epoch: 4/6, acc_iter=150150, cur_iter=2965/36796, batch_size=4, time_cost(epoch): 1:41:17/19:15:26, time_cost(all): 49:58:13/40:12:08, loss=1.326963186264038, d_time=0.25(0.26), f_time=1.95(1.79), b_time=2.20(2.05), lr=0.0033120885534464344
/bin/sh: line 1: gpustat: command not found
2026-03-12 19:58:45,336   INFO  
2026-03-12 20:00:27,904   INFO  epoch: 4/6, acc_iter=150200, cur_iter=3015/36796, batch_size=4, time_cost(epoch): 1:43:00/19:13:48, time_cost(all): 49:59:55/40:10:34, loss=1.1416691541671753, d_time=0.25(0.26), f_time=1.38(1.79), b_time=1.62(2.05), lr=0.0033085502359702416
2026-03-12 20:02:12,892   INFO  epoch: 4/6, acc_iter=150250, cur_iter=3065/36796, batch_size=4, time_cost(epoch): 1:44:45/19:12:33, time_cost(all): 50:01:40/40:09:50, loss=1.270629644393921, d_time=0.25(0.25), f_time=1.87(1.80), b_time=2.12(2.05), lr=0.003305011484669111
2026-03-12 20:02:28,083   INFO  Save latest model to /storage/project/r-gchou3-0/spanse30/MSF/output/cfgs/waymo_models/msf_8frames/default/ckpt/latest_model
2026-03-12 20:03:51,473   INFO  epoch: 4/6, acc_iter=150300, cur_iter=3115/36796, batch_size=4, time_cost(epoch): 1:46:24/19:10:08, time_cost(all): 50:03:19/40:06:39, loss=1.3658292293548584, d_time=0.25(0.25), f_time=2.07(1.79), b_time=2.32(2.05), lr=0.0033014723045190477
/bin/sh: line 1: gpustat: command not found
2026-03-12 20:03:51,766   INFO  
2026-03-12 20:05:28,741   INFO  epoch: 4/6, acc_iter=150350, cur_iter=3165/36796, batch_size=4, time_cost(epoch): 1:48:01/19:07:30, time_cost(all): 50:04:56/40:03:01, loss=1.5917569398880005, d_time=0.25(0.25), f_time=1.46(1.79), b_time=1.70(2.05), lr=0.003297932700496663
2026-03-12 20:07:09,948   INFO  epoch: 4/6, acc_iter=150400, cur_iter=3215/36796, batch_size=4, time_cost(epoch): 1:49:42/19:05:36, time_cost(all): 50:06:38/40:00:53, loss=1.4815244674682617, d_time=0.25(0.25), f_time=2.02(1.79), b_time=2.27(2.05), lr=0.003294392677579159
2026-03-12 20:07:28,337   INFO  Save latest model to /storage/project/r-gchou3-0/spanse30/MSF/output/cfgs/waymo_models/msf_8frames/default/ckpt/latest_model
2026-03-12 20:08:50,744   INFO  epoch: 4/6, acc_iter=150450, cur_iter=3265/36796, batch_size=4, time_cost(epoch): 1:51:23/19:03:38, time_cost(all): 50:08:18/39:58:38, loss=1.369573950767517, d_time=0.25(0.25), f_time=1.94(1.79), b_time=2.19(2.05), lr=0.0032908522407443324
/bin/sh: line 1: gpustat: command not found
2026-03-12 20:08:51,024   INFO  
2026-03-12 20:10:31,821   INFO  epoch: 4/6, acc_iter=150500, cur_iter=3315/36796, batch_size=4, time_cost(epoch): 1:53:04/19:01:43, time_cost(all): 50:09:59/39:56:29, loss=1.0261671543121338, d_time=0.25(0.25), f_time=1.76(1.79), b_time=2.01(2.05), lr=0.0032873113949705587
2026-03-12 20:12:10,015   INFO  epoch: 4/6, acc_iter=150550, cur_iter=3365/36796, batch_size=4, time_cost(epoch): 1:54:42/18:59:20, time_cost(all): 50:11:38/39:53:21, loss=1.1728487014770508, d_time=0.25(0.25), f_time=1.99(1.79), b_time=2.24(2.04), lr=0.003283770145236789
2026-03-12 20:12:29,319   INFO  Save latest model to /storage/project/r-gchou3-0/spanse30/MSF/output/cfgs/waymo_models/msf_8frames/default/ckpt/latest_model
2026-03-12 20:13:47,147   INFO  epoch: 4/6, acc_iter=150600, cur_iter=3415/36796, batch_size=4, time_cost(epoch): 1:56:19/18:56:48, time_cost(all): 50:13:15/39:49:54, loss=1.492173194885254, d_time=0.25(0.25), f_time=2.18(1.79), b_time=2.43(2.04), lr=0.003280228496522542
/bin/sh: line 1: gpustat: command not found
2026-03-12 20:13:47,427   INFO  
2026-03-12 20:15:27,754   INFO  epoch: 4/6, acc_iter=150650, cur_iter=3465/36796, batch_size=4, time_cost(epoch): 1:58:00/18:54:50, time_cost(all): 50:14:55/39:47:40, loss=1.4143873453140259, d_time=0.25(0.25), f_time=2.58(1.79), b_time=2.83(2.04), lr=0.0032766864538078975
2026-03-12 20:17:10,840   INFO  epoch: 4/6, acc_iter=150700, cur_iter=3515/36796, batch_size=4, time_cost(epoch): 1:59:43/18:53:17, time_cost(all): 50:16:38/39:46:17, loss=1.3683743476867676, d_time=0.25(0.25), f_time=1.82(1.79), b_time=2.07(2.04), lr=0.0032731440220734914
2026-03-12 20:17:28,431   INFO  Save latest model to /storage/project/r-gchou3-0/spanse30/MSF/output/cfgs/waymo_models/msf_8frames/default/ckpt/latest_model
2026-03-12 20:18:52,287   INFO  epoch: 4/6, acc_iter=150750, cur_iter=3565/36796, batch_size=4, time_cost(epoch): 2:01:25/18:51:29, time_cost(all): 50:18:20/39:44:21, loss=1.2899445295333862, d_time=0.25(0.25), f_time=1.25(1.79), b_time=1.50(2.04), lr=0.003269601206300504
/bin/sh: line 1: gpustat: command not found
2026-03-12 20:18:52,642   INFO  
2026-03-12 20:20:35,507   INFO  epoch: 4/6, acc_iter=150800, cur_iter=3615/36796, batch_size=4, time_cost(epoch): 2:03:08/18:49:56, time_cost(all): 50:20:03/39:42:59, loss=1.5168437957763672, d_time=0.25(0.25), f_time=1.87(1.79), b_time=2.12(2.04), lr=0.0032660580114706565
2026-03-12 20:22:15,930   INFO  epoch: 4/6, acc_iter=150850, cur_iter=3665/36796, batch_size=4, time_cost(epoch): 2:04:48/18:47:58, time_cost(all): 50:21:43/39:40:44, loss=1.1635146141052246, d_time=0.25(0.25), f_time=1.15(1.79), b_time=1.39(2.04), lr=0.003262514442566204
2026-03-12 20:22:27,323   INFO  Save latest model to /storage/project/r-gchou3-0/spanse30/MSF/output/cfgs/waymo_models/msf_8frames/default/ckpt/latest_model
2026-03-12 20:23:58,406   INFO  epoch: 4/6, acc_iter=150900, cur_iter=3715/36796, batch_size=4, time_cost(epoch): 2:06:31/18:46:19, time_cost(all): 50:23:26/39:39:08, loss=1.3510164022445679, d_time=0.25(0.25), f_time=1.25(1.79), b_time=1.50(2.04), lr=0.003258970504569927
/bin/sh: line 1: gpustat: command not found
2026-03-12 20:23:58,679   INFO  
2026-03-12 20:25:41,789   INFO  epoch: 4/6, acc_iter=150950, cur_iter=3765/36796, batch_size=4, time_cost(epoch): 2:08:14/18:44:48, time_cost(all): 50:25:09/39:37:49, loss=1.2089003324508667, d_time=0.28(0.25), f_time=1.91(1.79), b_time=2.19(2.04), lr=0.0032554262024651224
2026-03-12 20:27:25,412   INFO  epoch: 4/6, acc_iter=151000, cur_iter=3815/36796, batch_size=4, time_cost(epoch): 2:09:58/18:43:18, time_cost(all): 50:26:53/39:36:34, loss=1.2274744510650635, d_time=0.25(0.25), f_time=1.82(1.79), b_time=2.07(2.04), lr=0.0032518815412356052
2026-03-12 20:27:27,524   INFO  Save latest model to /storage/project/r-gchou3-0/spanse30/MSF/output/cfgs/waymo_models/msf_8frames/default/ckpt/latest_model
2026-03-12 20:29:08,109   INFO  epoch: 4/6, acc_iter=151050, cur_iter=3865/36796, batch_size=4, time_cost(epoch): 2:11:40/18:41:41, time_cost(all): 50:28:36/39:35:01, loss=1.0172529220581055, d_time=0.25(0.25), f_time=1.14(1.79), b_time=1.39(2.04), lr=0.0032483365258656883
/bin/sh: line 1: gpustat: command not found
2026-03-12 20:29:08,387   INFO  
2026-03-12 20:30:48,133   INFO  epoch: 4/6, acc_iter=151100, cur_iter=3915/36796, batch_size=4, time_cost(epoch): 2:13:20/18:39:40, time_cost(all): 50:30:16/39:32:40, loss=0.9624414443969727, d_time=0.25(0.25), f_time=1.19(1.79), b_time=1.44(2.04), lr=0.0032447911613401876
2026-03-12 20:32:27,382   INFO  Save latest model to /storage/project/r-gchou3-0/spanse30/MSF/output/cfgs/waymo_models/msf_8frames/default/ckpt/latest_model
2026-03-12 20:32:29,163   INFO  epoch: 4/6, acc_iter=151150, cur_iter=3965/36796, batch_size=4, time_cost(epoch): 2:15:02/18:37:49, time_cost(all): 50:31:57/39:30:38, loss=1.436145305633545, d_time=0.36(0.25), f_time=1.53(1.79), b_time=1.89(2.04), lr=0.0032412454526444083
2026-03-12 20:34:12,685   INFO  epoch: 4/6, acc_iter=151200, cur_iter=4015/36796, batch_size=4, time_cost(epoch): 2:16:45/18:36:18, time_cost(all): 50:33:40/39:29:20, loss=1.456001877784729, d_time=0.25(0.25), f_time=2.04(1.79), b_time=2.29(2.04), lr=0.00323769940476414
/bin/sh: line 1: gpustat: command not found
2026-03-12 20:34:12,955   INFO  
2026-03-12 20:35:55,690   INFO  epoch: 4/6, acc_iter=151250, cur_iter=4065/36796, batch_size=4, time_cost(epoch): 2:18:28/18:34:43, time_cost(all): 50:35:23/39:27:52, loss=1.6083176136016846, d_time=0.25(0.25), f_time=2.30(1.79), b_time=2.55(2.04), lr=0.003234153022685648
2026-03-12 20:37:28,474   INFO  Save latest model to /storage/project/r-gchou3-0/spanse30/MSF/output/cfgs/waymo_models/msf_8frames/default/ckpt/latest_model
2026-03-12 20:37:37,894   INFO  epoch: 4/6, acc_iter=151300, cur_iter=4115/36796, batch_size=4, time_cost(epoch): 2:20:10/18:33:01, time_cost(all): 50:37:05/39:26:11, loss=1.060452938079834, d_time=0.25(0.25), f_time=1.63(1.79), b_time=1.87(2.04), lr=0.0032306063113956675
2026-03-12 20:39:19,889   INFO  epoch: 4/6, acc_iter=151350, cur_iter=4165/36796, batch_size=4, time_cost(epoch): 2:21:52/18:31:17, time_cost(all): 50:38:47/39:24:25, loss=1.4101532697677612, d_time=0.25(0.25), f_time=2.46(1.79), b_time=2.70(2.04), lr=0.0032270592758814
/bin/sh: line 1: gpustat: command not found
2026-03-12 20:39:20,160   INFO  
2026-03-12 20:40:57,754   INFO  epoch: 4/6, acc_iter=151400, cur_iter=4215/36796, batch_size=4, time_cost(epoch): 2:23:30/18:29:02, time_cost(all): 50:40:25/39:21:32, loss=1.1296887397766113, d_time=0.25(0.25), f_time=1.17(1.79), b_time=1.42(2.04), lr=0.0032235119211304984
2026-03-12 20:42:29,045   INFO  Save latest model to /storage/project/r-gchou3-0/spanse30/MSF/output/cfgs/waymo_models/msf_8frames/default/ckpt/latest_model
2026-03-12 20:42:40,756   INFO  epoch: 4/6, acc_iter=151450, cur_iter=4265/36796, batch_size=4, time_cost(epoch): 2:25:13/18:27:26, time_cost(all): 50:42:08/39:20:05, loss=1.0600718259811401, d_time=0.25(0.25), f_time=1.50(1.79), b_time=1.75(2.04), lr=0.003219964252131067
2026-03-12 20:44:23,552   INFO  epoch: 4/6, acc_iter=151500, cur_iter=4315/36796, batch_size=4, time_cost(epoch): 2:26:56/18:25:49, time_cost(all): 50:43:51/39:18:33, loss=1.4181063175201416, d_time=0.25(0.25), f_time=1.58(1.79), b_time=1.83(2.04), lr=0.003216416273871651
/bin/sh: line 1: gpustat: command not found
2026-03-12 20:44:23,832   INFO  
2026-03-12 20:46:08,250   INFO  epoch: 4/6, acc_iter=151550, cur_iter=4365/36796, batch_size=4, time_cost(epoch): 2:28:41/18:24:26, time_cost(all): 50:45:36/39:17:32, loss=1.2461700439453125, d_time=0.25(0.25), f_time=1.53(1.79), b_time=1.78(2.04), lr=0.003212867991341233
2026-03-12 20:47:28,089   INFO  Save latest model to /storage/project/r-gchou3-0/spanse30/MSF/output/cfgs/waymo_models/msf_8frames/default/ckpt/latest_model
2026-03-12 20:47:47,945   INFO  epoch: 4/6, acc_iter=151600, cur_iter=4415/36796, batch_size=4, time_cost(epoch): 2:30:20/18:22:26, time_cost(all): 50:47:16/39:15:11, loss=1.1566241979599, d_time=0.25(0.25), f_time=1.02(1.79), b_time=1.27(2.04), lr=0.0032093194095292182
2026-03-12 20:49:29,988   INFO  epoch: 4/6, acc_iter=151650, cur_iter=4465/36796, batch_size=4, time_cost(epoch): 2:32:02/18:20:43, time_cost(all): 50:48:58/39:13:27, loss=1.156280755996704, d_time=0.25(0.25), f_time=1.59(1.79), b_time=1.84(2.04), lr=0.003205770533425438
/bin/sh: line 1: gpustat: command not found
2026-03-12 20:49:30,266   INFO  
2026-03-12 20:51:15,361   INFO  epoch: 4/6, acc_iter=151700, cur_iter=4515/36796, batch_size=4, time_cost(epoch): 2:33:48/18:19:24, time_cost(all): 50:50:43/39:12:35, loss=1.5141353607177734, d_time=0.25(0.25), f_time=1.93(1.79), b_time=2.18(2.04), lr=0.0032022213680201347
2026-03-12 20:52:28,809   INFO  Save latest model to /storage/project/r-gchou3-0/spanse30/MSF/output/cfgs/waymo_models/msf_8frames/default/ckpt/latest_model
2026-03-12 20:52:54,013   INFO  epoch: 4/6, acc_iter=151750, cur_iter=4565/36796, batch_size=4, time_cost(epoch): 2:35:26/18:17:17, time_cost(all): 50:52:22/39:09:59, loss=1.4548184871673584, d_time=0.25(0.25), f_time=1.61(1.79), b_time=1.86(2.04), lr=0.003198671918303958
2026-03-12 20:54:39,481   INFO  epoch: 4/6, acc_iter=151800, cur_iter=4615/36796, batch_size=4, time_cost(epoch): 2:37:12/18:15:58, time_cost(all): 50:54:07/39:09:07, loss=1.2565730810165405, d_time=0.25(0.25), f_time=2.03(1.79), b_time=2.28(2.04), lr=0.003195122189267958
/bin/sh: line 1: gpustat: command not found
2026-03-12 20:54:39,754   INFO  
2026-03-12 20:56:20,682   INFO  epoch: 4/6, acc_iter=151850, cur_iter=4665/36796, batch_size=4, time_cost(epoch): 2:38:53/18:14:09, time_cost(all): 50:55:48/39:07:10, loss=1.5061652660369873, d_time=0.22(0.25), f_time=1.82(1.79), b_time=2.04(2.04), lr=0.0031915721859035765
2026-03-12 20:57:27,384   INFO  Save latest model to /storage/project/r-gchou3-0/spanse30/MSF/output/cfgs/waymo_models/msf_8frames/default/ckpt/latest_model
2026-03-12 20:58:01,582   INFO  epoch: 4/6, acc_iter=151900, cur_iter=4715/36796, batch_size=4, time_cost(epoch): 2:40:34/18:12:19, time_cost(all): 50:57:29/39:05:10, loss=0.9877378344535828, d_time=0.25(0.25), f_time=1.32(1.79), b_time=1.57(2.04), lr=0.003188021913202643
2026-03-12 20:59:43,313   INFO  epoch: 4/6, acc_iter=151950, cur_iter=4765/36796, batch_size=4, time_cost(epoch): 2:42:16/18:10:34, time_cost(all): 50:59:11/39:03:22, loss=1.4253299236297607, d_time=0.25(0.25), f_time=1.72(1.79), b_time=1.97(2.04), lr=0.003184471376157362
/bin/sh: line 1: gpustat: command not found
2026-03-12 20:59:43,589   INFO  
2026-03-12 21:01:25,006   INFO  epoch: 4/6, acc_iter=152000, cur_iter=4815/36796, batch_size=4, time_cost(epoch): 2:43:57/18:08:48, time_cost(all): 51:00:53/39:01:33, loss=1.1904135942459106, d_time=0.25(0.25), f_time=1.96(1.79), b_time=2.21(2.04), lr=0.003180920579760314
2026-03-12 21:02:28,015   INFO  Save latest model to /storage/project/r-gchou3-0/spanse30/MSF/output/cfgs/waymo_models/msf_8frames/default/ckpt/latest_model
2026-03-12 21:03:05,931   INFO  epoch: 4/6, acc_iter=152050, cur_iter=4865/36796, batch_size=4, time_cost(epoch): 2:45:38/18:06:58, time_cost(all): 51:02:33/38:59:34, loss=1.1519877910614014, d_time=0.25(0.25), f_time=1.41(1.79), b_time=1.66(2.04), lr=0.0031773695290044416
2026-03-12 21:04:49,711   INFO  epoch: 4/6, acc_iter=152100, cur_iter=4915/36796, batch_size=4, time_cost(epoch): 2:47:22/18:05:27, time_cost(all): 51:04:17/38:58:15, loss=1.4338299036026, d_time=0.25(0.25), f_time=1.92(1.79), b_time=2.17(2.04), lr=0.003173818228883046
/bin/sh: line 1: gpustat: command not found
2026-03-12 21:04:49,984   INFO  
2026-03-12 21:06:28,405   INFO  epoch: 4/6, acc_iter=152150, cur_iter=4965/36796, batch_size=4, time_cost(epoch): 2:49:01/18:03:23, time_cost(all): 51:05:56/38:55:45, loss=1.3779536485671997, d_time=0.25(0.25), f_time=1.82(1.79), b_time=2.07(2.04), lr=0.0031702666843897776
2026-03-12 21:07:27,497   INFO  Save latest model to /storage/project/r-gchou3-0/spanse30/MSF/output/cfgs/waymo_models/msf_8frames/default/ckpt/latest_model
2026-03-12 21:08:04,401   INFO  epoch: 4/6, acc_iter=152200, cur_iter=5015/36796, batch_size=4, time_cost(epoch): 2:50:37/18:01:02, time_cost(all): 51:07:32/38:52:40, loss=1.3895654678344727, d_time=0.25(0.25), f_time=2.08(1.79), b_time=2.33(2.04), lr=0.0031667149005186325
2026-03-12 21:09:44,808   INFO  epoch: 4/6, acc_iter=152250, cur_iter=5065/36796, batch_size=4, time_cost(epoch): 2:52:17/17:59:10, time_cost(all): 51:09:12/38:50:35, loss=1.3054392337799072, d_time=0.25(0.25), f_time=1.71(1.79), b_time=1.95(2.04), lr=0.003163162882263943
/bin/sh: line 1: gpustat: command not found
2026-03-12 21:09:45,106   INFO  
2026-03-12 21:11:23,346   INFO  epoch: 4/6, acc_iter=152300, cur_iter=5115/36796, batch_size=4, time_cost(epoch): 2:53:56/17:57:06, time_cost(all): 51:10:51/38:48:07, loss=1.582991361618042, d_time=0.24(0.25), f_time=1.81(1.79), b_time=2.06(2.04), lr=0.0031596106346203686
2026-03-12 21:12:27,806   INFO  Save latest model to /storage/project/r-gchou3-0/spanse30/MSF/output/cfgs/waymo_models/msf_8frames/default/ckpt/latest_model
2026-03-12 21:13:06,923   INFO  epoch: 4/6, acc_iter=152350, cur_iter=5165/36796, batch_size=4, time_cost(epoch): 2:55:39/17:55:34, time_cost(all): 51:12:34/38:46:46, loss=0.945710301399231, d_time=0.25(0.25), f_time=1.46(1.79), b_time=1.71(2.04), lr=0.003156058162582896
2026-03-12 21:14:51,805   INFO  epoch: 4/6, acc_iter=152400, cur_iter=5215/36796, batch_size=4, time_cost(epoch): 2:57:24/17:54:09, time_cost(all): 51:14:19/38:45:41, loss=1.3386040925979614, d_time=0.25(0.25), f_time=1.94(1.79), b_time=2.19(2.04), lr=0.003152505471146823
/bin/sh: line 1: gpustat: command not found
2026-03-12 21:14:52,079   INFO  
2026-03-12 21:16:32,350   INFO  epoch: 4/6, acc_iter=152450, cur_iter=5265/36796, batch_size=4, time_cost(epoch): 2:59:05/17:52:18, time_cost(all): 51:16:00/38:43:40, loss=1.3844772577285767, d_time=0.25(0.25), f_time=2.24(1.79), b_time=2.49(2.04), lr=0.0031489525653077563
2026-03-12 21:17:28,647   INFO  Save latest model to /storage/project/r-gchou3-0/spanse30/MSF/output/cfgs/waymo_models/msf_8frames/default/ckpt/latest_model
2026-03-12 21:18:11,222   INFO  epoch: 4/6, acc_iter=152500, cur_iter=5315/36796, batch_size=4, time_cost(epoch): 3:00:44/17:50:17, time_cost(all): 51:17:39/38:41:17, loss=1.5229766368865967, d_time=0.25(0.25), f_time=2.12(1.79), b_time=2.37(2.04), lr=0.0031453994500616075
2026-03-12 21:19:54,097   INFO  epoch: 4/6, acc_iter=152550, cur_iter=5365/36796, batch_size=4, time_cost(epoch): 3:02:26/17:48:41, time_cost(all): 51:19:22/38:39:46, loss=1.6331766843795776, d_time=0.25(0.25), f_time=1.87(1.79), b_time=2.12(2.04), lr=0.00314184613040458
/bin/sh: line 1: gpustat: command not found
2026-03-12 21:19:54,371   INFO  
2026-03-12 21:21:32,746   INFO  epoch: 4/6, acc_iter=152600, cur_iter=5415/36796, batch_size=4, time_cost(epoch): 3:04:05/17:46:39, time_cost(all): 51:21:00/38:37:22, loss=1.3333059549331665, d_time=0.25(0.25), f_time=1.77(1.79), b_time=2.02(2.04), lr=0.0031382926113331633
2026-03-12 21:22:27,375   INFO  Save latest model to /storage/project/r-gchou3-0/spanse30/MSF/output/cfgs/waymo_models/msf_8frames/default/ckpt/latest_model
2026-03-12 21:23:16,710   INFO  epoch: 4/6, acc_iter=152650, cur_iter=5465/36796, batch_size=4, time_cost(epoch): 3:05:49/17:45:09, time_cost(all): 51:22:44/38:36:05, loss=1.6558644771575928, d_time=0.25(0.25), f_time=2.67(1.79), b_time=2.92(2.04), lr=0.0031347388978441326
2026-03-12 21:25:01,658   INFO  epoch: 4/6, acc_iter=152700, cur_iter=5515/36796, batch_size=4, time_cost(epoch): 3:07:34/17:43:43, time_cost(all): 51:24:29/38:35:00, loss=1.3054674863815308, d_time=0.25(0.25), f_time=1.80(1.79), b_time=2.05(2.04), lr=0.0031311849949345293
/bin/sh: line 1: gpustat: command not found
2026-03-12 21:25:01,934   INFO  
2026-03-12 21:26:46,167   INFO  epoch: 4/6, acc_iter=152750, cur_iter=5565/36796, batch_size=4, time_cost(epoch): 3:09:19/17:42:15, time_cost(all): 51:26:14/38:33:48, loss=1.3127105236053467, d_time=0.25(0.25), f_time=2.01(1.79), b_time=2.25(2.04), lr=0.003127630907601667
2026-03-12 21:27:27,448   INFO  Save latest model to /storage/project/r-gchou3-0/spanse30/MSF/output/cfgs/waymo_models/msf_8frames/default/ckpt/latest_model
2026-03-12 21:28:27,437   INFO  epoch: 4/6, acc_iter=152800, cur_iter=5615/36796, batch_size=4, time_cost(epoch): 3:11:00/17:40:29, time_cost(all): 51:27:55/38:31:57, loss=1.0563873052597046, d_time=0.28(0.25), f_time=1.50(1.79), b_time=1.78(2.04), lr=0.003124076640843116
2026-03-12 21:30:11,502   INFO  epoch: 4/6, acc_iter=152850, cur_iter=5665/36796, batch_size=4, time_cost(epoch): 3:12:44/17:38:58, time_cost(all): 51:29:39/38:30:39, loss=1.3554911613464355, d_time=0.25(0.25), f_time=2.33(1.79), b_time=2.58(2.04), lr=0.0031205221996566997
/bin/sh: line 1: gpustat: command not found
2026-03-12 21:30:11,779   INFO  
2026-03-12 21:31:55,585   INFO  epoch: 4/6, acc_iter=152900, cur_iter=5715/36796, batch_size=4, time_cost(epoch): 3:14:28/17:37:27, time_cost(all): 51:31:23/38:29:21, loss=1.3229132890701294, d_time=0.25(0.25), f_time=1.25(1.79), b_time=1.50(2.04), lr=0.003116967589040486
2026-03-12 21:32:29,371   INFO  Save latest model to /storage/project/r-gchou3-0/spanse30/MSF/output/cfgs/waymo_models/msf_8frames/default/ckpt/latest_model
2026-03-12 21:33:38,646   INFO  epoch: 4/6, acc_iter=152950, cur_iter=5765/36796, batch_size=4, time_cost(epoch): 3:16:11/17:35:50, time_cost(all): 51:33:06/38:27:51, loss=1.5070154666900635, d_time=0.25(0.25), f_time=1.75(1.79), b_time=2.00(2.04), lr=0.003113412813992781
2026-03-12 21:35:19,770   INFO  epoch: 4/6, acc_iter=153000, cur_iter=5815/36796, batch_size=4, time_cost(epoch): 3:17:52/17:34:03, time_cost(all): 51:34:47/38:25:58, loss=0.8797429203987122, d_time=0.25(0.25), f_time=1.05(1.79), b_time=1.30(2.04), lr=0.0031098578795121243
/bin/sh: line 1: gpustat: command not found
2026-03-12 21:35:20,056   INFO  
2026-03-12 21:36:59,517   INFO  epoch: 4/6, acc_iter=153050, cur_iter=5865/36796, batch_size=4, time_cost(epoch): 3:19:32/17:32:09, time_cost(all): 51:36:27/38:23:49, loss=1.174081802368164, d_time=0.25(0.25), f_time=1.53(1.79), b_time=1.78(2.04), lr=0.003106302790597276
2026-03-12 21:37:27,403   INFO  Save latest model to /storage/project/r-gchou3-0/spanse30/MSF/output/cfgs/waymo_models/msf_8frames/default/ckpt/latest_model
2026-03-12 21:38:40,208   INFO  epoch: 4/6, acc_iter=153100, cur_iter=5915/36796, batch_size=4, time_cost(epoch): 3:21:13/17:30:20, time_cost(all): 51:38:08/38:21:51, loss=1.6175012588500977, d_time=0.25(0.25), f_time=2.35(1.79), b_time=2.60(2.04), lr=0.003102747552247216
2026-03-12 21:40:25,607   INFO  epoch: 4/6, acc_iter=153150, cur_iter=5965/36796, batch_size=4, time_cost(epoch): 3:22:58/17:28:55, time_cost(all): 51:39:53/38:20:47, loss=1.5601799488067627, d_time=0.25(0.25), f_time=2.53(1.79), b_time=2.78(2.04), lr=0.0030991921694611337
/bin/sh: line 1: gpustat: command not found
2026-03-12 21:40:25,882   INFO  
2026-03-12 21:42:07,992   INFO  epoch: 4/6, acc_iter=153200, cur_iter=6015/36796, batch_size=4, time_cost(epoch): 3:24:40/17:27:15, time_cost(all): 51:41:36/38:19:09, loss=1.479211449623108, d_time=0.25(0.25), f_time=2.33(1.79), b_time=2.58(2.04), lr=0.0030956366472384214
2026-03-12 21:42:29,381   INFO  Save latest model to /storage/project/r-gchou3-0/spanse30/MSF/output/cfgs/waymo_models/msf_8frames/default/ckpt/latest_model
2026-03-12 21:43:52,340   INFO  epoch: 4/6, acc_iter=153250, cur_iter=6065/36796, batch_size=4, time_cost(epoch): 3:26:25/17:25:44, time_cost(all): 51:43:20/38:17:52, loss=1.2703745365142822, d_time=0.25(0.25), f_time=0.95(1.79), b_time=1.20(2.04), lr=0.0030920809905786674
2026-03-12 21:45:33,688   INFO  epoch: 4/6, acc_iter=153300, cur_iter=6115/36796, batch_size=4, time_cost(epoch): 3:28:06/17:23:58, time_cost(all): 51:45:01/38:16:02, loss=1.252003788948059, d_time=0.25(0.25), f_time=2.33(1.79), b_time=2.58(2.04), lr=0.003088525204481649
/bin/sh: line 1: gpustat: command not found
2026-03-12 21:45:33,963   INFO  
2026-03-12 21:47:13,451   INFO  epoch: 4/6, acc_iter=153350, cur_iter=6165/36796, batch_size=4, time_cost(epoch): 3:29:46/17:22:05, time_cost(all): 51:46:41/38:13:54, loss=1.0986865758895874, d_time=0.25(0.25), f_time=1.83(1.79), b_time=2.08(2.04), lr=0.0030849692939473265
2026-03-12 21:47:29,204   INFO  Save latest model to /storage/project/r-gchou3-0/spanse30/MSF/output/cfgs/waymo_models/msf_8frames/default/ckpt/latest_model
2026-03-12 21:48:53,441   INFO  epoch: 4/6, acc_iter=153400, cur_iter=6215/36796, batch_size=4, time_cost(epoch): 3:31:26/17:20:13, time_cost(all): 51:48:21/38:11:50, loss=1.1876299381256104, d_time=0.25(0.25), f_time=2.21(1.79), b_time=2.46(2.04), lr=0.0030814132639758332
2026-03-12 21:50:35,674   INFO  epoch: 4/6, acc_iter=153450, cur_iter=6265/36796, batch_size=4, time_cost(epoch): 3:33:08/17:18:31, time_cost(all): 51:50:03/38:10:10, loss=1.218297004699707, d_time=0.25(0.25), f_time=1.62(1.79), b_time=1.87(2.04), lr=0.003077857119567473
/bin/sh: line 1: gpustat: command not found
2026-03-12 21:50:35,955   INFO  
2026-03-12 21:52:14,013   INFO  epoch: 4/6, acc_iter=153500, cur_iter=6315/36796, batch_size=4, time_cost(epoch): 3:34:46/17:16:31, time_cost(all): 51:51:42/38:07:48, loss=1.16463303565979, d_time=0.25(0.25), f_time=1.70(1.79), b_time=1.95(2.04), lr=0.003074300865722708
2026-03-12 21:52:28,655   INFO  Save latest model to /storage/project/r-gchou3-0/spanse30/MSF/output/cfgs/waymo_models/msf_8frames/default/ckpt/latest_model
2026-03-12 21:53:54,882   INFO  epoch: 4/6, acc_iter=153550, cur_iter=6365/36796, batch_size=4, time_cost(epoch): 3:36:27/17:14:44, time_cost(all): 51:53:22/38:05:54, loss=1.1105128526687622, d_time=0.25(0.25), f_time=1.59(1.79), b_time=1.84(2.04), lr=0.003070744507442156
2026-03-12 21:55:34,442   INFO  epoch: 4/6, acc_iter=153600, cur_iter=6415/36796, batch_size=4, time_cost(epoch): 3:38:07/17:12:50, time_cost(all): 51:55:02/38:03:46, loss=1.1697314977645874, d_time=0.25(0.25), f_time=2.26(1.79), b_time=2.51(2.04), lr=0.0030671880497265794
/bin/sh: line 1: gpustat: command not found
2026-03-12 21:55:34,712   INFO  
2026-03-12 21:57:11,621   INFO  epoch: 4/6, acc_iter=153650, cur_iter=6465/36796, batch_size=4, time_cost(epoch): 3:39:44/17:10:46, time_cost(all): 51:56:39/38:01:14, loss=1.5078119039535522, d_time=0.24(0.25), f_time=1.46(1.79), b_time=1.70(2.04), lr=0.0030636314975768853
2026-03-12 21:57:28,606   INFO  Save latest model to /storage/project/r-gchou3-0/spanse30/MSF/output/cfgs/waymo_models/msf_8frames/default/ckpt/latest_model
2026-03-12 21:58:53,113   INFO  epoch: 4/6, acc_iter=153700, cur_iter=6515/36796, batch_size=4, time_cost(epoch): 3:41:25/17:09:02, time_cost(all): 51:58:21/37:59:28, loss=1.0475326776504517, d_time=0.25(0.25), f_time=1.79(1.79), b_time=2.04(2.04), lr=0.0030600748559941084
2026-03-12 22:00:29,529   INFO  epoch: 4/6, acc_iter=153750, cur_iter=6565/36796, batch_size=4, time_cost(epoch): 3:43:02/17:06:54, time_cost(all): 51:59:57/37:56:49, loss=1.286220669746399, d_time=0.25(0.25), f_time=1.30(1.78), b_time=1.55(2.04), lr=0.0030565181299794107
/bin/sh: line 1: gpustat: command not found
2026-03-12 22:00:29,848   INFO  
2026-03-12 22:02:11,235   INFO  epoch: 4/6, acc_iter=153800, cur_iter=6615/36796, batch_size=4, time_cost(epoch): 3:44:44/17:05:11, time_cost(all): 52:01:39/37:55:05, loss=1.165266513824463, d_time=0.25(0.25), f_time=1.07(1.78), b_time=1.31(2.04), lr=0.0030529613245340744
2026-03-12 22:02:29,045   INFO  Save latest model to /storage/project/r-gchou3-0/spanse30/MSF/output/cfgs/waymo_models/msf_8frames/default/ckpt/latest_model
2026-03-12 22:03:56,033   INFO  epoch: 4/6, acc_iter=153850, cur_iter=6665/36796, batch_size=4, time_cost(epoch): 3:46:28/17:03:43, time_cost(all): 52:03:24/37:53:53, loss=1.4189519882202148, d_time=0.25(0.25), f_time=2.17(1.79), b_time=2.42(2.04), lr=0.003049404444659492
2026-03-12 22:05:36,387   INFO  epoch: 4/6, acc_iter=153900, cur_iter=6715/36796, batch_size=4, time_cost(epoch): 3:48:09/17:01:54, time_cost(all): 52:05:04/37:51:55, loss=0.9775665998458862, d_time=0.25(0.25), f_time=1.40(1.79), b_time=1.65(2.04), lr=0.003045847495357161
/bin/sh: line 1: gpustat: command not found
2026-03-12 22:05:36,661   INFO  
2026-03-12 22:07:19,398   INFO  epoch: 4/6, acc_iter=153950, cur_iter=6765/36796, batch_size=4, time_cost(epoch): 3:49:52/17:00:17, time_cost(all): 52:06:47/37:50:24, loss=1.1203434467315674, d_time=0.25(0.25), f_time=1.53(1.79), b_time=1.78(2.04), lr=0.0030422904816286758
2026-03-12 22:07:27,350   INFO  Save latest model to /storage/project/r-gchou3-0/spanse30/MSF/output/cfgs/waymo_models/msf_8frames/default/ckpt/latest_model
2026-03-12 22:08:59,045   INFO  epoch: 4/6, acc_iter=154000, cur_iter=6815/36796, batch_size=4, time_cost(epoch): 3:51:31/16:58:25, time_cost(all): 52:08:27/37:48:20, loss=1.5832024812698364, d_time=0.25(0.25), f_time=1.85(1.78), b_time=2.10(2.04), lr=0.003038733408475724
2026-03-12 22:10:42,962   INFO  epoch: 4/6, acc_iter=154050, cur_iter=6865/36796, batch_size=4, time_cost(epoch): 3:53:15/16:56:52, time_cost(all): 52:10:11/37:46:57, loss=1.2665371894836426, d_time=0.25(0.25), f_time=1.69(1.79), b_time=1.93(2.04), lr=0.0030351762809000733
/bin/sh: line 1: gpustat: command not found
2026-03-12 22:10:43,235   INFO  
2026-03-12 22:12:26,077   INFO  epoch: 4/6, acc_iter=154100, cur_iter=6915/36796, batch_size=4, time_cost(epoch): 3:54:58/16:55:15, time_cost(all): 52:11:54/37:45:27, loss=1.065760612487793, d_time=0.25(0.25), f_time=1.66(1.79), b_time=1.91(2.04), lr=0.003031619103903569
2026-03-12 22:12:28,023   INFO  Save latest model to /storage/project/r-gchou3-0/spanse30/MSF/output/cfgs/waymo_models/msf_8frames/default/ckpt/latest_model
2026-03-12 22:14:05,590   INFO  epoch: 4/6, acc_iter=154150, cur_iter=6965/36796, batch_size=4, time_cost(epoch): 3:56:38/16:53:22, time_cost(all): 52:13:33/37:43:22, loss=1.6205077171325684, d_time=0.25(0.25), f_time=1.82(1.79), b_time=2.07(2.04), lr=0.003028061882488128
2026-03-12 22:15:47,110   INFO  epoch: 4/6, acc_iter=154200, cur_iter=7015/36796, batch_size=4, time_cost(epoch): 3:58:19/16:51:39, time_cost(all): 52:15:15/37:41:36, loss=0.9941693544387817, d_time=0.24(0.25), f_time=1.34(1.79), b_time=1.59(2.04), lr=0.0030245046216557277
/bin/sh: line 1: gpustat: command not found
2026-03-12 22:15:47,406   INFO  
2026-03-12 22:17:27,249   INFO  epoch: 4/6, acc_iter=154250, cur_iter=7065/36796, batch_size=4, time_cost(epoch): 4:00:00/16:49:50, time_cost(all): 52:16:55/37:39:38, loss=1.4021687507629395, d_time=0.25(0.25), f_time=2.13(1.78), b_time=2.38(2.04), lr=0.003020947326408401
2026-03-12 22:17:27,450   INFO  Save latest model to /storage/project/r-gchou3-0/spanse30/MSF/output/cfgs/waymo_models/msf_8frames/default/ckpt/latest_model
2026-03-12 22:19:07,838   INFO  epoch: 4/6, acc_iter=154300, cur_iter=7115/36796, batch_size=4, time_cost(epoch): 4:01:40/16:48:02, time_cost(all): 52:18:35/37:37:43, loss=1.6370261907577515, d_time=0.25(0.25), f_time=2.43(1.78), b_time=2.68(2.04), lr=0.0030173900017482283
2026-03-12 22:20:47,549   INFO  epoch: 4/6, acc_iter=154350, cur_iter=7165/36796, batch_size=4, time_cost(epoch): 4:03:20/16:46:11, time_cost(all): 52:20:15/37:35:41, loss=1.1328697204589844, d_time=0.25(0.25), f_time=1.60(1.78), b_time=1.85(2.04), lr=0.0030138326526773355
/bin/sh: line 1: gpustat: command not found
2026-03-12 22:20:47,825   INFO  
2026-03-12 22:22:29,080   INFO  Save latest model to /storage/project/r-gchou3-0/spanse30/MSF/output/cfgs/waymo_models/msf_8frames/default/ckpt/latest_model
2026-03-12 22:22:30,826   INFO  epoch: 4/6, acc_iter=154400, cur_iter=7215/36796, batch_size=4, time_cost(epoch): 4:05:03/16:44:35, time_cost(all): 52:21:58/37:34:12, loss=1.5315479040145874, d_time=0.35(0.25), f_time=1.50(1.78), b_time=1.85(2.04), lr=0.003010275284197877
2026-03-12 22:24:12,727   INFO  epoch: 4/6, acc_iter=154450, cur_iter=7265/36796, batch_size=4, time_cost(epoch): 4:06:45/16:42:53, time_cost(all): 52:23:40/37:32:31, loss=1.4645342826843262, d_time=0.25(0.25), f_time=2.69(1.78), b_time=2.94(2.04), lr=0.003006717901312039
2026-03-12 22:25:53,819   INFO  epoch: 4/6, acc_iter=154500, cur_iter=7315/36796, batch_size=4, time_cost(epoch): 4:08:26/16:41:08, time_cost(all): 52:25:21/37:30:42, loss=1.4088659286499023, d_time=0.25(0.25), f_time=2.60(1.78), b_time=2.85(2.04), lr=0.003003160509022025
/bin/sh: line 1: gpustat: command not found
2026-03-12 22:25:54,093   INFO  
2026-03-12 22:27:27,987   INFO  Save latest model to /storage/project/r-gchou3-0/spanse30/MSF/output/cfgs/waymo_models/msf_8frames/default/ckpt/latest_model
2026-03-12 22:27:36,645   INFO  epoch: 4/6, acc_iter=154550, cur_iter=7365/36796, batch_size=4, time_cost(epoch): 4:10:09/16:39:30, time_cost(all): 52:27:04/37:29:08, loss=1.2958284616470337, d_time=0.25(0.25), f_time=2.08(1.78), b_time=2.33(2.04), lr=0.002999603112330054
2026-03-12 22:29:20,315   INFO  epoch: 4/6, acc_iter=154600, cur_iter=7415/36796, batch_size=4, time_cost(epoch): 4:11:53/16:37:55, time_cost(all): 52:28:48/37:27:42, loss=1.367579460144043, d_time=0.25(0.25), f_time=2.25(1.78), b_time=2.50(2.04), lr=0.002996045716238351
2026-03-12 22:31:03,386   INFO  epoch: 4/6, acc_iter=154650, cur_iter=7465/36796, batch_size=4, time_cost(epoch): 4:13:36/16:36:18, time_cost(all): 52:30:31/37:26:11, loss=1.3991646766662598, d_time=0.25(0.25), f_time=2.04(1.79), b_time=2.29(2.04), lr=0.002992488325749137
/bin/sh: line 1: gpustat: command not found
2026-03-12 22:31:03,664   INFO  
2026-03-12 22:32:27,453   INFO  Save latest model to /storage/project/r-gchou3-0/spanse30/MSF/output/cfgs/waymo_models/msf_8frames/default/ckpt/latest_model
2026-03-12 22:32:44,078   INFO  epoch: 4/6, acc_iter=154700, cur_iter=7515/36796, batch_size=4, time_cost(epoch): 4:15:16/16:34:32, time_cost(all): 52:32:12/37:24:18, loss=0.786620020866394, d_time=0.25(0.25), f_time=1.40(1.78), b_time=1.64(2.04), lr=0.0029889309458646287
2026-03-12 22:34:26,105   INFO  epoch: 4/6, acc_iter=154750, cur_iter=7565/36796, batch_size=4, time_cost(epoch): 4:16:58/16:32:50, time_cost(all): 52:33:54/37:22:38, loss=1.2235279083251953, d_time=0.24(0.25), f_time=1.39(1.78), b_time=1.63(2.04), lr=0.0029853735815870285
2026-03-12 22:36:09,866   INFO  epoch: 4/6, acc_iter=154800, cur_iter=7615/36796, batch_size=4, time_cost(epoch): 4:18:42/16:31:15, time_cost(all): 52:35:37/37:21:12, loss=0.9343553781509399, d_time=0.25(0.25), f_time=1.30(1.79), b_time=1.55(2.04), lr=0.002981816237918512
/bin/sh: line 1: gpustat: command not found
2026-03-12 22:36:10,150   INFO  
2026-03-12 22:37:28,373   INFO  Save latest model to /storage/project/r-gchou3-0/spanse30/MSF/output/cfgs/waymo_models/msf_8frames/default/ckpt/latest_model
2026-03-12 22:37:51,867   INFO  epoch: 4/6, acc_iter=154850, cur_iter=7665/36796, batch_size=4, time_cost(epoch): 4:20:24/16:29:34, time_cost(all): 52:37:19/37:19:31, loss=1.1124770641326904, d_time=0.25(0.25), f_time=1.55(1.79), b_time=1.80(2.04), lr=0.0029782589198612307
2026-03-12 22:39:32,244   INFO  epoch: 4/6, acc_iter=154900, cur_iter=7715/36796, batch_size=4, time_cost(epoch): 4:22:05/16:27:46, time_cost(all): 52:39:00/37:17:36, loss=1.3448363542556763, d_time=0.24(0.25), f_time=2.02(1.79), b_time=2.27(2.04), lr=0.0029747016324172984
2026-03-12 22:41:14,478   INFO  epoch: 4/6, acc_iter=154950, cur_iter=7765/36796, batch_size=4, time_cost(epoch): 4:23:47/16:26:05, time_cost(all): 52:40:42/37:15:57, loss=1.0398669242858887, d_time=0.22(0.25), f_time=1.16(1.79), b_time=1.37(2.04), lr=0.0029711443805887842
/bin/sh: line 1: gpustat: command not found
2026-03-12 22:41:14,838   INFO  
2026-03-12 22:42:27,675   INFO  Save latest model to /storage/project/r-gchou3-0/spanse30/MSF/output/cfgs/waymo_models/msf_8frames/default/ckpt/latest_model
2026-03-12 22:42:55,317   INFO  epoch: 4/6, acc_iter=155000, cur_iter=7815/36796, batch_size=4, time_cost(epoch): 4:25:28/16:24:20, time_cost(all): 52:42:23/37:14:06, loss=1.3070446252822876, d_time=0.25(0.25), f_time=2.39(1.78), b_time=2.64(2.04), lr=0.0029675871693777105
2026-03-12 22:44:38,370   INFO  epoch: 4/6, acc_iter=155050, cur_iter=7865/36796, batch_size=4, time_cost(epoch): 4:27:11/16:22:42, time_cost(all): 52:44:06/37:12:34, loss=1.4034640789031982, d_time=0.25(0.25), f_time=1.70(1.79), b_time=1.95(2.04), lr=0.0029640300037860395
2026-03-12 22:46:17,145   INFO  epoch: 4/6, acc_iter=155100, cur_iter=7915/36796, batch_size=4, time_cost(epoch): 4:28:49/16:20:49, time_cost(all): 52:45:45/37:10:26, loss=1.2258774042129517, d_time=0.25(0.25), f_time=2.07(1.78), b_time=2.32(2.04), lr=0.002960472888815671
/bin/sh: line 1: gpustat: command not found
2026-03-12 22:46:17,428   INFO  
2026-03-12 22:47:28,255   INFO  Save latest model to /storage/project/r-gchou3-0/spanse30/MSF/output/cfgs/waymo_models/msf_8frames/default/ckpt/latest_model
2026-03-12 22:47:59,756   INFO  epoch: 4/6, acc_iter=155150, cur_iter=7965/36796, batch_size=4, time_cost(epoch): 4:30:32/16:19:09, time_cost(all): 52:47:27/37:08:50, loss=1.4104537963867188, d_time=0.24(0.25), f_time=2.35(1.78), b_time=2.59(2.04), lr=0.002956915829468433
2026-03-12 22:49:38,952   INFO  epoch: 4/6, acc_iter=155200, cur_iter=8015/36796, batch_size=4, time_cost(epoch): 4:32:11/16:17:18, time_cost(all): 52:49:07/37:06:46, loss=1.0190002918243408, d_time=0.24(0.25), f_time=1.37(1.78), b_time=1.61(2.04), lr=0.0029533588307460736
2026-03-12 22:51:20,728   INFO  epoch: 4/6, acc_iter=155250, cur_iter=8065/36796, batch_size=4, time_cost(epoch): 4:33:53/16:15:36, time_cost(all): 52:50:48/37:05:03, loss=1.0920851230621338, d_time=0.25(0.25), f_time=1.31(1.78), b_time=1.56(2.04), lr=0.0029498018976502607
/bin/sh: line 1: gpustat: command not found
2026-03-12 22:51:21,021   INFO  
2026-03-12 22:52:28,972   INFO  Save latest model to /storage/project/r-gchou3-0/spanse30/MSF/output/cfgs/waymo_models/msf_8frames/default/ckpt/latest_model
2026-03-12 22:53:07,146   INFO  epoch: 4/6, acc_iter=155300, cur_iter=8115/36796, batch_size=4, time_cost(epoch): 4:35:39/16:14:10, time_cost(all): 52:52:35/37:03:58, loss=1.1688241958618164, d_time=0.25(0.25), f_time=1.78(1.79), b_time=2.03(2.04), lr=0.002946245035182565
2026-03-12 22:54:45,730   INFO  epoch: 4/6, acc_iter=155350, cur_iter=8165/36796, batch_size=4, time_cost(epoch): 4:37:18/16:12:16, time_cost(all): 52:54:13/37:01:50, loss=1.0026628971099854, d_time=0.25(0.25), f_time=1.59(1.78), b_time=1.84(2.04), lr=0.0029426882483444584
2026-03-12 22:56:25,972   INFO  epoch: 4/6, acc_iter=155400, cur_iter=8215/36796, batch_size=4, time_cost(epoch): 4:38:58/16:10:29, time_cost(all): 52:55:54/36:59:55, loss=1.2320612668991089, d_time=0.25(0.25), f_time=2.16(1.78), b_time=2.41(2.04), lr=0.0029391315421373088
/bin/sh: line 1: gpustat: command not found
2026-03-12 22:56:26,248   INFO  
2026-03-12 22:57:27,404   INFO  Save latest model to /storage/project/r-gchou3-0/spanse30/MSF/output/cfgs/waymo_models/msf_8frames/default/ckpt/latest_model
2026-03-12 22:58:07,296   INFO  epoch: 4/6, acc_iter=155450, cur_iter=8265/36796, batch_size=4, time_cost(epoch): 4:40:40/16:08:45, time_cost(all): 52:57:35/36:58:09, loss=1.3516203165054321, d_time=0.25(0.25), f_time=1.84(1.78), b_time=2.09(2.04), lr=0.0029355749215623714
2026-03-12 22:59:50,675   INFO  epoch: 4/6, acc_iter=155500, cur_iter=8315/36796, batch_size=4, time_cost(epoch): 4:42:23/16:07:08, time_cost(all): 52:59:18/36:56:39, loss=1.2754895687103271, d_time=0.25(0.25), f_time=2.03(1.78), b_time=2.28(2.04), lr=0.002932018391620775
2026-03-12 23:01:32,146   INFO  epoch: 4/6, acc_iter=155550, cur_iter=8365/36796, batch_size=4, time_cost(epoch): 4:44:04/16:05:25, time_cost(all): 53:01:00/36:54:54, loss=1.1766657829284668, d_time=0.25(0.25), f_time=2.16(1.78), b_time=2.41(2.04), lr=0.0029284619573135273
/bin/sh: line 1: gpustat: command not found
2026-03-12 23:01:32,414   INFO  
2026-03-12 23:02:29,464   INFO  Save latest model to /storage/project/r-gchou3-0/spanse30/MSF/output/cfgs/waymo_models/msf_8frames/default/ckpt/latest_model
2026-03-12 23:03:15,665   INFO  epoch: 4/6, acc_iter=155600, cur_iter=8415/36796, batch_size=4, time_cost(epoch): 4:45:48/16:03:49, time_cost(all): 53:02:43/36:53:25, loss=1.0643469095230103, d_time=0.25(0.25), f_time=1.69(1.78), b_time=1.94(2.04), lr=0.0029249056236415006
2026-03-12 23:04:53,779   INFO  epoch: 4/6, acc_iter=155650, cur_iter=8465/36796, batch_size=4, time_cost(epoch): 4:47:26/16:01:54, time_cost(all): 53:04:21/36:51:14, loss=1.6081867218017578, d_time=0.25(0.25), f_time=1.81(1.78), b_time=2.06(2.04), lr=0.002921349395605422
2026-03-12 23:06:39,158   INFO  epoch: 4/6, acc_iter=155700, cur_iter=8515/36796, batch_size=4, time_cost(epoch): 4:49:12/16:00:24, time_cost(all): 53:06:07/36:49:59, loss=1.6754359006881714, d_time=0.25(0.25), f_time=2.58(1.78), b_time=2.83(2.04), lr=0.0029177932782058725
/bin/sh: line 1: gpustat: command not found
2026-03-12 23:06:39,435   INFO  
2026-03-12 23:07:27,694   INFO  Save latest model to /storage/project/r-gchou3-0/spanse30/MSF/output/cfgs/waymo_models/msf_8frames/default/ckpt/latest_model
2026-03-12 23:08:20,328   INFO  epoch: 4/6, acc_iter=155750, cur_iter=8565/36796, batch_size=4, time_cost(epoch): 4:50:53/15:58:40, time_cost(all): 53:07:48/36:48:12, loss=1.1966673135757446, d_time=0.25(0.25), f_time=1.72(1.78), b_time=1.97(2.04), lr=0.0029142372764432794
2026-03-12 23:10:02,424   INFO  epoch: 4/6, acc_iter=155800, cur_iter=8615/36796, batch_size=4, time_cost(epoch): 4:52:35/15:56:59, time_cost(all): 53:09:30/36:46:31, loss=1.135723352432251, d_time=0.25(0.25), f_time=1.61(1.78), b_time=1.86(2.04), lr=0.002910681395317904
2026-03-12 23:11:45,764   INFO  epoch: 4/6, acc_iter=155850, cur_iter=8665/36796, batch_size=4, time_cost(epoch): 4:54:18/15:55:22, time_cost(all): 53:11:13/36:45:00, loss=1.3746813535690308, d_time=0.25(0.25), f_time=2.06(1.78), b_time=2.31(2.04), lr=0.002907125639829839
/bin/sh: line 1: gpustat: command not found
2026-03-12 23:11:46,046   INFO  
2026-03-12 23:12:27,363   INFO  Save latest model to /storage/project/r-gchou3-0/spanse30/MSF/output/cfgs/waymo_models/msf_8frames/default/ckpt/latest_model
2026-03-12 23:13:30,754   INFO  epoch: 4/6, acc_iter=155900, cur_iter=8715/36796, batch_size=4, time_cost(epoch): 4:56:03/15:53:50, time_cost(all): 53:12:58/36:43:42, loss=1.471888780593872, d_time=0.25(0.25), f_time=2.22(1.79), b_time=2.47(2.04), lr=0.002903570014979003
2026-03-12 23:15:13,360   INFO  epoch: 4/6, acc_iter=155950, cur_iter=8765/36796, batch_size=4, time_cost(epoch): 4:57:46/15:52:10, time_cost(all): 53:14:41/36:42:05, loss=1.7564632892608643, d_time=0.24(0.25), f_time=2.11(1.79), b_time=2.35(2.04), lr=0.002900014525765126
2026-03-12 23:16:51,216   INFO  epoch: 4/6, acc_iter=156000, cur_iter=8815/36796, batch_size=4, time_cost(epoch): 4:59:24/15:50:15, time_cost(all): 53:16:19/36:39:53, loss=1.0921201705932617, d_time=0.25(0.25), f_time=1.78(1.78), b_time=2.03(2.04), lr=0.002896459177187752
/bin/sh: line 1: gpustat: command not found
2026-03-12 23:16:51,494   INFO  
2026-03-12 23:17:27,410   INFO  Save latest model to /storage/project/r-gchou3-0/spanse30/MSF/output/cfgs/waymo_models/msf_8frames/default/ckpt/latest_model
2026-03-12 23:18:35,637   INFO  epoch: 4/6, acc_iter=156050, cur_iter=8865/36796, batch_size=4, time_cost(epoch): 5:01:08/15:48:42, time_cost(all): 53:18:03/36:38:30, loss=1.150602102279663, d_time=0.25(0.25), f_time=1.13(1.79), b_time=1.38(2.04), lr=0.0028929039742462254
2026-03-12 23:20:16,905   INFO  epoch: 4/6, acc_iter=156100, cur_iter=8915/36796, batch_size=4, time_cost(epoch): 5:02:49/15:46:58, time_cost(all): 53:19:44/36:36:44, loss=1.1178717613220215, d_time=0.25(0.25), f_time=1.97(1.79), b_time=2.22(2.04), lr=0.002889348921939684
2026-03-12 23:21:57,830   INFO  epoch: 4/6, acc_iter=156150, cur_iter=8965/36796, batch_size=4, time_cost(epoch): 5:04:30/15:45:13, time_cost(all): 53:21:25/36:34:55, loss=1.1808419227600098, d_time=0.25(0.25), f_time=1.61(1.79), b_time=1.86(2.04), lr=0.0028857940252670572
/bin/sh: line 1: gpustat: command not found
2026-03-12 23:21:58,123   INFO  
2026-03-12 23:22:28,566   INFO  Save latest model to /storage/project/r-gchou3-0/spanse30/MSF/output/cfgs/waymo_models/msf_8frames/default/ckpt/latest_model
2026-03-12 23:23:41,427   INFO  epoch: 4/6, acc_iter=156200, cur_iter=9015/36796, batch_size=4, time_cost(epoch): 5:06:14/15:43:36, time_cost(all): 53:23:09/36:33:25, loss=1.1704468727111816, d_time=0.25(0.25), f_time=1.58(1.79), b_time=1.83(2.04), lr=0.0028822392892270516
2026-03-12 23:25:22,952   INFO  epoch: 4/6, acc_iter=156250, cur_iter=9065/36796, batch_size=4, time_cost(epoch): 5:07:55/15:41:53, time_cost(all): 53:24:51/36:31:40, loss=1.3422123193740845, d_time=0.25(0.25), f_time=2.57(1.79), b_time=2.82(2.04), lr=0.002878684718818152
2026-03-12 23:27:02,978   INFO  epoch: 4/6, acc_iter=156300, cur_iter=9115/36796, batch_size=4, time_cost(epoch): 5:09:35/15:40:06, time_cost(all): 53:26:31/36:29:45, loss=1.1830534934997559, d_time=0.25(0.25), f_time=1.30(1.79), b_time=1.55(2.04), lr=0.0028751303190386094
/bin/sh: line 1: gpustat: command not found
2026-03-12 23:27:03,248   INFO  
2026-03-12 23:27:29,365   INFO  Save latest model to /storage/project/r-gchou3-0/spanse30/MSF/output/cfgs/waymo_models/msf_8frames/default/ckpt/latest_model
2026-03-12 23:28:46,910   INFO  epoch: 4/6, acc_iter=156350, cur_iter=9165/36796, batch_size=4, time_cost(epoch): 5:11:19/15:38:30, time_cost(all): 53:28:14/36:28:18, loss=1.3092163801193237, d_time=0.25(0.25), f_time=1.66(1.79), b_time=1.90(2.04), lr=0.002871576094886432
2026-03-12 23:30:27,663   INFO  epoch: 4/6, acc_iter=156400, cur_iter=9215/36796, batch_size=4, time_cost(epoch): 5:13:00/15:36:44, time_cost(all): 53:29:55/36:26:28, loss=1.5729477405548096, d_time=0.25(0.25), f_time=1.88(1.79), b_time=2.13(2.04), lr=0.002868022051359382
2026-03-12 23:32:09,594   INFO  epoch: 4/6, acc_iter=156450, cur_iter=9265/36796, batch_size=4, time_cost(epoch): 5:14:42/15:35:03, time_cost(all): 53:31:37/36:24:46, loss=1.154893159866333, d_time=0.24(0.25), f_time=1.51(1.79), b_time=1.75(2.04), lr=0.0028644681934549727
/bin/sh: line 1: gpustat: command not found
2026-03-12 23:32:09,957   INFO  
2026-03-12 23:32:27,354   INFO  Save latest model to /storage/project/r-gchou3-0/spanse30/MSF/output/cfgs/waymo_models/msf_8frames/default/ckpt/latest_model
2026-03-12 23:33:53,821   INFO  epoch: 4/6, acc_iter=156500, cur_iter=9315/36796, batch_size=4, time_cost(epoch): 5:16:26/15:33:28, time_cost(all): 53:33:21/36:23:21, loss=1.3310532569885254, d_time=0.25(0.25), f_time=2.33(1.79), b_time=2.58(2.04), lr=0.0028609145261704475
2026-03-12 23:35:39,451   INFO  epoch: 4/6, acc_iter=156550, cur_iter=9365/36796, batch_size=4, time_cost(epoch): 5:18:12/15:31:57, time_cost(all): 53:35:07/36:22:04, loss=1.4443355798721313, d_time=0.28(0.25), f_time=2.09(1.79), b_time=2.36(2.04), lr=0.00285736105450279
2026-03-12 23:37:20,431   INFO  epoch: 4/6, acc_iter=156600, cur_iter=9415/36796, batch_size=4, time_cost(epoch): 5:19:53/15:30:12, time_cost(all): 53:36:48/36:20:16, loss=1.2112292051315308, d_time=0.25(0.25), f_time=1.25(1.79), b_time=1.50(2.04), lr=0.0028538077834487042
/bin/sh: line 1: gpustat: command not found
2026-03-12 23:37:20,749   INFO  
2026-03-12 23:37:27,450   INFO  Save latest model to /storage/project/r-gchou3-0/spanse30/MSF/output/cfgs/waymo_models/msf_8frames/default/ckpt/latest_model
2026-03-12 23:39:02,259   INFO  epoch: 4/6, acc_iter=156650, cur_iter=9465/36796, batch_size=4, time_cost(epoch): 5:21:35/15:28:30, time_cost(all): 53:38:30/36:18:33, loss=1.1959662437438965, d_time=0.25(0.25), f_time=1.78(1.79), b_time=2.02(2.04), lr=0.002850254718004612
2026-03-12 23:40:41,375   INFO  epoch: 4/6, acc_iter=156700, cur_iter=9515/36796, batch_size=4, time_cost(epoch): 5:23:14/15:26:40, time_cost(all): 53:40:09/36:16:33, loss=1.4325284957885742, d_time=0.24(0.25), f_time=1.85(1.79), b_time=2.10(2.04), lr=0.002846701863166648
2026-03-12 23:42:25,953   INFO  epoch: 4/6, acc_iter=156750, cur_iter=9565/36796, batch_size=4, time_cost(epoch): 5:24:58/15:25:06, time_cost(all): 53:41:54/36:15:09, loss=1.3866374492645264, d_time=0.25(0.25), f_time=2.22(1.79), b_time=2.47(2.04), lr=0.002843149223930651
/bin/sh: line 1: gpustat: command not found
2026-03-12 23:42:26,234   INFO  
2026-03-12 23:42:28,108   INFO  Save latest model to /storage/project/r-gchou3-0/spanse30/MSF/output/cfgs/waymo_models/msf_8frames/default/ckpt/latest_model
2026-03-12 23:44:04,764   INFO  epoch: 4/6, acc_iter=156800, cur_iter=9615/36796, batch_size=4, time_cost(epoch): 5:26:37/15:23:15, time_cost(all): 53:43:32/36:13:06, loss=1.11734938621521, d_time=0.25(0.25), f_time=1.56(1.79), b_time=1.81(2.04), lr=0.0028395968052921544
2026-03-12 23:45:50,216   INFO  epoch: 4/6, acc_iter=156850, cur_iter=9665/36796, batch_size=4, time_cost(epoch): 5:28:23/15:21:43, time_cost(all): 53:45:18/36:11:48, loss=1.2135119438171387, d_time=0.25(0.25), f_time=1.31(1.79), b_time=1.56(2.04), lr=0.0028360446122463814
2026-03-12 23:47:27,819   INFO  Save latest model to /storage/project/r-gchou3-0/spanse30/MSF/output/cfgs/waymo_models/msf_8frames/default/ckpt/latest_model
2026-03-12 23:47:33,792   INFO  epoch: 4/6, acc_iter=156900, cur_iter=9715/36796, batch_size=4, time_cost(epoch): 5:30:06/15:20:06, time_cost(all): 53:47:01/36:10:17, loss=1.4653735160827637, d_time=0.25(0.25), f_time=2.17(1.79), b_time=2.42(2.04), lr=0.002832492649788243
/bin/sh: line 1: gpustat: command not found
2026-03-12 23:47:34,061   INFO  
2026-03-12 23:49:16,091   INFO  epoch: 4/6, acc_iter=156950, cur_iter=9765/36796, batch_size=4, time_cost(epoch): 5:31:48/15:18:25, time_cost(all): 53:48:44/36:08:37, loss=1.3842353820800781, d_time=0.25(0.25), f_time=1.73(1.79), b_time=1.98(2.04), lr=0.0028289409229123176
2026-03-12 23:51:07,952   INFO  epoch: 4/6, acc_iter=157000, cur_iter=9815/36796, batch_size=4, time_cost(epoch): 5:33:40/15:17:10, time_cost(all): 53:50:36/36:08:00, loss=1.246774673461914, d_time=0.25(0.25), f_time=2.02(1.79), b_time=2.27(2.04), lr=0.002825389436612859
2026-03-12 23:52:28,334   INFO  Save latest model to /storage/project/r-gchou3-0/spanse30/MSF/output/cfgs/waymo_models/msf_8frames/default/ckpt/latest_model
2026-03-12 23:53:02,424   INFO  epoch: 4/6, acc_iter=157050, cur_iter=9865/36796, batch_size=4, time_cost(epoch): 5:35:35/15:16:02, time_cost(all): 53:52:30/36:07:38, loss=1.4807367324829102, d_time=0.25(0.25), f_time=2.39(1.79), b_time=2.63(2.04), lr=0.002821838195883781
/bin/sh: line 1: gpustat: command not found
2026-03-12 23:53:02,782   INFO  
2026-03-12 23:54:44,642   INFO  epoch: 4/6, acc_iter=157100, cur_iter=9915/36796, batch_size=4, time_cost(epoch): 5:37:17/15:14:21, time_cost(all): 53:54:12/36:05:57, loss=1.01217782497406, d_time=0.25(0.25), f_time=1.03(1.79), b_time=1.28(2.04), lr=0.002818287205718651
2026-03-12 23:56:31,208   INFO  epoch: 4/6, acc_iter=157150, cur_iter=9965/36796, batch_size=4, time_cost(epoch): 5:39:04/15:12:51, time_cost(all): 53:55:59/36:04:44, loss=1.0308141708374023, d_time=0.31(0.25), f_time=1.37(1.79), b_time=1.67(2.04), lr=0.0028147364711106843
2026-03-12 23:57:27,816   INFO  Save latest model to /storage/project/r-gchou3-0/spanse30/MSF/output/cfgs/waymo_models/msf_8frames/default/ckpt/latest_model
2026-03-12 23:58:11,853   INFO  epoch: 4/6, acc_iter=157200, cur_iter=10015/36796, batch_size=4, time_cost(epoch): 5:40:44/15:11:05, time_cost(all): 53:57:39/36:02:53, loss=1.0712379217147827, d_time=0.25(0.25), f_time=0.99(1.79), b_time=1.24(2.04), lr=0.002811185997052737
/bin/sh: line 1: gpustat: command not found
2026-03-12 23:58:12,213   INFO  
2026-03-12 23:59:57,259   INFO  epoch: 4/6, acc_iter=157250, cur_iter=10065/36796, batch_size=4, time_cost(epoch): 5:42:30/15:09:32, time_cost(all): 53:59:25/36:01:32, loss=1.2143768072128296, d_time=0.25(0.25), f_time=2.14(1.79), b_time=2.39(2.04), lr=0.0028076357885373003
2026-03-13 00:01:38,963   INFO  epoch: 4/6, acc_iter=157300, cur_iter=10115/36796, batch_size=4, time_cost(epoch): 5:44:11/15:07:49, time_cost(all): 54:01:07/35:59:48, loss=1.0260539054870605, d_time=0.25(0.25), f_time=0.69(1.79), b_time=0.94(2.04), lr=0.002804085850556491
2026-03-13 00:02:29,640   INFO  Save latest model to /storage/project/r-gchou3-0/spanse30/MSF/output/cfgs/waymo_models/msf_8frames/default/ckpt/latest_model
2026-03-13 00:03:19,217   INFO  epoch: 4/6, acc_iter=157350, cur_iter=10165/36796, batch_size=4, time_cost(epoch): 5:45:52/15:06:02, time_cost(all): 54:02:47/35:57:54, loss=1.1669278144836426, d_time=0.25(0.25), f_time=1.51(1.79), b_time=1.76(2.04), lr=0.0028005361881020437
/bin/sh: line 1: gpustat: command not found
2026-03-13 00:03:19,498   INFO  
2026-03-13 00:04:59,250   INFO  epoch: 4/6, acc_iter=157400, cur_iter=10215/36796, batch_size=4, time_cost(epoch): 5:47:32/15:04:15, time_cost(all): 54:04:27/35:56:00, loss=1.1794811487197876, d_time=0.24(0.25), f_time=1.76(1.79), b_time=2.00(2.04), lr=0.0027969868061653073
2026-03-13 00:06:43,769   INFO  epoch: 4/6, acc_iter=157450, cur_iter=10265/36796, batch_size=4, time_cost(epoch): 5:49:16/15:02:39, time_cost(all): 54:06:11/35:54:33, loss=1.1276224851608276, d_time=0.25(0.25), f_time=2.03(1.79), b_time=2.28(2.04), lr=0.0027934377097372388
2026-03-13 00:07:29,044   INFO  Save latest model to /storage/project/r-gchou3-0/spanse30/MSF/output/cfgs/waymo_models/msf_8frames/default/ckpt/latest_model
2026-03-13 00:08:25,355   INFO  epoch: 4/6, acc_iter=157500, cur_iter=10315/36796, batch_size=4, time_cost(epoch): 5:50:58/15:00:56, time_cost(all): 54:07:53/35:52:48, loss=1.1882548332214355, d_time=0.25(0.25), f_time=1.79(1.79), b_time=2.04(2.04), lr=0.002789888903808387
/bin/sh: line 1: gpustat: command not found
2026-03-13 00:08:25,636   INFO  
2026-03-13 00:10:10,386   INFO  epoch: 4/6, acc_iter=157550, cur_iter=10365/36796, batch_size=4, time_cost(epoch): 5:52:43/14:59:21, time_cost(all): 54:09:38/35:51:24, loss=1.376922845840454, d_time=0.25(0.25), f_time=1.50(1.79), b_time=1.75(2.04), lr=0.0027863403933688986
2026-03-13 00:11:52,439   INFO  epoch: 4/6, acc_iter=157600, cur_iter=10415/36796, batch_size=4, time_cost(epoch): 5:54:25/14:57:39, time_cost(all): 54:11:20/35:49:42, loss=1.4274822473526, d_time=0.25(0.25), f_time=1.74(1.79), b_time=1.99(2.04), lr=0.002782792183408503
2026-03-13 00:12:28,494   INFO  Save latest model to /storage/project/r-gchou3-0/spanse30/MSF/output/cfgs/waymo_models/msf_8frames/default/ckpt/latest_model
2026-03-13 00:13:32,340   INFO  epoch: 4/6, acc_iter=157650, cur_iter=10465/36796, batch_size=4, time_cost(epoch): 5:56:05/14:55:51, time_cost(all): 54:13:00/35:47:46, loss=1.2095757722854614, d_time=0.25(0.25), f_time=1.40(1.79), b_time=1.65(2.04), lr=0.002779244278916504
/bin/sh: line 1: gpustat: command not found
2026-03-13 00:13:32,626   INFO  
2026-03-13 00:15:14,879   INFO  epoch: 4/6, acc_iter=157700, cur_iter=10515/36796, batch_size=4, time_cost(epoch): 5:57:47/14:54:10, time_cost(all): 54:14:42/35:46:07, loss=1.2044910192489624, d_time=0.25(0.25), f_time=1.24(1.79), b_time=1.49(2.04), lr=0.002775696684881781
2026-03-13 00:16:56,950   INFO  epoch: 4/6, acc_iter=157750, cur_iter=10565/36796, batch_size=4, time_cost(epoch): 5:59:29/14:52:28, time_cost(all): 54:16:25/35:44:25, loss=1.4248706102371216, d_time=0.25(0.25), f_time=1.65(1.79), b_time=1.90(2.04), lr=0.002772149406292774
2026-03-13 00:17:28,070   INFO  Save latest model to /storage/project/r-gchou3-0/spanse30/MSF/output/cfgs/waymo_models/msf_8frames/default/ckpt/latest_model
2026-03-13 00:18:37,996   INFO  epoch: 4/6, acc_iter=157800, cur_iter=10615/36796, batch_size=4, time_cost(epoch): 6:01:10/14:50:44, time_cost(all): 54:18:06/35:42:37, loss=1.0783076286315918, d_time=0.25(0.25), f_time=1.40(1.79), b_time=1.65(2.04), lr=0.0027686024481374774
/bin/sh: line 1: gpustat: command not found
2026-03-13 00:18:38,270   INFO  
2026-03-13 00:20:22,695   INFO  epoch: 4/6, acc_iter=157850, cur_iter=10665/36796, batch_size=4, time_cost(epoch): 6:02:55/14:49:08, time_cost(all): 54:19:50/35:41:10, loss=1.67667555809021, d_time=0.24(0.25), f_time=2.47(1.79), b_time=2.71(2.04), lr=0.002765055815403439
2026-03-13 00:22:03,904   INFO  epoch: 4/6, acc_iter=157900, cur_iter=10715/36796, batch_size=4, time_cost(epoch): 6:04:36/14:47:24, time_cost(all): 54:21:31/35:39:23, loss=1.2993347644805908, d_time=0.25(0.25), f_time=1.54(1.79), b_time=1.79(2.04), lr=0.002761509513077749
2026-03-13 00:22:28,150   INFO  Save latest model to /storage/project/r-gchou3-0/spanse30/MSF/output/cfgs/waymo_models/msf_8frames/default/ckpt/latest_model
2026-03-13 00:23:41,198   INFO  epoch: 4/6, acc_iter=157950, cur_iter=10765/36796, batch_size=4, time_cost(epoch): 6:06:14/14:45:30, time_cost(all): 54:23:09/35:37:13, loss=0.9594401121139526, d_time=0.25(0.25), f_time=1.31(1.79), b_time=1.56(2.04), lr=0.0027579635461470273
/bin/sh: line 1: gpustat: command not found
2026-03-13 00:23:41,517   INFO  
2026-03-13 00:25:26,644   INFO  epoch: 4/6, acc_iter=158000, cur_iter=10815/36796, batch_size=4, time_cost(epoch): 6:07:59/14:43:56, time_cost(all): 54:24:54/35:35:51, loss=1.3907328844070435, d_time=0.25(0.25), f_time=2.08(1.79), b_time=2.33(2.04), lr=0.0027544179195974293
2026-03-13 00:27:07,545   INFO  epoch: 4/6, acc_iter=158050, cur_iter=10865/36796, batch_size=4, time_cost(epoch): 6:09:40/14:42:12, time_cost(all): 54:26:35/35:34:02, loss=1.5381178855895996, d_time=0.25(0.25), f_time=1.90(1.79), b_time=2.15(2.04), lr=0.0027508726384146277
2026-03-13 00:27:27,946   INFO  Save latest model to /storage/project/r-gchou3-0/spanse30/MSF/output/cfgs/waymo_models/msf_8frames/default/ckpt/latest_model
2026-03-13 00:28:49,980   INFO  epoch: 4/6, acc_iter=158100, cur_iter=10915/36796, batch_size=4, time_cost(epoch): 6:11:22/14:40:30, time_cost(all): 54:28:18/35:32:22, loss=1.5782924890518188, d_time=0.25(0.25), f_time=2.35(1.79), b_time=2.60(2.04), lr=0.0027473277075838105
/bin/sh: line 1: gpustat: command not found
2026-03-13 00:28:50,256   INFO  
2026-03-13 00:30:29,448   INFO  epoch: 4/6, acc_iter=158150, cur_iter=10965/36796, batch_size=4, time_cost(epoch): 6:13:02/14:38:42, time_cost(all): 54:29:57/35:30:25, loss=1.3420943021774292, d_time=0.25(0.25), f_time=1.73(1.79), b_time=1.98(2.04), lr=0.002743783132089674
2026-03-13 00:32:11,822   INFO  epoch: 4/6, acc_iter=158200, cur_iter=11015/36796, batch_size=4, time_cost(epoch): 6:14:44/14:37:01, time_cost(all): 54:31:39/35:28:45, loss=1.2444175481796265, d_time=0.25(0.25), f_time=2.17(1.79), b_time=2.42(2.04), lr=0.002740238916916411
2026-03-13 00:32:28,955   INFO  Save latest model to /storage/project/r-gchou3-0/spanse30/MSF/output/cfgs/waymo_models/msf_8frames/default/ckpt/latest_model
2026-03-13 00:33:53,085   INFO  epoch: 4/6, acc_iter=158250, cur_iter=11065/36796, batch_size=4, time_cost(epoch): 6:16:25/14:35:17, time_cost(all): 54:33:21/35:26:58, loss=1.4483901262283325, d_time=0.25(0.25), f_time=2.16(1.79), b_time=2.41(2.04), lr=0.002736695067047714
/bin/sh: line 1: gpustat: command not found
2026-03-13 00:33:53,365   INFO  
2026-03-13 00:35:33,565   INFO  epoch: 4/6, acc_iter=158300, cur_iter=11115/36796, batch_size=4, time_cost(epoch): 6:18:06/14:33:31, time_cost(all): 54:35:01/35:25:07, loss=1.3767893314361572, d_time=0.25(0.25), f_time=2.35(1.79), b_time=2.60(2.04), lr=0.002733151587466757
2026-03-13 00:37:13,878   INFO  epoch: 4/6, acc_iter=158350, cur_iter=11165/36796, batch_size=4, time_cost(epoch): 6:19:46/14:31:45, time_cost(all): 54:36:41/35:23:16, loss=1.2585701942443848, d_time=0.25(0.25), f_time=2.17(1.79), b_time=2.42(2.04), lr=0.002729608483156195
2026-03-13 00:37:28,589   INFO  Save latest model to /storage/project/r-gchou3-0/spanse30/MSF/output/cfgs/waymo_models/msf_8frames/default/ckpt/latest_model
2026-03-13 00:38:57,770   INFO  epoch: 4/6, acc_iter=158400, cur_iter=11215/36796, batch_size=4, time_cost(epoch): 6:21:30/14:30:07, time_cost(all): 54:38:25/35:21:44, loss=1.2405719757080078, d_time=0.25(0.25), f_time=1.64(1.79), b_time=1.89(2.04), lr=0.0027260657590981534
/bin/sh: line 1: gpustat: command not found
2026-03-13 00:38:58,044   INFO  
2026-03-13 00:40:42,685   INFO  epoch: 4/6, acc_iter=158450, cur_iter=11265/36796, batch_size=4, time_cost(epoch): 6:23:15/14:28:32, time_cost(all): 54:40:10/35:20:18, loss=1.0664974451065063, d_time=0.25(0.25), f_time=1.76(1.79), b_time=2.01(2.04), lr=0.0027225234202742283
2026-03-13 00:42:23,965   INFO  epoch: 4/6, acc_iter=158500, cur_iter=11315/36796, batch_size=4, time_cost(epoch): 6:24:56/14:26:48, time_cost(all): 54:41:52/35:18:32, loss=0.8762208223342896, d_time=0.25(0.25), f_time=1.31(1.79), b_time=1.56(2.04), lr=0.002718981471665466
2026-03-13 00:42:27,888   INFO  Save latest model to /storage/project/r-gchou3-0/spanse30/MSF/output/cfgs/waymo_models/msf_8frames/default/ckpt/latest_model
2026-03-13 00:44:01,639   INFO  epoch: 4/6, acc_iter=158550, cur_iter=11365/36796, batch_size=4, time_cost(epoch): 6:26:34/14:24:56, time_cost(all): 54:43:29/35:16:26, loss=1.1706267595291138, d_time=0.25(0.25), f_time=1.73(1.79), b_time=1.98(2.04), lr=0.002715439918252371
/bin/sh: line 1: gpustat: command not found
2026-03-13 00:44:01,914   INFO  
2026-03-13 00:45:39,475   INFO  epoch: 4/6, acc_iter=158600, cur_iter=11415/36796, batch_size=4, time_cost(epoch): 6:28:12/14:23:05, time_cost(all): 54:45:07/35:14:21, loss=1.2760242223739624, d_time=0.25(0.25), f_time=2.19(1.79), b_time=2.44(2.04), lr=0.0027118987650148895
2026-03-13 00:47:21,658   INFO  epoch: 4/6, acc_iter=158650, cur_iter=11465/36796, batch_size=4, time_cost(epoch): 6:29:54/14:21:23, time_cost(all): 54:46:49/35:12:40, loss=1.2186874151229858, d_time=0.25(0.25), f_time=1.81(1.79), b_time=2.06(2.04), lr=0.002708358016932403
2026-03-13 00:47:27,672   INFO  Save latest model to /storage/project/r-gchou3-0/spanse30/MSF/output/cfgs/waymo_models/msf_8frames/default/ckpt/latest_model
2026-03-13 00:49:01,946   INFO  epoch: 4/6, acc_iter=158700, cur_iter=11515/36796, batch_size=4, time_cost(epoch): 6:31:34/14:19:37, time_cost(all): 54:48:30/35:10:48, loss=1.5052357912063599, d_time=0.25(0.25), f_time=1.84(1.79), b_time=2.08(2.04), lr=0.002704817678983728
/bin/sh: line 1: gpustat: command not found
2026-03-13 00:49:02,219   INFO  
2026-03-13 00:50:43,863   INFO  epoch: 4/6, acc_iter=158750, cur_iter=11565/36796, batch_size=4, time_cost(epoch): 6:33:16/14:17:55, time_cost(all): 54:50:11/35:09:06, loss=1.3363033533096313, d_time=0.25(0.25), f_time=1.92(1.79), b_time=2.17(2.04), lr=0.002701277756147101
2026-03-13 00:52:25,982   INFO  epoch: 4/6, acc_iter=158800, cur_iter=11615/36796, batch_size=4, time_cost(epoch): 6:34:58/14:16:13, time_cost(all): 54:51:54/35:07:24, loss=1.3368780612945557, d_time=0.25(0.25), f_time=2.53(1.79), b_time=2.77(2.04), lr=0.002697738253400174
2026-03-13 00:52:27,727   INFO  Save latest model to /storage/project/r-gchou3-0/spanse30/MSF/output/cfgs/waymo_models/msf_8frames/default/ckpt/latest_model
2026-03-13 00:54:08,621   INFO  epoch: 4/6, acc_iter=158850, cur_iter=11665/36796, batch_size=4, time_cost(epoch): 6:36:41/14:14:33, time_cost(all): 54:53:36/35:05:46, loss=1.296694040298462, d_time=0.25(0.25), f_time=1.51(1.79), b_time=1.76(2.04), lr=0.0026941991757200097
/bin/sh: line 1: gpustat: command not found
2026-03-13 00:54:08,911   INFO  
2026-03-13 00:55:52,907   INFO  epoch: 4/6, acc_iter=158900, cur_iter=11715/36796, batch_size=4, time_cost(epoch): 6:38:25/14:12:56, time_cost(all): 54:55:20/35:04:16, loss=1.7420432567596436, d_time=0.25(0.25), f_time=2.68(1.79), b_time=2.93(2.04), lr=0.0026906605280830765
2026-03-13 00:57:27,275   INFO  Save latest model to /storage/project/r-gchou3-0/spanse30/MSF/output/cfgs/waymo_models/msf_8frames/default/ckpt/latest_model
2026-03-13 00:57:32,732   INFO  epoch: 4/6, acc_iter=158950, cur_iter=11765/36796, batch_size=4, time_cost(epoch): 6:40:05/14:11:09, time_cost(all): 54:57:00/35:02:22, loss=1.5161242485046387, d_time=0.25(0.25), f_time=1.76(1.79), b_time=2.01(2.04), lr=0.0026871223154652296
2026-03-13 00:59:16,846   INFO  epoch: 4/6, acc_iter=159000, cur_iter=11815/36796, batch_size=4, time_cost(epoch): 6:41:49/14:09:31, time_cost(all): 54:58:44/35:00:51, loss=1.3150107860565186, d_time=0.25(0.25), f_time=2.15(1.79), b_time=2.39(2.04), lr=0.0026835845428417214
/bin/sh: line 1: gpustat: command not found
2026-03-13 00:59:17,130   INFO  
2026-03-13 01:00:58,233   INFO  epoch: 4/6, acc_iter=159050, cur_iter=11865/36796, batch_size=4, time_cost(epoch): 6:43:31/14:07:48, time_cost(all): 55:00:26/34:59:06, loss=0.9910534620285034, d_time=0.25(0.25), f_time=1.22(1.79), b_time=1.47(2.04), lr=0.0026800472151871806
2026-03-13 01:02:28,318   INFO  Save latest model to /storage/project/r-gchou3-0/spanse30/MSF/output/cfgs/waymo_models/msf_8frames/default/ckpt/latest_model
2026-03-13 01:02:41,996   INFO  epoch: 4/6, acc_iter=159100, cur_iter=11915/36796, batch_size=4, time_cost(epoch): 6:45:14/14:06:10, time_cost(all): 55:02:10/34:57:33, loss=1.2038167715072632, d_time=0.25(0.25), f_time=2.44(1.79), b_time=2.69(2.04), lr=0.0026765103374756113
2026-03-13 01:04:23,358   INFO  epoch: 4/6, acc_iter=159150, cur_iter=11965/36796, batch_size=4, time_cost(epoch): 6:46:56/14:04:26, time_cost(all): 55:03:51/34:55:47, loss=1.3325058221817017, d_time=0.25(0.25), f_time=1.39(1.79), b_time=1.64(2.04), lr=0.002672973914680385
/bin/sh: line 1: gpustat: command not found
2026-03-13 01:04:23,663   INFO  
2026-03-13 01:06:04,951   INFO  epoch: 4/6, acc_iter=159200, cur_iter=12015/36796, batch_size=4, time_cost(epoch): 6:48:37/14:02:43, time_cost(all): 55:05:33/34:54:03, loss=1.390524983406067, d_time=0.25(0.25), f_time=2.26(1.79), b_time=2.51(2.04), lr=0.002669437951774233
2026-03-13 01:07:28,982   INFO  Save latest model to /storage/project/r-gchou3-0/spanse30/MSF/output/cfgs/waymo_models/msf_8frames/default/ckpt/latest_model
2026-03-13 01:07:47,709   INFO  epoch: 4/6, acc_iter=159250, cur_iter=12065/36796, batch_size=4, time_cost(epoch): 6:50:20/14:01:03, time_cost(all): 55:07:15/34:52:25, loss=1.355040192604065, d_time=0.25(0.25), f_time=2.25(1.79), b_time=2.50(2.04), lr=0.002665902453729241
2026-03-13 01:09:25,816   INFO  epoch: 4/6, acc_iter=159300, cur_iter=12115/36796, batch_size=4, time_cost(epoch): 6:51:58/13:59:13, time_cost(all): 55:08:53/34:50:23, loss=1.213170051574707, d_time=0.25(0.25), f_time=1.98(1.79), b_time=2.23(2.04), lr=0.002662367425516842
/bin/sh: line 1: gpustat: command not found
2026-03-13 01:09:26,094   INFO  
2026-03-13 01:11:08,207   INFO  epoch: 4/6, acc_iter=159350, cur_iter=12165/36796, batch_size=4, time_cost(epoch): 6:53:41/13:57:32, time_cost(all): 55:10:36/34:48:43, loss=1.1058298349380493, d_time=0.24(0.25), f_time=1.38(1.79), b_time=1.62(2.04), lr=0.0026588328721078042
2026-03-13 01:12:27,983   INFO  Save latest model to /storage/project/r-gchou3-0/spanse30/MSF/output/cfgs/waymo_models/msf_8frames/default/ckpt/latest_model
2026-03-13 01:12:52,032   INFO  epoch: 4/6, acc_iter=159400, cur_iter=12215/36796, batch_size=4, time_cost(epoch): 6:55:24/13:55:53, time_cost(all): 55:12:20/34:47:10, loss=1.1834213733673096, d_time=0.25(0.25), f_time=1.05(1.79), b_time=1.30(2.04), lr=0.0026552987984722314
2026-03-13 01:14:36,120   INFO  epoch: 4/6, acc_iter=159450, cur_iter=12265/36796, batch_size=4, time_cost(epoch): 6:57:08/13:54:15, time_cost(all): 55:14:04/34:45:38, loss=1.2861440181732178, d_time=0.25(0.25), f_time=2.34(1.79), b_time=2.59(2.04), lr=0.002651765209579554
/bin/sh: line 1: gpustat: command not found
2026-03-13 01:14:36,398   INFO  
2026-03-13 01:16:16,531   INFO  epoch: 4/6, acc_iter=159500, cur_iter=12315/36796, batch_size=4, time_cost(epoch): 6:58:49/13:52:30, time_cost(all): 55:15:44/34:43:48, loss=1.3573969602584839, d_time=0.25(0.25), f_time=1.63(1.79), b_time=1.88(2.04), lr=0.0026482321103985175
2026-03-13 01:17:28,805   INFO  Save latest model to /storage/project/r-gchou3-0/spanse30/MSF/output/cfgs/waymo_models/msf_8frames/default/ckpt/latest_model
2026-03-13 01:17:57,277   INFO  epoch: 4/6, acc_iter=159550, cur_iter=12365/36796, batch_size=4, time_cost(epoch): 7:00:30/13:50:46, time_cost(all): 55:17:25/34:42:00, loss=1.2687016725540161, d_time=0.25(0.25), f_time=1.92(1.79), b_time=2.17(2.04), lr=0.00264469950589718
2026-03-13 01:19:41,500   INFO  epoch: 4/6, acc_iter=159600, cur_iter=12415/36796, batch_size=4, time_cost(epoch): 7:02:14/13:49:08, time_cost(all): 55:19:09/34:40:29, loss=1.346465826034546, d_time=0.25(0.25), f_time=1.33(1.79), b_time=1.58(2.04), lr=0.0026411674010429057
/bin/sh: line 1: gpustat: command not found
2026-03-13 01:19:41,770   INFO  
2026-03-13 01:21:22,532   INFO  epoch: 4/6, acc_iter=159650, cur_iter=12465/36796, batch_size=4, time_cost(epoch): 7:03:55/13:47:24, time_cost(all): 55:20:50/34:38:42, loss=1.380885124206543, d_time=0.25(0.25), f_time=1.70(1.79), b_time=1.95(2.04), lr=0.002637635800802352
2026-03-13 01:22:28,849   INFO  Save latest model to /storage/project/r-gchou3-0/spanse30/MSF/output/cfgs/waymo_models/msf_8frames/default/ckpt/latest_model
2026-03-13 01:23:05,929   INFO  epoch: 4/6, acc_iter=159700, cur_iter=12515/36796, batch_size=4, time_cost(epoch): 7:05:38/13:45:45, time_cost(all): 55:22:33/34:37:07, loss=1.6512000560760498, d_time=0.25(0.25), f_time=2.14(1.79), b_time=2.39(2.04), lr=0.0026341047101414725
2026-03-13 01:24:47,406   INFO  epoch: 4/6, acc_iter=159750, cur_iter=12565/36796, batch_size=4, time_cost(epoch): 7:07:20/13:44:02, time_cost(all): 55:24:15/34:35:22, loss=1.3009275197982788, d_time=0.25(0.25), f_time=2.04(1.79), b_time=2.29(2.04), lr=0.002630574134025501
/bin/sh: line 1: gpustat: command not found
2026-03-13 01:24:47,713   INFO  
2026-03-13 01:26:28,559   INFO  epoch: 4/6, acc_iter=159800, cur_iter=12615/36796, batch_size=4, time_cost(epoch): 7:09:01/13:42:18, time_cost(all): 55:25:56/34:33:36, loss=1.7550327777862549, d_time=0.25(0.25), f_time=1.88(1.79), b_time=2.13(2.04), lr=0.0026270440774189456
2026-03-13 01:27:27,956   INFO  Save latest model to /storage/project/r-gchou3-0/spanse30/MSF/output/cfgs/waymo_models/msf_8frames/default/ckpt/latest_model
2026-03-13 01:28:09,289   INFO  epoch: 4/6, acc_iter=159850, cur_iter=12665/36796, batch_size=4, time_cost(epoch): 7:10:42/13:40:33, time_cost(all): 55:27:37/34:31:47, loss=1.3235043287277222, d_time=0.25(0.25), f_time=1.66(1.79), b_time=1.91(2.04), lr=0.0026235145452855875
2026-03-13 01:29:50,969   INFO  epoch: 4/6, acc_iter=159900, cur_iter=12715/36796, batch_size=4, time_cost(epoch): 7:12:23/13:38:51, time_cost(all): 55:29:19/34:30:04, loss=1.3407025337219238, d_time=0.25(0.25), f_time=2.07(1.79), b_time=2.32(2.04), lr=0.002619985542588472
/bin/sh: line 1: gpustat: command not found
2026-03-13 01:29:51,244   INFO  
2026-03-13 01:31:32,123   INFO  epoch: 4/6, acc_iter=159950, cur_iter=12765/36796, batch_size=4, time_cost(epoch): 7:14:04/13:37:07, time_cost(all): 55:31:00/34:28:18, loss=1.2186815738677979, d_time=0.25(0.25), f_time=1.69(1.79), b_time=1.94(2.04), lr=0.0026164570742898924
2026-03-13 01:32:28,120   INFO  Save latest model to /storage/project/r-gchou3-0/spanse30/MSF/output/cfgs/waymo_models/msf_8frames/default/ckpt/latest_model
2026-03-13 01:33:08,847   INFO  epoch: 4/6, acc_iter=160000, cur_iter=12815/36796, batch_size=4, time_cost(epoch): 7:15:41/13:35:15, time_cost(all): 55:32:36/34:26:11, loss=1.2897449731826782, d_time=0.25(0.25), f_time=1.06(1.79), b_time=1.31(2.04), lr=0.0026129291453513984
2026-03-13 01:34:51,257   INFO  epoch: 4/6, acc_iter=160050, cur_iter=12865/36796, batch_size=4, time_cost(epoch): 7:17:24/13:33:34, time_cost(all): 55:34:19/34:24:31, loss=1.4467216730117798, d_time=0.25(0.25), f_time=1.30(1.79), b_time=1.55(2.04), lr=0.0026094017607337784
/bin/sh: line 1: gpustat: command not found
2026-03-13 01:34:51,536   INFO  
2026-03-13 01:36:31,898   INFO  epoch: 4/6, acc_iter=160100, cur_iter=12915/36796, batch_size=4, time_cost(epoch): 7:19:04/13:31:50, time_cost(all): 55:35:59/34:22:42, loss=1.1832425594329834, d_time=0.25(0.25), f_time=2.03(1.79), b_time=2.28(2.04), lr=0.002605874925397054
2026-03-13 01:37:28,396   INFO  Save latest model to /storage/project/r-gchou3-0/spanse30/MSF/output/cfgs/waymo_models/msf_8frames/default/ckpt/latest_model
2026-03-13 01:38:11,083   INFO  epoch: 4/6, acc_iter=160150, cur_iter=12965/36796, batch_size=4, time_cost(epoch): 7:20:43/13:30:02, time_cost(all): 55:37:39/34:20:47, loss=1.3881120681762695, d_time=0.25(0.25), f_time=2.05(1.79), b_time=2.30(2.04), lr=0.002602348644300475
2026-03-13 01:39:50,450   INFO  epoch: 4/6, acc_iter=160200, cur_iter=13015/36796, batch_size=4, time_cost(epoch): 7:22:23/13:28:16, time_cost(all): 55:39:18/34:18:53, loss=1.4003486633300781, d_time=0.25(0.25), f_time=1.64(1.79), b_time=1.89(2.04), lr=0.002598822922402515
/bin/sh: line 1: gpustat: command not found
2026-03-13 01:39:50,727   INFO  
2026-03-13 01:41:30,210   INFO  epoch: 4/6, acc_iter=160250, cur_iter=13065/36796, batch_size=4, time_cost(epoch): 7:24:03/13:26:30, time_cost(all): 55:40:58/34:17:01, loss=1.3007566928863525, d_time=0.25(0.25), f_time=1.59(1.79), b_time=1.84(2.04), lr=0.0025952977646608562
2026-03-13 01:42:28,645   INFO  Save latest model to /storage/project/r-gchou3-0/spanse30/MSF/output/cfgs/waymo_models/msf_8frames/default/ckpt/latest_model
2026-03-13 01:43:11,957   INFO  epoch: 4/6, acc_iter=160300, cur_iter=13115/36796, batch_size=4, time_cost(epoch): 7:25:44/13:24:47, time_cost(all): 55:42:40/34:15:18, loss=1.445476770401001, d_time=0.25(0.25), f_time=1.93(1.79), b_time=2.18(2.04), lr=0.0025917731760323926
2026-03-13 01:44:54,763   INFO  epoch: 4/6, acc_iter=160350, cur_iter=13165/36796, batch_size=4, time_cost(epoch): 7:27:27/13:23:07, time_cost(all): 55:44:22/34:13:40, loss=1.3317241668701172, d_time=0.25(0.25), f_time=1.76(1.79), b_time=2.01(2.04), lr=0.002588249161473213
/bin/sh: line 1: gpustat: command not found
2026-03-13 01:44:55,039   INFO  
2026-03-13 01:46:37,850   INFO  epoch: 4/6, acc_iter=160400, cur_iter=13215/36796, batch_size=4, time_cost(epoch): 7:29:10/13:21:27, time_cost(all): 55:46:05/34:12:03, loss=1.216558575630188, d_time=0.25(0.25), f_time=1.90(1.79), b_time=2.15(2.04), lr=0.002584725725938602
2026-03-13 01:47:28,408   INFO  Save latest model to /storage/project/r-gchou3-0/spanse30/MSF/output/cfgs/waymo_models/msf_8frames/default/ckpt/latest_model
2026-03-13 01:48:21,707   INFO  epoch: 4/6, acc_iter=160450, cur_iter=13265/36796, batch_size=4, time_cost(epoch): 7:30:54/13:19:48, time_cost(all): 55:47:49/34:10:30, loss=1.3994522094726562, d_time=0.25(0.25), f_time=2.48(1.79), b_time=2.73(2.04), lr=0.0025812028743830316
2026-03-13 01:50:05,377   INFO  epoch: 4/6, acc_iter=160500, cur_iter=13315/36796, batch_size=4, time_cost(epoch): 7:32:38/13:18:09, time_cost(all): 55:49:33/34:08:56, loss=1.2196791172027588, d_time=0.25(0.25), f_time=1.26(1.79), b_time=1.51(2.04), lr=0.002577680611760148
/bin/sh: line 1: gpustat: command not found
2026-03-13 01:50:05,746   INFO  
2026-03-13 01:51:48,850   INFO  epoch: 4/6, acc_iter=160550, cur_iter=13365/36796, batch_size=4, time_cost(epoch): 7:34:21/13:16:30, time_cost(all): 55:51:16/34:07:20, loss=1.2588942050933838, d_time=0.25(0.25), f_time=2.00(1.79), b_time=2.25(2.04), lr=0.0025741589430227727
2026-03-13 01:52:28,381   INFO  Save latest model to /storage/project/r-gchou3-0/spanse30/MSF/output/cfgs/waymo_models/msf_8frames/default/ckpt/latest_model
2026-03-13 01:53:31,485   INFO  epoch: 4/6, acc_iter=160600, cur_iter=13415/36796, batch_size=4, time_cost(epoch): 7:36:04/13:14:49, time_cost(all): 55:52:59/34:05:41, loss=1.3440414667129517, d_time=0.25(0.25), f_time=1.55(1.79), b_time=1.80(2.04), lr=0.0025706378731228914
2026-03-13 01:55:12,042   INFO  epoch: 4/6, acc_iter=160650, cur_iter=13465/36796, batch_size=4, time_cost(epoch): 7:37:44/13:13:05, time_cost(all): 55:54:40/34:03:53, loss=1.8523950576782227, d_time=0.25(0.25), f_time=1.76(1.79), b_time=2.01(2.04), lr=0.002567117407011646
/bin/sh: line 1: gpustat: command not found
2026-03-13 01:55:12,315   INFO  
2026-03-13 01:56:53,670   INFO  epoch: 4/6, acc_iter=160700, cur_iter=13515/36796, batch_size=4, time_cost(epoch): 7:39:26/13:11:22, time_cost(all): 55:56:21/34:02:09, loss=1.2651889324188232, d_time=0.25(0.25), f_time=2.08(1.79), b_time=2.32(2.04), lr=0.0025635975496393327
2026-03-13 01:57:27,439   INFO  Save latest model to /storage/project/r-gchou3-0/spanse30/MSF/output/cfgs/waymo_models/msf_8frames/default/ckpt/latest_model
2026-03-13 01:58:32,988   INFO  epoch: 4/6, acc_iter=160750, cur_iter=13565/36796, batch_size=4, time_cost(epoch): 7:41:05/13:09:36, time_cost(all): 55:58:01/34:00:16, loss=1.0178343057632446, d_time=0.25(0.25), f_time=1.44(1.79), b_time=1.69(2.04), lr=0.00256007830595539
2026-03-13 02:00:15,964   INFO  epoch: 4/6, acc_iter=160800, cur_iter=13615/36796, batch_size=4, time_cost(epoch): 7:42:48/13:07:55, time_cost(all): 55:59:44/33:58:38, loss=1.0130654573440552, d_time=0.25(0.25), f_time=1.38(1.79), b_time=1.62(2.04), lr=0.0025565596809083917
/bin/sh: line 1: gpustat: command not found
2026-03-13 02:00:16,274   INFO  
2026-03-13 02:02:00,698   INFO  epoch: 4/6, acc_iter=160850, cur_iter=13665/36796, batch_size=4, time_cost(epoch): 7:44:33/13:06:18, time_cost(all): 56:01:28/33:57:08, loss=1.2649750709533691, d_time=0.25(0.25), f_time=1.98(1.79), b_time=2.23(2.04), lr=0.002553041679446044
2026-03-13 02:02:27,299   INFO  Save latest model to /storage/project/r-gchou3-0/spanse30/MSF/output/cfgs/waymo_models/msf_8frames/default/ckpt/latest_model
2026-03-13 02:03:42,608   INFO  epoch: 4/6, acc_iter=160900, cur_iter=13715/36796, batch_size=4, time_cost(epoch): 7:46:15/13:04:36, time_cost(all): 56:03:10/33:55:26, loss=1.118295431137085, d_time=0.25(0.25), f_time=1.30(1.79), b_time=1.55(2.04), lr=0.0025495243065151774
2026-03-13 02:05:26,190   INFO  epoch: 4/6, acc_iter=160950, cur_iter=13765/36796, batch_size=4, time_cost(epoch): 7:47:59/13:02:57, time_cost(all): 56:04:54/33:53:51, loss=1.6277592182159424, d_time=0.25(0.25), f_time=1.40(1.79), b_time=1.64(2.04), lr=0.0025460075670617334
/bin/sh: line 1: gpustat: command not found
2026-03-13 02:05:26,463   INFO  
2026-03-13 02:07:10,345   INFO  epoch: 4/6, acc_iter=161000, cur_iter=13815/36796, batch_size=4, time_cost(epoch): 7:49:43/13:01:18, time_cost(all): 56:06:38/33:52:18, loss=1.193514347076416, d_time=0.25(0.25), f_time=1.56(1.79), b_time=1.81(2.04), lr=0.002542491466030769
2026-03-13 02:07:28,214   INFO  Save latest model to /storage/project/r-gchou3-0/spanse30/MSF/output/cfgs/waymo_models/msf_8frames/default/ckpt/latest_model
2026-03-13 02:08:52,601   INFO  epoch: 4/6, acc_iter=161050, cur_iter=13865/36796, batch_size=4, time_cost(epoch): 7:51:25/12:59:37, time_cost(all): 56:08:20/33:50:37, loss=1.5909985303878784, d_time=0.25(0.25), f_time=2.11(1.79), b_time=2.36(2.04), lr=0.0025389760083664404
2026-03-13 02:10:33,575   INFO  epoch: 4/6, acc_iter=161100, cur_iter=13915/36796, batch_size=4, time_cost(epoch): 7:53:06/12:57:53, time_cost(all): 56:10:01/33:48:51, loss=1.270487666130066, d_time=0.25(0.25), f_time=2.00(1.79), b_time=2.25(2.04), lr=0.002535461199011998
/bin/sh: line 1: gpustat: command not found
2026-03-13 02:10:33,861   INFO  
2026-03-13 02:12:15,480   INFO  epoch: 4/6, acc_iter=161150, cur_iter=13965/36796, batch_size=4, time_cost(epoch): 7:54:48/12:56:11, time_cost(all): 56:11:43/33:47:09, loss=1.0979338884353638, d_time=0.28(0.25), f_time=1.67(1.79), b_time=1.95(2.04), lr=0.0025319470429097826
2026-03-13 02:12:29,087   INFO  Save latest model to /storage/project/r-gchou3-0/spanse30/MSF/output/cfgs/waymo_models/msf_8frames/default/ckpt/latest_model
2026-03-13 02:13:57,736   INFO  epoch: 4/6, acc_iter=161200, cur_iter=14015/36796, batch_size=4, time_cost(epoch): 7:56:30/12:54:29, time_cost(all): 56:13:25/33:45:28, loss=1.373275876045227, d_time=0.25(0.25), f_time=2.32(1.79), b_time=2.57(2.04), lr=0.0025284335450012165
2026-03-13 02:15:42,363   INFO  epoch: 4/6, acc_iter=161250, cur_iter=14065/36796, batch_size=4, time_cost(epoch): 7:58:15/12:52:52, time_cost(all): 56:15:10/33:43:57, loss=1.3906852006912231, d_time=0.25(0.25), f_time=2.68(1.79), b_time=2.93(2.04), lr=0.0025249207102267944
/bin/sh: line 1: gpustat: command not found
2026-03-13 02:15:42,639   INFO  
2026-03-13 02:17:26,677   INFO  epoch: 4/6, acc_iter=161300, cur_iter=14115/36796, batch_size=4, time_cost(epoch): 7:59:59/12:51:13, time_cost(all): 56:16:54/33:42:25, loss=1.3284523487091064, d_time=0.25(0.25), f_time=1.89(1.79), b_time=2.14(2.04), lr=0.0025214085435260815
2026-03-13 02:17:28,768   INFO  Save latest model to /storage/project/r-gchou3-0/spanse30/MSF/output/cfgs/waymo_models/msf_8frames/default/ckpt/latest_model
2026-03-13 02:19:10,178   INFO  epoch: 4/6, acc_iter=161350, cur_iter=14165/36796, batch_size=4, time_cost(epoch): 8:01:43/12:49:34, time_cost(all): 56:18:38/33:40:49, loss=1.212247371673584, d_time=0.25(0.25), f_time=2.05(1.79), b_time=2.30(2.04), lr=0.0025178970498377
2026-03-13 02:20:54,299   INFO  epoch: 4/6, acc_iter=161400, cur_iter=14215/36796, batch_size=4, time_cost(epoch): 8:03:27/12:47:55, time_cost(all): 56:20:22/33:39:16, loss=1.2608113288879395, d_time=0.25(0.25), f_time=1.94(1.79), b_time=2.18(2.04), lr=0.002514386234099329
/bin/sh: line 1: gpustat: command not found
2026-03-13 02:20:54,602   INFO  
2026-03-13 02:22:27,441   INFO  Save latest model to /storage/project/r-gchou3-0/spanse30/MSF/output/cfgs/waymo_models/msf_8frames/default/ckpt/latest_model
2026-03-13 02:22:40,723   INFO  epoch: 4/6, acc_iter=161450, cur_iter=14265/36796, batch_size=4, time_cost(epoch): 8:05:13/12:46:20, time_cost(all): 56:22:08/33:37:52, loss=1.4122065305709839, d_time=0.25(0.25), f_time=2.02(1.79), b_time=2.27(2.04), lr=0.0025108761012476934
2026-03-13 02:24:22,664   INFO  epoch: 4/6, acc_iter=161500, cur_iter=14315/36796, batch_size=4, time_cost(epoch): 8:06:55/12:44:38, time_cost(all): 56:23:50/33:36:10, loss=1.15216863155365, d_time=0.25(0.25), f_time=1.00(1.79), b_time=1.25(2.04), lr=0.0025073666562185565
2026-03-13 02:26:05,141   INFO  epoch: 4/6, acc_iter=161550, cur_iter=14365/36796, batch_size=4, time_cost(epoch): 8:08:37/12:42:56, time_cost(all): 56:25:33/33:34:29, loss=1.068367838859558, d_time=0.25(0.25), f_time=1.52(1.79), b_time=1.77(2.04), lr=0.0025038579039467165
/bin/sh: line 1: gpustat: command not found
2026-03-13 02:26:05,419   INFO  
2026-03-13 02:27:27,726   INFO  Save latest model to /storage/project/r-gchou3-0/spanse30/MSF/output/cfgs/waymo_models/msf_8frames/default/ckpt/latest_model
2026-03-13 02:27:45,934   INFO  epoch: 4/6, acc_iter=161600, cur_iter=14415/36796, batch_size=4, time_cost(epoch): 8:10:18/12:41:12, time_cost(all): 56:27:14/33:32:42, loss=2.0649540424346924, d_time=0.25(0.25), f_time=1.85(1.79), b_time=2.10(2.04), lr=0.0025003498493659957
2026-03-13 02:29:31,334   INFO  epoch: 4/6, acc_iter=161650, cur_iter=14465/36796, batch_size=4, time_cost(epoch): 8:12:04/12:39:36, time_cost(all): 56:28:59/33:31:14, loss=0.9867327213287354, d_time=0.24(0.25), f_time=1.01(1.79), b_time=1.25(2.04), lr=0.0024968424974092353
2026-03-13 02:31:14,409   INFO  epoch: 4/6, acc_iter=161700, cur_iter=14515/36796, batch_size=4, time_cost(epoch): 8:13:47/12:37:55, time_cost(all): 56:30:42/33:29:36, loss=1.4384479522705078, d_time=0.25(0.25), f_time=1.48(1.79), b_time=1.73(2.04), lr=0.0024933358530082905
/bin/sh: line 1: gpustat: command not found
2026-03-13 02:31:14,689   INFO  
2026-03-13 02:32:28,183   INFO  Save latest model to /storage/project/r-gchou3-0/spanse30/MSF/output/cfgs/waymo_models/msf_8frames/default/ckpt/latest_model
2026-03-13 02:32:57,281   INFO  epoch: 4/6, acc_iter=161750, cur_iter=14565/36796, batch_size=4, time_cost(epoch): 8:15:30/12:36:14, time_cost(all): 56:32:25/33:27:57, loss=1.1919951438903809, d_time=0.25(0.25), f_time=1.40(1.79), b_time=1.65(2.04), lr=0.0024898299210940208
2026-03-13 02:34:39,506   INFO  epoch: 4/6, acc_iter=161800, cur_iter=14615/36796, batch_size=4, time_cost(epoch): 8:17:12/12:34:33, time_cost(all): 56:34:07/33:26:16, loss=1.1660351753234863, d_time=0.25(0.25), f_time=1.57(1.79), b_time=1.82(2.04), lr=0.0024863247065962817
2026-03-13 02:36:20,851   INFO  epoch: 4/6, acc_iter=161850, cur_iter=14665/36796, batch_size=4, time_cost(epoch): 8:18:53/12:32:49, time_cost(all): 56:35:48/33:24:31, loss=1.2640750408172607, d_time=0.25(0.25), f_time=2.06(1.79), b_time=2.31(2.04), lr=0.0024828202144439216
/bin/sh: line 1: gpustat: command not found
2026-03-13 02:36:21,168   INFO  
2026-03-13 02:37:27,342   INFO  Save latest model to /storage/project/r-gchou3-0/spanse30/MSF/output/cfgs/waymo_models/msf_8frames/default/ckpt/latest_model
2026-03-13 02:38:03,581   INFO  epoch: 4/6, acc_iter=161900, cur_iter=14715/36796, batch_size=4, time_cost(epoch): 8:20:36/12:31:08, time_cost(all): 56:37:31/33:22:52, loss=1.216835379600525, d_time=0.25(0.25), f_time=1.97(1.79), b_time=2.22(2.04), lr=0.0024793164495647757
2026-03-13 02:39:49,681   INFO  epoch: 4/6, acc_iter=161950, cur_iter=14765/36796, batch_size=4, time_cost(epoch): 8:22:22/12:29:32, time_cost(all): 56:39:17/33:21:26, loss=1.2955207824707031, d_time=0.26(0.25), f_time=1.56(1.79), b_time=1.81(2.04), lr=0.0024758134168856505
2026-03-13 02:41:33,844   INFO  epoch: 4/6, acc_iter=162000, cur_iter=14815/36796, batch_size=4, time_cost(epoch): 8:24:06/12:27:53, time_cost(all): 56:41:01/33:19:52, loss=1.0411138534545898, d_time=0.25(0.25), f_time=1.57(1.79), b_time=1.82(2.04), lr=0.0024723111213323288
/bin/sh: line 1: gpustat: command not found
2026-03-13 02:41:34,118   INFO  
2026-03-13 02:42:27,916   INFO  Save latest model to /storage/project/r-gchou3-0/spanse30/MSF/output/cfgs/waymo_models/msf_8frames/default/ckpt/latest_model
2026-03-13 02:43:16,716   INFO  epoch: 4/6, acc_iter=162050, cur_iter=14865/36796, batch_size=4, time_cost(epoch): 8:25:49/12:26:13, time_cost(all): 56:42:44/33:18:13, loss=1.2307591438293457, d_time=0.25(0.25), f_time=1.49(1.79), b_time=1.74(2.04), lr=0.0024688095678295544
2026-03-13 02:44:59,384   INFO  epoch: 4/6, acc_iter=162100, cur_iter=14915/36796, batch_size=4, time_cost(epoch): 8:27:32/12:24:31, time_cost(all): 56:44:27/33:16:33, loss=1.776029348373413, d_time=0.26(0.25), f_time=1.74(1.79), b_time=2.00(2.04), lr=0.0024653087613010264
2026-03-13 02:46:41,445   INFO  epoch: 4/6, acc_iter=162150, cur_iter=14965/36796, batch_size=4, time_cost(epoch): 8:29:14/12:22:49, time_cost(all): 56:46:09/33:14:51, loss=1.1955018043518066, d_time=0.24(0.25), f_time=1.35(1.79), b_time=1.59(2.04), lr=0.002461808706669395
/bin/sh: line 1: gpustat: command not found
2026-03-13 02:46:41,731   INFO  
2026-03-13 02:47:29,192   INFO  Save latest model to /storage/project/r-gchou3-0/spanse30/MSF/output/cfgs/waymo_models/msf_8frames/default/ckpt/latest_model
2026-03-13 02:48:24,652   INFO  epoch: 4/6, acc_iter=162200, cur_iter=15015/36796, batch_size=4, time_cost(epoch): 8:30:57/12:21:09, time_cost(all): 56:47:52/33:13:14, loss=0.9125600457191467, d_time=0.25(0.25), f_time=1.28(1.79), b_time=1.53(2.04), lr=0.002458309408856255
2026-03-13 02:50:08,960   INFO  epoch: 4/6, acc_iter=162250, cur_iter=15065/36796, batch_size=4, time_cost(epoch): 8:32:41/12:19:30, time_cost(all): 56:49:37/33:11:40, loss=1.447285771369934, d_time=0.25(0.25), f_time=2.14(1.79), b_time=2.39(2.04), lr=0.0024548108727821334
2026-03-13 02:51:50,181   INFO  epoch: 4/6, acc_iter=162300, cur_iter=15115/36796, batch_size=4, time_cost(epoch): 8:34:23/12:17:47, time_cost(all): 56:51:18/33:09:55, loss=1.6062854528427124, d_time=0.24(0.25), f_time=1.48(1.79), b_time=1.72(2.04), lr=0.002451313103366488
/bin/sh: line 1: gpustat: command not found
2026-03-13 02:51:50,454   INFO  
2026-03-13 02:52:28,934   INFO  Save latest model to /storage/project/r-gchou3-0/spanse30/MSF/output/cfgs/waymo_models/msf_8frames/default/ckpt/latest_model
2026-03-13 02:53:33,519   INFO  epoch: 4/6, acc_iter=162350, cur_iter=15165/36796, batch_size=4, time_cost(epoch): 8:36:06/12:16:06, time_cost(all): 56:53:01/33:08:17, loss=1.4062213897705078, d_time=0.25(0.25), f_time=3.02(1.79), b_time=3.27(2.04), lr=0.0024478161055276984
2026-03-13 02:55:16,973   INFO  epoch: 4/6, acc_iter=162400, cur_iter=15215/36796, batch_size=4, time_cost(epoch): 8:37:49/12:14:26, time_cost(all): 56:54:45/33:06:41, loss=1.562363624572754, d_time=0.25(0.25), f_time=2.61(1.79), b_time=2.86(2.04), lr=0.0024443198841830583
2026-03-13 02:57:00,007   INFO  epoch: 4/6, acc_iter=162450, cur_iter=15265/36796, batch_size=4, time_cost(epoch): 8:39:32/12:12:45, time_cost(all): 56:56:28/33:05:02, loss=1.3233119249343872, d_time=0.25(0.25), f_time=2.00(1.79), b_time=2.25(2.04), lr=0.0024408244442487726
/bin/sh: line 1: gpustat: command not found
2026-03-13 02:57:00,280   INFO  
2026-03-13 02:57:27,897   INFO  Save latest model to /storage/project/r-gchou3-0/spanse30/MSF/output/cfgs/waymo_models/msf_8frames/default/ckpt/latest_model
2026-03-13 02:58:46,134   INFO  epoch: 4/6, acc_iter=162500, cur_iter=15315/36796, batch_size=4, time_cost(epoch): 8:41:18/12:11:09, time_cost(all): 56:58:14/33:03:35, loss=1.1634457111358643, d_time=0.25(0.25), f_time=1.52(1.79), b_time=1.77(2.04), lr=0.002437329790639943
2026-03-13 03:00:24,645   INFO  epoch: 4/6, acc_iter=162550, cur_iter=15365/36796, batch_size=4, time_cost(epoch): 8:42:57/12:09:22, time_cost(all): 56:59:52/33:01:39, loss=1.1958763599395752, d_time=0.25(0.25), f_time=2.37(1.79), b_time=2.62(2.04), lr=0.0024338359282705686
2026-03-13 03:02:07,239   INFO  epoch: 4/6, acc_iter=162600, cur_iter=15415/36796, batch_size=4, time_cost(epoch): 8:44:40/12:07:40, time_cost(all): 57:01:35/32:59:59, loss=1.2672313451766968, d_time=0.25(0.25), f_time=0.90(1.79), b_time=1.15(2.04), lr=0.002430342862053535
/bin/sh: line 1: gpustat: command not found
2026-03-13 03:02:07,547   INFO  
2026-03-13 03:02:28,919   INFO  Save latest model to /storage/project/r-gchou3-0/spanse30/MSF/output/cfgs/waymo_models/msf_8frames/default/ckpt/latest_model
2026-03-13 03:03:50,440   INFO  epoch: 4/6, acc_iter=162650, cur_iter=15465/36796, batch_size=4, time_cost(epoch): 8:46:23/12:06:00, time_cost(all): 57:03:18/32:58:21, loss=1.4234579801559448, d_time=0.25(0.25), f_time=2.24(1.79), b_time=2.49(2.04), lr=0.002426850596900607
2026-03-13 03:05:31,220   INFO  epoch: 4/6, acc_iter=162700, cur_iter=15515/36796, batch_size=4, time_cost(epoch): 8:48:04/12:04:16, time_cost(all): 57:04:59/32:56:34, loss=1.3098407983779907, d_time=0.25(0.25), f_time=2.28(1.79), b_time=2.53(2.04), lr=0.0024233591377224267
2026-03-13 03:07:12,817   INFO  epoch: 4/6, acc_iter=162750, cur_iter=15565/36796, batch_size=4, time_cost(epoch): 8:49:45/12:02:33, time_cost(all): 57:06:40/32:54:50, loss=1.2054669857025146, d_time=0.25(0.25), f_time=2.30(1.79), b_time=2.55(2.04), lr=0.002419868489428499
/bin/sh: line 1: gpustat: command not found
2026-03-13 03:07:13,087   INFO  
2026-03-13 03:07:28,994   INFO  Save latest model to /storage/project/r-gchou3-0/spanse30/MSF/output/cfgs/waymo_models/msf_8frames/default/ckpt/latest_model
2026-03-13 03:08:55,700   INFO  epoch: 4/6, acc_iter=162800, cur_iter=15615/36796, batch_size=4, time_cost(epoch): 8:51:28/12:00:52, time_cost(all): 57:08:23/32:53:11, loss=0.8695611953735352, d_time=0.25(0.25), f_time=1.75(1.79), b_time=2.00(2.04), lr=0.00241637865692719
2026-03-13 03:10:38,037   INFO  epoch: 4/6, acc_iter=162850, cur_iter=15665/36796, batch_size=4, time_cost(epoch): 8:53:10/11:59:10, time_cost(all): 57:10:06/32:51:30, loss=1.4197936058044434, d_time=0.25(0.25), f_time=1.55(1.79), b_time=1.80(2.04), lr=0.0024128896451257186
2026-03-13 03:12:22,434   INFO  epoch: 4/6, acc_iter=162900, cur_iter=15715/36796, batch_size=4, time_cost(epoch): 8:54:55/11:57:31, time_cost(all): 57:11:50/32:49:56, loss=1.254892349243164, d_time=0.25(0.25), f_time=2.02(1.79), b_time=2.27(2.04), lr=0.002409401458930152
/bin/sh: line 1: gpustat: command not found
2026-03-13 03:12:22,713   INFO  
2026-03-13 03:12:28,782   INFO  Save latest model to /storage/project/r-gchou3-0/spanse30/MSF/output/cfgs/waymo_models/msf_8frames/default/ckpt/latest_model
2026-03-13 03:14:03,562   INFO  epoch: 4/6, acc_iter=162950, cur_iter=15765/36796, batch_size=4, time_cost(epoch): 8:56:36/11:55:48, time_cost(all): 57:13:31/32:48:10, loss=0.9482200145721436, d_time=0.25(0.25), f_time=2.40(1.79), b_time=2.65(2.04), lr=0.0024059141032453904
2026-03-13 03:15:44,859   INFO  epoch: 4/6, acc_iter=163000, cur_iter=15815/36796, batch_size=4, time_cost(epoch): 8:58:17/11:54:05, time_cost(all): 57:15:12/32:46:25, loss=1.0582443475723267, d_time=0.25(0.25), f_time=1.12(1.79), b_time=1.37(2.04), lr=0.0024024275829751724
2026-03-13 03:17:28,111   INFO  epoch: 4/6, acc_iter=163050, cur_iter=15865/36796, batch_size=4, time_cost(epoch): 9:00:00/11:52:24, time_cost(all): 57:16:56/32:44:47, loss=1.4213597774505615, d_time=0.25(0.25), f_time=2.13(1.79), b_time=2.38(2.04), lr=0.00239894190302206
/bin/sh: line 1: gpustat: command not found
2026-03-13 03:17:28,385   INFO  
2026-03-13 03:17:28,497   INFO  Save latest model to /storage/project/r-gchou3-0/spanse30/MSF/output/cfgs/waymo_models/msf_8frames/default/ckpt/latest_model
2026-03-13 03:19:12,571   INFO  epoch: 4/6, acc_iter=163100, cur_iter=15915/36796, batch_size=4, time_cost(epoch): 9:01:45/11:50:45, time_cost(all): 57:18:40/32:43:14, loss=1.1343871355056763, d_time=0.25(0.25), f_time=1.76(1.79), b_time=2.01(2.04), lr=0.0023954570682874314
2026-03-13 03:20:57,221   INFO  epoch: 4/6, acc_iter=163150, cur_iter=15965/36796, batch_size=4, time_cost(epoch): 9:03:30/11:49:06, time_cost(all): 57:20:25/32:41:41, loss=1.714971661567688, d_time=0.25(0.25), f_time=2.28(1.79), b_time=2.53(2.04), lr=0.0023919730836714785
2026-03-13 03:22:28,601   INFO  Save latest model to /storage/project/r-gchou3-0/spanse30/MSF/output/cfgs/waymo_models/msf_8frames/default/ckpt/latest_model
2026-03-13 03:22:40,200   INFO  epoch: 4/6, acc_iter=163200, cur_iter=16015/36796, batch_size=4, time_cost(epoch): 9:05:13/11:47:25, time_cost(all): 57:22:08/32:40:02, loss=1.2609928846359253, d_time=0.25(0.25), f_time=1.32(1.79), b_time=1.57(2.04), lr=0.002388489954073199
/bin/sh: line 1: gpustat: command not found
2026-03-13 03:22:40,488   INFO  
2026-03-13 03:24:24,468   INFO  epoch: 4/6, acc_iter=163250, cur_iter=16065/36796, batch_size=4, time_cost(epoch): 9:06:57/11:45:46, time_cost(all): 57:23:52/32:38:27, loss=1.0715363025665283, d_time=0.25(0.25), f_time=1.60(1.79), b_time=1.85(2.04), lr=0.002385007684390385
2026-03-13 03:26:09,708   INFO  epoch: 4/6, acc_iter=163300, cur_iter=16115/36796, batch_size=4, time_cost(epoch): 9:08:42/11:44:08, time_cost(all): 57:25:37/32:36:56, loss=1.3612711429595947, d_time=0.25(0.25), f_time=2.04(1.79), b_time=2.29(2.04), lr=0.0023815262795196207
2026-03-13 03:27:28,123   INFO  Save latest model to /storage/project/r-gchou3-0/spanse30/MSF/output/cfgs/waymo_models/msf_8frames/default/ckpt/latest_model
2026-03-13 03:27:53,358   INFO  epoch: 4/6, acc_iter=163350, cur_iter=16165/36796, batch_size=4, time_cost(epoch): 9:10:26/11:42:27, time_cost(all): 57:27:21/32:35:20, loss=0.9831309914588928, d_time=0.24(0.25), f_time=1.17(1.79), b_time=1.41(2.04), lr=0.002378045744356277
/bin/sh: line 1: gpustat: command not found
2026-03-13 03:27:53,634   INFO  
2026-03-13 03:29:35,248   INFO  epoch: 4/6, acc_iter=163400, cur_iter=16215/36796, batch_size=4, time_cost(epoch): 9:12:08/11:40:45, time_cost(all): 57:29:03/32:33:36, loss=1.3921234607696533, d_time=0.25(0.25), f_time=2.30(1.79), b_time=2.55(2.04), lr=0.002374566083794496
2026-03-13 03:31:17,637   INFO  epoch: 4/6, acc_iter=163450, cur_iter=16265/36796, batch_size=4, time_cost(epoch): 9:13:50/11:39:03, time_cost(all): 57:30:45/32:31:55, loss=1.175110101699829, d_time=0.25(0.25), f_time=1.65(1.79), b_time=1.90(2.04), lr=0.002371087302727197
2026-03-13 03:32:29,679   INFO  Save latest model to /storage/project/r-gchou3-0/spanse30/MSF/output/cfgs/waymo_models/msf_8frames/default/ckpt/latest_model
2026-03-13 03:33:01,158   INFO  epoch: 4/6, acc_iter=163500, cur_iter=16315/36796, batch_size=4, time_cost(epoch): 9:15:34/11:37:23, time_cost(all): 57:32:29/32:30:18, loss=1.5351934432983398, d_time=0.25(0.25), f_time=2.58(1.79), b_time=2.83(2.04), lr=0.0023676094060460563
/bin/sh: line 1: gpustat: command not found
2026-03-13 03:33:01,430   INFO  
2026-03-13 03:34:44,079   INFO  epoch: 4/6, acc_iter=163550, cur_iter=16365/36796, batch_size=4, time_cost(epoch): 9:17:16/11:35:42, time_cost(all): 57:34:12/32:28:38, loss=1.2976385354995728, d_time=0.25(0.25), f_time=1.83(1.79), b_time=2.08(2.04), lr=0.002364132398641511
2026-03-13 03:36:27,449   INFO  epoch: 4/6, acc_iter=163600, cur_iter=16415/36796, batch_size=4, time_cost(epoch): 9:19:00/11:34:01, time_cost(all): 57:35:55/32:27:00, loss=1.3328338861465454, d_time=0.25(0.25), f_time=2.12(1.79), b_time=2.37(2.04), lr=0.0023606562854027457
2026-03-13 03:37:29,436   INFO  Save latest model to /storage/project/r-gchou3-0/spanse30/MSF/output/cfgs/waymo_models/msf_8frames/default/ckpt/latest_model
2026-03-13 03:38:11,556   INFO  epoch: 4/6, acc_iter=163650, cur_iter=16465/36796, batch_size=4, time_cost(epoch): 9:20:44/11:32:21, time_cost(all): 57:37:39/32:25:25, loss=1.6997605562210083, d_time=0.25(0.25), f_time=1.71(1.79), b_time=1.95(2.04), lr=0.0023571810712176874
/bin/sh: line 1: gpustat: command not found
2026-03-13 03:38:11,829   INFO  
2026-03-13 03:39:55,958   INFO  epoch: 4/6, acc_iter=163700, cur_iter=16515/36796, batch_size=4, time_cost(epoch): 9:22:28/11:30:42, time_cost(all): 57:39:24/32:23:51, loss=1.4609801769256592, d_time=0.25(0.25), f_time=2.12(1.79), b_time=2.37(2.04), lr=0.0023537067609730004
2026-03-13 03:41:38,660   INFO  epoch: 4/6, acc_iter=163750, cur_iter=16565/36796, batch_size=4, time_cost(epoch): 9:24:11/11:29:00, time_cost(all): 57:41:06/32:22:10, loss=1.1910340785980225, d_time=0.25(0.25), f_time=1.33(1.79), b_time=1.58(2.04), lr=0.002350233359554078
2026-03-13 03:42:28,909   INFO  Save latest model to /storage/project/r-gchou3-0/spanse30/MSF/output/cfgs/waymo_models/msf_8frames/default/ckpt/latest_model
2026-03-13 03:43:20,397   INFO  epoch: 4/6, acc_iter=163800, cur_iter=16615/36796, batch_size=4, time_cost(epoch): 9:25:53/11:27:17, time_cost(all): 57:42:48/32:20:27, loss=1.0115132331848145, d_time=0.25(0.25), f_time=1.74(1.79), b_time=1.98(2.04), lr=0.0023467608718450326
/bin/sh: line 1: gpustat: command not found
2026-03-13 03:43:20,669   INFO  
2026-03-13 03:45:05,578   INFO  epoch: 4/6, acc_iter=163850, cur_iter=16665/36796, batch_size=4, time_cost(epoch): 9:27:38/11:25:39, time_cost(all): 57:44:33/32:18:55, loss=1.1073956489562988, d_time=0.24(0.25), f_time=1.01(1.79), b_time=1.25(2.04), lr=0.0023432893027286947
2026-03-13 03:46:44,252   INFO  epoch: 4/6, acc_iter=163900, cur_iter=16715/36796, batch_size=4, time_cost(epoch): 9:29:17/11:23:53, time_cost(all): 57:46:12/32:17:01, loss=1.8070383071899414, d_time=0.25(0.25), f_time=2.01(1.79), b_time=2.26(2.04), lr=0.0023398186570866043
2026-03-13 03:47:27,750   INFO  Save latest model to /storage/project/r-gchou3-0/spanse30/MSF/output/cfgs/waymo_models/msf_8frames/default/ckpt/latest_model
2026-03-13 03:48:27,714   INFO  epoch: 4/6, acc_iter=163950, cur_iter=16765/36796, batch_size=4, time_cost(epoch): 9:31:00/11:22:12, time_cost(all): 57:47:55/32:15:23, loss=1.3100128173828125, d_time=0.25(0.25), f_time=1.39(1.79), b_time=1.64(2.04), lr=0.002336348939798997
/bin/sh: line 1: gpustat: command not found
2026-03-13 03:48:27,988   INFO  
2026-03-13 03:50:11,801   INFO  epoch: 4/6, acc_iter=164000, cur_iter=16815/36796, batch_size=4, time_cost(epoch): 9:32:44/11:20:32, time_cost(all): 57:49:39/32:13:47, loss=1.2940421104431152, d_time=0.25(0.25), f_time=1.64(1.79), b_time=1.89(2.04), lr=0.00233288015574481
2026-03-13 03:51:55,524   INFO  epoch: 4/6, acc_iter=164050, cur_iter=16865/36796, batch_size=4, time_cost(epoch): 9:34:28/11:18:52, time_cost(all): 57:51:23/32:12:10, loss=1.7504982948303223, d_time=0.24(0.25), f_time=1.68(1.79), b_time=1.92(2.04), lr=0.0023294123098016647
2026-03-13 03:52:27,375   INFO  Save latest model to /storage/project/r-gchou3-0/spanse30/MSF/output/cfgs/waymo_models/msf_8frames/default/ckpt/latest_model
2026-03-13 03:53:41,184   INFO  epoch: 4/6, acc_iter=164100, cur_iter=16915/36796, batch_size=4, time_cost(epoch): 9:36:14/11:17:14, time_cost(all): 57:53:09/32:10:40, loss=1.4376834630966187, d_time=0.25(0.25), f_time=2.12(1.79), b_time=2.37(2.04), lr=0.002325945406845862
/bin/sh: line 1: gpustat: command not found
2026-03-13 03:53:41,461   INFO  
2026-03-13 03:55:22,574   INFO  epoch: 4/6, acc_iter=164150, cur_iter=16965/36796, batch_size=4, time_cost(epoch): 9:37:55/11:15:30, time_cost(all): 57:54:50/32:08:55, loss=1.4888041019439697, d_time=0.25(0.25), f_time=1.99(1.79), b_time=2.24(2.04), lr=0.0023224794517523796
2026-03-13 03:57:07,176   INFO  epoch: 4/6, acc_iter=164200, cur_iter=17015/36796, batch_size=4, time_cost(epoch): 9:39:40/11:13:51, time_cost(all): 57:56:35/32:07:21, loss=1.348065972328186, d_time=0.25(0.25), f_time=2.14(1.79), b_time=2.39(2.04), lr=0.0023190144493948624
2026-03-13 03:57:27,579   INFO  Save latest model to /storage/project/r-gchou3-0/spanse30/MSF/output/cfgs/waymo_models/msf_8frames/default/ckpt/latest_model
2026-03-13 03:58:49,040   INFO  epoch: 4/6, acc_iter=164250, cur_iter=17065/36796, batch_size=4, time_cost(epoch): 9:41:21/11:12:08, time_cost(all): 57:58:17/32:05:37, loss=1.3673757314682007, d_time=0.25(0.25), f_time=1.87(1.79), b_time=2.12(2.04), lr=0.002315550404645613
/bin/sh: line 1: gpustat: command not found
2026-03-13 03:58:49,315   INFO  
2026-03-13 04:00:31,615   INFO  epoch: 4/6, acc_iter=164300, cur_iter=17115/36796, batch_size=4, time_cost(epoch): 9:43:04/11:10:27, time_cost(all): 57:59:59/32:03:56, loss=1.161859154701233, d_time=0.25(0.25), f_time=1.53(1.79), b_time=1.78(2.04), lr=0.0023120873223755898
2026-03-13 04:02:15,552   INFO  epoch: 4/6, acc_iter=164350, cur_iter=17165/36796, batch_size=4, time_cost(epoch): 9:44:48/11:08:47, time_cost(all): 58:01:43/32:02:20, loss=1.250018835067749, d_time=0.25(0.25), f_time=1.45(1.79), b_time=1.70(2.04), lr=0.002308625207454398
2026-03-13 04:02:28,696   INFO  Save latest model to /storage/project/r-gchou3-0/spanse30/MSF/output/cfgs/waymo_models/msf_8frames/default/ckpt/latest_model
2026-03-13 04:04:00,377   INFO  epoch: 4/6, acc_iter=164400, cur_iter=17215/36796, batch_size=4, time_cost(epoch): 9:46:33/11:07:07, time_cost(all): 58:03:28/32:00:46, loss=1.2316099405288696, d_time=0.25(0.25), f_time=1.98(1.79), b_time=2.23(2.04), lr=0.0023051640647502787
/bin/sh: line 1: gpustat: command not found
2026-03-13 04:04:00,672   INFO  
2026-03-13 04:05:43,021   INFO  epoch: 4/6, acc_iter=164450, cur_iter=17265/36796, batch_size=4, time_cost(epoch): 9:48:15/11:05:26, time_cost(all): 58:05:11/31:59:05, loss=1.8201804161071777, d_time=0.25(0.25), f_time=2.07(1.79), b_time=2.32(2.04), lr=0.0023017038991301124
2026-03-13 04:07:27,489   INFO  epoch: 4/6, acc_iter=164500, cur_iter=17315/36796, batch_size=4, time_cost(epoch): 9:50:00/11:03:46, time_cost(all): 58:06:55/31:57:31, loss=1.263106346130371, d_time=0.25(0.25), f_time=1.34(1.79), b_time=1.59(2.04), lr=0.0022982447154593997
2026-03-13 04:07:27,647   INFO  Save latest model to /storage/project/r-gchou3-0/spanse30/MSF/output/cfgs/waymo_models/msf_8frames/default/ckpt/latest_model
2026-03-13 04:09:11,405   INFO  epoch: 4/6, acc_iter=164550, cur_iter=17365/36796, batch_size=4, time_cost(epoch): 9:51:44/11:02:06, time_cost(all): 58:08:39/31:55:54, loss=1.4489755630493164, d_time=0.25(0.25), f_time=1.97(1.79), b_time=2.22(2.04), lr=0.002294786518602263
/bin/sh: line 1: gpustat: command not found
2026-03-13 04:09:11,677   INFO  
2026-03-13 04:10:54,343   INFO  epoch: 4/6, acc_iter=164600, cur_iter=17415/36796, batch_size=4, time_cost(epoch): 9:53:27/11:00:24, time_cost(all): 58:10:22/31:54:14, loss=1.3834798336029053, d_time=0.25(0.25), f_time=1.69(1.79), b_time=1.94(2.04), lr=0.002291329313421439
2026-03-13 04:12:29,658   INFO  Save latest model to /storage/project/r-gchou3-0/spanse30/MSF/output/cfgs/waymo_models/msf_8frames/default/ckpt/latest_model
2026-03-13 04:12:37,519   INFO  epoch: 4/6, acc_iter=164650, cur_iter=17465/36796, batch_size=4, time_cost(epoch): 9:55:10/10:58:43, time_cost(all): 58:12:05/31:52:35, loss=1.6283867359161377, d_time=0.25(0.25), f_time=1.79(1.79), b_time=2.04(2.04), lr=0.0022878731047782644
2026-03-13 04:14:18,618   INFO  epoch: 4/6, acc_iter=164700, cur_iter=17515/36796, batch_size=4, time_cost(epoch): 9:56:51/10:57:00, time_cost(all): 58:13:46/31:50:49, loss=1.198771357536316, d_time=0.24(0.25), f_time=2.35(1.79), b_time=2.59(2.04), lr=0.002284417897532681
/bin/sh: line 1: gpustat: command not found
2026-03-13 04:14:18,891   INFO  
2026-03-13 04:16:03,803   INFO  epoch: 4/6, acc_iter=164750, cur_iter=17565/36796, batch_size=4, time_cost(epoch): 9:58:36/10:55:21, time_cost(all): 58:15:31/31:49:16, loss=1.1893631219863892, d_time=0.25(0.25), f_time=1.25(1.79), b_time=1.50(2.04), lr=0.002280963696543219
2026-03-13 04:17:27,984   INFO  Save latest model to /storage/project/r-gchou3-0/spanse30/MSF/output/cfgs/waymo_models/msf_8frames/default/ckpt/latest_model
2026-03-13 04:17:46,793   INFO  epoch: 4/6, acc_iter=164800, cur_iter=17615/36796, batch_size=4, time_cost(epoch): 10:00:19/10:53:39, time_cost(all): 58:17:14/31:47:36, loss=1.3910326957702637, d_time=0.25(0.25), f_time=1.98(1.79), b_time=2.23(2.04), lr=0.002277510506666993
2026-03-13 04:19:30,582   INFO  epoch: 4/6, acc_iter=164850, cur_iter=17665/36796, batch_size=4, time_cost(epoch): 10:02:03/10:51:59, time_cost(all): 58:18:58/31:45:59, loss=1.1518852710723877, d_time=0.25(0.25), f_time=1.78(1.79), b_time=2.03(2.04), lr=0.002274058332759698
/bin/sh: line 1: gpustat: command not found
2026-03-13 04:19:30,855   INFO  
2026-03-13 04:21:14,075   INFO  epoch: 4/6, acc_iter=164900, cur_iter=17715/36796, batch_size=4, time_cost(epoch): 10:03:46/10:50:18, time_cost(all): 58:20:42/31:44:21, loss=0.9508728384971619, d_time=0.25(0.25), f_time=1.60(1.79), b_time=1.85(2.04), lr=0.002270607179675601
2026-03-13 04:22:28,095   INFO  Save latest model to /storage/project/r-gchou3-0/spanse30/MSF/output/cfgs/waymo_models/msf_8frames/default/ckpt/latest_model
2026-03-13 04:22:57,114   INFO  epoch: 4/6, acc_iter=164950, cur_iter=17765/36796, batch_size=4, time_cost(epoch): 10:05:29/10:48:36, time_cost(all): 58:22:25/31:42:41, loss=1.6240251064300537, d_time=0.25(0.25), f_time=1.72(1.79), b_time=1.97(2.04), lr=0.002267157052267529
2026-03-13 04:24:45,419   INFO  epoch: 4/6, acc_iter=165000, cur_iter=17815/36796, batch_size=4, time_cost(epoch): 10:07:18/10:47:00, time_cost(all): 58:24:13/31:41:18, loss=1.4326927661895752, d_time=0.25(0.25), f_time=2.23(1.79), b_time=2.48(2.05), lr=0.002263707955386872
/bin/sh: line 1: gpustat: command not found
2026-03-13 04:24:45,694   INFO  
2026-03-13 04:26:31,541   INFO  epoch: 4/6, acc_iter=165050, cur_iter=17865/36796, batch_size=4, time_cost(epoch): 10:09:04/10:45:22, time_cost(all): 58:25:59/31:39:47, loss=1.4201595783233643, d_time=0.24(0.25), f_time=1.58(1.79), b_time=1.82(2.05), lr=0.002260259893883568
2026-03-13 04:27:29,303   INFO  Save latest model to /storage/project/r-gchou3-0/spanse30/MSF/output/cfgs/waymo_models/msf_8frames/default/ckpt/latest_model
2026-03-13 04:28:18,573   INFO  epoch: 4/6, acc_iter=165100, cur_iter=17915/36796, batch_size=4, time_cost(epoch): 10:10:51/10:43:45, time_cost(all): 58:27:46/31:38:20, loss=1.4738540649414062, d_time=0.25(0.25), f_time=1.88(1.79), b_time=2.13(2.05), lr=0.0022568128726060993
2026-03-13 04:30:04,393   INFO  epoch: 4/6, acc_iter=165150, cur_iter=17965/36796, batch_size=4, time_cost(epoch): 10:12:37/10:42:06, time_cost(all): 58:29:32/31:36:49, loss=1.907949447631836, d_time=0.25(0.25), f_time=2.41(1.79), b_time=2.66(2.05), lr=0.0022533668964014866
/bin/sh: line 1: gpustat: command not found
2026-03-13 04:30:04,667   INFO  
2026-03-13 04:31:46,392   INFO  epoch: 4/6, acc_iter=165200, cur_iter=18015/36796, batch_size=4, time_cost(epoch): 10:14:19/10:40:24, time_cost(all): 58:31:14/31:35:05, loss=1.120595932006836, d_time=0.24(0.25), f_time=1.55(1.79), b_time=1.79(2.05), lr=0.0022499219701152817
2026-03-13 04:32:28,878   INFO  Save latest model to /storage/project/r-gchou3-0/spanse30/MSF/output/cfgs/waymo_models/msf_8frames/default/ckpt/latest_model
2026-03-13 04:33:29,344   INFO  epoch: 4/6, acc_iter=165250, cur_iter=18065/36796, batch_size=4, time_cost(epoch): 10:16:02/10:38:42, time_cost(all): 58:32:57/31:33:25, loss=0.9304643869400024, d_time=0.25(0.25), f_time=1.51(1.79), b_time=1.75(2.05), lr=0.002246478098591557
2026-03-13 04:35:13,107   INFO  epoch: 4/6, acc_iter=165300, cur_iter=18115/36796, batch_size=4, time_cost(epoch): 10:17:45/10:37:01, time_cost(all): 58:34:41/31:31:47, loss=1.1666159629821777, d_time=0.25(0.25), f_time=1.68(1.79), b_time=1.93(2.05), lr=0.0022430352866729033
/bin/sh: line 1: gpustat: command not found
2026-03-13 04:35:13,383   INFO  
2026-03-13 04:36:59,003   INFO  epoch: 4/6, acc_iter=165350, cur_iter=18165/36796, batch_size=4, time_cost(epoch): 10:19:31/10:35:23, time_cost(all): 58:36:27/31:30:16, loss=1.0425199270248413, d_time=0.25(0.25), f_time=1.31(1.79), b_time=1.56(2.05), lr=0.0022395935392004246
2026-03-13 04:37:28,661   INFO  Save latest model to /storage/project/r-gchou3-0/spanse30/MSF/output/cfgs/waymo_models/msf_8frames/default/ckpt/latest_model
2026-03-13 04:38:43,304   INFO  epoch: 4/6, acc_iter=165400, cur_iter=18215/36796, batch_size=4, time_cost(epoch): 10:21:16/10:33:43, time_cost(all): 58:38:11/31:28:40, loss=1.3221099376678467, d_time=0.25(0.25), f_time=1.81(1.79), b_time=2.06(2.05), lr=0.0022361528610137216
2026-03-13 04:40:29,062   INFO  epoch: 4/6, acc_iter=165450, cur_iter=18265/36796, batch_size=4, time_cost(epoch): 10:23:01/10:32:04, time_cost(all): 58:39:57/31:27:08, loss=1.3684048652648926, d_time=0.25(0.25), f_time=2.36(1.79), b_time=2.60(2.05), lr=0.0022327132569508984
/bin/sh: line 1: gpustat: command not found
2026-03-13 04:40:29,332   INFO  
2026-03-13 04:42:11,007   INFO  epoch: 4/6, acc_iter=165500, cur_iter=18315/36796, batch_size=4, time_cost(epoch): 10:24:43/10:30:21, time_cost(all): 58:41:39/31:25:24, loss=1.2724504470825195, d_time=0.25(0.25), f_time=1.92(1.79), b_time=2.17(2.05), lr=0.002229274731848543
2026-03-13 04:42:28,460   INFO  Save latest model to /storage/project/r-gchou3-0/spanse30/MSF/output/cfgs/waymo_models/msf_8frames/default/ckpt/latest_model
2026-03-13 04:43:53,168   INFO  epoch: 4/6, acc_iter=165550, cur_iter=18365/36796, batch_size=4, time_cost(epoch): 10:26:26/10:28:39, time_cost(all): 58:43:21/31:23:42, loss=1.6750692129135132, d_time=0.25(0.25), f_time=1.23(1.79), b_time=1.48(2.05), lr=0.0022258372905417296
2026-03-13 04:45:37,245   INFO  epoch: 4/6, acc_iter=165600, cur_iter=18415/36796, batch_size=4, time_cost(epoch): 10:28:10/10:26:58, time_cost(all): 58:45:05/31:22:04, loss=1.391595721244812, d_time=0.25(0.25), f_time=2.02(1.79), b_time=2.26(2.05), lr=0.0022224009378640076
/bin/sh: line 1: gpustat: command not found
2026-03-13 04:45:37,523   INFO  
2026-03-13 04:47:19,565   INFO  epoch: 4/6, acc_iter=165650, cur_iter=18465/36796, batch_size=4, time_cost(epoch): 10:29:52/10:25:16, time_cost(all): 58:46:47/31:20:22, loss=0.8970661163330078, d_time=0.25(0.25), f_time=1.36(1.79), b_time=1.61(2.05), lr=0.0022189656786473946
2026-03-13 04:47:29,127   INFO  Save latest model to /storage/project/r-gchou3-0/spanse30/MSF/output/cfgs/waymo_models/msf_8frames/default/ckpt/latest_model
2026-03-13 04:49:01,581   INFO  epoch: 4/6, acc_iter=165700, cur_iter=18515/36796, batch_size=4, time_cost(epoch): 10:31:34/10:23:33, time_cost(all): 58:48:29/31:18:39, loss=1.3776700496673584, d_time=0.25(0.25), f_time=1.46(1.79), b_time=1.71(2.05), lr=0.002215531517722373
2026-03-13 04:50:41,306   INFO  epoch: 4/6, acc_iter=165750, cur_iter=18565/36796, batch_size=4, time_cost(epoch): 10:33:14/10:21:48, time_cost(all): 58:50:09/31:16:49, loss=1.1937905550003052, d_time=0.25(0.25), f_time=1.78(1.79), b_time=2.03(2.05), lr=0.0022120984599178785
/bin/sh: line 1: gpustat: command not found
2026-03-13 04:50:41,578   INFO  
2026-03-13 04:52:26,187   INFO  epoch: 4/6, acc_iter=165800, cur_iter=18615/36796, batch_size=4, time_cost(epoch): 10:34:59/10:20:08, time_cost(all): 58:51:54/31:15:14, loss=1.1974509954452515, d_time=0.25(0.25), f_time=1.34(1.79), b_time=1.59(2.05), lr=0.0022086665100612968
2026-03-13 04:52:28,484   INFO  Save latest model to /storage/project/r-gchou3-0/spanse30/MSF/output/cfgs/waymo_models/msf_8frames/default/ckpt/latest_model
2026-03-13 04:54:07,212   INFO  epoch: 4/6, acc_iter=165850, cur_iter=18665/36796, batch_size=4, time_cost(epoch): 10:36:40/10:18:25, time_cost(all): 58:53:35/31:13:28, loss=1.7201333045959473, d_time=0.25(0.25), f_time=1.79(1.79), b_time=2.03(2.05), lr=0.002205235672978454
2026-03-13 04:55:49,715   INFO  epoch: 4/6, acc_iter=165900, cur_iter=18715/36796, batch_size=4, time_cost(epoch): 10:38:22/10:16:43, time_cost(all): 58:55:17/31:11:46, loss=1.1242998838424683, d_time=0.25(0.25), f_time=2.21(1.79), b_time=2.46(2.05), lr=0.0022018059534936163
/bin/sh: line 1: gpustat: command not found
2026-03-13 04:55:49,985   INFO  
2026-03-13 04:57:30,316   INFO  Save latest model to /storage/project/r-gchou3-0/spanse30/MSF/output/cfgs/waymo_models/msf_8frames/default/ckpt/latest_model
2026-03-13 04:57:34,959   INFO  epoch: 4/6, acc_iter=165950, cur_iter=18765/36796, batch_size=4, time_cost(epoch): 10:40:07/10:15:03, time_cost(all): 58:57:03/31:10:12, loss=1.3171288967132568, d_time=0.25(0.25), f_time=2.74(1.79), b_time=2.99(2.05), lr=0.002198377356429471
2026-03-13 04:59:20,210   INFO  epoch: 4/6, acc_iter=166000, cur_iter=18815/36796, batch_size=4, time_cost(epoch): 10:41:53/10:13:23, time_cost(all): 58:58:48/31:08:38, loss=1.2401574850082397, d_time=0.25(0.25), f_time=1.76(1.79), b_time=2.01(2.05), lr=0.0021949498866071326
2026-03-13 05:01:02,062   INFO  epoch: 4/6, acc_iter=166050, cur_iter=18865/36796, batch_size=4, time_cost(epoch): 10:43:34/10:11:41, time_cost(all): 59:00:30/31:06:55, loss=1.6097168922424316, d_time=0.25(0.25), f_time=2.06(1.79), b_time=2.31(2.05), lr=0.0021915235488461308
/bin/sh: line 1: gpustat: command not found
2026-03-13 05:01:02,433   INFO  
2026-03-13 05:02:27,435   INFO  Save latest model to /storage/project/r-gchou3-0/spanse30/MSF/output/cfgs/waymo_models/msf_8frames/default/ckpt/latest_model
2026-03-13 05:02:46,277   INFO  epoch: 4/6, acc_iter=166100, cur_iter=18915/36796, batch_size=4, time_cost(epoch): 10:45:19/10:10:00, time_cost(all): 59:02:14/31:05:18, loss=1.3887383937835693, d_time=0.26(0.25), f_time=2.56(1.79), b_time=2.82(2.05), lr=0.002188098347964398
2026-03-13 05:04:27,893   INFO  epoch: 4/6, acc_iter=166150, cur_iter=18965/36796, batch_size=4, time_cost(epoch): 10:47:00/10:08:17, time_cost(all): 59:03:55/31:03:33, loss=1.747434139251709, d_time=0.25(0.25), f_time=1.72(1.79), b_time=1.97(2.05), lr=0.002184674288778275
2026-03-13 05:06:10,248   INFO  epoch: 4/6, acc_iter=166200, cur_iter=19015/36796, batch_size=4, time_cost(epoch): 10:48:43/10:06:35, time_cost(all): 59:05:38/31:01:51, loss=1.1981992721557617, d_time=0.24(0.25), f_time=2.12(1.79), b_time=2.36(2.05), lr=0.002181251376102493
/bin/sh: line 1: gpustat: command not found
2026-03-13 05:06:10,537   INFO  
2026-03-13 05:07:27,520   INFO  Save latest model to /storage/project/r-gchou3-0/spanse30/MSF/output/cfgs/waymo_models/msf_8frames/default/ckpt/latest_model
2026-03-13 05:07:54,231   INFO  epoch: 4/6, acc_iter=166250, cur_iter=19065/36796, batch_size=4, time_cost(epoch): 10:50:27/10:04:54, time_cost(all): 59:07:22/31:00:13, loss=1.3269201517105103, d_time=0.25(0.25), f_time=2.09(1.79), b_time=2.34(2.05), lr=0.00217782961475017
2026-03-13 05:09:35,583   INFO  epoch: 4/6, acc_iter=166300, cur_iter=19115/36796, batch_size=4, time_cost(epoch): 10:52:08/10:03:11, time_cost(all): 59:09:03/30:58:28, loss=1.1647603511810303, d_time=0.25(0.25), f_time=1.92(1.79), b_time=2.17(2.05), lr=0.002174409009532808
2026-03-13 05:11:18,816   INFO  epoch: 4/6, acc_iter=166350, cur_iter=19165/36796, batch_size=4, time_cost(epoch): 10:53:51/10:01:29, time_cost(all): 59:10:46/30:56:48, loss=1.0812206268310547, d_time=0.26(0.25), f_time=1.44(1.79), b_time=1.70(2.05), lr=0.0021709895652602847
/bin/sh: line 1: gpustat: command not found
2026-03-13 05:11:19,094   INFO  
2026-03-13 05:12:27,633   INFO  Save latest model to /storage/project/r-gchou3-0/spanse30/MSF/output/cfgs/waymo_models/msf_8frames/default/ckpt/latest_model
2026-03-13 05:12:59,350   INFO  epoch: 4/6, acc_iter=166400, cur_iter=19215/36796, batch_size=4, time_cost(epoch): 10:55:32/9:59:45, time_cost(all): 59:12:27/30:55:01, loss=1.139859676361084, d_time=0.25(0.25), f_time=0.89(1.79), b_time=1.14(2.05), lr=0.002167571286740839
2026-03-13 05:14:45,714   INFO  epoch: 4/6, acc_iter=166450, cur_iter=19265/36796, batch_size=4, time_cost(epoch): 10:57:18/9:58:06, time_cost(all): 59:14:13/30:53:30, loss=1.3894215822219849, d_time=0.25(0.25), f_time=2.42(1.79), b_time=2.67(2.05), lr=0.002164154178781077
2026-03-13 05:16:31,369   INFO  epoch: 4/6, acc_iter=166500, cur_iter=19315/36796, batch_size=4, time_cost(epoch): 10:59:04/9:56:27, time_cost(all): 59:15:59/30:51:57, loss=1.4411330223083496, d_time=0.25(0.25), f_time=2.10(1.80), b_time=2.35(2.05), lr=0.002160738246185955
/bin/sh: line 1: gpustat: command not found
2026-03-13 05:16:31,645   INFO  
2026-03-13 05:17:28,459   INFO  Save latest model to /storage/project/r-gchou3-0/spanse30/MSF/output/cfgs/waymo_models/msf_8frames/default/ckpt/latest_model
2026-03-13 05:18:15,509   INFO  epoch: 4/6, acc_iter=166550, cur_iter=19365/36796, batch_size=4, time_cost(epoch): 11:00:48/9:54:46, time_cost(all): 59:17:43/30:50:19, loss=1.2811081409454346, d_time=0.24(0.25), f_time=1.60(1.80), b_time=1.84(2.05), lr=0.0021573234937587787
2026-03-13 05:20:01,453   INFO  epoch: 4/6, acc_iter=166600, cur_iter=19415/36796, batch_size=4, time_cost(epoch): 11:02:34/9:53:07, time_cost(all): 59:19:29/30:48:47, loss=1.5359764099121094, d_time=0.25(0.25), f_time=1.74(1.80), b_time=1.98(2.05), lr=0.002153909926301193
2026-03-13 05:21:44,322   INFO  epoch: 4/6, acc_iter=166650, cur_iter=19465/36796, batch_size=4, time_cost(epoch): 11:04:17/9:51:25, time_cost(all): 59:21:12/30:47:06, loss=1.0434499979019165, d_time=0.25(0.25), f_time=1.74(1.80), b_time=1.99(2.05), lr=0.0021504975486131765
/bin/sh: line 1: gpustat: command not found
2026-03-13 05:21:44,597   INFO  
2026-03-13 05:22:29,203   INFO  Save latest model to /storage/project/r-gchou3-0/spanse30/MSF/output/cfgs/waymo_models/msf_8frames/default/ckpt/latest_model
2026-03-13 05:23:28,876   INFO  epoch: 4/6, acc_iter=166700, cur_iter=19515/36796, batch_size=4, time_cost(epoch): 11:06:01/9:49:45, time_cost(all): 59:22:56/30:45:30, loss=1.4229071140289307, d_time=0.25(0.25), f_time=1.99(1.80), b_time=2.23(2.05), lr=0.0021470863654930368
2026-03-13 05:25:11,782   INFO  epoch: 4/6, acc_iter=166750, cur_iter=19565/36796, batch_size=4, time_cost(epoch): 11:07:44/9:48:03, time_cost(all): 59:24:39/30:43:49, loss=1.4312305450439453, d_time=0.24(0.25), f_time=1.40(1.80), b_time=1.65(2.05), lr=0.0021436763817373992
2026-03-13 05:26:56,622   INFO  epoch: 4/6, acc_iter=166800, cur_iter=19615/36796, batch_size=4, time_cost(epoch): 11:09:29/9:46:23, time_cost(all): 59:26:24/30:42:13, loss=1.2289328575134277, d_time=0.25(0.25), f_time=1.67(1.80), b_time=1.92(2.05), lr=0.0021402676021412036
/bin/sh: line 1: gpustat: command not found
2026-03-13 05:26:56,897   INFO  
2026-03-13 05:27:29,161   INFO  Save latest model to /storage/project/r-gchou3-0/spanse30/MSF/output/cfgs/waymo_models/msf_8frames/default/ckpt/latest_model
2026-03-13 05:28:37,510   INFO  epoch: 4/6, acc_iter=166850, cur_iter=19665/36796, batch_size=4, time_cost(epoch): 11:11:10/9:44:39, time_cost(all): 59:28:05/30:40:27, loss=1.5981134176254272, d_time=0.25(0.25), f_time=2.04(1.80), b_time=2.29(2.05), lr=0.0021368600314976964
2026-03-13 05:30:22,046   INFO  epoch: 4/6, acc_iter=166900, cur_iter=19715/36796, batch_size=4, time_cost(epoch): 11:12:54/9:42:58, time_cost(all): 59:29:50/30:38:50, loss=1.3152705430984497, d_time=0.25(0.25), f_time=2.43(1.80), b_time=2.68(2.05), lr=0.002133453674598426
2026-03-13 05:32:05,545   INFO  epoch: 4/6, acc_iter=166950, cur_iter=19765/36796, batch_size=4, time_cost(epoch): 11:14:38/9:41:17, time_cost(all): 59:31:33/30:37:11, loss=1.198968529701233, d_time=0.25(0.25), f_time=2.66(1.80), b_time=2.90(2.05), lr=0.002130048536233231
/bin/sh: line 1: gpustat: command not found
2026-03-13 05:32:05,825   INFO  
2026-03-13 05:32:29,038   INFO  Save latest model to /storage/project/r-gchou3-0/spanse30/MSF/output/cfgs/waymo_models/msf_8frames/default/ckpt/latest_model
2026-03-13 05:33:48,736   INFO  epoch: 4/6, acc_iter=167000, cur_iter=19815/36796, batch_size=4, time_cost(epoch): 11:16:21/9:39:35, time_cost(all): 59:33:16/30:35:30, loss=0.9375370740890503, d_time=0.25(0.25), f_time=1.71(1.80), b_time=1.96(2.05), lr=0.0021266446211902377
2026-03-13 05:35:34,221   INFO  epoch: 4/6, acc_iter=167050, cur_iter=19865/36796, batch_size=4, time_cost(epoch): 11:18:07/9:37:55, time_cost(all): 59:35:02/30:33:56, loss=1.0835469961166382, d_time=0.25(0.25), f_time=1.81(1.80), b_time=2.06(2.05), lr=0.0021232419342558533
2026-03-13 05:37:12,684   INFO  epoch: 4/6, acc_iter=167100, cur_iter=19915/36796, batch_size=4, time_cost(epoch): 11:19:45/9:36:10, time_cost(all): 59:36:40/30:32:03, loss=0.8867671489715576, d_time=0.24(0.25), f_time=0.90(1.80), b_time=1.14(2.05), lr=0.002119840480214757
/bin/sh: line 1: gpustat: command not found
2026-03-13 05:37:12,965   INFO  
2026-03-13 05:37:27,736   INFO  Save latest model to /storage/project/r-gchou3-0/spanse30/MSF/output/cfgs/waymo_models/msf_8frames/default/ckpt/latest_model
2026-03-13 05:38:59,439   INFO  epoch: 4/6, acc_iter=167150, cur_iter=19965/36796, batch_size=4, time_cost(epoch): 11:21:32/9:34:31, time_cost(all): 59:38:27/30:30:33, loss=0.9058544039726257, d_time=0.25(0.25), f_time=1.33(1.80), b_time=1.58(2.05), lr=0.0021164402638498944
2026-03-13 05:40:42,800   INFO  epoch: 4/6, acc_iter=167200, cur_iter=20015/36796, batch_size=4, time_cost(epoch): 11:23:15/9:32:49, time_cost(all): 59:40:10/30:28:53, loss=1.3693459033966064, d_time=0.25(0.25), f_time=2.23(1.80), b_time=2.48(2.05), lr=0.002113041289942472
2026-03-13 05:42:27,283   INFO  epoch: 4/6, acc_iter=167250, cur_iter=20065/36796, batch_size=4, time_cost(epoch): 11:25:00/9:31:09, time_cost(all): 59:41:55/30:27:16, loss=1.0758589506149292, d_time=0.25(0.25), f_time=1.41(1.80), b_time=1.66(2.05), lr=0.002109643563271947
/bin/sh: line 1: gpustat: command not found
2026-03-13 05:42:27,567   INFO  
2026-03-13 05:42:27,698   INFO  Save latest model to /storage/project/r-gchou3-0/spanse30/MSF/output/cfgs/waymo_models/msf_8frames/default/ckpt/latest_model
2026-03-13 05:44:09,529   INFO  epoch: 4/6, acc_iter=167300, cur_iter=20115/36796, batch_size=4, time_cost(epoch): 11:26:42/9:29:26, time_cost(all): 59:43:37/30:25:33, loss=1.4379791021347046, d_time=0.25(0.25), f_time=1.96(1.80), b_time=2.21(2.05), lr=0.002106247088616024
2026-03-13 05:45:50,265   INFO  epoch: 4/6, acc_iter=167350, cur_iter=20165/36796, batch_size=4, time_cost(epoch): 11:28:23/9:27:42, time_cost(all): 59:45:18/30:23:46, loss=1.3862855434417725, d_time=0.25(0.25), f_time=2.05(1.80), b_time=2.30(2.05), lr=0.0021028518707506493
2026-03-13 05:47:27,997   INFO  Save latest model to /storage/project/r-gchou3-0/spanse30/MSF/output/cfgs/waymo_models/msf_8frames/default/ckpt/latest_model
2026-03-13 05:47:36,800   INFO  epoch: 4/6, acc_iter=167400, cur_iter=20215/36796, batch_size=4, time_cost(epoch): 11:30:09/9:26:03, time_cost(all): 59:47:04/30:22:15, loss=1.3518637418746948, d_time=0.25(0.25), f_time=2.59(1.80), b_time=2.84(2.05), lr=0.002099457914449997
/bin/sh: line 1: gpustat: command not found
2026-03-13 05:47:37,074   INFO  
2026-03-13 05:49:21,369   INFO  epoch: 4/6, acc_iter=167450, cur_iter=20265/36796, batch_size=4, time_cost(epoch): 11:31:54/9:24:23, time_cost(all): 59:48:49/30:20:38, loss=1.461418628692627, d_time=0.25(0.25), f_time=1.95(1.80), b_time=2.20(2.05), lr=0.002096065224486471
2026-03-13 05:51:02,724   INFO  epoch: 4/6, acc_iter=167500, cur_iter=20315/36796, batch_size=4, time_cost(epoch): 11:33:35/9:22:39, time_cost(all): 59:50:30/30:18:53, loss=1.3666603565216064, d_time=0.25(0.25), f_time=1.64(1.80), b_time=1.89(2.05), lr=0.0020926738056306947
2026-03-13 05:52:28,691   INFO  Save latest model to /storage/project/r-gchou3-0/spanse30/MSF/output/cfgs/waymo_models/msf_8frames/default/ckpt/latest_model
2026-03-13 05:52:47,950   INFO  epoch: 4/6, acc_iter=167550, cur_iter=20365/36796, batch_size=4, time_cost(epoch): 11:35:20/9:20:59, time_cost(all): 59:52:16/30:17:18, loss=1.493391513824463, d_time=0.25(0.25), f_time=2.41(1.80), b_time=2.66(2.05), lr=0.0020892836626515018
/bin/sh: line 1: gpustat: command not found
2026-03-13 05:52:48,224   INFO  
2026-03-13 05:54:31,030   INFO  epoch: 4/6, acc_iter=167600, cur_iter=20415/36796, batch_size=4, time_cost(epoch): 11:37:03/9:19:17, time_cost(all): 59:53:59/30:15:37, loss=1.2094870805740356, d_time=0.22(0.25), f_time=1.92(1.80), b_time=2.14(2.05), lr=0.0020858948003159338
2026-03-13 05:56:16,416   INFO  epoch: 4/6, acc_iter=167650, cur_iter=20465/36796, batch_size=4, time_cost(epoch): 11:38:49/9:17:37, time_cost(all): 59:55:44/30:14:02, loss=1.4731038808822632, d_time=0.25(0.25), f_time=2.26(1.80), b_time=2.51(2.05), lr=0.0020825072233892294
2026-03-13 05:57:27,748   INFO  Save latest model to /storage/project/r-gchou3-0/spanse30/MSF/output/cfgs/waymo_models/msf_8frames/default/ckpt/latest_model
2026-03-13 05:58:01,551   INFO  epoch: 4/6, acc_iter=167700, cur_iter=20515/36796, batch_size=4, time_cost(epoch): 11:40:34/9:15:57, time_cost(all): 59:57:29/30:12:27, loss=1.1272997856140137, d_time=0.25(0.25), f_time=2.00(1.80), b_time=2.25(2.05), lr=0.0020791209366348225
/bin/sh: line 1: gpustat: command not found
2026-03-13 05:58:01,825   INFO  
2026-03-13 05:59:41,535   INFO  epoch: 4/6, acc_iter=167750, cur_iter=20565/36796, batch_size=4, time_cost(epoch): 11:42:14/9:14:13, time_cost(all): 59:59:09/30:10:38, loss=1.2087873220443726, d_time=0.25(0.25), f_time=2.04(1.80), b_time=2.28(2.05), lr=0.0020757359448143322
2026-03-13 06:01:24,214   INFO  epoch: 4/6, acc_iter=167800, cur_iter=20615/36796, batch_size=4, time_cost(epoch): 11:43:57/9:12:30, time_cost(all): 60:00:52/30:08:56, loss=1.2012553215026855, d_time=0.25(0.25), f_time=1.86(1.80), b_time=2.11(2.05), lr=0.0020723522526875544
2026-03-13 06:02:27,269   INFO  Save latest model to /storage/project/r-gchou3-0/spanse30/MSF/output/cfgs/waymo_models/msf_8frames/default/ckpt/latest_model
2026-03-13 06:03:07,384   INFO  epoch: 4/6, acc_iter=167850, cur_iter=20665/36796, batch_size=4, time_cost(epoch): 11:45:40/9:10:48, time_cost(all): 60:02:35/30:07:16, loss=1.521181344985962, d_time=0.25(0.25), f_time=2.22(1.80), b_time=2.47(2.05), lr=0.0020689698650124596
/bin/sh: line 1: gpustat: command not found
2026-03-13 06:03:07,658   INFO  
2026-03-13 06:04:54,597   INFO  epoch: 4/6, acc_iter=167900, cur_iter=20715/36796, batch_size=4, time_cost(epoch): 11:47:27/9:09:10, time_cost(all): 60:04:22/30:05:45, loss=1.4573744535446167, d_time=0.25(0.25), f_time=2.26(1.80), b_time=2.51(2.05), lr=0.0020655887865451846
2026-03-13 06:06:36,303   INFO  epoch: 4/6, acc_iter=167950, cur_iter=20765/36796, batch_size=4, time_cost(epoch): 11:49:09/9:07:27, time_cost(all): 60:06:04/30:04:01, loss=0.9636779427528381, d_time=0.25(0.25), f_time=1.36(1.80), b_time=1.61(2.05), lr=0.0020622090220400228
2026-03-13 06:07:27,857   INFO  Save latest model to /storage/project/r-gchou3-0/spanse30/MSF/output/cfgs/waymo_models/msf_8frames/default/ckpt/latest_model
2026-03-13 06:08:18,201   INFO  epoch: 4/6, acc_iter=168000, cur_iter=20815/36796, batch_size=4, time_cost(epoch): 11:50:51/9:05:44, time_cost(all): 60:07:46/30:02:17, loss=1.385411262512207, d_time=0.25(0.25), f_time=1.72(1.80), b_time=1.97(2.05), lr=0.0020588305762494217
/bin/sh: line 1: gpustat: command not found
2026-03-13 06:08:18,477   INFO  
2026-03-13 06:10:04,637   INFO  epoch: 4/6, acc_iter=168050, cur_iter=20865/36796, batch_size=4, time_cost(epoch): 11:52:37/9:04:04, time_cost(all): 60:09:32/30:00:45, loss=1.269458293914795, d_time=0.25(0.25), f_time=1.82(1.80), b_time=2.07(2.05), lr=0.0020554534539239757
2026-03-13 06:11:45,940   INFO  epoch: 4/6, acc_iter=168100, cur_iter=20915/36796, batch_size=4, time_cost(epoch): 11:54:18/9:02:21, time_cost(all): 60:11:14/29:58:59, loss=1.359140396118164, d_time=0.25(0.25), f_time=2.25(1.80), b_time=2.50(2.05), lr=0.002052077659812414
2026-03-13 06:12:27,356   INFO  Save latest model to /storage/project/r-gchou3-0/spanse30/MSF/output/cfgs/waymo_models/msf_8frames/default/ckpt/latest_model
2026-03-13 06:13:26,270   INFO  epoch: 4/6, acc_iter=168150, cur_iter=20965/36796, batch_size=4, time_cost(epoch): 11:55:59/9:00:37, time_cost(all): 60:12:54/29:57:12, loss=1.0053642988204956, d_time=0.25(0.25), f_time=1.63(1.80), b_time=1.87(2.05), lr=0.002048703198661603
/bin/sh: line 1: gpustat: command not found
2026-03-13 06:13:26,547   INFO  
2026-03-13 06:15:10,771   INFO  epoch: 4/6, acc_iter=168200, cur_iter=21015/36796, batch_size=4, time_cost(epoch): 11:57:43/8:58:56, time_cost(all): 60:14:38/29:55:34, loss=1.4902307987213135, d_time=0.25(0.25), f_time=2.35(1.80), b_time=2.60(2.05), lr=0.002045330075216532
2026-03-13 06:16:55,168   INFO  epoch: 4/6, acc_iter=168250, cur_iter=21065/36796, batch_size=4, time_cost(epoch): 11:59:28/8:57:15, time_cost(all): 60:16:23/29:53:57, loss=1.1988255977630615, d_time=0.25(0.25), f_time=1.88(1.80), b_time=2.13(2.05), lr=0.0020419582942203095
2026-03-13 06:17:28,672   INFO  Save latest model to /storage/project/r-gchou3-0/spanse30/MSF/output/cfgs/waymo_models/msf_8frames/default/ckpt/latest_model
2026-03-13 06:18:36,860   INFO  epoch: 4/6, acc_iter=168300, cur_iter=21115/36796, batch_size=4, time_cost(epoch): 12:01:09/8:55:32, time_cost(all): 60:18:04/29:52:12, loss=1.2010059356689453, d_time=0.23(0.25), f_time=1.64(1.80), b_time=1.87(2.05), lr=0.002038587860414156
/bin/sh: line 1: gpustat: command not found
2026-03-13 06:18:37,133   INFO  
2026-03-13 06:20:19,900   INFO  epoch: 4/6, acc_iter=168350, cur_iter=21165/36796, batch_size=4, time_cost(epoch): 12:02:52/8:53:50, time_cost(all): 60:19:47/29:50:31, loss=1.1759365797042847, d_time=0.24(0.25), f_time=2.35(1.80), b_time=2.59(2.05), lr=0.0020352187785374013
2026-03-13 06:22:02,989   INFO  epoch: 4/6, acc_iter=168400, cur_iter=21215/36796, batch_size=4, time_cost(epoch): 12:04:35/8:52:08, time_cost(all): 60:21:31/29:48:50, loss=1.0710142850875854, d_time=0.24(0.25), f_time=1.29(1.80), b_time=1.53(2.05), lr=0.0020318510533274673
2026-03-13 06:22:28,612   INFO  Save latest model to /storage/project/r-gchou3-0/spanse30/MSF/output/cfgs/waymo_models/msf_8frames/default/ckpt/latest_model
2026-03-13 06:23:46,387   INFO  epoch: 4/6, acc_iter=168450, cur_iter=21265/36796, batch_size=4, time_cost(epoch): 12:06:19/8:50:26, time_cost(all): 60:23:14/29:47:10, loss=1.0218299627304077, d_time=0.25(0.25), f_time=1.44(1.80), b_time=1.69(2.05), lr=0.0020284846895198745
/bin/sh: line 1: gpustat: command not found
2026-03-13 06:23:46,675   INFO  
2026-03-13 06:25:26,482   INFO  epoch: 4/6, acc_iter=168500, cur_iter=21315/36796, batch_size=4, time_cost(epoch): 12:07:59/8:48:42, time_cost(all): 60:24:54/29:45:22, loss=1.3949445486068726, d_time=0.25(0.25), f_time=2.12(1.80), b_time=2.37(2.05), lr=0.002025119691848227
2026-03-13 06:27:09,112   INFO  epoch: 4/6, acc_iter=168550, cur_iter=21365/36796, batch_size=4, time_cost(epoch): 12:09:41/8:47:00, time_cost(all): 60:26:37/29:43:40, loss=1.4017574787139893, d_time=0.25(0.25), f_time=1.58(1.80), b_time=1.83(2.05), lr=0.0020217560650442066
2026-03-13 06:27:27,995   INFO  Save latest model to /storage/project/r-gchou3-0/spanse30/MSF/output/cfgs/waymo_models/msf_8frames/default/ckpt/latest_model
2026-03-13 06:28:52,268   INFO  epoch: 4/6, acc_iter=168600, cur_iter=21415/36796, batch_size=4, time_cost(epoch): 12:11:25/8:45:18, time_cost(all): 60:28:20/29:41:59, loss=1.2565321922302246, d_time=0.25(0.25), f_time=1.32(1.80), b_time=1.57(2.05), lr=0.002018393813837569
/bin/sh: line 1: gpustat: command not found
2026-03-13 06:28:52,546   INFO  
2026-03-13 06:30:34,810   INFO  epoch: 4/6, acc_iter=168650, cur_iter=21465/36796, batch_size=4, time_cost(epoch): 12:13:07/8:43:35, time_cost(all): 60:30:02/29:40:17, loss=1.2384679317474365, d_time=0.25(0.25), f_time=1.85(1.80), b_time=2.10(2.05), lr=0.0020150329429561337
2026-03-13 06:32:17,087   INFO  epoch: 4/6, acc_iter=168700, cur_iter=21515/36796, batch_size=4, time_cost(epoch): 12:14:49/8:41:53, time_cost(all): 60:31:45/29:38:34, loss=1.0335417985916138, d_time=0.25(0.25), f_time=1.59(1.80), b_time=1.84(2.05), lr=0.002011673457125783
2026-03-13 06:32:27,395   INFO  Save latest model to /storage/project/r-gchou3-0/spanse30/MSF/output/cfgs/waymo_models/msf_8frames/default/ckpt/latest_model
2026-03-13 06:34:03,146   INFO  epoch: 4/6, acc_iter=168750, cur_iter=21565/36796, batch_size=4, time_cost(epoch): 12:16:35/8:40:13, time_cost(all): 60:33:31/29:37:00, loss=1.2379796504974365, d_time=0.25(0.25), f_time=1.76(1.80), b_time=2.01(2.05), lr=0.0020083153610704484
/bin/sh: line 1: gpustat: command not found
2026-03-13 06:34:03,419   INFO  
2026-03-13 06:35:46,225   INFO  epoch: 4/6, acc_iter=168800, cur_iter=21615/36796, batch_size=4, time_cost(epoch): 12:18:19/8:38:31, time_cost(all): 60:35:14/29:35:19, loss=1.1553359031677246, d_time=0.25(0.25), f_time=1.71(1.80), b_time=1.95(2.05), lr=0.002004958659512107
2026-03-13 06:37:28,683   INFO  Save latest model to /storage/project/r-gchou3-0/spanse30/MSF/output/cfgs/waymo_models/msf_8frames/default/ckpt/latest_model
2026-03-13 06:37:31,078   INFO  epoch: 4/6, acc_iter=168850, cur_iter=21665/36796, batch_size=4, time_cost(epoch): 12:20:03/8:36:50, time_cost(all): 60:36:59/29:33:43, loss=1.8926005363464355, d_time=0.34(0.25), f_time=2.15(1.80), b_time=2.49(2.05), lr=0.0020016033571707767
2026-03-13 06:39:10,330   INFO  epoch: 4/6, acc_iter=168900, cur_iter=21715/36796, batch_size=4, time_cost(epoch): 12:21:43/8:35:05, time_cost(all): 60:38:38/29:31:52, loss=1.479194164276123, d_time=0.25(0.25), f_time=1.66(1.80), b_time=1.91(2.05), lr=0.0019982494587645087
/bin/sh: line 1: gpustat: command not found
2026-03-13 06:39:10,640   INFO  
2026-03-13 06:40:52,364   INFO  epoch: 4/6, acc_iter=168950, cur_iter=21765/36796, batch_size=4, time_cost(epoch): 12:23:25/8:33:23, time_cost(all): 60:40:20/29:30:09, loss=1.2742373943328857, d_time=0.25(0.25), f_time=1.96(1.80), b_time=2.21(2.05), lr=0.001994896969009376
2026-03-13 06:42:28,334   INFO  Save latest model to /storage/project/r-gchou3-0/spanse30/MSF/output/cfgs/waymo_models/msf_8frames/default/ckpt/latest_model
2026-03-13 06:42:37,817   INFO  epoch: 4/6, acc_iter=169000, cur_iter=21815/36796, batch_size=4, time_cost(epoch): 12:25:10/8:31:42, time_cost(all): 60:42:05/29:28:34, loss=1.2484467029571533, d_time=0.25(0.25), f_time=1.60(1.80), b_time=1.85(2.05), lr=0.0019915458926194757
2026-03-13 06:44:21,604   INFO  epoch: 4/6, acc_iter=169050, cur_iter=21865/36796, batch_size=4, time_cost(epoch): 12:26:54/8:30:01, time_cost(all): 60:43:49/29:26:54, loss=1.4033472537994385, d_time=0.25(0.25), f_time=1.91(1.80), b_time=2.16(2.05), lr=0.001988196234306915
/bin/sh: line 1: gpustat: command not found
2026-03-13 06:44:21,890   INFO  
2026-03-13 06:46:04,631   INFO  epoch: 4/6, acc_iter=169100, cur_iter=21915/36796, batch_size=4, time_cost(epoch): 12:28:37/8:28:19, time_cost(all): 60:45:32/29:25:13, loss=1.085329532623291, d_time=0.24(0.25), f_time=1.00(1.80), b_time=1.24(2.05), lr=0.001984847998781805
2026-03-13 06:47:28,210   INFO  Save latest model to /storage/project/r-gchou3-0/spanse30/MSF/output/cfgs/waymo_models/msf_8frames/default/ckpt/latest_model
2026-03-13 06:47:48,882   INFO  epoch: 4/6, acc_iter=169150, cur_iter=21965/36796, batch_size=4, time_cost(epoch): 12:30:21/8:26:37, time_cost(all): 60:47:16/29:23:35, loss=1.582615852355957, d_time=0.24(0.25), f_time=2.07(1.80), b_time=2.31(2.05), lr=0.0019815011907522613
2026-03-13 06:49:31,260   INFO  epoch: 4/6, acc_iter=169200, cur_iter=22015/36796, batch_size=4, time_cost(epoch): 12:32:04/8:24:55, time_cost(all): 60:48:59/29:21:52, loss=1.1192431449890137, d_time=0.25(0.25), f_time=1.66(1.80), b_time=1.91(2.05), lr=0.0019781558149243894
/bin/sh: line 1: gpustat: command not found
2026-03-13 06:49:31,535   INFO  
2026-03-13 06:51:14,337   INFO  epoch: 4/6, acc_iter=169250, cur_iter=22065/36796, batch_size=4, time_cost(epoch): 12:33:47/8:23:13, time_cost(all): 60:50:42/29:20:11, loss=1.085080862045288, d_time=0.25(0.25), f_time=1.76(1.80), b_time=2.01(2.05), lr=0.0019748118760022785
2026-03-13 06:52:27,878   INFO  Save latest model to /storage/project/r-gchou3-0/spanse30/MSF/output/cfgs/waymo_models/msf_8frames/default/ckpt/latest_model
2026-03-13 06:52:58,023   INFO  epoch: 4/6, acc_iter=169300, cur_iter=22115/36796, batch_size=4, time_cost(epoch): 12:35:30/8:21:31, time_cost(all): 60:52:26/29:18:31, loss=1.5542588233947754, d_time=0.25(0.25), f_time=2.75(1.80), b_time=3.00(2.05), lr=0.0019714693786880007
2026-03-13 06:54:41,922   INFO  epoch: 4/6, acc_iter=169350, cur_iter=22165/36796, batch_size=4, time_cost(epoch): 12:37:14/8:19:49, time_cost(all): 60:54:09/29:16:52, loss=1.3236947059631348, d_time=0.25(0.25), f_time=1.90(1.80), b_time=2.15(2.05), lr=0.0019681283276816028
/bin/sh: line 1: gpustat: command not found
2026-03-13 06:54:42,201   INFO  
2026-03-13 06:56:28,339   INFO  epoch: 4/6, acc_iter=169400, cur_iter=22215/36796, batch_size=4, time_cost(epoch): 12:39:01/8:18:09, time_cost(all): 60:55:56/29:15:19, loss=1.5247132778167725, d_time=0.25(0.25), f_time=2.26(1.80), b_time=2.52(2.05), lr=0.00196478872768109
2026-03-13 06:57:28,250   INFO  Save latest model to /storage/project/r-gchou3-0/spanse30/MSF/output/cfgs/waymo_models/msf_8frames/default/ckpt/latest_model
2026-03-13 06:58:12,425   INFO  epoch: 4/6, acc_iter=169450, cur_iter=22265/36796, batch_size=4, time_cost(epoch): 12:40:45/8:16:28, time_cost(all): 60:57:40/29:13:40, loss=1.2454262971878052, d_time=0.24(0.25), f_time=2.00(1.80), b_time=2.25(2.05), lr=0.0019614505833824365
2026-03-13 06:59:58,542   INFO  epoch: 4/6, acc_iter=169500, cur_iter=22315/36796, batch_size=4, time_cost(epoch): 12:42:31/8:14:48, time_cost(all): 60:59:26/29:12:06, loss=1.5299562215805054, d_time=0.25(0.25), f_time=2.34(1.80), b_time=2.59(2.05), lr=0.0019581138994795642
/bin/sh: line 1: gpustat: command not found
2026-03-13 06:59:58,814   INFO  
2026-03-13 07:01:40,887   INFO  epoch: 4/6, acc_iter=169550, cur_iter=22365/36796, batch_size=4, time_cost(epoch): 12:44:13/8:13:05, time_cost(all): 61:01:08/29:10:23, loss=1.1742703914642334, d_time=0.24(0.25), f_time=2.02(1.80), b_time=2.27(2.05), lr=0.0019547786806643416
2026-03-13 07:02:28,155   INFO  Save latest model to /storage/project/r-gchou3-0/spanse30/MSF/output/cfgs/waymo_models/msf_8frames/default/ckpt/latest_model
2026-03-13 07:03:23,139   INFO  epoch: 4/6, acc_iter=169600, cur_iter=22415/36796, batch_size=4, time_cost(epoch): 12:45:55/8:11:23, time_cost(all): 61:02:51/29:08:40, loss=1.2037036418914795, d_time=0.25(0.25), f_time=2.21(1.80), b_time=2.46(2.05), lr=0.0019514449316265791
2026-03-13 07:05:09,277   INFO  epoch: 4/6, acc_iter=169650, cur_iter=22465/36796, batch_size=4, time_cost(epoch): 12:47:42/8:09:42, time_cost(all): 61:04:37/29:07:05, loss=1.3478705883026123, d_time=0.25(0.25), f_time=1.93(1.80), b_time=2.17(2.05), lr=0.0019481126570540183
/bin/sh: line 1: gpustat: command not found
2026-03-13 07:05:09,556   INFO  
2026-03-13 07:06:52,288   INFO  epoch: 4/6, acc_iter=169700, cur_iter=22515/36796, batch_size=4, time_cost(epoch): 12:49:25/8:08:00, time_cost(all): 61:06:20/29:05:24, loss=1.7199821472167969, d_time=0.25(0.25), f_time=2.34(1.80), b_time=2.58(2.05), lr=0.0019447818616323293
2026-03-13 07:07:29,274   INFO  Save latest model to /storage/project/r-gchou3-0/spanse30/MSF/output/cfgs/waymo_models/msf_8frames/default/ckpt/latest_model
2026-03-13 07:08:34,691   INFO  epoch: 4/6, acc_iter=169750, cur_iter=22565/36796, batch_size=4, time_cost(epoch): 12:51:07/8:06:18, time_cost(all): 61:08:02/29:03:41, loss=1.3404552936553955, d_time=0.25(0.25), f_time=2.01(1.80), b_time=2.26(2.05), lr=0.0019414525500451025
2026-03-13 07:10:18,398   INFO  epoch: 4/6, acc_iter=169800, cur_iter=22615/36796, batch_size=4, time_cost(epoch): 12:52:51/8:04:36, time_cost(all): 61:09:46/29:02:01, loss=1.2828630208969116, d_time=0.25(0.25), f_time=2.16(1.80), b_time=2.41(2.05), lr=0.0019381247269738393
/bin/sh: line 1: gpustat: command not found
2026-03-13 07:10:18,667   INFO  
2026-03-13 07:12:02,814   INFO  epoch: 4/6, acc_iter=169850, cur_iter=22665/36796, batch_size=4, time_cost(epoch): 12:54:35/8:02:55, time_cost(all): 61:11:30/29:00:23, loss=1.3693592548370361, d_time=0.25(0.25), f_time=1.97(1.80), b_time=2.22(2.05), lr=0.0019347983970979489
2026-03-13 07:12:28,976   INFO  Save latest model to /storage/project/r-gchou3-0/spanse30/MSF/output/cfgs/waymo_models/msf_8frames/default/ckpt/latest_model
2026-03-13 07:13:44,749   INFO  epoch: 4/6, acc_iter=169900, cur_iter=22715/36796, batch_size=4, time_cost(epoch): 12:56:17/8:01:12, time_cost(all): 61:13:12/28:58:39, loss=1.1749894618988037, d_time=0.24(0.25), f_time=1.64(1.80), b_time=1.88(2.05), lr=0.0019314735650947442
2026-03-13 07:15:28,816   INFO  epoch: 4/6, acc_iter=169950, cur_iter=22765/36796, batch_size=4, time_cost(epoch): 12:58:01/7:59:30, time_cost(all): 61:14:56/28:57:00, loss=1.295029640197754, d_time=0.25(0.25), f_time=1.68(1.80), b_time=1.93(2.05), lr=0.0019281502356394275
/bin/sh: line 1: gpustat: command not found
2026-03-13 07:15:29,095   INFO  
2026-03-13 07:17:16,657   INFO  epoch: 4/6, acc_iter=170000, cur_iter=22815/36796, batch_size=4, time_cost(epoch): 12:59:49/7:57:51, time_cost(all): 61:16:44/28:55:30, loss=1.3668279647827148, d_time=0.25(0.25), f_time=1.91(1.80), b_time=2.16(2.05), lr=0.0019248284134050894
2026-03-13 07:17:27,940   INFO  Save latest model to /storage/project/r-gchou3-0/spanse30/MSF/output/cfgs/waymo_models/msf_8frames/default/ckpt/latest_model
2026-03-13 07:18:58,975   INFO  epoch: 4/6, acc_iter=170050, cur_iter=22865/36796, batch_size=4, time_cost(epoch): 13:01:31/7:56:08, time_cost(all): 61:18:27/28:53:46, loss=1.1887885332107544, d_time=0.25(0.25), f_time=1.69(1.80), b_time=1.94(2.05), lr=0.0019215081030627037
2026-03-13 07:20:44,875   INFO  epoch: 4/6, acc_iter=170100, cur_iter=22915/36796, batch_size=4, time_cost(epoch): 13:03:17/7:54:28, time_cost(all): 61:20:12/28:52:11, loss=0.8170104026794434, d_time=0.25(0.25), f_time=1.08(1.80), b_time=1.33(2.05), lr=0.0019181893092811138
/bin/sh: line 1: gpustat: command not found
2026-03-13 07:20:45,150   INFO  
2026-03-13 07:22:29,432   INFO  epoch: 4/6, acc_iter=170150, cur_iter=22965/36796, batch_size=4, time_cost(epoch): 13:05:02/7:52:46, time_cost(all): 61:21:57/28:50:33, loss=1.1860095262527466, d_time=0.25(0.25), f_time=2.16(1.80), b_time=2.41(2.05), lr=0.0019148720367270346
2026-03-13 07:22:29,552   INFO  Save latest model to /storage/project/r-gchou3-0/spanse30/MSF/output/cfgs/waymo_models/msf_8frames/default/ckpt/latest_model
2026-03-13 07:24:07,793   INFO  epoch: 4/6, acc_iter=170200, cur_iter=23015/36796, batch_size=4, time_cost(epoch): 13:06:40/7:51:01, time_cost(all): 61:23:35/28:48:42, loss=1.247969150543213, d_time=0.25(0.25), f_time=1.65(1.80), b_time=1.90(2.05), lr=0.0019115562900650404
2026-03-13 07:25:50,079   INFO  epoch: 4/6, acc_iter=170250, cur_iter=23065/36796, batch_size=4, time_cost(epoch): 13:08:22/7:49:19, time_cost(all): 61:25:18/28:46:58, loss=1.1352136135101318, d_time=0.25(0.25), f_time=1.54(1.80), b_time=1.79(2.05), lr=0.0019082420739575596
/bin/sh: line 1: gpustat: command not found
2026-03-13 07:25:50,360   INFO  
2026-03-13 07:27:28,074   INFO  Save latest model to /storage/project/r-gchou3-0/spanse30/MSF/output/cfgs/waymo_models/msf_8frames/default/ckpt/latest_model
2026-03-13 07:27:32,559   INFO  epoch: 4/6, acc_iter=170300, cur_iter=23115/36796, batch_size=4, time_cost(epoch): 13:10:05/7:47:36, time_cost(all): 61:27:00/28:45:16, loss=1.4337966442108154, d_time=0.25(0.25), f_time=1.71(1.80), b_time=1.96(2.05), lr=0.0019049293930648676
2026-03-13 07:29:14,417   INFO  epoch: 4/6, acc_iter=170350, cur_iter=23165/36796, batch_size=4, time_cost(epoch): 13:11:47/7:45:53, time_cost(all): 61:28:42/28:43:32, loss=1.5071029663085938, d_time=0.25(0.25), f_time=2.02(1.80), b_time=2.27(2.05), lr=0.0019016182520450852
2026-03-13 07:30:56,254   INFO  epoch: 4/6, acc_iter=170400, cur_iter=23215/36796, batch_size=4, time_cost(epoch): 13:13:29/7:44:10, time_cost(all): 61:30:24/28:41:48, loss=1.5726747512817383, d_time=0.25(0.25), f_time=1.99(1.80), b_time=2.24(2.05), lr=0.001898308655554161
/bin/sh: line 1: gpustat: command not found
2026-03-13 07:30:56,541   INFO  
2026-03-13 07:32:28,293   INFO  Save latest model to /storage/project/r-gchou3-0/spanse30/MSF/output/cfgs/waymo_models/msf_8frames/default/ckpt/latest_model
2026-03-13 07:32:40,457   INFO  epoch: 4/6, acc_iter=170450, cur_iter=23265/36796, batch_size=4, time_cost(epoch): 13:15:13/7:42:29, time_cost(all): 61:32:08/28:40:09, loss=0.9867153167724609, d_time=0.25(0.25), f_time=1.15(1.80), b_time=1.40(2.05), lr=0.0018950006082458775
2026-03-13 07:34:23,509   INFO  epoch: 4/6, acc_iter=170500, cur_iter=23315/36796, batch_size=4, time_cost(epoch): 13:16:56/7:40:46, time_cost(all): 61:33:51/28:38:27, loss=1.8477777242660522, d_time=0.25(0.25), f_time=2.63(1.80), b_time=2.88(2.05), lr=0.0018916941147718383
2026-03-13 07:36:03,193   INFO  epoch: 4/6, acc_iter=170550, cur_iter=23365/36796, batch_size=4, time_cost(epoch): 13:18:36/7:39:02, time_cost(all): 61:35:31/28:36:39, loss=1.777363657951355, d_time=0.25(0.25), f_time=2.04(1.80), b_time=2.29(2.05), lr=0.001888389179781458
/bin/sh: line 1: gpustat: command not found
2026-03-13 07:36:03,463   INFO  
2026-03-13 07:37:29,530   INFO  Save latest model to /storage/project/r-gchou3-0/spanse30/MSF/output/cfgs/waymo_models/msf_8frames/default/ckpt/latest_model
2026-03-13 07:37:45,536   INFO  epoch: 4/6, acc_iter=170600, cur_iter=23415/36796, batch_size=4, time_cost(epoch): 13:20:18/7:37:19, time_cost(all): 61:37:13/28:34:56, loss=1.450235366821289, d_time=0.25(0.25), f_time=1.76(1.80), b_time=2.01(2.05), lr=0.0018850858079219634
2026-03-13 07:39:26,270   INFO  epoch: 4/6, acc_iter=170650, cur_iter=23465/36796, batch_size=4, time_cost(epoch): 13:21:59/7:35:36, time_cost(all): 61:38:54/28:33:09, loss=1.078539490699768, d_time=0.25(0.25), f_time=1.71(1.80), b_time=1.96(2.05), lr=0.0018817840038383834
2026-03-13 07:41:08,651   INFO  epoch: 4/6, acc_iter=170700, cur_iter=23515/36796, batch_size=4, time_cost(epoch): 13:23:41/7:33:53, time_cost(all): 61:40:36/28:31:27, loss=1.440039873123169, d_time=0.25(0.25), f_time=1.51(1.80), b_time=1.76(2.05), lr=0.0018784837721735406
/bin/sh: line 1: gpustat: command not found
2026-03-13 07:41:08,923   INFO  
2026-03-13 07:42:28,786   INFO  Save latest model to /storage/project/r-gchou3-0/spanse30/MSF/output/cfgs/waymo_models/msf_8frames/default/ckpt/latest_model
2026-03-13 07:42:49,018   INFO  epoch: 4/6, acc_iter=170750, cur_iter=23565/36796, batch_size=4, time_cost(epoch): 13:25:21/7:32:10, time_cost(all): 61:42:17/28:29:39, loss=1.402258038520813, d_time=0.25(0.25), f_time=1.72(1.80), b_time=1.97(2.05), lr=0.0018751851175680477
2026-03-13 07:44:29,600   INFO  epoch: 4/6, acc_iter=170800, cur_iter=23615/36796, batch_size=4, time_cost(epoch): 13:27:02/7:30:26, time_cost(all): 61:43:57/28:27:53, loss=1.286655306816101, d_time=0.24(0.25), f_time=1.67(1.80), b_time=1.91(2.05), lr=0.0018718880446602982
2026-03-13 07:46:14,814   INFO  epoch: 4/6, acc_iter=170850, cur_iter=23665/36796, batch_size=4, time_cost(epoch): 13:28:47/7:28:45, time_cost(all): 61:45:42/28:26:16, loss=1.6197521686553955, d_time=0.25(0.25), f_time=2.67(1.80), b_time=2.92(2.05), lr=0.0018685925580864632
/bin/sh: line 1: gpustat: command not found
2026-03-13 07:46:15,084   INFO  
2026-03-13 07:47:27,428   INFO  Save latest model to /storage/project/r-gchou3-0/spanse30/MSF/output/cfgs/waymo_models/msf_8frames/default/ckpt/latest_model
2026-03-13 07:47:57,294   INFO  epoch: 4/6, acc_iter=170900, cur_iter=23715/36796, batch_size=4, time_cost(epoch): 13:30:30/7:27:02, time_cost(all): 61:47:25/28:24:33, loss=1.1793415546417236, d_time=0.25(0.25), f_time=1.81(1.80), b_time=2.06(2.05), lr=0.001865298662480484
2026-03-13 07:49:38,296   INFO  epoch: 4/6, acc_iter=170950, cur_iter=23765/36796, batch_size=4, time_cost(epoch): 13:32:11/7:25:19, time_cost(all): 61:49:06/28:22:48, loss=1.5005120038986206, d_time=0.25(0.25), f_time=1.57(1.80), b_time=1.82(2.05), lr=0.0018620063624740617
2026-03-13 07:51:21,935   INFO  epoch: 4/6, acc_iter=171000, cur_iter=23815/36796, batch_size=4, time_cost(epoch): 13:33:54/7:23:37, time_cost(all): 61:50:50/28:21:07, loss=1.1530373096466064, d_time=0.25(0.25), f_time=1.57(1.80), b_time=1.82(2.05), lr=0.0018587156626966566
/bin/sh: line 1: gpustat: command not found
2026-03-13 07:51:22,215   INFO  
2026-03-13 07:52:28,177   INFO  Save latest model to /storage/project/r-gchou3-0/spanse30/MSF/output/cfgs/waymo_models/msf_8frames/default/ckpt/latest_model
2026-03-13 07:53:04,089   INFO  epoch: 4/6, acc_iter=171050, cur_iter=23865/36796, batch_size=4, time_cost(epoch): 13:35:36/7:21:54, time_cost(all): 61:52:32/28:19:24, loss=1.588258147239685, d_time=0.25(0.25), f_time=1.88(1.80), b_time=2.13(2.05), lr=0.0018554265677754778
2026-03-13 07:54:46,263   INFO  epoch: 4/6, acc_iter=171100, cur_iter=23915/36796, batch_size=4, time_cost(epoch): 13:37:19/7:20:12, time_cost(all): 61:54:14/28:17:41, loss=1.3416695594787598, d_time=0.25(0.25), f_time=2.77(1.80), b_time=3.02(2.05), lr=0.001852139082335476
2026-03-13 07:56:31,514   INFO  epoch: 4/6, acc_iter=171150, cur_iter=23965/36796, batch_size=4, time_cost(epoch): 13:39:04/7:18:31, time_cost(all): 61:55:59/28:16:04, loss=1.0659643411636353, d_time=0.24(0.25), f_time=1.44(1.80), b_time=1.68(2.05), lr=0.0018488532109993423
/bin/sh: line 1: gpustat: command not found
2026-03-13 07:56:31,802   INFO  
2026-03-13 07:57:29,244   INFO  Save latest model to /storage/project/r-gchou3-0/spanse30/MSF/output/cfgs/waymo_models/msf_8frames/default/ckpt/latest_model
2026-03-13 07:58:15,995   INFO  epoch: 4/6, acc_iter=171200, cur_iter=24015/36796, batch_size=4, time_cost(epoch): 13:40:48/7:16:49, time_cost(all): 61:57:44/28:14:25, loss=1.2319831848144531, d_time=0.25(0.25), f_time=1.93(1.80), b_time=2.18(2.05), lr=0.0018455689583874962
2026-03-13 07:59:58,656   INFO  epoch: 4/6, acc_iter=171250, cur_iter=24065/36796, batch_size=4, time_cost(epoch): 13:42:31/7:15:07, time_cost(all): 61:59:26/28:12:43, loss=1.4257712364196777, d_time=0.25(0.25), f_time=1.62(1.80), b_time=1.87(2.05), lr=0.00184228632911808
2026-03-13 08:01:39,966   INFO  epoch: 4/6, acc_iter=171300, cur_iter=24115/36796, batch_size=4, time_cost(epoch): 13:44:12/7:13:23, time_cost(all): 62:01:08/28:10:58, loss=1.1846517324447632, d_time=0.25(0.25), f_time=1.66(1.80), b_time=1.90(2.05), lr=0.001839005327806954
/bin/sh: line 1: gpustat: command not found
2026-03-13 08:01:40,238   INFO  
2026-03-13 08:02:28,699   INFO  Save latest model to /storage/project/r-gchou3-0/spanse30/MSF/output/cfgs/waymo_models/msf_8frames/default/ckpt/latest_model
2026-03-13 08:03:22,555   INFO  epoch: 4/6, acc_iter=171350, cur_iter=24165/36796, batch_size=4, time_cost(epoch): 13:45:55/7:11:41, time_cost(all): 62:02:50/28:09:16, loss=1.3333690166473389, d_time=0.25(0.25), f_time=2.62(1.80), b_time=2.87(2.05), lr=0.001835725959067693
2026-03-13 08:05:05,142   INFO  epoch: 4/6, acc_iter=171400, cur_iter=24215/36796, batch_size=4, time_cost(epoch): 13:47:37/7:09:58, time_cost(all): 62:04:33/28:07:33, loss=1.047712802886963, d_time=0.24(0.25), f_time=1.51(1.80), b_time=1.75(2.05), lr=0.0018324482275115686
2026-03-13 08:06:48,656   INFO  epoch: 4/6, acc_iter=171450, cur_iter=24265/36796, batch_size=4, time_cost(epoch): 13:49:21/7:08:16, time_cost(all): 62:06:16/28:05:53, loss=1.1912016868591309, d_time=0.25(0.25), f_time=1.76(1.80), b_time=2.01(2.05), lr=0.0018291721377475573
/bin/sh: line 1: gpustat: command not found
2026-03-13 08:06:48,929   INFO  
2026-03-13 08:07:27,863   INFO  Save latest model to /storage/project/r-gchou3-0/spanse30/MSF/output/cfgs/waymo_models/msf_8frames/default/ckpt/latest_model
2026-03-13 08:08:27,355   INFO  epoch: 4/6, acc_iter=171500, cur_iter=24315/36796, batch_size=4, time_cost(epoch): 13:51:00/7:06:32, time_cost(all): 62:07:55/28:04:02, loss=1.5409157276153564, d_time=0.25(0.25), f_time=2.29(1.80), b_time=2.54(2.05), lr=0.001825897694382324
2026-03-13 08:10:08,242   INFO  epoch: 4/6, acc_iter=171550, cur_iter=24365/36796, batch_size=4, time_cost(epoch): 13:52:41/7:04:49, time_cost(all): 62:09:36/28:02:17, loss=1.6791198253631592, d_time=0.25(0.25), f_time=1.83(1.80), b_time=2.08(2.05), lr=0.0018226249020202178
2026-03-13 08:11:49,727   INFO  epoch: 4/6, acc_iter=171600, cur_iter=24415/36796, batch_size=4, time_cost(epoch): 13:54:22/7:03:06, time_cost(all): 62:11:17/28:00:32, loss=1.0440006256103516, d_time=0.27(0.25), f_time=1.23(1.80), b_time=1.50(2.05), lr=0.0018193537652632685
/bin/sh: line 1: gpustat: command not found
2026-03-13 08:11:50,003   INFO  
2026-03-13 08:12:29,322   INFO  Save latest model to /storage/project/r-gchou3-0/spanse30/MSF/output/cfgs/waymo_models/msf_8frames/default/ckpt/latest_model
2026-03-13 08:13:33,052   INFO  epoch: 4/6, acc_iter=171650, cur_iter=24465/36796, batch_size=4, time_cost(epoch): 13:56:05/7:01:23, time_cost(all): 62:13:01/27:58:51, loss=1.3770599365234375, d_time=0.25(0.25), f_time=1.67(1.80), b_time=1.92(2.05), lr=0.0018160842887111762
2026-03-13 08:15:16,380   INFO  epoch: 4/6, acc_iter=171700, cur_iter=24515/36796, batch_size=4, time_cost(epoch): 13:57:49/6:59:41, time_cost(all): 62:14:44/27:57:10, loss=1.284454345703125, d_time=0.25(0.25), f_time=2.18(1.80), b_time=2.43(2.05), lr=0.0018128164769613065
2026-03-13 08:16:55,472   INFO  epoch: 4/6, acc_iter=171750, cur_iter=24565/36796, batch_size=4, time_cost(epoch): 13:59:28/6:57:57, time_cost(all): 62:16:23/27:55:21, loss=1.4278826713562012, d_time=0.24(0.25), f_time=2.00(1.80), b_time=2.24(2.05), lr=0.0018095503346086859
/bin/sh: line 1: gpustat: command not found
2026-03-13 08:16:55,748   INFO  
2026-03-13 08:17:27,982   INFO  Save latest model to /storage/project/r-gchou3-0/spanse30/MSF/output/cfgs/waymo_models/msf_8frames/default/ckpt/latest_model
2026-03-13 08:18:35,967   INFO  epoch: 4/6, acc_iter=171800, cur_iter=24615/36796, batch_size=4, time_cost(epoch): 14:01:08/6:56:14, time_cost(all): 62:18:04/27:53:34, loss=0.9826705455780029, d_time=0.25(0.25), f_time=1.21(1.80), b_time=1.46(2.05), lr=0.0018062858662459902
2026-03-13 08:20:18,633   INFO  epoch: 4/6, acc_iter=171850, cur_iter=24665/36796, batch_size=4, time_cost(epoch): 14:02:51/6:54:31, time_cost(all): 62:19:46/27:51:52, loss=1.2644891738891602, d_time=0.25(0.25), f_time=2.36(1.80), b_time=2.61(2.05), lr=0.0018030230764635431
2026-03-13 08:21:58,222   INFO  epoch: 4/6, acc_iter=171900, cur_iter=24715/36796, batch_size=4, time_cost(epoch): 14:04:31/6:52:47, time_cost(all): 62:21:26/27:50:04, loss=0.9853161573410034, d_time=0.26(0.25), f_time=1.58(1.80), b_time=1.84(2.05), lr=0.0017997619698493109
/bin/sh: line 1: gpustat: command not found
2026-03-13 08:21:58,496   INFO  
2026-03-13 08:22:29,737   INFO  Save latest model to /storage/project/r-gchou3-0/spanse30/MSF/output/cfgs/waymo_models/msf_8frames/default/ckpt/latest_model
2026-03-13 08:23:40,658   INFO  epoch: 4/6, acc_iter=171950, cur_iter=24765/36796, batch_size=4, time_cost(epoch): 14:06:13/6:51:05, time_cost(all): 62:23:08/27:48:21, loss=1.050276517868042, d_time=0.25(0.25), f_time=1.33(1.80), b_time=1.58(2.05), lr=0.0017965025509888875
2026-03-13 08:25:19,373   INFO  epoch: 4/6, acc_iter=172000, cur_iter=24815/36796, batch_size=4, time_cost(epoch): 14:07:52/6:49:20, time_cost(all): 62:24:47/27:46:31, loss=1.2226463556289673, d_time=0.25(0.25), f_time=1.75(1.80), b_time=2.00(2.05), lr=0.0017932448244654974
2026-03-13 08:27:02,740   INFO  epoch: 4/6, acc_iter=172050, cur_iter=24865/36796, batch_size=4, time_cost(epoch): 14:09:35/6:47:38, time_cost(all): 62:26:30/27:44:50, loss=1.3401821851730347, d_time=0.24(0.25), f_time=2.36(1.80), b_time=2.60(2.05), lr=0.0017899887948599853
/bin/sh: line 1: gpustat: command not found
2026-03-13 08:27:03,014   INFO  
2026-03-13 08:27:27,426   INFO  Save latest model to /storage/project/r-gchou3-0/spanse30/MSF/output/cfgs/waymo_models/msf_8frames/default/ckpt/latest_model
2026-03-13 08:28:43,374   INFO  epoch: 4/6, acc_iter=172100, cur_iter=24915/36796, batch_size=4, time_cost(epoch): 14:11:16/6:45:55, time_cost(all): 62:28:11/27:43:04, loss=1.0999130010604858, d_time=0.25(0.25), f_time=1.73(1.80), b_time=1.98(2.05), lr=0.0017867344667508065
2026-03-13 08:30:23,858   INFO  epoch: 4/6, acc_iter=172150, cur_iter=24965/36796, batch_size=4, time_cost(epoch): 14:12:56/6:44:11, time_cost(all): 62:29:51/27:41:18, loss=1.4225940704345703, d_time=0.24(0.25), f_time=1.62(1.80), b_time=1.86(2.05), lr=0.0017834818447140276
2026-03-13 08:32:04,683   INFO  epoch: 4/6, acc_iter=172200, cur_iter=25015/36796, batch_size=4, time_cost(epoch): 14:14:37/6:42:28, time_cost(all): 62:31:32/27:39:32, loss=1.3038231134414673, d_time=0.25(0.25), f_time=1.21(1.80), b_time=1.45(2.05), lr=0.0017802309333233158
/bin/sh: line 1: gpustat: command not found
2026-03-13 08:32:04,967   INFO  
2026-03-13 08:32:29,384   INFO  Save latest model to /storage/project/r-gchou3-0/spanse30/MSF/output/cfgs/waymo_models/msf_8frames/default/ckpt/latest_model
2026-03-13 08:33:51,549   INFO  epoch: 4/6, acc_iter=172250, cur_iter=25065/36796, batch_size=4, time_cost(epoch): 14:16:24/6:40:48, time_cost(all): 62:33:19/27:37:58, loss=1.5058714151382446, d_time=0.24(0.25), f_time=1.97(1.80), b_time=2.21(2.05), lr=0.0017769817371499296
2026-03-13 08:35:29,554   INFO  epoch: 4/6, acc_iter=172300, cur_iter=25115/36796, batch_size=4, time_cost(epoch): 14:18:02/6:39:03, time_cost(all): 62:34:57/27:36:07, loss=1.0967295169830322, d_time=0.25(0.25), f_time=2.25(1.80), b_time=2.50(2.05), lr=0.0017737342607627184
2026-03-13 08:37:12,998   INFO  epoch: 4/6, acc_iter=172350, cur_iter=25165/36796, batch_size=4, time_cost(epoch): 14:19:45/6:37:21, time_cost(all): 62:36:41/27:34:26, loss=1.4620314836502075, d_time=0.25(0.25), f_time=1.81(1.80), b_time=2.06(2.05), lr=0.0017704885087281154
/bin/sh: line 1: gpustat: command not found
2026-03-13 08:37:13,278   INFO  
2026-03-13 08:37:27,817   INFO  Save latest model to /storage/project/r-gchou3-0/spanse30/MSF/output/cfgs/waymo_models/msf_8frames/default/ckpt/latest_model
2026-03-13 08:38:53,692   INFO  epoch: 4/6, acc_iter=172400, cur_iter=25215/36796, batch_size=4, time_cost(epoch): 14:21:26/6:35:38, time_cost(all): 62:38:21/27:32:40, loss=1.1122984886169434, d_time=0.25(0.25), f_time=1.49(1.80), b_time=1.74(2.05), lr=0.0017672444856101225
2026-03-13 08:40:34,410   INFO  epoch: 4/6, acc_iter=172450, cur_iter=25265/36796, batch_size=4, time_cost(epoch): 14:23:07/6:33:54, time_cost(all): 62:40:02/27:30:54, loss=1.5675675868988037, d_time=0.25(0.25), f_time=2.11(1.80), b_time=2.36(2.05), lr=0.0017640021959703166
2026-03-13 08:42:17,446   INFO  epoch: 4/6, acc_iter=172500, cur_iter=25315/36796, batch_size=4, time_cost(epoch): 14:24:50/6:32:12, time_cost(all): 62:41:45/27:29:13, loss=1.557624101638794, d_time=0.25(0.25), f_time=1.92(1.80), b_time=2.17(2.05), lr=0.0017607616443678358
/bin/sh: line 1: gpustat: command not found
2026-03-13 08:42:17,727   INFO  
2026-03-13 08:42:28,053   INFO  Save latest model to /storage/project/r-gchou3-0/spanse30/MSF/output/cfgs/waymo_models/msf_8frames/default/ckpt/latest_model
2026-03-13 08:44:03,149   INFO  epoch: 4/6, acc_iter=172550, cur_iter=25365/36796, batch_size=4, time_cost(epoch): 14:26:35/6:30:31, time_cost(all): 62:43:31/27:27:37, loss=1.5791983604431152, d_time=0.25(0.25), f_time=2.63(1.80), b_time=2.88(2.05), lr=0.0017575228353593705
2026-03-13 08:45:48,025   INFO  epoch: 4/6, acc_iter=172600, cur_iter=25415/36796, batch_size=4, time_cost(epoch): 14:28:20/6:28:50, time_cost(all): 62:45:16/27:25:59, loss=1.2526180744171143, d_time=0.25(0.25), f_time=1.13(1.80), b_time=1.38(2.05), lr=0.0017542857734991668
2026-03-13 08:47:27,841   INFO  Save latest model to /storage/project/r-gchou3-0/spanse30/MSF/output/cfgs/waymo_models/msf_8frames/default/ckpt/latest_model
2026-03-13 08:47:34,110   INFO  epoch: 4/6, acc_iter=172650, cur_iter=25465/36796, batch_size=4, time_cost(epoch): 14:30:06/6:27:09, time_cost(all): 62:47:02/27:24:23, loss=1.3148192167282104, d_time=0.25(0.25), f_time=2.21(1.80), b_time=2.46(2.05), lr=0.00175105046333901
/bin/sh: line 1: gpustat: command not found
2026-03-13 08:47:34,383   INFO  
2026-03-13 08:49:14,697   INFO  epoch: 4/6, acc_iter=172700, cur_iter=25515/36796, batch_size=4, time_cost(epoch): 14:31:47/6:25:25, time_cost(all): 62:48:42/27:22:37, loss=1.6271438598632812, d_time=0.25(0.25), f_time=1.28(1.80), b_time=1.53(2.05), lr=0.0017478169094282219
2026-03-13 08:50:56,007   INFO  epoch: 4/6, acc_iter=172750, cur_iter=25565/36796, batch_size=4, time_cost(epoch): 14:33:28/6:23:42, time_cost(all): 62:50:24/27:20:52, loss=1.2259353399276733, d_time=0.25(0.25), f_time=1.39(1.80), b_time=1.64(2.05), lr=0.0017445851163136585
2026-03-13 08:52:29,626   INFO  Save latest model to /storage/project/r-gchou3-0/spanse30/MSF/output/cfgs/waymo_models/msf_8frames/default/ckpt/latest_model
2026-03-13 08:52:37,463   INFO  epoch: 4/6, acc_iter=172800, cur_iter=25615/36796, batch_size=4, time_cost(epoch): 14:35:10/6:21:59, time_cost(all): 62:52:05/27:19:08, loss=1.532033920288086, d_time=0.25(0.25), f_time=2.54(1.80), b_time=2.79(2.05), lr=0.0017413550885396934
/bin/sh: line 1: gpustat: command not found
2026-03-13 08:52:37,734   INFO  
2026-03-13 08:54:18,172   INFO  epoch: 4/6, acc_iter=172850, cur_iter=25665/36796, batch_size=4, time_cost(epoch): 14:36:51/6:20:16, time_cost(all): 62:53:46/27:17:22, loss=1.2731788158416748, d_time=0.25(0.25), f_time=2.17(1.80), b_time=2.42(2.05), lr=0.0017381268306482253
2026-03-13 08:55:58,216   INFO  epoch: 4/6, acc_iter=172900, cur_iter=25715/36796, batch_size=4, time_cost(epoch): 14:38:31/6:18:33, time_cost(all): 62:55:26/27:15:35, loss=0.9891971349716187, d_time=0.25(0.25), f_time=1.72(1.80), b_time=1.98(2.05), lr=0.0017349003471786612
2026-03-13 08:57:28,789   INFO  Save latest model to /storage/project/r-gchou3-0/spanse30/MSF/output/cfgs/waymo_models/msf_8frames/default/ckpt/latest_model
2026-03-13 08:57:34,984   INFO  epoch: 4/6, acc_iter=172950, cur_iter=25765/36796, batch_size=4, time_cost(epoch): 14:40:07/6:16:48, time_cost(all): 62:57:03/27:13:42, loss=1.290762186050415, d_time=0.28(0.25), f_time=1.64(1.80), b_time=1.91(2.05), lr=0.0017316756426679087
/bin/sh: line 1: gpustat: command not found
2026-03-13 08:57:35,262   INFO  
2026-03-13 08:59:15,294   INFO  epoch: 4/6, acc_iter=173000, cur_iter=25815/36796, batch_size=4, time_cost(epoch): 14:41:48/6:15:04, time_cost(all): 62:58:43/27:11:55, loss=1.265039086341858, d_time=0.25(0.25), f_time=2.74(1.80), b_time=2.99(2.05), lr=0.001728452721650381
2026-03-13 09:00:54,908   INFO  epoch: 4/6, acc_iter=173050, cur_iter=25865/36796, batch_size=4, time_cost(epoch): 14:43:27/6:13:21, time_cost(all): 63:00:22/27:10:07, loss=1.163608193397522, d_time=0.25(0.25), f_time=1.71(1.80), b_time=1.96(2.05), lr=0.0017252315886579807
2026-03-13 09:02:28,709   INFO  Save latest model to /storage/project/r-gchou3-0/spanse30/MSF/output/cfgs/waymo_models/msf_8frames/default/ckpt/latest_model
2026-03-13 09:02:39,158   INFO  epoch: 4/6, acc_iter=173100, cur_iter=25915/36796, batch_size=4, time_cost(epoch): 14:45:12/6:11:39, time_cost(all): 63:02:07/27:08:28, loss=1.124801754951477, d_time=0.25(0.25), f_time=1.71(1.80), b_time=1.96(2.05), lr=0.0017220122482200931
/bin/sh: line 1: gpustat: command not found
2026-03-13 09:02:39,433   INFO  
2026-03-13 09:04:21,296   INFO  epoch: 4/6, acc_iter=173150, cur_iter=25965/36796, batch_size=4, time_cost(epoch): 14:46:54/6:09:56, time_cost(all): 63:03:49/27:06:45, loss=1.4400618076324463, d_time=0.25(0.25), f_time=2.19(1.80), b_time=2.43(2.05), lr=0.001718794704863586
2026-03-13 09:06:02,997   INFO  epoch: 4/6, acc_iter=173200, cur_iter=26015/36796, batch_size=4, time_cost(epoch): 14:48:35/6:08:14, time_cost(all): 63:05:31/27:05:01, loss=1.385398268699646, d_time=0.25(0.25), f_time=1.63(1.80), b_time=1.88(2.05), lr=0.0017155789631128028
2026-03-13 09:07:27,392   INFO  Save latest model to /storage/project/r-gchou3-0/spanse30/MSF/output/cfgs/waymo_models/msf_8frames/default/ckpt/latest_model
2026-03-13 09:07:43,606   INFO  epoch: 4/6, acc_iter=173250, cur_iter=26065/36796, batch_size=4, time_cost(epoch): 14:50:16/6:06:30, time_cost(all): 63:07:11/27:03:15, loss=1.2198529243469238, d_time=0.25(0.25), f_time=2.33(1.80), b_time=2.57(2.05), lr=0.0017123650274895464
/bin/sh: line 1: gpustat: command not found
2026-03-13 09:07:43,874   INFO  
2026-03-13 09:09:23,543   INFO  epoch: 4/6, acc_iter=173300, cur_iter=26115/36796, batch_size=4, time_cost(epoch): 14:51:56/6:04:47, time_cost(all): 63:08:51/27:01:28, loss=1.6348766088485718, d_time=0.25(0.25), f_time=2.22(1.80), b_time=2.47(2.05), lr=0.0017091529025130869
2026-03-13 09:11:02,840   INFO  epoch: 4/6, acc_iter=173350, cur_iter=26165/36796, batch_size=4, time_cost(epoch): 14:53:35/6:03:03, time_cost(all): 63:10:30/26:59:40, loss=1.1330745220184326, d_time=0.25(0.25), f_time=1.48(1.80), b_time=1.73(2.05), lr=0.0017059425927001437
2026-03-13 09:12:28,150   INFO  Save latest model to /storage/project/r-gchou3-0/spanse30/MSF/output/cfgs/waymo_models/msf_8frames/default/ckpt/latest_model
2026-03-13 09:12:45,985   INFO  epoch: 4/6, acc_iter=173400, cur_iter=26215/36796, batch_size=4, time_cost(epoch): 14:55:18/6:01:21, time_cost(all): 63:12:14/26:57:59, loss=1.6187745332717896, d_time=0.25(0.25), f_time=2.28(1.80), b_time=2.53(2.05), lr=0.001702734102564887
/bin/sh: line 1: gpustat: command not found
2026-03-13 09:12:46,264   INFO  
2026-03-13 09:14:28,456   INFO  epoch: 4/6, acc_iter=173450, cur_iter=26265/36796, batch_size=4, time_cost(epoch): 14:57:01/5:59:38, time_cost(all): 63:13:56/26:56:17, loss=1.1595182418823242, d_time=0.25(0.25), f_time=1.87(1.80), b_time=2.12(2.05), lr=0.0016995274366189265
2026-03-13 09:16:08,581   INFO  epoch: 4/6, acc_iter=173500, cur_iter=26315/36796, batch_size=4, time_cost(epoch): 14:58:41/5:57:55, time_cost(all): 63:15:36/26:54:30, loss=1.582112431526184, d_time=0.25(0.25), f_time=2.03(1.80), b_time=2.28(2.05), lr=0.0016963225993713077
2026-03-13 09:17:28,330   INFO  Save latest model to /storage/project/r-gchou3-0/spanse30/MSF/output/cfgs/waymo_models/msf_8frames/default/ckpt/latest_model
2026-03-13 09:17:49,427   INFO  epoch: 4/6, acc_iter=173550, cur_iter=26365/36796, batch_size=4, time_cost(epoch): 15:00:22/5:56:12, time_cost(all): 63:17:17/26:52:45, loss=1.4261645078659058, d_time=0.25(0.25), f_time=2.25(1.80), b_time=2.50(2.05), lr=0.0016931195953285038
/bin/sh: line 1: gpustat: command not found
2026-03-13 09:17:49,704   INFO  
2026-03-13 09:19:33,045   INFO  epoch: 4/6, acc_iter=173600, cur_iter=26415/36796, batch_size=4, time_cost(epoch): 15:02:05/5:54:30, time_cost(all): 63:19:01/26:51:04, loss=1.3763654232025146, d_time=0.25(0.25), f_time=1.88(1.80), b_time=2.12(2.05), lr=0.0016899184289944106
2026-03-13 09:21:14,425   INFO  epoch: 4/6, acc_iter=173650, cur_iter=26465/36796, batch_size=4, time_cost(epoch): 15:03:47/5:52:47, time_cost(all): 63:20:42/26:49:20, loss=1.1444776058197021, d_time=0.25(0.25), f_time=2.53(1.80), b_time=2.78(2.05), lr=0.0016867191048703415
2026-03-13 09:22:27,916   INFO  Save latest model to /storage/project/r-gchou3-0/spanse30/MSF/output/cfgs/waymo_models/msf_8frames/default/ckpt/latest_model
2026-03-13 09:22:55,078   INFO  epoch: 4/6, acc_iter=173700, cur_iter=26515/36796, batch_size=4, time_cost(epoch): 15:05:27/5:51:04, time_cost(all): 63:22:23/26:47:34, loss=1.6592886447906494, d_time=0.25(0.25), f_time=2.57(1.80), b_time=2.81(2.05), lr=0.0016835216274550145
/bin/sh: line 1: gpustat: command not found
2026-03-13 09:22:55,349   INFO  
2026-03-13 09:24:38,031   INFO  epoch: 4/6, acc_iter=173750, cur_iter=26565/36796, batch_size=4, time_cost(epoch): 15:07:10/5:49:22, time_cost(all): 63:24:06/26:45:53, loss=0.7835035920143127, d_time=0.25(0.25), f_time=1.26(1.80), b_time=1.51(2.05), lr=0.0016803260012445585
2026-03-13 09:26:22,124   INFO  epoch: 4/6, acc_iter=173800, cur_iter=26615/36796, batch_size=4, time_cost(epoch): 15:08:54/5:47:40, time_cost(all): 63:25:50/26:44:13, loss=1.0150707960128784, d_time=0.25(0.25), f_time=2.00(1.80), b_time=2.25(2.05), lr=0.0016771322307324917
2026-03-13 09:27:28,434   INFO  Save latest model to /storage/project/r-gchou3-0/spanse30/MSF/output/cfgs/waymo_models/msf_8frames/default/ckpt/latest_model
2026-03-13 09:28:07,327   INFO  epoch: 4/6, acc_iter=173850, cur_iter=26665/36796, batch_size=4, time_cost(epoch): 15:10:40/5:45:59, time_cost(all): 63:27:35/26:42:36, loss=0.9846336841583252, d_time=0.25(0.25), f_time=1.34(1.80), b_time=1.59(2.05), lr=0.001673940320409728
/bin/sh: line 1: gpustat: command not found
2026-03-13 09:28:07,660   INFO  
2026-03-13 09:29:48,747   INFO  epoch: 4/6, acc_iter=173900, cur_iter=26715/36796, batch_size=4, time_cost(epoch): 15:12:21/5:44:16, time_cost(all): 63:29:16/26:40:51, loss=1.8835207223892212, d_time=0.25(0.25), f_time=1.90(1.80), b_time=2.15(2.05), lr=0.001670750274764563
2026-03-13 09:31:28,348   INFO  epoch: 4/6, acc_iter=173950, cur_iter=26765/36796, batch_size=4, time_cost(epoch): 15:14:01/5:42:32, time_cost(all): 63:30:56/26:39:04, loss=1.0894886255264282, d_time=0.25(0.25), f_time=2.15(1.80), b_time=2.40(2.05), lr=0.001667562098282672
2026-03-13 09:32:29,346   INFO  Save latest model to /storage/project/r-gchou3-0/spanse30/MSF/output/cfgs/waymo_models/msf_8frames/default/ckpt/latest_model
2026-03-13 09:33:10,474   INFO  epoch: 4/6, acc_iter=174000, cur_iter=26815/36796, batch_size=4, time_cost(epoch): 15:15:43/5:40:50, time_cost(all): 63:32:38/26:37:21, loss=1.2197105884552002, d_time=0.25(0.25), f_time=1.91(1.80), b_time=2.16(2.05), lr=0.0016643757954471004
/bin/sh: line 1: gpustat: command not found
2026-03-13 09:33:10,751   INFO  
2026-03-13 09:34:53,913   INFO  epoch: 4/6, acc_iter=174050, cur_iter=26865/36796, batch_size=4, time_cost(epoch): 15:17:26/5:39:07, time_cost(all): 63:34:21/26:35:40, loss=1.2313313484191895, d_time=0.25(0.25), f_time=2.00(1.80), b_time=2.25(2.05), lr=0.0016611913707382604
2026-03-13 09:36:37,495   INFO  epoch: 4/6, acc_iter=174100, cur_iter=26915/36796, batch_size=4, time_cost(epoch): 15:19:10/5:37:25, time_cost(all): 63:36:05/26:34:00, loss=1.4267117977142334, d_time=0.24(0.25), f_time=1.62(1.80), b_time=1.86(2.05), lr=0.0016580088286339224
2026-03-13 09:37:28,108   INFO  Save latest model to /storage/project/r-gchou3-0/spanse30/MSF/output/cfgs/waymo_models/msf_8frames/default/ckpt/latest_model
2026-03-13 09:38:19,991   INFO  epoch: 4/6, acc_iter=174150, cur_iter=26965/36796, batch_size=4, time_cost(epoch): 15:20:52/5:35:43, time_cost(all): 63:37:48/26:32:17, loss=0.8232815265655518, d_time=0.25(0.25), f_time=1.53(1.80), b_time=1.78(2.05), lr=0.0016548281736092096
/bin/sh: line 1: gpustat: command not found
2026-03-13 09:38:20,266   INFO  
2026-03-13 09:40:04,490   INFO  epoch: 4/6, acc_iter=174200, cur_iter=27015/36796, batch_size=4, time_cost(epoch): 15:22:37/5:34:01, time_cost(all): 63:39:32/26:30:38, loss=1.638360857963562, d_time=0.25(0.25), f_time=2.74(1.80), b_time=2.99(2.05), lr=0.0016516494101365936
2026-03-13 09:41:46,971   INFO  epoch: 4/6, acc_iter=174250, cur_iter=27065/36796, batch_size=4, time_cost(epoch): 15:24:19/5:32:19, time_cost(all): 63:41:15/26:28:56, loss=1.2196483612060547, d_time=0.25(0.25), f_time=1.67(1.80), b_time=1.92(2.05), lr=0.0016484725426858808
2026-03-13 09:42:29,146   INFO  Save latest model to /storage/project/r-gchou3-0/spanse30/MSF/output/cfgs/waymo_models/msf_8frames/default/ckpt/latest_model
2026-03-13 09:43:26,743   INFO  epoch: 4/6, acc_iter=174300, cur_iter=27115/36796, batch_size=4, time_cost(epoch): 15:25:59/5:30:35, time_cost(all): 63:42:54/26:27:09, loss=1.216853141784668, d_time=0.25(0.25), f_time=1.56(1.80), b_time=1.81(2.05), lr=0.0016452975757242185
/bin/sh: line 1: gpustat: command not found
2026-03-13 09:43:27,017   INFO  
2026-03-13 09:45:08,010   INFO  epoch: 4/6, acc_iter=174350, cur_iter=27165/36796, batch_size=4, time_cost(epoch): 15:27:40/5:28:53, time_cost(all): 63:44:36/26:25:25, loss=0.9889428019523621, d_time=0.25(0.25), f_time=1.33(1.80), b_time=1.58(2.05), lr=0.0016421245137160782
2026-03-13 09:46:48,928   INFO  epoch: 4/6, acc_iter=174400, cur_iter=27215/36796, batch_size=4, time_cost(epoch): 15:29:21/5:27:10, time_cost(all): 63:46:16/26:23:39, loss=1.0249091386795044, d_time=0.25(0.25), f_time=1.57(1.80), b_time=1.82(2.05), lr=0.0016389533611232512
2026-03-13 09:47:27,361   INFO  Save latest model to /storage/project/r-gchou3-0/spanse30/MSF/output/cfgs/waymo_models/msf_8frames/default/ckpt/latest_model
2026-03-13 09:48:30,486   INFO  epoch: 4/6, acc_iter=174450, cur_iter=27265/36796, batch_size=4, time_cost(epoch): 15:31:03/5:25:27, time_cost(all): 63:47:58/26:21:56, loss=1.5934269428253174, d_time=0.25(0.25), f_time=1.46(1.80), b_time=1.71(2.05), lr=0.0016357841224048447
/bin/sh: line 1: gpustat: command not found
2026-03-13 09:48:30,767   INFO  
2026-03-13 09:50:13,202   INFO  epoch: 4/6, acc_iter=174500, cur_iter=27315/36796, batch_size=4, time_cost(epoch): 15:32:46/5:23:45, time_cost(all): 63:49:41/26:20:14, loss=1.2264986038208008, d_time=0.25(0.25), f_time=1.99(1.80), b_time=2.24(2.05), lr=0.00163261680201728
2026-03-13 09:51:57,125   INFO  epoch: 4/6, acc_iter=174550, cur_iter=27365/36796, batch_size=4, time_cost(epoch): 15:34:29/5:22:03, time_cost(all): 63:51:25/26:18:34, loss=1.3928542137145996, d_time=0.25(0.25), f_time=1.91(1.80), b_time=2.16(2.05), lr=0.0016294514044142728
2026-03-13 09:52:28,820   INFO  Save latest model to /storage/project/r-gchou3-0/spanse30/MSF/output/cfgs/waymo_models/msf_8frames/default/ckpt/latest_model
2026-03-13 09:53:38,414   INFO  epoch: 4/6, acc_iter=174600, cur_iter=27415/36796, batch_size=4, time_cost(epoch): 15:36:11/5:20:20, time_cost(all): 63:53:06/26:16:49, loss=1.1444323062896729, d_time=0.25(0.25), f_time=1.85(1.80), b_time=2.10(2.05), lr=0.0016262879340468394
/bin/sh: line 1: gpustat: command not found
2026-03-13 09:53:38,687   INFO  
2026-03-13 09:55:22,953   INFO  epoch: 4/6, acc_iter=174650, cur_iter=27465/36796, batch_size=4, time_cost(epoch): 15:37:55/5:18:38, time_cost(all): 63:54:51/26:15:10, loss=1.2210233211517334, d_time=0.25(0.25), f_time=2.09(1.80), b_time=2.33(2.05), lr=0.001623126395363286
2026-03-13 09:57:05,303   INFO  epoch: 4/6, acc_iter=174700, cur_iter=27515/36796, batch_size=4, time_cost(epoch): 15:39:38/5:16:56, time_cost(all): 63:56:33/26:13:28, loss=1.5039819478988647, d_time=0.25(0.25), f_time=2.44(1.80), b_time=2.69(2.05), lr=0.0016199667928092022
2026-03-13 09:57:28,015   INFO  Save latest model to /storage/project/r-gchou3-0/spanse30/MSF/output/cfgs/waymo_models/msf_8frames/default/ckpt/latest_model
2026-03-13 09:58:47,446   INFO  epoch: 4/6, acc_iter=174750, cur_iter=27565/36796, batch_size=4, time_cost(epoch): 15:41:20/5:15:13, time_cost(all): 63:58:15/26:11:45, loss=1.0663387775421143, d_time=0.25(0.25), f_time=1.99(1.80), b_time=2.25(2.05), lr=0.0016168091308274546
/bin/sh: line 1: gpustat: command not found
2026-03-13 09:58:47,719   INFO  
2026-03-13 10:00:27,964   INFO  epoch: 4/6, acc_iter=174800, cur_iter=27615/36796, batch_size=4, time_cost(epoch): 15:43:00/5:13:30, time_cost(all): 63:59:56/26:09:59, loss=1.3081161975860596, d_time=0.25(0.25), f_time=1.94(1.80), b_time=2.19(2.05), lr=0.001613653413858182
2026-03-13 10:02:09,194   INFO  epoch: 4/6, acc_iter=174850, cur_iter=27665/36796, batch_size=4, time_cost(epoch): 15:44:42/5:11:47, time_cost(all): 64:01:37/26:08:15, loss=1.0749080181121826, d_time=0.25(0.25), f_time=1.86(1.80), b_time=2.11(2.05), lr=0.0016104996463387872
2026-03-13 10:02:27,583   INFO  Save latest model to /storage/project/r-gchou3-0/spanse30/MSF/output/cfgs/waymo_models/msf_8frames/default/ckpt/latest_model
2026-03-13 10:03:53,876   INFO  epoch: 4/6, acc_iter=174900, cur_iter=27715/36796, batch_size=4, time_cost(epoch): 15:46:26/5:10:05, time_cost(all): 64:03:21/26:06:36, loss=1.326415777206421, d_time=0.25(0.25), f_time=1.90(1.80), b_time=2.15(2.05), lr=0.0016073478327039339
/bin/sh: line 1: gpustat: command not found
2026-03-13 10:03:54,154   INFO  
2026-03-13 10:05:38,064   INFO  epoch: 4/6, acc_iter=174950, cur_iter=27765/36796, batch_size=4, time_cost(epoch): 15:48:10/5:08:23, time_cost(all): 64:05:06/26:04:56, loss=1.1134828329086304, d_time=0.25(0.25), f_time=1.69(1.80), b_time=1.94(2.05), lr=0.0016041979773855333
2026-03-13 10:07:22,301   INFO  epoch: 4/6, acc_iter=175000, cur_iter=27815/36796, batch_size=4, time_cost(epoch): 15:49:55/5:06:42, time_cost(all): 64:06:50/26:03:17, loss=1.1369647979736328, d_time=0.25(0.25), f_time=1.04(1.80), b_time=1.28(2.05), lr=0.0016010500848127494
2026-03-13 10:07:28,629   INFO  Save latest model to /storage/project/r-gchou3-0/spanse30/MSF/output/cfgs/waymo_models/msf_8frames/default/ckpt/latest_model
2026-03-13 10:09:05,304   INFO  epoch: 4/6, acc_iter=175050, cur_iter=27865/36796, batch_size=4, time_cost(epoch): 15:51:38/5:04:59, time_cost(all): 64:08:33/26:01:35, loss=1.3956069946289062, d_time=0.25(0.25), f_time=1.62(1.80), b_time=1.87(2.05), lr=0.0015979041594119839
/bin/sh: line 1: gpustat: command not found
2026-03-13 10:09:05,578   INFO  
2026-03-13 10:10:46,473   INFO  epoch: 4/6, acc_iter=175100, cur_iter=27915/36796, batch_size=4, time_cost(epoch): 15:53:19/5:03:16, time_cost(all): 64:10:14/25:59:51, loss=0.9935787916183472, d_time=0.25(0.25), f_time=1.51(1.80), b_time=1.76(2.05), lr=0.0015947602056068683
2026-03-13 10:12:27,502   INFO  Save latest model to /storage/project/r-gchou3-0/spanse30/MSF/output/cfgs/waymo_models/msf_8frames/default/ckpt/latest_model
2026-03-13 10:12:31,612   INFO  epoch: 4/6, acc_iter=175150, cur_iter=27965/36796, batch_size=4, time_cost(epoch): 15:55:04/5:01:35, time_cost(all): 64:11:59/25:58:13, loss=1.217759370803833, d_time=0.25(0.25), f_time=2.08(1.80), b_time=2.32(2.05), lr=0.0015916182278182664
2026-03-13 10:14:15,453   INFO  epoch: 4/6, acc_iter=175200, cur_iter=28015/36796, batch_size=4, time_cost(epoch): 15:56:48/4:59:53, time_cost(all): 64:13:43/25:56:32, loss=1.2982696294784546, d_time=0.25(0.25), f_time=2.15(1.80), b_time=2.40(2.05), lr=0.001588478230464265
/bin/sh: line 1: gpustat: command not found
2026-03-13 10:14:15,730   INFO  
2026-03-13 10:15:58,773   INFO  epoch: 4/6, acc_iter=175250, cur_iter=28065/36796, batch_size=4, time_cost(epoch): 15:58:31/4:58:11, time_cost(all): 64:15:26/25:54:51, loss=1.3916239738464355, d_time=0.25(0.25), f_time=1.51(1.80), b_time=1.76(2.05), lr=0.0015853402179601603
2026-03-13 10:17:28,155   INFO  Save latest model to /storage/project/r-gchou3-0/spanse30/MSF/output/cfgs/waymo_models/msf_8frames/default/ckpt/latest_model
2026-03-13 10:17:42,710   INFO  epoch: 4/6, acc_iter=175300, cur_iter=28115/36796, batch_size=4, time_cost(epoch): 16:00:15/4:56:29, time_cost(all): 64:17:10/25:53:11, loss=1.5043435096740723, d_time=0.25(0.25), f_time=2.60(1.80), b_time=2.85(2.05), lr=0.0015822041947184608
2026-03-13 10:19:25,393   INFO  epoch: 4/6, acc_iter=175350, cur_iter=28165/36796, batch_size=4, time_cost(epoch): 16:01:58/4:54:46, time_cost(all): 64:18:53/25:51:29, loss=1.6789056062698364, d_time=0.25(0.25), f_time=2.22(1.80), b_time=2.47(2.05), lr=0.0015790701651488786
/bin/sh: line 1: gpustat: command not found
2026-03-13 10:19:25,668   INFO  
2026-03-13 10:21:05,600   INFO  epoch: 4/6, acc_iter=175400, cur_iter=28215/36796, batch_size=4, time_cost(epoch): 16:03:38/4:53:03, time_cost(all): 64:20:33/25:49:43, loss=1.0097949504852295, d_time=0.25(0.25), f_time=1.15(1.80), b_time=1.39(2.05), lr=0.001575938133658321
2026-03-13 10:22:28,646   INFO  Save latest model to /storage/project/r-gchou3-0/spanse30/MSF/output/cfgs/waymo_models/msf_8frames/default/ckpt/latest_model
2026-03-13 10:22:49,530   INFO  epoch: 4/6, acc_iter=175450, cur_iter=28265/36796, batch_size=4, time_cost(epoch): 16:05:22/4:51:21, time_cost(all): 64:22:17/25:48:03, loss=1.6897838115692139, d_time=0.25(0.25), f_time=1.84(1.80), b_time=2.08(2.05), lr=0.0015728081046508856
2026-03-13 10:24:31,370   INFO  epoch: 4/6, acc_iter=175500, cur_iter=28315/36796, batch_size=4, time_cost(epoch): 16:07:04/4:49:38, time_cost(all): 64:23:59/25:46:20, loss=1.091296911239624, d_time=0.25(0.25), f_time=1.28(1.80), b_time=1.53(2.05), lr=0.0015696800825278552
/bin/sh: line 1: gpustat: command not found
2026-03-13 10:24:31,763   INFO  
2026-03-13 10:26:14,334   INFO  epoch: 4/6, acc_iter=175550, cur_iter=28365/36796, batch_size=4, time_cost(epoch): 16:08:47/4:47:56, time_cost(all): 64:25:42/25:44:38, loss=1.1331422328948975, d_time=0.24(0.25), f_time=1.07(1.80), b_time=1.31(2.05), lr=0.0015665540716876896
2026-03-13 10:27:28,114   INFO  Save latest model to /storage/project/r-gchou3-0/spanse30/MSF/output/cfgs/waymo_models/msf_8frames/default/ckpt/latest_model
2026-03-13 10:27:55,613   INFO  epoch: 4/6, acc_iter=175600, cur_iter=28415/36796, batch_size=4, time_cost(epoch): 16:10:28/4:46:13, time_cost(all): 64:27:23/25:42:54, loss=1.093682050704956, d_time=0.25(0.25), f_time=1.88(1.80), b_time=2.13(2.05), lr=0.0015634300765260212
2026-03-13 10:29:36,819   INFO  epoch: 4/6, acc_iter=175650, cur_iter=28465/36796, batch_size=4, time_cost(epoch): 16:12:09/4:44:31, time_cost(all): 64:29:04/25:41:09, loss=1.150473713874817, d_time=0.25(0.25), f_time=1.14(1.80), b_time=1.39(2.05), lr=0.0015603081014356492
/bin/sh: line 1: gpustat: command not found
2026-03-13 10:29:37,189   INFO  
2026-03-13 10:31:21,060   INFO  epoch: 4/6, acc_iter=175700, cur_iter=28515/36796, batch_size=4, time_cost(epoch): 16:13:53/4:42:49, time_cost(all): 64:30:49/25:39:30, loss=1.320436716079712, d_time=0.25(0.25), f_time=2.12(1.80), b_time=2.37(2.05), lr=0.001557188150806527
2026-03-13 10:32:29,434   INFO  Save latest model to /storage/project/r-gchou3-0/spanse30/MSF/output/cfgs/waymo_models/msf_8frames/default/ckpt/latest_model
2026-03-13 10:33:03,066   INFO  epoch: 4/6, acc_iter=175750, cur_iter=28565/36796, batch_size=4, time_cost(epoch): 16:15:35/4:41:06, time_cost(all): 64:32:31/25:37:46, loss=1.3625322580337524, d_time=0.25(0.25), f_time=2.79(1.80), b_time=3.04(2.05), lr=0.0015540702290257685
2026-03-13 10:34:44,234   INFO  epoch: 4/6, acc_iter=175800, cur_iter=28615/36796, batch_size=4, time_cost(epoch): 16:17:17/4:39:23, time_cost(all): 64:34:12/25:36:02, loss=1.152176856994629, d_time=0.25(0.25), f_time=1.61(1.80), b_time=1.86(2.05), lr=0.0015509543404776316
/bin/sh: line 1: gpustat: command not found
2026-03-13 10:34:44,522   INFO  
2026-03-13 10:36:26,695   INFO  epoch: 4/6, acc_iter=175850, cur_iter=28665/36796, batch_size=4, time_cost(epoch): 16:18:59/4:37:41, time_cost(all): 64:35:54/25:34:19, loss=1.4047882556915283, d_time=0.25(0.25), f_time=2.01(1.80), b_time=2.26(2.05), lr=0.0015478404895435127
2026-03-13 10:37:29,088   INFO  Save latest model to /storage/project/r-gchou3-0/spanse30/MSF/output/cfgs/waymo_models/msf_8frames/default/ckpt/latest_model
2026-03-13 10:38:10,427   INFO  epoch: 4/6, acc_iter=175900, cur_iter=28715/36796, batch_size=4, time_cost(epoch): 16:20:43/4:35:59, time_cost(all): 64:37:38/25:32:39, loss=1.2779616117477417, d_time=0.26(0.25), f_time=2.59(1.80), b_time=2.85(2.05), lr=0.001544728680601947
2026-03-13 10:39:51,959   INFO  epoch: 4/6, acc_iter=175950, cur_iter=28765/36796, batch_size=4, time_cost(epoch): 16:22:24/4:34:16, time_cost(all): 64:39:20/25:30:55, loss=1.3367382287979126, d_time=0.25(0.25), f_time=1.27(1.80), b_time=1.52(2.05), lr=0.0015416189180285957
/bin/sh: line 1: gpustat: command not found
2026-03-13 10:39:52,256   INFO  
2026-03-13 10:41:35,661   INFO  epoch: 4/6, acc_iter=176000, cur_iter=28815/36796, batch_size=4, time_cost(epoch): 16:24:08/4:32:34, time_cost(all): 64:41:03/25:29:15, loss=1.4290764331817627, d_time=0.25(0.25), f_time=1.30(1.80), b_time=1.55(2.05), lr=0.001538511206196244
2026-03-13 10:42:29,284   INFO  Save latest model to /storage/project/r-gchou3-0/spanse30/MSF/output/cfgs/waymo_models/msf_8frames/default/ckpt/latest_model
2026-03-13 10:43:18,254   INFO  epoch: 4/6, acc_iter=176050, cur_iter=28865/36796, batch_size=4, time_cost(epoch): 16:25:51/4:30:51, time_cost(all): 64:42:46/25:27:32, loss=1.1310665607452393, d_time=0.25(0.25), f_time=1.72(1.80), b_time=1.96(2.05), lr=0.0015354055494747926
2026-03-13 10:45:02,911   INFO  epoch: 4/6, acc_iter=176100, cur_iter=28915/36796, batch_size=4, time_cost(epoch): 16:27:35/4:29:10, time_cost(all): 64:44:30/25:25:53, loss=1.7712936401367188, d_time=0.25(0.25), f_time=1.31(1.80), b_time=1.55(2.05), lr=0.0015323019522312529
/bin/sh: line 1: gpustat: command not found
2026-03-13 10:45:03,260   INFO  
2026-03-13 10:46:49,572   INFO  epoch: 4/6, acc_iter=176150, cur_iter=28965/36796, batch_size=4, time_cost(epoch): 16:29:22/4:27:28, time_cost(all): 64:46:17/25:24:17, loss=1.4236797094345093, d_time=0.25(0.25), f_time=2.46(1.80), b_time=2.71(2.05), lr=0.0015292004188297405
2026-03-13 10:47:28,739   INFO  Save latest model to /storage/project/r-gchou3-0/spanse30/MSF/output/cfgs/waymo_models/msf_8frames/default/ckpt/latest_model
2026-03-13 10:48:32,144   INFO  epoch: 4/6, acc_iter=176200, cur_iter=29015/36796, batch_size=4, time_cost(epoch): 16:31:04/4:25:46, time_cost(all): 64:48:00/25:22:35, loss=1.317816972732544, d_time=0.25(0.25), f_time=1.80(1.80), b_time=2.05(2.05), lr=0.0015261009536314694
2026-03-13 10:50:11,526   INFO  epoch: 4/6, acc_iter=176250, cur_iter=29065/36796, batch_size=4, time_cost(epoch): 16:32:44/4:24:02, time_cost(all): 64:49:39/25:20:48, loss=1.2898527383804321, d_time=0.25(0.25), f_time=2.25(1.80), b_time=2.50(2.05), lr=0.0015230035609947413
/bin/sh: line 1: gpustat: command not found
2026-03-13 10:50:11,819   INFO  
2026-03-13 10:51:53,517   INFO  epoch: 4/6, acc_iter=176300, cur_iter=29115/36796, batch_size=4, time_cost(epoch): 16:34:26/4:22:20, time_cost(all): 64:51:21/25:19:05, loss=1.2708739042282104, d_time=0.25(0.25), f_time=1.98(1.80), b_time=2.23(2.05), lr=0.0015199082452749502
2026-03-13 10:52:28,459   INFO  Save latest model to /storage/project/r-gchou3-0/spanse30/MSF/output/cfgs/waymo_models/msf_8frames/default/ckpt/latest_model
2026-03-13 10:53:35,162   INFO  epoch: 4/6, acc_iter=176350, cur_iter=29165/36796, batch_size=4, time_cost(epoch): 16:36:08/4:20:37, time_cost(all): 64:53:03/25:17:21, loss=1.5316013097763062, d_time=0.25(0.25), f_time=1.62(1.80), b_time=1.87(2.05), lr=0.0015168150108245666
2026-03-13 10:55:16,407   INFO  epoch: 4/6, acc_iter=176400, cur_iter=29215/36796, batch_size=4, time_cost(epoch): 16:37:49/4:18:54, time_cost(all): 64:54:44/25:15:37, loss=1.2649019956588745, d_time=0.25(0.25), f_time=1.73(1.80), b_time=1.98(2.05), lr=0.001513723861993132
/bin/sh: line 1: gpustat: command not found
2026-03-13 10:55:16,683   INFO  
2026-03-13 10:56:57,472   INFO  epoch: 4/6, acc_iter=176450, cur_iter=29265/36796, batch_size=4, time_cost(epoch): 16:39:30/4:17:12, time_cost(all): 64:56:25/25:13:52, loss=0.9717147350311279, d_time=0.27(0.25), f_time=0.93(1.80), b_time=1.19(2.05), lr=0.0015106348031272568
2026-03-13 10:57:27,363   INFO  Save latest model to /storage/project/r-gchou3-0/spanse30/MSF/output/cfgs/waymo_models/msf_8frames/default/ckpt/latest_model
2026-03-13 10:58:38,637   INFO  epoch: 4/6, acc_iter=176500, cur_iter=29315/36796, batch_size=4, time_cost(epoch): 16:41:11/4:15:29, time_cost(all): 64:58:06/25:12:08, loss=1.2598567008972168, d_time=0.25(0.25), f_time=2.16(1.80), b_time=2.41(2.05), lr=0.0015075478385706167
2026-03-13 11:00:17,389   INFO  epoch: 4/6, acc_iter=176550, cur_iter=29365/36796, batch_size=4, time_cost(epoch): 16:42:50/4:13:45, time_cost(all): 64:59:45/25:10:20, loss=1.598128080368042, d_time=0.24(0.25), f_time=1.29(1.80), b_time=1.53(2.05), lr=0.0015044629726639366
/bin/sh: line 1: gpustat: command not found
2026-03-13 11:00:17,667   INFO  
2026-03-13 11:01:58,534   INFO  epoch: 4/6, acc_iter=176600, cur_iter=29415/36796, batch_size=4, time_cost(epoch): 16:44:31/4:12:03, time_cost(all): 65:01:26/25:08:35, loss=1.0017614364624023, d_time=0.25(0.25), f_time=1.31(1.80), b_time=1.56(2.05), lr=0.001501380209744993
2026-03-13 11:02:28,552   INFO  Save latest model to /storage/project/r-gchou3-0/spanse30/MSF/output/cfgs/waymo_models/msf_8frames/default/ckpt/latest_model
2026-03-13 11:03:41,767   INFO  epoch: 4/6, acc_iter=176650, cur_iter=29465/36796, batch_size=4, time_cost(epoch): 16:46:14/4:10:20, time_cost(all): 65:03:09/25:06:54, loss=0.9798132181167603, d_time=0.25(0.25), f_time=1.70(1.80), b_time=1.95(2.05), lr=0.0014982995541486053
2026-03-13 11:05:28,632   INFO  epoch: 4/6, acc_iter=176700, cur_iter=29515/36796, batch_size=4, time_cost(epoch): 16:48:01/4:08:39, time_cost(all): 65:04:56/25:05:18, loss=1.3618096113204956, d_time=0.25(0.25), f_time=1.98(1.80), b_time=2.23(2.05), lr=0.0014952210102066293
/bin/sh: line 1: gpustat: command not found
2026-03-13 11:05:28,910   INFO  
2026-03-13 11:07:09,194   INFO  epoch: 4/6, acc_iter=176750, cur_iter=29565/36796, batch_size=4, time_cost(epoch): 16:49:42/4:06:56, time_cost(all): 65:06:37/25:03:33, loss=1.4833518266677856, d_time=0.25(0.25), f_time=2.07(1.80), b_time=2.32(2.05), lr=0.0014921445822479514
2026-03-13 11:07:29,930   INFO  Save latest model to /storage/project/r-gchou3-0/spanse30/MSF/output/cfgs/waymo_models/msf_8frames/default/ckpt/latest_model
2026-03-13 11:08:51,731   INFO  epoch: 4/6, acc_iter=176800, cur_iter=29615/36796, batch_size=4, time_cost(epoch): 16:51:24/4:05:14, time_cost(all): 65:08:19/25:01:50, loss=1.1492289304733276, d_time=0.25(0.25), f_time=1.44(1.80), b_time=1.69(2.05), lr=0.001489070274598484
2026-03-13 11:10:35,201   INFO  epoch: 4/6, acc_iter=176850, cur_iter=29665/36796, batch_size=4, time_cost(epoch): 16:53:08/4:03:31, time_cost(all): 65:10:03/25:00:09, loss=1.484015941619873, d_time=0.25(0.25), f_time=1.99(1.80), b_time=2.24(2.05), lr=0.0014859980915811555
/bin/sh: line 1: gpustat: command not found
2026-03-13 11:10:35,472   INFO  
2026-03-13 11:12:13,214   INFO  epoch: 4/6, acc_iter=176900, cur_iter=29715/36796, batch_size=4, time_cost(epoch): 16:54:46/4:01:48, time_cost(all): 65:11:41/24:58:20, loss=1.3945382833480835, d_time=0.25(0.25), f_time=1.84(1.80), b_time=2.09(2.05), lr=0.0014829280375159102
2026-03-13 11:12:27,855   INFO  Save latest model to /storage/project/r-gchou3-0/spanse30/MSF/output/cfgs/waymo_models/msf_8frames/default/ckpt/latest_model
2026-03-13 11:13:57,341   INFO  epoch: 4/6, acc_iter=176950, cur_iter=29765/36796, batch_size=4, time_cost(epoch): 16:56:30/4:00:06, time_cost(all): 65:13:25/24:56:41, loss=1.6592957973480225, d_time=0.25(0.25), f_time=2.07(1.80), b_time=2.32(2.05), lr=0.001479860116719693
2026-03-13 11:15:37,626   INFO  epoch: 4/6, acc_iter=177000, cur_iter=29815/36796, batch_size=4, time_cost(epoch): 16:58:10/3:58:23, time_cost(all): 65:15:05/24:54:55, loss=1.1204185485839844, d_time=0.25(0.25), f_time=1.79(1.80), b_time=2.04(2.05), lr=0.0014767943335064566
/bin/sh: line 1: gpustat: command not found
2026-03-13 11:15:37,908   INFO  
2026-03-13 11:17:15,745   INFO  epoch: 4/6, acc_iter=177050, cur_iter=29865/36796, batch_size=4, time_cost(epoch): 16:59:48/3:56:40, time_cost(all): 65:16:43/24:53:06, loss=1.4410746097564697, d_time=0.25(0.25), f_time=1.81(1.80), b_time=2.06(2.05), lr=0.001473730692187144
2026-03-13 11:17:29,248   INFO  Save latest model to /storage/project/r-gchou3-0/spanse30/MSF/output/cfgs/waymo_models/msf_8frames/default/ckpt/latest_model
2026-03-13 11:19:00,741   INFO  epoch: 4/6, acc_iter=177100, cur_iter=29915/36796, batch_size=4, time_cost(epoch): 17:01:33/3:54:58, time_cost(all): 65:18:28/24:51:27, loss=1.2952954769134521, d_time=0.25(0.25), f_time=2.01(1.80), b_time=2.26(2.05), lr=0.001470669197069684
2026-03-13 11:20:44,508   INFO  epoch: 4/6, acc_iter=177150, cur_iter=29965/36796, batch_size=4, time_cost(epoch): 17:03:17/3:53:16, time_cost(all): 65:20:12/24:49:47, loss=1.3473451137542725, d_time=0.25(0.25), f_time=2.08(1.80), b_time=2.33(2.05), lr=0.0014676098524589903
/bin/sh: line 1: gpustat: command not found
2026-03-13 11:20:44,788   INFO  
2026-03-13 11:22:27,966   INFO  epoch: 4/6, acc_iter=177200, cur_iter=30015/36796, batch_size=4, time_cost(epoch): 17:05:00/3:51:33, time_cost(all): 65:21:56/24:48:06, loss=1.7110130786895752, d_time=0.25(0.25), f_time=2.77(1.80), b_time=3.02(2.05), lr=0.0014645526626569563
2026-03-13 11:22:28,063   INFO  Save latest model to /storage/project/r-gchou3-0/spanse30/MSF/output/cfgs/waymo_models/msf_8frames/default/ckpt/latest_model
2026-03-13 11:24:08,050   INFO  epoch: 4/6, acc_iter=177250, cur_iter=30065/36796, batch_size=4, time_cost(epoch): 17:06:40/3:49:50, time_cost(all): 65:23:36/24:46:20, loss=1.4443771839141846, d_time=0.25(0.25), f_time=2.19(1.80), b_time=2.43(2.05), lr=0.0014614976319624374
2026-03-13 11:25:49,950   INFO  epoch: 4/6, acc_iter=177300, cur_iter=30115/36796, batch_size=4, time_cost(epoch): 17:08:22/3:48:08, time_cost(all): 65:25:18/24:44:37, loss=1.604938268661499, d_time=0.25(0.25), f_time=2.83(1.80), b_time=3.08(2.05), lr=0.0014584447646712588
/bin/sh: line 1: gpustat: command not found
2026-03-13 11:25:50,223   INFO  
2026-03-13 11:27:28,025   INFO  Save latest model to /storage/project/r-gchou3-0/spanse30/MSF/output/cfgs/waymo_models/msf_8frames/default/ckpt/latest_model
2026-03-13 11:27:30,075   INFO  epoch: 4/6, acc_iter=177350, cur_iter=30165/36796, batch_size=4, time_cost(epoch): 17:10:02/3:46:25, time_cost(all): 65:26:58/24:42:51, loss=1.28632390499115, d_time=0.36(0.25), f_time=1.80(1.80), b_time=2.16(2.05), lr=0.0014553940650762023
2026-03-13 11:29:12,638   INFO  epoch: 4/6, acc_iter=177400, cur_iter=30215/36796, batch_size=4, time_cost(epoch): 17:11:45/3:44:42, time_cost(all): 65:28:40/24:41:09, loss=1.0720984935760498, d_time=0.25(0.25), f_time=1.32(1.80), b_time=1.57(2.05), lr=0.0014523455374670004
2026-03-13 11:30:56,686   INFO  epoch: 4/6, acc_iter=177450, cur_iter=30265/36796, batch_size=4, time_cost(epoch): 17:13:29/3:43:00, time_cost(all): 65:30:24/24:39:29, loss=1.0331450700759888, d_time=0.25(0.25), f_time=1.76(1.80), b_time=2.01(2.05), lr=0.0014492991861303334
/bin/sh: line 1: gpustat: command not found
2026-03-13 11:30:56,974   INFO  
2026-03-13 11:32:28,237   INFO  Save latest model to /storage/project/r-gchou3-0/spanse30/MSF/output/cfgs/waymo_models/msf_8frames/default/ckpt/latest_model
2026-03-13 11:32:39,330   INFO  epoch: 4/6, acc_iter=177500, cur_iter=30315/36796, batch_size=4, time_cost(epoch): 17:15:12/3:41:18, time_cost(all): 65:32:07/24:37:46, loss=2.0946805477142334, d_time=0.25(0.25), f_time=1.86(1.80), b_time=2.11(2.05), lr=0.0014462550153498197
2026-03-13 11:34:23,209   INFO  epoch: 4/6, acc_iter=177550, cur_iter=30365/36796, batch_size=4, time_cost(epoch): 17:16:56/3:39:36, time_cost(all): 65:33:51/24:36:06, loss=1.1421095132827759, d_time=0.25(0.25), f_time=2.16(1.80), b_time=2.40(2.05), lr=0.0014432130294060124
2026-03-13 11:36:06,434   INFO  epoch: 4/6, acc_iter=177600, cur_iter=30415/36796, batch_size=4, time_cost(epoch): 17:18:39/3:37:54, time_cost(all): 65:35:34/24:34:25, loss=0.9647549986839294, d_time=0.24(0.25), f_time=1.76(1.80), b_time=2.00(2.05), lr=0.0014401732325763923
/bin/sh: line 1: gpustat: command not found
2026-03-13 11:36:06,718   INFO  
2026-03-13 11:37:29,371   INFO  Save latest model to /storage/project/r-gchou3-0/spanse30/MSF/output/cfgs/waymo_models/msf_8frames/default/ckpt/latest_model
2026-03-13 11:37:49,039   INFO  epoch: 4/6, acc_iter=177650, cur_iter=30465/36796, batch_size=4, time_cost(epoch): 17:20:21/3:36:11, time_cost(all): 65:37:17/24:32:43, loss=0.9468507766723633, d_time=0.25(0.25), f_time=1.35(1.80), b_time=1.60(2.05), lr=0.0014371356291353631
2026-03-13 11:39:32,852   INFO  epoch: 4/6, acc_iter=177700, cur_iter=30515/36796, batch_size=4, time_cost(epoch): 17:22:05/3:34:29, time_cost(all): 65:39:00/24:31:02, loss=1.275557518005371, d_time=0.25(0.25), f_time=1.61(1.80), b_time=1.86(2.05), lr=0.0014341002233542398
2026-03-13 11:41:15,978   INFO  epoch: 4/6, acc_iter=177750, cur_iter=30565/36796, batch_size=4, time_cost(epoch): 17:23:48/3:32:47, time_cost(all): 65:40:44/24:29:21, loss=1.500394344329834, d_time=0.24(0.25), f_time=1.45(1.80), b_time=1.70(2.05), lr=0.0014310670195012533
/bin/sh: line 1: gpustat: command not found
2026-03-13 11:41:16,253   INFO  
2026-03-13 11:42:27,379   INFO  Save latest model to /storage/project/r-gchou3-0/spanse30/MSF/output/cfgs/waymo_models/msf_8frames/default/ckpt/latest_model
2026-03-13 11:42:56,449   INFO  epoch: 4/6, acc_iter=177800, cur_iter=30615/36796, batch_size=4, time_cost(epoch): 17:25:29/3:31:04, time_cost(all): 65:42:24/24:27:35, loss=1.155231237411499, d_time=0.25(0.25), f_time=1.52(1.80), b_time=1.77(2.05), lr=0.0014280360218415359
2026-03-13 11:44:37,134   INFO  epoch: 4/6, acc_iter=177850, cur_iter=30665/36796, batch_size=4, time_cost(epoch): 17:27:09/3:29:21, time_cost(all): 65:44:05/24:25:50, loss=1.2626492977142334, d_time=0.25(0.25), f_time=1.75(1.80), b_time=2.00(2.05), lr=0.0014250072346371147
2026-03-13 11:46:20,871   INFO  epoch: 4/6, acc_iter=177900, cur_iter=30715/36796, batch_size=4, time_cost(epoch): 17:28:53/3:27:39, time_cost(all): 65:45:48/24:24:10, loss=1.3104063272476196, d_time=0.25(0.25), f_time=2.49(1.80), b_time=2.74(2.05), lr=0.0014219806621469113
/bin/sh: line 1: gpustat: command not found
2026-03-13 11:46:21,147   INFO  
2026-03-13 11:47:27,738   INFO  Save latest model to /storage/project/r-gchou3-0/spanse30/MSF/output/cfgs/waymo_models/msf_8frames/default/ckpt/latest_model
2026-03-13 11:48:02,210   INFO  epoch: 4/6, acc_iter=177950, cur_iter=30765/36796, batch_size=4, time_cost(epoch): 17:30:35/3:25:56, time_cost(all): 65:47:30/24:22:26, loss=1.152876615524292, d_time=0.25(0.25), f_time=2.34(1.80), b_time=2.59(2.05), lr=0.001418956308626736
2026-03-13 11:49:42,815   INFO  epoch: 4/6, acc_iter=178000, cur_iter=30815/36796, batch_size=4, time_cost(epoch): 17:32:15/3:24:13, time_cost(all): 65:49:10/24:20:41, loss=1.491949200630188, d_time=0.25(0.25), f_time=1.59(1.80), b_time=1.84(2.05), lr=0.0014159341783292726
2026-03-13 11:51:21,681   INFO  epoch: 4/6, acc_iter=178050, cur_iter=30865/36796, batch_size=4, time_cost(epoch): 17:33:54/3:22:30, time_cost(all): 65:50:49/24:18:53, loss=1.1655710935592651, d_time=0.25(0.25), f_time=1.81(1.80), b_time=2.06(2.05), lr=0.0014129142755040824
/bin/sh: line 1: gpustat: command not found
2026-03-13 11:51:21,955   INFO  
2026-03-13 11:52:28,772   INFO  Save latest model to /storage/project/r-gchou3-0/spanse30/MSF/output/cfgs/waymo_models/msf_8frames/default/ckpt/latest_model
2026-03-13 11:53:05,419   INFO  epoch: 4/6, acc_iter=178100, cur_iter=30915/36796, batch_size=4, time_cost(epoch): 17:35:38/3:20:48, time_cost(all): 65:52:33/24:17:13, loss=1.3291624784469604, d_time=0.26(0.25), f_time=2.32(1.80), b_time=2.58(2.05), lr=0.0014098966043975946
2026-03-13 11:54:47,402   INFO  epoch: 4/6, acc_iter=178150, cur_iter=30965/36796, batch_size=4, time_cost(epoch): 17:37:20/3:19:06, time_cost(all): 65:54:15/24:15:30, loss=1.2428603172302246, d_time=0.25(0.25), f_time=2.13(1.80), b_time=2.38(2.05), lr=0.0014068811692530996
2026-03-13 11:56:33,989   INFO  epoch: 4/6, acc_iter=178200, cur_iter=31015/36796, batch_size=4, time_cost(epoch): 17:39:06/3:17:24, time_cost(all): 65:56:02/24:13:53, loss=1.06252121925354, d_time=0.25(0.25), f_time=1.44(1.80), b_time=1.69(2.05), lr=0.0014038679743107445
/bin/sh: line 1: gpustat: command not found
2026-03-13 11:56:34,284   INFO  
2026-03-13 11:57:27,512   INFO  Save latest model to /storage/project/r-gchou3-0/spanse30/MSF/output/cfgs/waymo_models/msf_8frames/default/ckpt/latest_model
2026-03-13 11:58:15,965   INFO  epoch: 4/6, acc_iter=178250, cur_iter=31065/36796, batch_size=4, time_cost(epoch): 17:40:48/3:15:41, time_cost(all): 65:57:44/24:12:10, loss=1.1839730739593506, d_time=0.24(0.25), f_time=2.60(1.80), b_time=2.84(2.05), lr=0.001400857023807523
2026-03-13 11:59:57,943   INFO  epoch: 4/6, acc_iter=178300, cur_iter=31115/36796, batch_size=4, time_cost(epoch): 17:42:30/3:13:59, time_cost(all): 65:59:26/24:10:27, loss=1.2710217237472534, d_time=0.28(0.25), f_time=2.04(1.80), b_time=2.32(2.05), lr=0.001397848321977278
2026-03-13 12:01:41,637   INFO  epoch: 4/6, acc_iter=178350, cur_iter=31165/36796, batch_size=4, time_cost(epoch): 17:44:14/3:12:17, time_cost(all): 66:01:09/24:08:46, loss=1.1442643404006958, d_time=0.25(0.25), f_time=1.64(1.80), b_time=1.89(2.05), lr=0.0013948418730506881
/bin/sh: line 1: gpustat: command not found
2026-03-13 12:01:41,939   INFO  
2026-03-13 12:02:28,439   INFO  Save latest model to /storage/project/r-gchou3-0/spanse30/MSF/output/cfgs/waymo_models/msf_8frames/default/ckpt/latest_model
2026-03-13 12:03:20,279   INFO  epoch: 4/6, acc_iter=178400, cur_iter=31215/36796, batch_size=4, time_cost(epoch): 17:45:53/3:10:33, time_cost(all): 66:02:48/24:06:58, loss=1.2947609424591064, d_time=0.25(0.25), f_time=1.37(1.80), b_time=1.62(2.05), lr=0.001391837681255262
2026-03-13 12:05:00,109   INFO  epoch: 4/6, acc_iter=178450, cur_iter=31265/36796, batch_size=4, time_cost(epoch): 17:47:32/3:08:51, time_cost(all): 66:04:28/24:05:13, loss=1.2969870567321777, d_time=0.25(0.25), f_time=2.12(1.80), b_time=2.37(2.05), lr=0.0013888357508153356
2026-03-13 12:06:46,459   INFO  epoch: 4/6, acc_iter=178500, cur_iter=31315/36796, batch_size=4, time_cost(epoch): 17:49:19/3:07:09, time_cost(all): 66:06:14/24:03:35, loss=1.0796277523040771, d_time=0.25(0.25), f_time=1.67(1.80), b_time=1.91(2.05), lr=0.0013858360859520698
/bin/sh: line 1: gpustat: command not found
2026-03-13 12:06:46,737   INFO  
2026-03-13 12:07:27,886   INFO  Save latest model to /storage/project/r-gchou3-0/spanse30/MSF/output/cfgs/waymo_models/msf_8frames/default/ckpt/latest_model
2026-03-13 12:08:24,079   INFO  epoch: 4/6, acc_iter=178550, cur_iter=31365/36796, batch_size=4, time_cost(epoch): 17:50:56/3:05:26, time_cost(all): 66:07:52/24:01:46, loss=1.1345734596252441, d_time=0.25(0.25), f_time=2.05(1.80), b_time=2.29(2.05), lr=0.0013828386908834314
2026-03-13 12:10:06,428   INFO  epoch: 4/6, acc_iter=178600, cur_iter=31415/36796, batch_size=4, time_cost(epoch): 17:52:39/3:03:43, time_cost(all): 66:09:34/24:00:04, loss=1.629897117614746, d_time=0.25(0.25), f_time=2.29(1.80), b_time=2.53(2.05), lr=0.0013798435698242001
2026-03-13 12:11:50,143   INFO  epoch: 4/6, acc_iter=178650, cur_iter=31465/36796, batch_size=4, time_cost(epoch): 17:54:22/3:02:01, time_cost(all): 66:11:18/23:58:23, loss=1.3901207447052002, d_time=0.25(0.25), f_time=1.46(1.80), b_time=1.71(2.05), lr=0.0013768507269859617
/bin/sh: line 1: gpustat: command not found
2026-03-13 12:11:50,443   INFO  
2026-03-13 12:12:28,169   INFO  Save latest model to /storage/project/r-gchou3-0/spanse30/MSF/output/cfgs/waymo_models/msf_8frames/default/ckpt/latest_model
2026-03-13 12:13:32,995   INFO  epoch: 4/6, acc_iter=178700, cur_iter=31515/36796, batch_size=4, time_cost(epoch): 17:56:05/3:00:19, time_cost(all): 66:13:01/23:56:41, loss=1.7985246181488037, d_time=0.25(0.25), f_time=2.56(1.80), b_time=2.81(2.05), lr=0.0013738601665770902
2026-03-13 12:15:12,156   INFO  epoch: 4/6, acc_iter=178750, cur_iter=31565/36796, batch_size=4, time_cost(epoch): 17:57:44/2:58:36, time_cost(all): 66:14:40/23:54:55, loss=1.3009902238845825, d_time=0.24(0.25), f_time=2.00(1.80), b_time=2.24(2.05), lr=0.0013708718928027558
2026-03-13 12:16:59,723   INFO  epoch: 4/6, acc_iter=178800, cur_iter=31615/36796, batch_size=4, time_cost(epoch): 17:59:32/2:56:54, time_cost(all): 66:16:27/23:53:19, loss=0.9879497289657593, d_time=0.25(0.25), f_time=1.45(1.80), b_time=1.70(2.05), lr=0.0013678859098649123
/bin/sh: line 1: gpustat: command not found
2026-03-13 12:17:00,004   INFO  
2026-03-13 12:17:28,738   INFO  Save latest model to /storage/project/r-gchou3-0/spanse30/MSF/output/cfgs/waymo_models/msf_8frames/default/ckpt/latest_model
2026-03-13 12:18:43,932   INFO  epoch: 4/6, acc_iter=178850, cur_iter=31665/36796, batch_size=4, time_cost(epoch): 18:01:16/2:55:12, time_cost(all): 66:18:11/23:51:39, loss=1.2743048667907715, d_time=0.25(0.25), f_time=1.91(1.80), b_time=2.16(2.05), lr=0.001364902221962292
2026-03-13 12:20:27,373   INFO  epoch: 4/6, acc_iter=178900, cur_iter=31715/36796, batch_size=4, time_cost(epoch): 18:03:00/2:53:30, time_cost(all): 66:19:55/23:49:58, loss=1.0648685693740845, d_time=0.26(0.25), f_time=1.69(1.80), b_time=1.95(2.05), lr=0.0013619208332903993
2026-03-13 12:22:06,500   INFO  epoch: 4/6, acc_iter=178950, cur_iter=31765/36796, batch_size=4, time_cost(epoch): 18:04:39/2:51:47, time_cost(all): 66:21:34/23:48:11, loss=1.4103357791900635, d_time=0.25(0.25), f_time=2.28(1.80), b_time=2.53(2.05), lr=0.0013589417480415068
/bin/sh: line 1: gpustat: command not found
2026-03-13 12:22:06,780   INFO  
2026-03-13 12:22:29,369   INFO  Save latest model to /storage/project/r-gchou3-0/spanse30/MSF/output/cfgs/waymo_models/msf_8frames/default/ckpt/latest_model
2026-03-13 12:23:48,703   INFO  epoch: 4/6, acc_iter=179000, cur_iter=31815/36796, batch_size=4, time_cost(epoch): 18:06:21/2:50:04, time_cost(all): 66:23:16/23:46:28, loss=0.9869995713233948, d_time=0.25(0.25), f_time=2.07(1.80), b_time=2.32(2.05), lr=0.0013559649704046476
2026-03-13 12:25:30,348   INFO  epoch: 4/6, acc_iter=179050, cur_iter=31865/36796, batch_size=4, time_cost(epoch): 18:08:03/2:48:22, time_cost(all): 66:24:58/23:44:45, loss=1.1171131134033203, d_time=0.25(0.25), f_time=1.51(1.80), b_time=1.76(2.05), lr=0.001352990504565611
2026-03-13 12:27:12,889   INFO  epoch: 4/6, acc_iter=179100, cur_iter=31915/36796, batch_size=4, time_cost(epoch): 18:09:45/2:46:39, time_cost(all): 66:26:40/23:43:02, loss=1.438301682472229, d_time=0.27(0.25), f_time=1.74(1.80), b_time=2.01(2.05), lr=0.0013500183547069322
/bin/sh: line 1: gpustat: command not found
2026-03-13 12:27:13,166   INFO  
2026-03-13 12:27:27,850   INFO  Save latest model to /storage/project/r-gchou3-0/spanse30/MSF/output/cfgs/waymo_models/msf_8frames/default/ckpt/latest_model
2026-03-13 12:28:54,922   INFO  epoch: 4/6, acc_iter=179150, cur_iter=31965/36796, batch_size=4, time_cost(epoch): 18:11:27/2:44:57, time_cost(all): 66:28:22/23:41:19, loss=1.2760984897613525, d_time=0.24(0.25), f_time=1.98(1.80), b_time=2.22(2.05), lr=0.0013470485250078918
2026-03-13 12:30:34,540   INFO  epoch: 4/6, acc_iter=179200, cur_iter=32015/36796, batch_size=4, time_cost(epoch): 18:13:07/2:43:14, time_cost(all): 66:30:02/23:39:33, loss=0.9878486394882202, d_time=0.25(0.25), f_time=1.61(1.80), b_time=1.86(2.05), lr=0.0013440810196445122
2026-03-13 12:32:17,650   INFO  epoch: 4/6, acc_iter=179250, cur_iter=32065/36796, batch_size=4, time_cost(epoch): 18:14:50/2:41:31, time_cost(all): 66:31:45/23:37:52, loss=1.250671148300171, d_time=0.25(0.25), f_time=2.19(1.80), b_time=2.43(2.05), lr=0.0013411158427895393
/bin/sh: line 1: gpustat: command not found
2026-03-13 12:32:17,931   INFO  
2026-03-13 12:32:28,823   INFO  Save latest model to /storage/project/r-gchou3-0/spanse30/MSF/output/cfgs/waymo_models/msf_8frames/default/ckpt/latest_model
2026-03-13 12:34:01,234   INFO  epoch: 4/6, acc_iter=179300, cur_iter=32115/36796, batch_size=4, time_cost(epoch): 18:16:34/2:39:49, time_cost(all): 66:33:29/23:36:11, loss=1.2352280616760254, d_time=0.25(0.25), f_time=1.41(1.80), b_time=1.66(2.05), lr=0.0013381529986124505
2026-03-13 12:35:42,865   INFO  epoch: 4/6, acc_iter=179350, cur_iter=32165/36796, batch_size=4, time_cost(epoch): 18:18:15/2:38:07, time_cost(all): 66:35:10/23:34:27, loss=1.1003553867340088, d_time=0.25(0.25), f_time=1.63(1.80), b_time=1.88(2.05), lr=0.001335192491279442
2026-03-13 12:37:25,638   INFO  epoch: 4/6, acc_iter=179400, cur_iter=32215/36796, batch_size=4, time_cost(epoch): 18:19:58/2:36:24, time_cost(all): 66:36:53/23:32:45, loss=1.384335994720459, d_time=0.24(0.25), f_time=1.38(1.80), b_time=1.62(2.05), lr=0.001332234324953423
/bin/sh: line 1: gpustat: command not found
2026-03-13 12:37:25,916   INFO  
2026-03-13 12:37:27,790   INFO  Save latest model to /storage/project/r-gchou3-0/spanse30/MSF/output/cfgs/waymo_models/msf_8frames/default/ckpt/latest_model
2026-03-13 12:39:07,302   INFO  epoch: 4/6, acc_iter=179450, cur_iter=32265/36796, batch_size=4, time_cost(epoch): 18:21:40/2:34:42, time_cost(all): 66:38:35/23:31:02, loss=0.9780719876289368, d_time=0.25(0.25), f_time=1.74(1.80), b_time=1.99(2.05), lr=0.0013292785037940112
2026-03-13 12:40:50,014   INFO  epoch: 4/6, acc_iter=179500, cur_iter=32315/36796, batch_size=4, time_cost(epoch): 18:23:22/2:32:59, time_cost(all): 66:40:18/23:29:20, loss=1.0342016220092773, d_time=0.24(0.25), f_time=1.70(1.80), b_time=1.94(2.05), lr=0.0013263250319575275
2026-03-13 12:42:27,352   INFO  Save latest model to /storage/project/r-gchou3-0/spanse30/MSF/output/cfgs/waymo_models/msf_8frames/default/ckpt/latest_model
2026-03-13 12:42:29,063   INFO  epoch: 4/6, acc_iter=179550, cur_iter=32365/36796, batch_size=4, time_cost(epoch): 18:25:01/2:31:16, time_cost(all): 66:41:57/23:27:33, loss=1.0813990831375122, d_time=0.37(0.25), f_time=1.47(1.80), b_time=1.84(2.05), lr=0.0013233739135969885
/bin/sh: line 1: gpustat: command not found
2026-03-13 12:42:29,345   INFO  
2026-03-13 12:44:10,229   INFO  epoch: 4/6, acc_iter=179600, cur_iter=32415/36796, batch_size=4, time_cost(epoch): 18:26:43/2:29:34, time_cost(all): 66:43:38/23:25:49, loss=1.2295255661010742, d_time=0.25(0.25), f_time=1.64(1.80), b_time=1.89(2.05), lr=0.0013204251528621022
2026-03-13 12:45:52,796   INFO  epoch: 4/6, acc_iter=179650, cur_iter=32465/36796, batch_size=4, time_cost(epoch): 18:28:25/2:27:51, time_cost(all): 66:45:20/23:24:07, loss=1.416839361190796, d_time=0.25(0.25), f_time=2.04(1.80), b_time=2.29(2.05), lr=0.0013174787538992611
2026-03-13 12:47:28,716   INFO  Save latest model to /storage/project/r-gchou3-0/spanse30/MSF/output/cfgs/waymo_models/msf_8frames/default/ckpt/latest_model
2026-03-13 12:47:35,131   INFO  epoch: 4/6, acc_iter=179700, cur_iter=32515/36796, batch_size=4, time_cost(epoch): 18:30:07/2:26:09, time_cost(all): 66:47:03/23:22:24, loss=1.1775689125061035, d_time=0.25(0.25), f_time=2.15(1.80), b_time=2.40(2.05), lr=0.001314534720851534
/bin/sh: line 1: gpustat: command not found
2026-03-13 12:47:35,407   INFO  
2026-03-13 12:49:20,059   INFO  epoch: 4/6, acc_iter=179750, cur_iter=32565/36796, batch_size=4, time_cost(epoch): 18:31:52/2:24:27, time_cost(all): 66:48:48/23:20:45, loss=1.4997740983963013, d_time=0.25(0.25), f_time=2.73(1.80), b_time=2.98(2.05), lr=0.0013115930578586682
2026-03-13 12:51:06,664   INFO  epoch: 4/6, acc_iter=179800, cur_iter=32615/36796, batch_size=4, time_cost(epoch): 18:33:39/2:22:45, time_cost(all): 66:50:34/23:19:08, loss=1.1769944429397583, d_time=0.25(0.25), f_time=2.03(1.80), b_time=2.28(2.05), lr=0.0013086537690570762
2026-03-13 12:52:27,946   INFO  Save latest model to /storage/project/r-gchou3-0/spanse30/MSF/output/cfgs/waymo_models/msf_8frames/default/ckpt/latest_model
2026-03-13 12:52:45,857   INFO  epoch: 4/6, acc_iter=179850, cur_iter=32665/36796, batch_size=4, time_cost(epoch): 18:35:18/2:21:02, time_cost(all): 66:52:13/23:17:21, loss=1.6597564220428467, d_time=0.25(0.25), f_time=1.83(1.80), b_time=2.08(2.05), lr=0.0013057168585798287
/bin/sh: line 1: gpustat: command not found
2026-03-13 12:52:46,131   INFO  
2026-03-13 12:54:26,489   INFO  epoch: 4/6, acc_iter=179900, cur_iter=32715/36796, batch_size=4, time_cost(epoch): 18:36:59/2:19:20, time_cost(all): 66:53:54/23:15:37, loss=1.4394216537475586, d_time=0.25(0.25), f_time=2.05(1.80), b_time=2.30(2.05), lr=0.001302782330556655
2026-03-13 12:56:07,714   INFO  epoch: 4/6, acc_iter=179950, cur_iter=32765/36796, batch_size=4, time_cost(epoch): 18:38:40/2:17:37, time_cost(all): 66:55:35/23:13:53, loss=1.480444073677063, d_time=0.24(0.25), f_time=2.29(1.80), b_time=2.53(2.05), lr=0.0012998501891139374
2026-03-13 12:57:27,925   INFO  Save latest model to /storage/project/r-gchou3-0/spanse30/MSF/output/cfgs/waymo_models/msf_8frames/default/ckpt/latest_model
2026-03-13 12:57:51,464   INFO  epoch: 4/6, acc_iter=180000, cur_iter=32815/36796, batch_size=4, time_cost(epoch): 18:40:24/2:15:55, time_cost(all): 66:57:19/23:12:12, loss=1.3360719680786133, d_time=0.25(0.25), f_time=2.36(1.80), b_time=2.61(2.05), lr=0.0012969204383746957
/bin/sh: line 1: gpustat: command not found
2026-03-13 12:57:51,733   INFO  
2026-03-13 12:59:38,312   INFO  epoch: 4/6, acc_iter=180050, cur_iter=32865/36796, batch_size=4, time_cost(epoch): 18:42:11/2:14:13, time_cost(all): 66:59:06/23:10:35, loss=1.4726197719573975, d_time=0.25(0.25), f_time=2.28(1.80), b_time=2.53(2.05), lr=0.0012939930824585925
2026-03-13 13:01:20,134   INFO  epoch: 4/6, acc_iter=180100, cur_iter=32915/36796, batch_size=4, time_cost(epoch): 18:43:52/2:12:30, time_cost(all): 67:00:48/23:08:52, loss=1.3670201301574707, d_time=0.25(0.25), f_time=2.51(1.80), b_time=2.76(2.05), lr=0.001291068125481922
2026-03-13 13:02:28,991   INFO  Save latest model to /storage/project/r-gchou3-0/spanse30/MSF/output/cfgs/waymo_models/msf_8frames/default/ckpt/latest_model
2026-03-13 13:03:04,588   INFO  epoch: 4/6, acc_iter=180150, cur_iter=32965/36796, batch_size=4, time_cost(epoch): 18:45:37/2:10:48, time_cost(all): 67:02:32/23:07:12, loss=1.4715687036514282, d_time=0.25(0.25), f_time=2.75(1.80), b_time=3.00(2.05), lr=0.0012881455715576045
/bin/sh: line 1: gpustat: command not found
2026-03-13 13:03:04,874   INFO  
2026-03-13 13:04:44,987   INFO  epoch: 4/6, acc_iter=180200, cur_iter=33015/36796, batch_size=4, time_cost(epoch): 18:47:17/2:09:05, time_cost(all): 67:04:13/23:05:27, loss=1.2100530862808228, d_time=0.25(0.25), f_time=1.75(1.80), b_time=2.00(2.05), lr=0.0012852254247951835
2026-03-13 13:06:25,716   INFO  epoch: 4/6, acc_iter=180250, cur_iter=33065/36796, batch_size=4, time_cost(epoch): 18:48:58/2:07:23, time_cost(all): 67:05:53/23:03:43, loss=1.4586737155914307, d_time=0.25(0.25), f_time=2.56(1.80), b_time=2.81(2.05), lr=0.001282307689300812
2026-03-13 13:07:29,100   INFO  Save latest model to /storage/project/r-gchou3-0/spanse30/MSF/output/cfgs/waymo_models/msf_8frames/default/ckpt/latest_model
2026-03-13 13:08:08,376   INFO  epoch: 4/6, acc_iter=180300, cur_iter=33115/36796, batch_size=4, time_cost(epoch): 18:50:41/2:05:40, time_cost(all): 67:07:36/23:02:00, loss=1.2871294021606445, d_time=0.25(0.25), f_time=2.18(1.80), b_time=2.43(2.05), lr=0.0012793923691772598
/bin/sh: line 1: gpustat: command not found
2026-03-13 13:08:08,664   INFO  
2026-03-13 13:09:50,155   INFO  epoch: 4/6, acc_iter=180350, cur_iter=33165/36796, batch_size=4, time_cost(epoch): 18:52:22/2:03:58, time_cost(all): 67:09:18/23:00:17, loss=1.2393982410430908, d_time=0.25(0.25), f_time=1.80(1.80), b_time=2.05(2.05), lr=0.0012764794685238968
2026-03-13 13:11:34,535   INFO  epoch: 4/6, acc_iter=180400, cur_iter=33215/36796, batch_size=4, time_cost(epoch): 18:54:07/2:02:16, time_cost(all): 67:11:02/22:58:37, loss=1.2709641456604004, d_time=0.25(0.25), f_time=1.54(1.80), b_time=1.79(2.05), lr=0.0012735689914366876
2026-03-13 13:12:28,612   INFO  Save latest model to /storage/project/r-gchou3-0/spanse30/MSF/output/cfgs/waymo_models/msf_8frames/default/ckpt/latest_model
2026-03-13 13:13:16,075   INFO  epoch: 4/6, acc_iter=180450, cur_iter=33265/36796, batch_size=4, time_cost(epoch): 18:55:48/2:00:33, time_cost(all): 67:12:44/22:56:54, loss=1.1743261814117432, d_time=0.25(0.25), f_time=1.68(1.80), b_time=1.93(2.05), lr=0.001270660942008195
/bin/sh: line 1: gpustat: command not found
2026-03-13 13:13:16,354   INFO  
2026-03-13 13:14:55,961   INFO  epoch: 4/6, acc_iter=180500, cur_iter=33315/36796, batch_size=4, time_cost(epoch): 18:57:28/1:58:50, time_cost(all): 67:14:24/22:55:08, loss=1.1215579509735107, d_time=0.25(0.25), f_time=1.10(1.80), b_time=1.35(2.05), lr=0.0012677553243275656
2026-03-13 13:16:38,571   INFO  epoch: 4/6, acc_iter=180550, cur_iter=33365/36796, batch_size=4, time_cost(epoch): 18:59:11/1:57:08, time_cost(all): 67:16:06/22:53:26, loss=1.5235024690628052, d_time=0.25(0.25), f_time=2.23(1.80), b_time=2.47(2.05), lr=0.0012648521424805238
2026-03-13 13:17:29,061   INFO  Save latest model to /storage/project/r-gchou3-0/spanse30/MSF/output/cfgs/waymo_models/msf_8frames/default/ckpt/latest_model
2026-03-13 13:18:24,333   INFO  epoch: 4/6, acc_iter=180600, cur_iter=33415/36796, batch_size=4, time_cost(epoch): 19:00:57/1:55:26, time_cost(all): 67:17:52/22:51:47, loss=1.4716598987579346, d_time=0.25(0.25), f_time=2.03(1.80), b_time=2.27(2.05), lr=0.0012619514005493713
/bin/sh: line 1: gpustat: command not found
2026-03-13 13:18:24,617   INFO  
2026-03-13 13:20:07,465   INFO  epoch: 4/6, acc_iter=180650, cur_iter=33465/36796, batch_size=4, time_cost(epoch): 19:02:40/1:53:44, time_cost(all): 67:19:35/22:50:06, loss=1.5397090911865234, d_time=0.25(0.25), f_time=2.03(1.80), b_time=2.27(2.05), lr=0.0012590531026129826
2026-03-13 13:21:50,237   INFO  epoch: 4/6, acc_iter=180700, cur_iter=33515/36796, batch_size=4, time_cost(epoch): 19:04:23/1:52:01, time_cost(all): 67:21:18/22:48:24, loss=1.3671343326568604, d_time=0.25(0.25), f_time=1.36(1.80), b_time=1.61(2.05), lr=0.0012561572527467883
2026-03-13 13:22:29,059   INFO  Save latest model to /storage/project/r-gchou3-0/spanse30/MSF/output/cfgs/waymo_models/msf_8frames/default/ckpt/latest_model
2026-03-13 13:23:33,093   INFO  epoch: 4/6, acc_iter=180750, cur_iter=33565/36796, batch_size=4, time_cost(epoch): 19:06:05/1:50:19, time_cost(all): 67:23:01/22:46:42, loss=1.3525333404541016, d_time=0.24(0.25), f_time=2.05(1.80), b_time=2.29(2.05), lr=0.0012532638550227812
/bin/sh: line 1: gpustat: command not found
2026-03-13 13:23:33,371   INFO  
2026-03-13 13:25:14,985   INFO  epoch: 4/6, acc_iter=180800, cur_iter=33615/36796, batch_size=4, time_cost(epoch): 19:07:47/1:48:36, time_cost(all): 67:24:43/22:44:59, loss=1.3561731576919556, d_time=0.25(0.25), f_time=1.54(1.80), b_time=1.79(2.05), lr=0.0012503729135095055
2026-03-13 13:26:55,634   INFO  epoch: 4/6, acc_iter=180850, cur_iter=33665/36796, batch_size=4, time_cost(epoch): 19:09:28/1:46:54, time_cost(all): 67:26:23/22:43:14, loss=1.2732008695602417, d_time=0.25(0.25), f_time=2.16(1.80), b_time=2.41(2.05), lr=0.001247484432272051
2026-03-13 13:27:27,828   INFO  Save latest model to /storage/project/r-gchou3-0/spanse30/MSF/output/cfgs/waymo_models/msf_8frames/default/ckpt/latest_model
2026-03-13 13:28:41,191   INFO  epoch: 4/6, acc_iter=180900, cur_iter=33715/36796, batch_size=4, time_cost(epoch): 19:11:14/1:45:12, time_cost(all): 67:28:09/22:41:36, loss=1.656666874885559, d_time=0.25(0.25), f_time=1.41(1.80), b_time=1.66(2.05), lr=0.001244598415372048
/bin/sh: line 1: gpustat: command not found
2026-03-13 13:28:41,475   INFO  
2026-03-13 13:30:25,737   INFO  epoch: 4/6, acc_iter=180950, cur_iter=33765/36796, batch_size=4, time_cost(epoch): 19:12:58/1:43:29, time_cost(all): 67:29:53/22:39:56, loss=1.0186203718185425, d_time=0.25(0.25), f_time=1.54(1.80), b_time=1.79(2.05), lr=0.0012417148668676617
2026-03-13 13:32:11,103   INFO  epoch: 4/6, acc_iter=181000, cur_iter=33815/36796, batch_size=4, time_cost(epoch): 19:14:43/1:41:47, time_cost(all): 67:31:39/22:38:17, loss=1.2695388793945312, d_time=0.25(0.25), f_time=1.80(1.80), b_time=2.05(2.05), lr=0.0012388337908135867
2026-03-13 13:32:28,521   INFO  Save latest model to /storage/project/r-gchou3-0/spanse30/MSF/output/cfgs/waymo_models/msf_8frames/default/ckpt/latest_model
2026-03-13 13:33:55,656   INFO  epoch: 4/6, acc_iter=181050, cur_iter=33865/36796, batch_size=4, time_cost(epoch): 19:16:28/1:40:05, time_cost(all): 67:33:23/22:36:37, loss=1.4115453958511353, d_time=0.25(0.25), f_time=1.93(1.80), b_time=2.18(2.05), lr=0.0012359551912610423
/bin/sh: line 1: gpustat: command not found
2026-03-13 13:33:55,935   INFO  
2026-03-13 13:35:39,287   INFO  epoch: 4/6, acc_iter=181100, cur_iter=33915/36796, batch_size=4, time_cost(epoch): 19:18:12/1:38:23, time_cost(all): 67:35:07/22:34:56, loss=1.1930171251296997, d_time=0.25(0.25), f_time=1.80(1.80), b_time=2.05(2.05), lr=0.0012330790722577605
2026-03-13 13:37:21,372   INFO  epoch: 4/6, acc_iter=181150, cur_iter=33965/36796, batch_size=4, time_cost(epoch): 19:19:54/1:36:40, time_cost(all): 67:36:49/22:33:13, loss=1.0873479843139648, d_time=0.25(0.25), f_time=1.82(1.80), b_time=2.07(2.05), lr=0.0012302054378479895
2026-03-13 13:37:27,963   INFO  Save latest model to /storage/project/r-gchou3-0/spanse30/MSF/output/cfgs/waymo_models/msf_8frames/default/ckpt/latest_model
2026-03-13 13:39:03,942   INFO  epoch: 4/6, acc_iter=181200, cur_iter=34015/36796, batch_size=4, time_cost(epoch): 19:21:36/1:34:58, time_cost(all): 67:38:32/22:31:30, loss=1.1488862037658691, d_time=0.25(0.25), f_time=2.02(1.80), b_time=2.27(2.05), lr=0.0012273342920724858
/bin/sh: line 1: gpustat: command not found
2026-03-13 13:39:04,221   INFO  
2026-03-13 13:40:47,615   INFO  epoch: 4/6, acc_iter=181250, cur_iter=34065/36796, batch_size=4, time_cost(epoch): 19:23:20/1:33:15, time_cost(all): 67:40:15/22:29:49, loss=1.1728768348693848, d_time=0.25(0.25), f_time=1.89(1.80), b_time=2.14(2.05), lr=0.0012244656389685008
2026-03-13 13:42:28,648   INFO  Save latest model to /storage/project/r-gchou3-0/spanse30/MSF/output/cfgs/waymo_models/msf_8frames/default/ckpt/latest_model
2026-03-13 13:42:32,790   INFO  epoch: 4/6, acc_iter=181300, cur_iter=34115/36796, batch_size=4, time_cost(epoch): 19:25:05/1:31:33, time_cost(all): 67:42:00/22:28:10, loss=1.1007933616638184, d_time=0.25(0.25), f_time=2.27(1.80), b_time=2.52(2.05), lr=0.0012215994825697846
2026-03-13 13:44:17,676   INFO  epoch: 4/6, acc_iter=181350, cur_iter=34165/36796, batch_size=4, time_cost(epoch): 19:26:50/1:29:51, time_cost(all): 67:43:45/22:26:30, loss=1.094915509223938, d_time=0.25(0.25), f_time=2.24(1.80), b_time=2.49(2.05), lr=0.0012187358269065754
/bin/sh: line 1: gpustat: command not found
2026-03-13 13:44:17,946   INFO  
2026-03-13 13:45:58,782   INFO  epoch: 4/6, acc_iter=181400, cur_iter=34215/36796, batch_size=4, time_cost(epoch): 19:28:31/1:28:08, time_cost(all): 67:45:26/22:24:46, loss=1.1658183336257935, d_time=0.25(0.25), f_time=1.69(1.80), b_time=1.94(2.05), lr=0.0012158746760055957
2026-03-13 13:47:27,383   INFO  Save latest model to /storage/project/r-gchou3-0/spanse30/MSF/output/cfgs/waymo_models/msf_8frames/default/ckpt/latest_model
2026-03-13 13:47:40,940   INFO  epoch: 4/6, acc_iter=181450, cur_iter=34265/36796, batch_size=4, time_cost(epoch): 19:30:13/1:26:26, time_cost(all): 67:47:09/22:23:04, loss=1.1238629817962646, d_time=0.25(0.25), f_time=1.62(1.80), b_time=1.87(2.05), lr=0.0012130160338900452
2026-03-13 13:49:28,351   INFO  epoch: 4/6, acc_iter=181500, cur_iter=34315/36796, batch_size=4, time_cost(epoch): 19:32:01/1:24:44, time_cost(all): 67:48:56/22:21:27, loss=1.553301215171814, d_time=0.25(0.25), f_time=2.75(1.80), b_time=3.00(2.05), lr=0.0012101599045795963
/bin/sh: line 1: gpustat: command not found
2026-03-13 13:49:28,624   INFO  
2026-03-13 13:51:11,034   INFO  epoch: 4/6, acc_iter=181550, cur_iter=34365/36796, batch_size=4, time_cost(epoch): 19:33:43/1:23:01, time_cost(all): 67:50:39/22:19:45, loss=1.1494818925857544, d_time=0.25(0.25), f_time=1.94(1.80), b_time=2.19(2.05), lr=0.0012073062920903875
2026-03-13 13:52:27,533   INFO  Save latest model to /storage/project/r-gchou3-0/spanse30/MSF/output/cfgs/waymo_models/msf_8frames/default/ckpt/latest_model
2026-03-13 13:52:56,386   INFO  epoch: 4/6, acc_iter=181600, cur_iter=34415/36796, batch_size=4, time_cost(epoch): 19:35:29/1:21:19, time_cost(all): 67:52:24/22:18:06, loss=1.2096519470214844, d_time=0.24(0.25), f_time=1.52(1.80), b_time=1.76(2.05), lr=0.0012044552004350192
2026-03-13 13:54:39,280   INFO  epoch: 4/6, acc_iter=181650, cur_iter=34465/36796, batch_size=4, time_cost(epoch): 19:37:12/1:19:36, time_cost(all): 67:54:07/22:16:24, loss=1.5005909204483032, d_time=0.25(0.25), f_time=2.10(1.80), b_time=2.35(2.05), lr=0.001201606633622548
/bin/sh: line 1: gpustat: command not found
2026-03-13 13:54:39,565   INFO  
2026-03-13 13:56:19,076   INFO  epoch: 4/6, acc_iter=181700, cur_iter=34515/36796, batch_size=4, time_cost(epoch): 19:38:51/1:17:54, time_cost(all): 67:55:47/22:14:38, loss=1.3983981609344482, d_time=0.25(0.25), f_time=2.02(1.80), b_time=2.27(2.05), lr=0.0011987605956584747
2026-03-13 13:57:27,903   INFO  Save latest model to /storage/project/r-gchou3-0/spanse30/MSF/output/cfgs/waymo_models/msf_8frames/default/ckpt/latest_model
2026-03-13 13:58:02,379   INFO  epoch: 4/6, acc_iter=181750, cur_iter=34565/36796, batch_size=4, time_cost(epoch): 19:40:35/1:16:11, time_cost(all): 67:57:30/22:12:57, loss=1.5417096614837646, d_time=0.25(0.25), f_time=2.01(1.80), b_time=2.26(2.05), lr=0.001195917090544752
2026-03-13 13:59:41,864   INFO  epoch: 4/6, acc_iter=181800, cur_iter=34615/36796, batch_size=4, time_cost(epoch): 19:42:14/1:14:29, time_cost(all): 67:59:09/22:11:11, loss=1.0802803039550781, d_time=0.25(0.25), f_time=0.87(1.80), b_time=1.12(2.05), lr=0.0011930761222797672
/bin/sh: line 1: gpustat: command not found
2026-03-13 13:59:42,140   INFO  
2026-03-13 14:01:21,209   INFO  epoch: 4/6, acc_iter=181850, cur_iter=34665/36796, batch_size=4, time_cost(epoch): 19:43:54/1:12:46, time_cost(all): 68:00:49/22:09:25, loss=1.0621118545532227, d_time=0.25(0.25), f_time=1.58(1.80), b_time=1.83(2.05), lr=0.0011902376948583382
2026-03-13 14:02:27,294   INFO  Save latest model to /storage/project/r-gchou3-0/spanse30/MSF/output/cfgs/waymo_models/msf_8frames/default/ckpt/latest_model
2026-03-13 14:03:06,454   INFO  epoch: 4/6, acc_iter=181900, cur_iter=34715/36796, batch_size=4, time_cost(epoch): 19:45:39/1:11:04, time_cost(all): 68:02:34/22:07:45, loss=1.265748143196106, d_time=0.25(0.25), f_time=1.59(1.80), b_time=1.84(2.05), lr=0.0011874018122717128
2026-03-13 14:04:47,377   INFO  epoch: 4/6, acc_iter=181950, cur_iter=34765/36796, batch_size=4, time_cost(epoch): 19:47:20/1:09:21, time_cost(all): 68:04:15/22:06:01, loss=1.2375789880752563, d_time=0.25(0.25), f_time=1.51(1.80), b_time=1.76(2.05), lr=0.0011845684785075632
/bin/sh: line 1: gpustat: command not found
2026-03-13 14:04:47,658   INFO  
2026-03-13 14:06:27,880   INFO  epoch: 4/6, acc_iter=182000, cur_iter=34815/36796, batch_size=4, time_cost(epoch): 19:49:00/1:07:39, time_cost(all): 68:05:55/22:04:17, loss=1.4718732833862305, d_time=0.25(0.25), f_time=2.04(1.80), b_time=2.29(2.05), lr=0.001181737697549971
2026-03-13 14:07:27,294   INFO  Save latest model to /storage/project/r-gchou3-0/spanse30/MSF/output/cfgs/waymo_models/msf_8frames/default/ckpt/latest_model
2026-03-13 14:08:09,381   INFO  epoch: 4/6, acc_iter=182050, cur_iter=34865/36796, batch_size=4, time_cost(epoch): 19:50:42/1:05:56, time_cost(all): 68:07:37/22:02:33, loss=1.7205060720443726, d_time=0.25(0.25), f_time=2.04(1.80), b_time=2.29(2.05), lr=0.001178909473379433
2026-03-13 14:09:56,283   INFO  epoch: 4/6, acc_iter=182100, cur_iter=34915/36796, batch_size=4, time_cost(epoch): 19:52:29/1:04:14, time_cost(all): 68:09:24/22:00:56, loss=1.2303855419158936, d_time=0.24(0.25), f_time=1.53(1.80), b_time=1.77(2.05), lr=0.0011760838099728486
/bin/sh: line 1: gpustat: command not found
2026-03-13 14:09:56,564   INFO  
2026-03-13 14:11:39,277   INFO  epoch: 4/6, acc_iter=182150, cur_iter=34965/36796, batch_size=4, time_cost(epoch): 19:54:12/1:02:32, time_cost(all): 68:11:07/21:59:14, loss=1.175325870513916, d_time=0.25(0.25), f_time=2.62(1.80), b_time=2.87(2.05), lr=0.001173260711303518
2026-03-13 14:12:28,727   INFO  Save latest model to /storage/project/r-gchou3-0/spanse30/MSF/output/cfgs/waymo_models/msf_8frames/default/ckpt/latest_model
2026-03-13 14:13:23,115   INFO  epoch: 4/6, acc_iter=182200, cur_iter=35015/36796, batch_size=4, time_cost(epoch): 19:55:55/1:00:49, time_cost(all): 68:12:51/21:57:33, loss=1.3020570278167725, d_time=0.25(0.25), f_time=2.10(1.80), b_time=2.35(2.05), lr=0.0011704401813411335
2026-03-13 14:15:05,743   INFO  epoch: 4/6, acc_iter=182250, cur_iter=35065/36796, batch_size=4, time_cost(epoch): 19:57:38/59:07, time_cost(all): 68:14:33/21:55:51, loss=1.019960641860962, d_time=0.25(0.25), f_time=1.49(1.80), b_time=1.74(2.05), lr=0.0011676222240517764
/bin/sh: line 1: gpustat: command not found
2026-03-13 14:15:06,025   INFO  
2026-03-13 14:16:50,747   INFO  epoch: 4/6, acc_iter=182300, cur_iter=35115/36796, batch_size=4, time_cost(epoch): 19:59:23/57:24, time_cost(all): 68:16:18/21:54:11, loss=1.1923332214355469, d_time=0.25(0.25), f_time=1.53(1.80), b_time=1.77(2.05), lr=0.00116480684339791
2026-03-13 14:17:28,161   INFO  Save latest model to /storage/project/r-gchou3-0/spanse30/MSF/output/cfgs/waymo_models/msf_8frames/default/ckpt/latest_model
2026-03-13 14:18:34,486   INFO  epoch: 4/6, acc_iter=182350, cur_iter=35165/36796, batch_size=4, time_cost(epoch): 20:01:07/55:42, time_cost(all): 68:18:02/21:52:30, loss=0.9202889204025269, d_time=0.25(0.25), f_time=1.53(1.80), b_time=1.78(2.05), lr=0.001161994043338376
2026-03-13 14:20:16,591   INFO  epoch: 4/6, acc_iter=182400, cur_iter=35215/36796, batch_size=4, time_cost(epoch): 20:02:49/54:00, time_cost(all): 68:19:44/21:50:47, loss=1.4278769493103027, d_time=0.25(0.25), f_time=2.54(1.80), b_time=2.79(2.05), lr=0.001159183827828382
/bin/sh: line 1: gpustat: command not found
2026-03-13 14:20:16,869   INFO  
2026-03-13 14:21:56,834   INFO  epoch: 4/6, acc_iter=182450, cur_iter=35265/36796, batch_size=4, time_cost(epoch): 20:04:29/52:17, time_cost(all): 68:21:24/21:49:02, loss=1.4865201711654663, d_time=0.25(0.25), f_time=2.39(1.80), b_time=2.64(2.05), lr=0.0011563762008195094
2026-03-13 14:22:27,997   INFO  Save latest model to /storage/project/r-gchou3-0/spanse30/MSF/output/cfgs/waymo_models/msf_8frames/default/ckpt/latest_model
2026-03-13 14:23:43,890   INFO  epoch: 4/6, acc_iter=182500, cur_iter=35315/36796, batch_size=4, time_cost(epoch): 20:06:16/50:35, time_cost(all): 68:23:11/21:47:25, loss=1.2437065839767456, d_time=0.25(0.25), f_time=1.78(1.80), b_time=2.03(2.05), lr=0.0011535711662596952
2026-03-13 14:25:25,872   INFO  epoch: 4/6, acc_iter=182550, cur_iter=35365/36796, batch_size=4, time_cost(epoch): 20:07:58/48:52, time_cost(all): 68:24:53/21:45:42, loss=1.3216091394424438, d_time=0.25(0.25), f_time=1.96(1.80), b_time=2.21(2.05), lr=0.0011507687280932295
/bin/sh: line 1: gpustat: command not found
2026-03-13 14:25:26,147   INFO  
2026-03-13 14:27:08,601   INFO  epoch: 4/6, acc_iter=182600, cur_iter=35415/36796, batch_size=4, time_cost(epoch): 20:09:41/47:10, time_cost(all): 68:26:36/21:43:59, loss=1.1729795932769775, d_time=0.25(0.25), f_time=1.44(1.80), b_time=1.69(2.05), lr=0.0011479688902607534
2026-03-13 14:27:29,556   INFO  Save latest model to /storage/project/r-gchou3-0/spanse30/MSF/output/cfgs/waymo_models/msf_8frames/default/ckpt/latest_model
2026-03-13 14:28:50,318   INFO  epoch: 4/6, acc_iter=182650, cur_iter=35465/36796, batch_size=4, time_cost(epoch): 20:11:23/45:27, time_cost(all): 68:28:18/21:42:16, loss=1.0882554054260254, d_time=0.25(0.25), f_time=1.53(1.80), b_time=1.78(2.05), lr=0.0011451716566992553
2026-03-13 14:30:33,221   INFO  epoch: 4/6, acc_iter=182700, cur_iter=35515/36796, batch_size=4, time_cost(epoch): 20:13:06/43:45, time_cost(all): 68:30:01/21:40:34, loss=1.187927484512329, d_time=0.25(0.25), f_time=1.92(1.80), b_time=2.17(2.05), lr=0.0011423770313420546
/bin/sh: line 1: gpustat: command not found
2026-03-13 14:30:33,611   INFO  
2026-03-13 14:32:16,496   INFO  epoch: 4/6, acc_iter=182750, cur_iter=35565/36796, batch_size=4, time_cost(epoch): 20:14:49/42:02, time_cost(all): 68:31:44/21:38:52, loss=1.0991415977478027, d_time=0.25(0.25), f_time=1.99(1.80), b_time=2.24(2.05), lr=0.0011395850181188073
2026-03-13 14:32:28,660   INFO  Save latest model to /storage/project/r-gchou3-0/spanse30/MSF/output/cfgs/waymo_models/msf_8frames/default/ckpt/latest_model
2026-03-13 14:33:57,895   INFO  epoch: 4/6, acc_iter=182800, cur_iter=35615/36796, batch_size=4, time_cost(epoch): 20:16:30/40:20, time_cost(all): 68:33:25/21:37:09, loss=1.3302290439605713, d_time=0.25(0.25), f_time=2.44(1.80), b_time=2.69(2.05), lr=0.001136795620955496
2026-03-13 14:35:38,292   INFO  epoch: 4/6, acc_iter=182850, cur_iter=35665/36796, batch_size=4, time_cost(epoch): 20:18:11/38:37, time_cost(all): 68:35:06/21:35:24, loss=0.9794892072677612, d_time=0.25(0.25), f_time=2.05(1.80), b_time=2.30(2.05), lr=0.0011340088437744244
/bin/sh: line 1: gpustat: command not found
2026-03-13 14:35:38,564   INFO  
2026-03-13 14:37:23,076   INFO  epoch: 4/6, acc_iter=182900, cur_iter=35715/36796, batch_size=4, time_cost(epoch): 20:19:55/36:55, time_cost(all): 68:36:51/21:33:44, loss=0.9958183765411377, d_time=0.25(0.25), f_time=1.31(1.80), b_time=1.56(2.05), lr=0.0011312246904942116
2026-03-13 14:37:27,784   INFO  Save latest model to /storage/project/r-gchou3-0/spanse30/MSF/output/cfgs/waymo_models/msf_8frames/default/ckpt/latest_model
2026-03-13 14:39:04,297   INFO  epoch: 4/6, acc_iter=182950, cur_iter=35765/36796, batch_size=4, time_cost(epoch): 20:21:37/35:12, time_cost(all): 68:38:32/21:32:00, loss=1.0151795148849487, d_time=0.25(0.25), f_time=1.86(1.80), b_time=2.11(2.05), lr=0.0011284431650297883
2026-03-13 14:40:50,604   INFO  epoch: 4/6, acc_iter=183000, cur_iter=35815/36796, batch_size=4, time_cost(epoch): 20:23:23/33:30, time_cost(all): 68:40:18/21:30:22, loss=1.6070722341537476, d_time=0.25(0.25), f_time=2.49(1.80), b_time=2.74(2.05), lr=0.001125664271292389
/bin/sh: line 1: gpustat: command not found
2026-03-13 14:40:50,878   INFO  
2026-03-13 14:42:28,213   INFO  Save latest model to /storage/project/r-gchou3-0/spanse30/MSF/output/cfgs/waymo_models/msf_8frames/default/ckpt/latest_model
2026-03-13 14:42:34,079   INFO  epoch: 4/6, acc_iter=183050, cur_iter=35865/36796, batch_size=4, time_cost(epoch): 20:25:06/31:48, time_cost(all): 68:42:02/21:28:41, loss=1.2603906393051147, d_time=0.24(0.25), f_time=1.35(1.80), b_time=1.60(2.05), lr=0.0011228880131895478
2026-03-13 14:44:19,621   INFO  epoch: 4/6, acc_iter=183100, cur_iter=35915/36796, batch_size=4, time_cost(epoch): 20:26:52/30:05, time_cost(all): 68:43:47/21:27:01, loss=1.2866172790527344, d_time=0.25(0.25), f_time=1.98(1.80), b_time=2.23(2.05), lr=0.001120114394625094
2026-03-13 14:46:00,400   INFO  epoch: 4/6, acc_iter=183150, cur_iter=35965/36796, batch_size=4, time_cost(epoch): 20:28:33/28:23, time_cost(all): 68:45:28/21:25:17, loss=1.0244193077087402, d_time=0.26(0.25), f_time=1.44(1.80), b_time=1.70(2.05), lr=0.0011173434194991418
/bin/sh: line 1: gpustat: command not found
2026-03-13 14:46:00,748   INFO  
2026-03-13 14:47:28,302   INFO  Save latest model to /storage/project/r-gchou3-0/spanse30/MSF/output/cfgs/waymo_models/msf_8frames/default/ckpt/latest_model
2026-03-13 14:47:43,636   INFO  epoch: 4/6, acc_iter=183200, cur_iter=36015/36796, batch_size=4, time_cost(epoch): 20:30:16/26:40, time_cost(all): 68:47:11/21:23:35, loss=1.542052149772644, d_time=0.24(0.25), f_time=1.51(1.80), b_time=1.76(2.05), lr=0.0011145750917080943
2026-03-13 14:49:26,488   INFO  epoch: 4/6, acc_iter=183250, cur_iter=36065/36796, batch_size=4, time_cost(epoch): 20:31:59/24:58, time_cost(all): 68:48:54/21:21:53, loss=1.2749907970428467, d_time=0.22(0.25), f_time=1.65(1.80), b_time=1.86(2.05), lr=0.0011118094151446251
2026-03-13 14:51:11,539   INFO  epoch: 4/6, acc_iter=183300, cur_iter=36115/36796, batch_size=4, time_cost(epoch): 20:33:44/23:15, time_cost(all): 68:50:39/21:20:13, loss=1.6086307764053345, d_time=0.25(0.25), f_time=2.07(1.80), b_time=2.32(2.05), lr=0.0011090463936976847
/bin/sh: line 1: gpustat: command not found
2026-03-13 14:51:11,818   INFO  
2026-03-13 14:52:29,619   INFO  Save latest model to /storage/project/r-gchou3-0/spanse30/MSF/output/cfgs/waymo_models/msf_8frames/default/ckpt/latest_model
2026-03-13 14:52:54,731   INFO  epoch: 4/6, acc_iter=183350, cur_iter=36165/36796, batch_size=4, time_cost(epoch): 20:35:27/21:33, time_cost(all): 68:52:22/21:18:32, loss=1.1522703170776367, d_time=0.25(0.25), f_time=1.90(1.80), b_time=2.15(2.05), lr=0.0011062860312524888
2026-03-13 14:54:37,868   INFO  epoch: 4/6, acc_iter=183400, cur_iter=36215/36796, batch_size=4, time_cost(epoch): 20:37:10/19:50, time_cost(all): 68:54:05/21:16:50, loss=1.2310779094696045, d_time=0.29(0.25), f_time=1.46(1.80), b_time=1.75(2.05), lr=0.0011035283316905137
2026-03-13 14:56:22,076   INFO  epoch: 4/6, acc_iter=183450, cur_iter=36265/36796, batch_size=4, time_cost(epoch): 20:38:54/18:08, time_cost(all): 68:55:50/21:15:09, loss=1.2711164951324463, d_time=0.25(0.25), f_time=1.28(1.80), b_time=1.53(2.05), lr=0.0011007732988894915
/bin/sh: line 1: gpustat: command not found
2026-03-13 14:56:22,464   INFO  
2026-03-13 14:57:27,896   INFO  Save latest model to /storage/project/r-gchou3-0/spanse30/MSF/output/cfgs/waymo_models/msf_8frames/default/ckpt/latest_model
2026-03-13 14:58:05,943   INFO  epoch: 4/6, acc_iter=183500, cur_iter=36315/36796, batch_size=4, time_cost(epoch): 20:40:38/16:25, time_cost(all): 68:57:34/21:13:28, loss=1.0522204637527466, d_time=0.25(0.25), f_time=1.53(1.80), b_time=1.78(2.05), lr=0.0010980209367234045
2026-03-13 14:59:49,005   INFO  epoch: 4/6, acc_iter=183550, cur_iter=36365/36796, batch_size=4, time_cost(epoch): 20:42:21/14:43, time_cost(all): 68:59:17/21:11:46, loss=1.020491123199463, d_time=0.25(0.25), f_time=1.88(1.80), b_time=2.13(2.05), lr=0.0010952712490624802
2026-03-13 15:01:29,314   INFO  epoch: 4/6, acc_iter=183600, cur_iter=36415/36796, batch_size=4, time_cost(epoch): 20:44:02/13:00, time_cost(all): 69:00:57/21:10:01, loss=1.4089579582214355, d_time=0.25(0.25), f_time=2.02(1.80), b_time=2.27(2.05), lr=0.0010925242397731838
/bin/sh: line 1: gpustat: command not found
2026-03-13 15:01:29,594   INFO  
2026-03-13 15:02:28,821   INFO  Save latest model to /storage/project/r-gchou3-0/spanse30/MSF/output/cfgs/waymo_models/msf_8frames/default/ckpt/latest_model
2026-03-13 15:03:10,388   INFO  epoch: 4/6, acc_iter=183650, cur_iter=36465/36796, batch_size=4, time_cost(epoch): 20:45:43/11:18, time_cost(all): 69:02:38/21:08:18, loss=1.2753214836120605, d_time=0.25(0.25), f_time=1.20(1.80), b_time=1.45(2.05), lr=0.0010897799127182173
2026-03-13 15:04:55,232   INFO  epoch: 4/6, acc_iter=183700, cur_iter=36515/36796, batch_size=4, time_cost(epoch): 20:47:28/09:35, time_cost(all): 69:04:23/21:06:37, loss=1.330615758895874, d_time=0.25(0.25), f_time=1.87(1.80), b_time=2.12(2.05), lr=0.0010870382717565058
2026-03-13 15:06:38,114   INFO  epoch: 4/6, acc_iter=183750, cur_iter=36565/36796, batch_size=4, time_cost(epoch): 20:49:10/07:53, time_cost(all): 69:06:06/21:04:55, loss=1.3455127477645874, d_time=0.25(0.25), f_time=1.88(1.80), b_time=2.13(2.05), lr=0.0010842993207432034
/bin/sh: line 1: gpustat: command not found
2026-03-13 15:06:38,389   INFO  
2026-03-13 15:07:29,577   INFO  Save latest model to /storage/project/r-gchou3-0/spanse30/MSF/output/cfgs/waymo_models/msf_8frames/default/ckpt/latest_model
2026-03-13 15:08:21,404   INFO  epoch: 4/6, acc_iter=183800, cur_iter=36615/36796, batch_size=4, time_cost(epoch): 20:50:54/06:11, time_cost(all): 69:07:49/21:03:14, loss=1.0712242126464844, d_time=0.25(0.25), f_time=1.86(1.80), b_time=2.11(2.05), lr=0.0010815630635296798
2026-03-13 15:10:04,538   INFO  epoch: 4/6, acc_iter=183850, cur_iter=36665/36796, batch_size=4, time_cost(epoch): 20:52:37/04:28, time_cost(all): 69:09:32/21:01:32, loss=1.4118762016296387, d_time=0.25(0.25), f_time=2.31(1.80), b_time=2.56(2.05), lr=0.0010788295039635134
2026-03-13 15:11:51,356   INFO  epoch: 4/6, acc_iter=183900, cur_iter=36715/36796, batch_size=4, time_cost(epoch): 20:54:24/02:46, time_cost(all): 69:11:19/20:59:54, loss=1.1702476739883423, d_time=0.25(0.25), f_time=1.69(1.80), b_time=1.94(2.05), lr=0.0010760986458884922
/bin/sh: line 1: gpustat: command not found
2026-03-13 15:11:51,669   INFO  
2026-03-13 15:12:27,995   INFO  Save latest model to /storage/project/r-gchou3-0/spanse30/MSF/output/cfgs/waymo_models/msf_8frames/default/ckpt/latest_model
2026-03-13 15:13:37,016   INFO  epoch: 4/6, acc_iter=183950, cur_iter=36765/36796, batch_size=4, time_cost(epoch): 20:56:09/01:03, time_cost(all): 69:13:05/20:58:14, loss=1.2219260931015015, d_time=0.25(0.25), f_time=2.12(1.80), b_time=2.37(2.05), lr=0.0010733704931446084
2026-03-13 15:14:33,272   INFO  epoch: 4/6, acc_iter=183980, cur_iter=36795/36796, batch_size=2, time_cost(epoch): 20:57:06/00:02, time_cost(all): 69:14:01/20:57:08, loss=0.8825792074203491, d_time=0.25(0.25), f_time=0.72(1.80), b_time=0.97(2.05), lr=0.0010717349016532342

                                                [Aepochs:  80%|████████  | 4/5 [69:14:01<18:59:38, 68378.63s/it]
train:   0%|          | 0/36796 [00:00<?, ?it/s][A2026-03-13 15:14:49,582   INFO  epoch: 5/6, acc_iter=183981, cur_iter=0/36796, batch_size=4, time_cost(epoch): 00:14/151:51:00, time_cost(all): 69:14:17/151:51:00, loss=1.1382167339324951, d_time=7.18(7.18), f_time=7.44(7.44), b_time=14.62(14.62), lr=0.001071680398743359
2026-03-13 15:15:33,797   INFO  epoch: 5/6, acc_iter=184000, cur_iter=19/36796, batch_size=4, time_cost(epoch): 00:59/30:10:24, time_cost(all): 69:15:01/30:10:24, loss=1.174034595489502, d_time=0.25(0.59), f_time=1.81(2.35), b_time=2.05(2.94), lr=0.001070645049568044
2026-03-13 15:17:14,466   INFO  epoch: 5/6, acc_iter=184050, cur_iter=69/36796, batch_size=4, time_cost(epoch): 02:39/23:16:51, time_cost(all): 69:16:42/23:16:51, loss=1.1799861192703247, d_time=0.25(0.35), f_time=1.71(1.93), b_time=1.96(2.28), lr=0.001067922318991175
/bin/sh: line 1: gpustat: command not found
2026-03-13 15:17:14,742   INFO  
2026-03-13 15:19:02,334   INFO  epoch: 5/6, acc_iter=184100, cur_iter=119/36796, batch_size=4, time_cost(epoch): 04:27/22:43:12, time_cost(all): 69:18:30/22:43:12, loss=1.1553447246551514, d_time=0.25(0.31), f_time=2.04(1.92), b_time=2.29(2.23), lr=0.0010652023052425622
2026-03-13 15:19:35,626   INFO  Save latest model to /storage/project/r-gchou3-0/spanse30/MSF/output/cfgs/waymo_models/msf_8frames/default/ckpt/latest_model
2026-03-13 15:20:45,493   INFO  epoch: 5/6, acc_iter=184150, cur_iter=169/36796, batch_size=4, time_cost(epoch): 06:10/22:11:23, time_cost(all): 69:20:13/22:11:23, loss=1.1787431240081787, d_time=0.25(0.29), f_time=1.34(1.89), b_time=1.59(2.18), lr=0.0010624850121469464
2026-03-13 15:22:28,125   INFO  epoch: 5/6, acc_iter=184200, cur_iter=219/36796, batch_size=4, time_cost(epoch): 07:53/21:51:47, time_cost(all): 69:21:56/21:51:47, loss=1.205400824546814, d_time=0.25(0.28), f_time=1.77(1.87), b_time=2.02(2.15), lr=0.0010597704435252417
/bin/sh: line 1: gpustat: command not found
2026-03-13 15:22:28,405   INFO  
2026-03-13 15:24:15,720   INFO  epoch: 5/6, acc_iter=184250, cur_iter=269/36796, batch_size=4, time_cost(epoch): 09:40/21:50:00, time_cost(all): 69:23:43/21:50:00, loss=0.9255726933479309, d_time=0.25(0.28), f_time=1.36(1.87), b_time=1.61(2.15), lr=0.0010570586031945323
2026-03-13 15:24:35,973   INFO  Save latest model to /storage/project/r-gchou3-0/spanse30/MSF/output/cfgs/waymo_models/msf_8frames/default/ckpt/latest_model
2026-03-13 15:25:56,556   INFO  epoch: 5/6, acc_iter=184300, cur_iter=319/36796, batch_size=4, time_cost(epoch): 11:21/21:35:22, time_cost(all): 69:25:24/21:35:22, loss=0.9534573554992676, d_time=0.24(0.27), f_time=1.64(1.86), b_time=1.88(2.13), lr=0.0010543494949680657
2026-03-13 15:27:39,610   INFO  epoch: 5/6, acc_iter=184350, cur_iter=369/36796, batch_size=4, time_cost(epoch): 13:04/21:27:52, time_cost(all): 69:27:07/21:27:52, loss=1.2460800409317017, d_time=0.25(0.27), f_time=1.56(1.85), b_time=1.81(2.12), lr=0.0010516431226552476
/bin/sh: line 1: gpustat: command not found
2026-03-13 15:27:39,897   INFO  
2026-03-13 15:29:25,521   INFO  epoch: 5/6, acc_iter=184400, cur_iter=419/36796, batch_size=4, time_cost(epoch): 14:50/21:25:53, time_cost(all): 69:28:53/21:25:53, loss=1.4053599834442139, d_time=0.25(0.27), f_time=2.18(1.85), b_time=2.42(2.12), lr=0.0010489394900616339
2026-03-13 15:29:35,473   INFO  Save latest model to /storage/project/r-gchou3-0/spanse30/MSF/output/cfgs/waymo_models/msf_8frames/default/ckpt/latest_model
2026-03-13 15:31:10,780   INFO  epoch: 5/6, acc_iter=184450, cur_iter=469/36796, batch_size=4, time_cost(epoch): 16:36/21:23:06, time_cost(all): 69:30:38/21:23:06, loss=1.1515165567398071, d_time=0.25(0.27), f_time=1.85(1.85), b_time=2.10(2.12), lr=0.001046238600988934
2026-03-13 15:32:55,690   INFO  epoch: 5/6, acc_iter=184500, cur_iter=519/36796, batch_size=4, time_cost(epoch): 18:20/21:20:07, time_cost(all): 69:32:23/21:20:07, loss=1.23562490940094, d_time=0.25(0.27), f_time=1.77(1.85), b_time=2.02(2.12), lr=0.0010435404592349959
/bin/sh: line 1: gpustat: command not found
2026-03-13 15:32:55,965   INFO  
2026-03-13 15:34:36,570   INFO  Save latest model to /storage/project/r-gchou3-0/spanse30/MSF/output/cfgs/waymo_models/msf_8frames/default/ckpt/latest_model
2026-03-13 15:34:37,977   INFO  epoch: 5/6, acc_iter=184550, cur_iter=569/36796, batch_size=4, time_cost(epoch): 20:03/21:14:34, time_cost(all): 69:34:06/21:14:34, loss=1.055503249168396, d_time=0.35(0.26), f_time=1.16(1.85), b_time=1.51(2.11), lr=0.0010408450685938026
2026-03-13 15:36:20,323   INFO  epoch: 5/6, acc_iter=184600, cur_iter=619/36796, batch_size=4, time_cost(epoch): 21:45/21:09:41, time_cost(all): 69:35:48/21:09:41, loss=1.2085366249084473, d_time=0.25(0.26), f_time=1.94(1.84), b_time=2.19(2.11), lr=0.0010381524328554707
2026-03-13 15:38:05,317   INFO  epoch: 5/6, acc_iter=184650, cur_iter=669/36796, batch_size=4, time_cost(epoch): 23:30/21:07:40, time_cost(all): 69:37:33/21:07:40, loss=1.441825032234192, d_time=0.25(0.26), f_time=2.67(1.84), b_time=2.92(2.10), lr=0.001035462555806246
/bin/sh: line 1: gpustat: command not found
2026-03-13 15:38:05,590   INFO  
2026-03-13 15:39:35,163   INFO  Save latest model to /storage/project/r-gchou3-0/spanse30/MSF/output/cfgs/waymo_models/msf_8frames/default/ckpt/latest_model
2026-03-13 15:39:49,254   INFO  epoch: 5/6, acc_iter=184700, cur_iter=719/36796, batch_size=4, time_cost(epoch): 25:14/21:04:48, time_cost(all): 69:39:17/21:04:48, loss=1.259432077407837, d_time=0.25(0.26), f_time=1.75(1.84), b_time=2.00(2.10), lr=0.0010327754412284894
2026-03-13 15:41:33,746   INFO  epoch: 5/6, acc_iter=184750, cur_iter=769/36796, batch_size=4, time_cost(epoch): 26:59/21:02:31, time_cost(all): 69:41:01/21:02:31, loss=1.196763515472412, d_time=0.25(0.26), f_time=1.95(1.84), b_time=2.20(2.10), lr=0.0010300910929006812
2026-03-13 15:43:16,169   INFO  epoch: 5/6, acc_iter=184800, cur_iter=819/36796, batch_size=4, time_cost(epoch): 28:41/20:58:47, time_cost(all): 69:42:44/20:58:47, loss=1.3047162294387817, d_time=0.25(0.26), f_time=1.88(1.84), b_time=2.13(2.10), lr=0.0010274095145974107
/bin/sh: line 1: gpustat: command not found
2026-03-13 15:43:16,446   INFO  
2026-03-13 15:44:35,922   INFO  Save latest model to /storage/project/r-gchou3-0/spanse30/MSF/output/cfgs/waymo_models/msf_8frames/default/ckpt/latest_model
2026-03-13 15:44:59,462   INFO  epoch: 5/6, acc_iter=184850, cur_iter=869/36796, batch_size=4, time_cost(epoch): 30:24/20:55:53, time_cost(all): 69:44:27/20:55:53, loss=1.4073679447174072, d_time=0.25(0.26), f_time=2.27(1.84), b_time=2.52(2.10), lr=0.0010247307100893725
2026-03-13 15:46:43,355   INFO  epoch: 5/6, acc_iter=184900, cur_iter=919/36796, batch_size=4, time_cost(epoch): 32:08/20:53:30, time_cost(all): 69:46:11/20:53:30, loss=1.3186033964157104, d_time=0.25(0.26), f_time=1.18(1.84), b_time=1.42(2.10), lr=0.0010220546831433608
2026-03-13 15:48:27,257   INFO  epoch: 5/6, acc_iter=184950, cur_iter=969/36796, batch_size=4, time_cost(epoch): 33:52/20:51:11, time_cost(all): 69:47:55/20:51:11, loss=1.572507619857788, d_time=0.25(0.26), f_time=1.83(1.84), b_time=2.08(2.10), lr=0.0010193814375222634
/bin/sh: line 1: gpustat: command not found
2026-03-13 15:48:27,534   INFO  
2026-03-13 15:49:36,856   INFO  Save latest model to /storage/project/r-gchou3-0/spanse30/MSF/output/cfgs/waymo_models/msf_8frames/default/ckpt/latest_model
2026-03-13 15:50:12,318   INFO  epoch: 5/6, acc_iter=185000, cur_iter=1019/36796, batch_size=4, time_cost(epoch): 35:37/20:49:37, time_cost(all): 69:49:40/20:49:37, loss=0.7594727277755737, d_time=0.25(0.26), f_time=1.08(1.84), b_time=1.33(2.10), lr=0.0010167109769850583
2026-03-13 15:51:58,531   INFO  epoch: 5/6, acc_iter=185050, cur_iter=1069/36796, batch_size=4, time_cost(epoch): 37:23/20:48:40, time_cost(all): 69:51:26/20:48:40, loss=1.1685678958892822, d_time=0.24(0.26), f_time=1.91(1.84), b_time=2.15(2.10), lr=0.001014043305286807
2026-03-13 15:53:42,967   INFO  epoch: 5/6, acc_iter=185100, cur_iter=1119/36796, batch_size=4, time_cost(epoch): 39:08/20:46:41, time_cost(all): 69:53:11/20:46:41, loss=1.4863593578338623, d_time=0.25(0.26), f_time=2.03(1.84), b_time=2.28(2.10), lr=0.0010113784261786497
/bin/sh: line 1: gpustat: command not found
2026-03-13 15:53:43,249   INFO  
2026-03-13 15:54:36,236   INFO  Save latest model to /storage/project/r-gchou3-0/spanse30/MSF/output/cfgs/waymo_models/msf_8frames/default/ckpt/latest_model
2026-03-13 15:55:29,193   INFO  epoch: 5/6, acc_iter=185150, cur_iter=1169/36796, batch_size=4, time_cost(epoch): 40:54/20:45:39, time_cost(all): 69:54:57/20:45:39, loss=1.346720576286316, d_time=0.25(0.26), f_time=1.85(1.84), b_time=2.10(2.10), lr=0.0010087163434077963
2026-03-13 15:57:14,412   INFO  epoch: 5/6, acc_iter=185200, cur_iter=1219/36796, batch_size=4, time_cost(epoch): 42:39/20:44:04, time_cost(all): 69:56:42/20:44:04, loss=1.5572667121887207, d_time=0.25(0.26), f_time=2.07(1.84), b_time=2.32(2.10), lr=0.0010060570607175314
2026-03-13 15:59:00,896   INFO  epoch: 5/6, acc_iter=185250, cur_iter=1269/36796, batch_size=4, time_cost(epoch): 44:26/20:43:03, time_cost(all): 69:58:28/20:43:03, loss=1.1255006790161133, d_time=0.25(0.26), f_time=1.69(1.84), b_time=1.94(2.10), lr=0.0010034005818471974
/bin/sh: line 1: gpustat: command not found
2026-03-13 15:59:01,177   INFO  
2026-03-13 15:59:36,567   INFO  Save latest model to /storage/project/r-gchou3-0/spanse30/MSF/output/cfgs/waymo_models/msf_8frames/default/ckpt/latest_model
2026-03-13 16:00:43,221   INFO  epoch: 5/6, acc_iter=185300, cur_iter=1319/36796, batch_size=4, time_cost(epoch): 46:08/20:40:07, time_cost(all): 70:00:11/20:40:07, loss=1.1593809127807617, d_time=0.25(0.26), f_time=1.59(1.84), b_time=1.84(2.10), lr=0.0010007469105321942
2026-03-13 16:02:26,804   INFO  epoch: 5/6, acc_iter=185350, cur_iter=1369/36796, batch_size=4, time_cost(epoch): 47:52/20:37:49, time_cost(all): 70:01:54/20:37:49, loss=1.3852832317352295, d_time=0.25(0.26), f_time=1.98(1.84), b_time=2.23(2.10), lr=0.000998096050503975
2026-03-13 16:04:12,024   INFO  epoch: 5/6, acc_iter=185400, cur_iter=1419/36796, batch_size=4, time_cost(epoch): 49:37/20:36:14, time_cost(all): 70:03:40/20:36:14, loss=1.323659896850586, d_time=0.25(0.26), f_time=2.01(1.84), b_time=2.26(2.10), lr=0.0009954480054900408
/bin/sh: line 1: gpustat: command not found
2026-03-13 16:04:12,318   INFO  
2026-03-13 16:04:35,580   INFO  Save latest model to /storage/project/r-gchou3-0/spanse30/MSF/output/cfgs/waymo_models/msf_8frames/default/ckpt/latest_model
2026-03-13 16:05:54,951   INFO  epoch: 5/6, acc_iter=185450, cur_iter=1469/36796, batch_size=4, time_cost(epoch): 51:20/20:33:43, time_cost(all): 70:05:23/20:33:43, loss=1.2228635549545288, d_time=0.25(0.26), f_time=2.04(1.84), b_time=2.29(2.10), lr=0.0009928027792139326
2026-03-13 16:07:38,086   INFO  epoch: 5/6, acc_iter=185500, cur_iter=1519/36796, batch_size=4, time_cost(epoch): 53:03/20:31:21, time_cost(all): 70:07:06/20:31:21, loss=1.0627552270889282, d_time=0.25(0.26), f_time=1.20(1.84), b_time=1.45(2.09), lr=0.000990160375395229
2026-03-13 16:09:25,064   INFO  epoch: 5/6, acc_iter=185550, cur_iter=1569/36796, batch_size=4, time_cost(epoch): 54:50/20:30:27, time_cost(all): 70:08:53/20:30:27, loss=0.9191341400146484, d_time=0.25(0.26), f_time=1.50(1.84), b_time=1.75(2.10), lr=0.000987520797749539
/bin/sh: line 1: gpustat: command not found
2026-03-13 16:09:25,349   INFO  
2026-03-13 16:09:35,774   INFO  Save latest model to /storage/project/r-gchou3-0/spanse30/MSF/output/cfgs/waymo_models/msf_8frames/default/ckpt/latest_model
2026-03-13 16:11:09,817   INFO  epoch: 5/6, acc_iter=185600, cur_iter=1619/36796, batch_size=4, time_cost(epoch): 56:35/20:28:41, time_cost(all): 70:10:37/20:28:41, loss=1.0419905185699463, d_time=0.25(0.26), f_time=1.62(1.84), b_time=1.87(2.10), lr=0.000984884049988498
2026-03-13 16:12:50,917   INFO  epoch: 5/6, acc_iter=185650, cur_iter=1669/36796, batch_size=4, time_cost(epoch): 58:16/20:25:39, time_cost(all): 70:12:18/20:25:39, loss=1.006577968597412, d_time=0.25(0.26), f_time=1.33(1.84), b_time=1.57(2.09), lr=0.000982250135819763
2026-03-13 16:14:35,355   INFO  epoch: 5/6, acc_iter=185700, cur_iter=1719/36796, batch_size=4, time_cost(epoch): 1:00:00/20:23:49, time_cost(all): 70:14:03/20:23:49, loss=1.1148964166641235, d_time=0.25(0.26), f_time=1.21(1.84), b_time=1.46(2.09), lr=0.0009796190589470032
/bin/sh: line 1: gpustat: command not found
2026-03-13 16:14:35,634   INFO  
2026-03-13 16:14:35,894   INFO  Save latest model to /storage/project/r-gchou3-0/spanse30/MSF/output/cfgs/waymo_models/msf_8frames/default/ckpt/latest_model
2026-03-13 16:16:22,386   INFO  epoch: 5/6, acc_iter=185750, cur_iter=1769/36796, batch_size=4, time_cost(epoch): 1:01:47/20:22:51, time_cost(all): 70:15:50/20:22:51, loss=1.212271809577942, d_time=0.25(0.26), f_time=1.62(1.84), b_time=1.87(2.09), lr=0.000976990823069903
2026-03-13 16:18:03,819   INFO  epoch: 5/6, acc_iter=185800, cur_iter=1819/36796, batch_size=4, time_cost(epoch): 1:03:29/20:20:03, time_cost(all): 70:17:31/20:20:03, loss=1.0144102573394775, d_time=0.25(0.26), f_time=1.34(1.84), b_time=1.59(2.09), lr=0.0009743654318841495
2026-03-13 16:19:36,906   INFO  Save latest model to /storage/project/r-gchou3-0/spanse30/MSF/output/cfgs/waymo_models/msf_8frames/default/ckpt/latest_model
2026-03-13 16:19:49,324   INFO  epoch: 5/6, acc_iter=185850, cur_iter=1869/36796, batch_size=4, time_cost(epoch): 1:05:14/20:18:35, time_cost(all): 70:19:17/20:18:35, loss=1.0434417724609375, d_time=0.24(0.26), f_time=1.99(1.84), b_time=2.23(2.09), lr=0.0009717428890814283
/bin/sh: line 1: gpustat: command not found
2026-03-13 16:19:49,610   INFO  
2026-03-13 16:21:34,537   INFO  epoch: 5/6, acc_iter=185900, cur_iter=1919/36796, batch_size=4, time_cost(epoch): 1:06:59/20:17:00, time_cost(all): 70:21:02/20:17:00, loss=1.2486834526062012, d_time=0.25(0.26), f_time=1.77(1.84), b_time=2.02(2.09), lr=0.0009691231983494209
2026-03-13 16:23:18,436   INFO  epoch: 5/6, acc_iter=185950, cur_iter=1969/36796, batch_size=4, time_cost(epoch): 1:08:43/20:15:01, time_cost(all): 70:22:46/20:15:01, loss=1.7142914533615112, d_time=0.25(0.25), f_time=1.59(1.84), b_time=1.84(2.09), lr=0.0009665063633718017
2026-03-13 16:24:36,651   INFO  Save latest model to /storage/project/r-gchou3-0/spanse30/MSF/output/cfgs/waymo_models/msf_8frames/default/ckpt/latest_model
2026-03-13 16:25:01,618   INFO  epoch: 5/6, acc_iter=186000, cur_iter=2019/36796, batch_size=4, time_cost(epoch): 1:10:26/20:12:51, time_cost(all): 70:24:29/20:12:51, loss=1.3823860883712769, d_time=0.25(0.25), f_time=1.79(1.84), b_time=2.04(2.09), lr=0.0009638923878282236
/bin/sh: line 1: gpustat: command not found
2026-03-13 16:25:01,895   INFO  
2026-03-13 16:26:43,237   INFO  epoch: 5/6, acc_iter=186050, cur_iter=2069/36796, batch_size=4, time_cost(epoch): 1:12:08/20:10:16, time_cost(all): 70:26:11/20:10:16, loss=1.4336954355239868, d_time=0.25(0.25), f_time=1.92(1.84), b_time=2.17(2.09), lr=0.0009612812753943215
2026-03-13 16:28:29,484   INFO  epoch: 5/6, acc_iter=186100, cur_iter=2119/36796, batch_size=4, time_cost(epoch): 1:13:54/20:08:59, time_cost(all): 70:27:57/20:08:59, loss=0.9066381454467773, d_time=0.25(0.25), f_time=1.12(1.84), b_time=1.37(2.09), lr=0.0009586730297417075
2026-03-13 16:29:35,033   INFO  Save latest model to /storage/project/r-gchou3-0/spanse30/MSF/output/cfgs/waymo_models/msf_8frames/default/ckpt/latest_model
2026-03-13 16:30:13,445   INFO  epoch: 5/6, acc_iter=186150, cur_iter=2169/36796, batch_size=4, time_cost(epoch): 1:15:38/20:07:05, time_cost(all): 70:29:41/20:07:05, loss=1.3662821054458618, d_time=0.25(0.25), f_time=2.47(1.84), b_time=2.72(2.09), lr=0.0009560676545379563
/bin/sh: line 1: gpustat: command not found
2026-03-13 16:30:13,742   INFO  
2026-03-13 16:31:56,811   INFO  epoch: 5/6, acc_iter=186200, cur_iter=2219/36796, batch_size=4, time_cost(epoch): 1:17:22/20:05:01, time_cost(all): 70:31:24/20:05:01, loss=1.2586958408355713, d_time=0.25(0.25), f_time=1.62(1.84), b_time=1.87(2.09), lr=0.0009534651534466108
2026-03-13 16:33:39,755   INFO  epoch: 5/6, acc_iter=186250, cur_iter=2269/36796, batch_size=4, time_cost(epoch): 1:19:05/20:02:52, time_cost(all): 70:33:07/20:02:52, loss=1.4056065082550049, d_time=0.25(0.25), f_time=2.00(1.84), b_time=2.25(2.09), lr=0.0009508655301271714
2026-03-13 16:34:37,293   INFO  Save latest model to /storage/project/r-gchou3-0/spanse30/MSF/output/cfgs/waymo_models/msf_8frames/default/ckpt/latest_model
2026-03-13 16:35:22,953   INFO  epoch: 5/6, acc_iter=186300, cur_iter=2319/36796, batch_size=4, time_cost(epoch): 1:20:48/20:00:48, time_cost(all): 70:34:51/20:00:48, loss=1.456092357635498, d_time=0.25(0.25), f_time=1.66(1.84), b_time=1.91(2.09), lr=0.0009482687882350914
/bin/sh: line 1: gpustat: command not found
2026-03-13 16:35:23,231   INFO  
2026-03-13 16:37:06,450   INFO  epoch: 5/6, acc_iter=186350, cur_iter=2369/36796, batch_size=4, time_cost(epoch): 1:22:31/19:58:49, time_cost(all): 70:36:34/19:58:49, loss=1.3078579902648926, d_time=0.25(0.25), f_time=2.51(1.83), b_time=2.76(2.09), lr=0.0009456749314217738
2026-03-13 16:38:49,095   INFO  epoch: 5/6, acc_iter=186400, cur_iter=2419/36796, batch_size=4, time_cost(epoch): 1:24:14/19:56:39, time_cost(all): 70:38:17/19:56:39, loss=1.3337342739105225, d_time=0.25(0.25), f_time=2.18(1.83), b_time=2.43(2.09), lr=0.0009430839633345608
2026-03-13 16:39:35,964   INFO  Save latest model to /storage/project/r-gchou3-0/spanse30/MSF/output/cfgs/waymo_models/msf_8frames/default/ckpt/latest_model
2026-03-13 16:40:36,113   INFO  epoch: 5/6, acc_iter=186450, cur_iter=2469/36796, batch_size=4, time_cost(epoch): 1:26:01/19:55:30, time_cost(all): 70:40:04/19:55:30, loss=0.9349915385246277, d_time=0.25(0.25), f_time=1.15(1.84), b_time=1.40(2.09), lr=0.0009404958876167384
/bin/sh: line 1: gpustat: command not found
2026-03-13 16:40:36,394   INFO  
2026-03-13 16:42:21,236   INFO  epoch: 5/6, acc_iter=186500, cur_iter=2519/36796, batch_size=4, time_cost(epoch): 1:27:46/19:53:54, time_cost(all): 70:41:49/19:53:54, loss=0.8983173370361328, d_time=0.25(0.25), f_time=1.47(1.84), b_time=1.71(2.09), lr=0.0009379107079075231
2026-03-13 16:44:03,195   INFO  epoch: 5/6, acc_iter=186550, cur_iter=2569/36796, batch_size=4, time_cost(epoch): 1:29:28/19:51:36, time_cost(all): 70:43:31/19:51:36, loss=1.4049662351608276, d_time=0.25(0.25), f_time=1.85(1.83), b_time=2.10(2.09), lr=0.000935328427842056
2026-03-13 16:44:35,876   INFO  Save latest model to /storage/project/r-gchou3-0/spanse30/MSF/output/cfgs/waymo_models/msf_8frames/default/ckpt/latest_model
2026-03-13 16:45:48,130   INFO  epoch: 5/6, acc_iter=186600, cur_iter=2619/36796, batch_size=4, time_cost(epoch): 1:31:13/19:49:58, time_cost(all): 70:45:16/19:49:58, loss=1.1134804487228394, d_time=0.25(0.25), f_time=1.38(1.83), b_time=1.62(2.09), lr=0.0009327490510514041
/bin/sh: line 1: gpustat: command not found
2026-03-13 16:45:48,408   INFO  
2026-03-13 16:47:33,504   INFO  epoch: 5/6, acc_iter=186650, cur_iter=2669/36796, batch_size=4, time_cost(epoch): 1:32:58/19:48:25, time_cost(all): 70:47:01/19:48:25, loss=1.5162982940673828, d_time=0.25(0.25), f_time=2.27(1.84), b_time=2.52(2.09), lr=0.0009301725811625543
2026-03-13 16:49:16,724   INFO  epoch: 5/6, acc_iter=186700, cur_iter=2719/36796, batch_size=4, time_cost(epoch): 1:34:41/19:46:25, time_cost(all): 70:48:44/19:46:25, loss=1.1511156558990479, d_time=0.25(0.25), f_time=2.15(1.83), b_time=2.40(2.09), lr=0.0009275990217984002
2026-03-13 16:49:34,948   INFO  Save latest model to /storage/project/r-gchou3-0/spanse30/MSF/output/cfgs/waymo_models/msf_8frames/default/ckpt/latest_model
2026-03-13 16:51:00,202   INFO  epoch: 5/6, acc_iter=186750, cur_iter=2769/36796, batch_size=4, time_cost(epoch): 1:36:25/19:44:29, time_cost(all): 70:50:28/19:44:29, loss=1.4231802225112915, d_time=0.25(0.25), f_time=1.43(1.83), b_time=1.68(2.09), lr=0.0009250283765777464
/bin/sh: line 1: gpustat: command not found
2026-03-13 16:51:00,488   INFO  
2026-03-13 16:52:42,723   INFO  epoch: 5/6, acc_iter=186800, cur_iter=2819/36796, batch_size=4, time_cost(epoch): 1:38:07/19:42:22, time_cost(all): 70:52:10/19:42:22, loss=1.416766881942749, d_time=0.25(0.25), f_time=1.07(1.83), b_time=1.32(2.09), lr=0.0009224606491152992
2026-03-13 16:54:29,640   INFO  epoch: 5/6, acc_iter=186850, cur_iter=2869/36796, batch_size=4, time_cost(epoch): 1:39:54/19:41:07, time_cost(all): 70:53:57/19:41:07, loss=1.5913443565368652, d_time=0.24(0.25), f_time=2.17(1.83), b_time=2.41(2.09), lr=0.0009198958430216624
2026-03-13 16:54:36,116   INFO  Save latest model to /storage/project/r-gchou3-0/spanse30/MSF/output/cfgs/waymo_models/msf_8frames/default/ckpt/latest_model
2026-03-13 16:56:13,493   INFO  epoch: 5/6, acc_iter=186900, cur_iter=2919/36796, batch_size=4, time_cost(epoch): 1:41:38/19:39:16, time_cost(all): 70:55:41/19:39:16, loss=1.3563200235366821, d_time=0.25(0.25), f_time=1.67(1.83), b_time=1.92(2.09), lr=0.000917333961903331
/bin/sh: line 1: gpustat: command not found
2026-03-13 16:56:13,774   INFO  
2026-03-13 16:57:55,759   INFO  epoch: 5/6, acc_iter=186950, cur_iter=2969/36796, batch_size=4, time_cost(epoch): 1:43:21/19:37:07, time_cost(all): 70:57:23/19:37:07, loss=1.0200327634811401, d_time=0.24(0.25), f_time=1.54(1.83), b_time=1.78(2.09), lr=0.0009147750093626878
2026-03-13 16:59:35,284   INFO  Save latest model to /storage/project/r-gchou3-0/spanse30/MSF/output/cfgs/waymo_models/msf_8frames/default/ckpt/latest_model
2026-03-13 16:59:38,676   INFO  epoch: 5/6, acc_iter=187000, cur_iter=3019/36796, batch_size=4, time_cost(epoch): 1:45:03/19:35:06, time_cost(all): 70:59:06/19:35:06, loss=1.200055718421936, d_time=0.25(0.25), f_time=1.48(1.83), b_time=1.72(2.09), lr=0.0009122189889979971
2026-03-13 17:01:25,432   INFO  epoch: 5/6, acc_iter=187050, cur_iter=3069/36796, batch_size=4, time_cost(epoch): 1:46:50/19:33:47, time_cost(all): 71:00:53/19:33:47, loss=1.1694167852401733, d_time=0.24(0.25), f_time=1.30(1.83), b_time=1.54(2.09), lr=0.0009096659044034006
/bin/sh: line 1: gpustat: command not found
2026-03-13 17:01:25,712   INFO  
2026-03-13 17:03:09,370   INFO  epoch: 5/6, acc_iter=187100, cur_iter=3119/36796, batch_size=4, time_cost(epoch): 1:48:34/19:31:58, time_cost(all): 71:02:37/19:31:58, loss=1.2625329494476318, d_time=0.25(0.25), f_time=2.07(1.83), b_time=2.32(2.09), lr=0.0009071157591689127
2026-03-13 17:04:36,707   INFO  Save latest model to /storage/project/r-gchou3-0/spanse30/MSF/output/cfgs/waymo_models/msf_8frames/default/ckpt/latest_model
2026-03-13 17:04:53,088   INFO  epoch: 5/6, acc_iter=187150, cur_iter=3169/36796, batch_size=4, time_cost(epoch): 1:50:18/19:30:06, time_cost(all): 71:04:21/19:30:06, loss=1.39113450050354, d_time=0.24(0.25), f_time=1.11(1.83), b_time=1.35(2.09), lr=0.0009045685568804105
2026-03-13 17:06:37,626   INFO  epoch: 5/6, acc_iter=187200, cur_iter=3219/36796, batch_size=4, time_cost(epoch): 1:52:02/19:28:23, time_cost(all): 71:06:05/19:28:23, loss=1.4030687808990479, d_time=0.24(0.25), f_time=2.44(1.83), b_time=2.69(2.09), lr=0.000902024301119639
/bin/sh: line 1: gpustat: command not found
2026-03-13 17:06:37,906   INFO  
2026-03-13 17:08:23,072   INFO  epoch: 5/6, acc_iter=187250, cur_iter=3269/36796, batch_size=4, time_cost(epoch): 1:53:48/19:26:50, time_cost(all): 71:07:51/19:26:50, loss=1.6315338611602783, d_time=0.24(0.25), f_time=2.01(1.83), b_time=2.25(2.09), lr=0.0008994829954641967
2026-03-13 17:09:36,690   INFO  Save latest model to /storage/project/r-gchou3-0/spanse30/MSF/output/cfgs/waymo_models/msf_8frames/default/ckpt/latest_model
2026-03-13 17:10:07,424   INFO  epoch: 5/6, acc_iter=187300, cur_iter=3319/36796, batch_size=4, time_cost(epoch): 1:55:32/19:25:05, time_cost(all): 71:09:35/19:25:05, loss=1.3445460796356201, d_time=0.25(0.25), f_time=1.73(1.83), b_time=1.98(2.09), lr=0.0008969446434875321
2026-03-13 17:11:52,309   INFO  epoch: 5/6, acc_iter=187350, cur_iter=3369/36796, batch_size=4, time_cost(epoch): 1:57:17/19:23:25, time_cost(all): 71:11:20/19:23:25, loss=1.4826632738113403, d_time=0.24(0.25), f_time=2.32(1.83), b_time=2.56(2.09), lr=0.0008944092487589434
/bin/sh: line 1: gpustat: command not found
2026-03-13 17:11:52,596   INFO  
2026-03-13 17:13:37,516   INFO  epoch: 5/6, acc_iter=187400, cur_iter=3419/36796, batch_size=4, time_cost(epoch): 1:59:02/19:21:49, time_cost(all): 71:13:05/19:21:49, loss=1.2678723335266113, d_time=0.25(0.25), f_time=1.87(1.83), b_time=2.12(2.09), lr=0.0008918768148435696
2026-03-13 17:14:36,463   INFO  Save latest model to /storage/project/r-gchou3-0/spanse30/MSF/output/cfgs/waymo_models/msf_8frames/default/ckpt/latest_model
2026-03-13 17:15:20,872   INFO  epoch: 5/6, acc_iter=187450, cur_iter=3469/36796, batch_size=4, time_cost(epoch): 2:00:46/19:19:54, time_cost(all): 71:14:48/19:19:54, loss=0.9756407737731934, d_time=0.28(0.25), f_time=1.18(1.83), b_time=1.46(2.09), lr=0.0008893473453023857
2026-03-13 17:17:05,885   INFO  epoch: 5/6, acc_iter=187500, cur_iter=3519/36796, batch_size=4, time_cost(epoch): 2:02:31/19:18:15, time_cost(all): 71:16:33/19:18:15, loss=1.283593773841858, d_time=0.25(0.25), f_time=1.66(1.83), b_time=1.91(2.09), lr=0.0008868208436921992
/bin/sh: line 1: gpustat: command not found
2026-03-13 17:17:06,168   INFO  
2026-03-13 17:18:51,135   INFO  epoch: 5/6, acc_iter=187550, cur_iter=3569/36796, batch_size=4, time_cost(epoch): 2:04:16/19:16:38, time_cost(all): 71:18:19/19:16:38, loss=1.6040419340133667, d_time=0.25(0.25), f_time=1.92(1.84), b_time=2.17(2.09), lr=0.0008842973135656435
2026-03-13 17:19:36,885   INFO  Save latest model to /storage/project/r-gchou3-0/spanse30/MSF/output/cfgs/waymo_models/msf_8frames/default/ckpt/latest_model
2026-03-13 17:20:35,031   INFO  epoch: 5/6, acc_iter=187600, cur_iter=3619/36796, batch_size=4, time_cost(epoch): 2:06:00/19:14:49, time_cost(all): 71:20:03/19:14:49, loss=1.3147231340408325, d_time=0.24(0.25), f_time=1.80(1.84), b_time=2.04(2.09), lr=0.0008817767584711742
2026-03-13 17:22:18,925   INFO  epoch: 5/6, acc_iter=187650, cur_iter=3669/36796, batch_size=4, time_cost(epoch): 2:07:44/19:13:00, time_cost(all): 71:21:46/19:13:00, loss=1.1736853122711182, d_time=0.25(0.25), f_time=1.74(1.84), b_time=1.99(2.09), lr=0.0008792591819530646
/bin/sh: line 1: gpustat: command not found
2026-03-13 17:22:19,212   INFO  
2026-03-13 17:24:02,282   INFO  epoch: 5/6, acc_iter=187700, cur_iter=3719/36796, batch_size=4, time_cost(epoch): 2:09:27/19:11:06, time_cost(all): 71:23:30/19:11:06, loss=1.1100738048553467, d_time=0.25(0.25), f_time=1.60(1.83), b_time=1.84(2.09), lr=0.000876744587551395
2026-03-13 17:24:36,754   INFO  Save latest model to /storage/project/r-gchou3-0/spanse30/MSF/output/cfgs/waymo_models/msf_8frames/default/ckpt/latest_model
2026-03-13 17:25:52,152   INFO  epoch: 5/6, acc_iter=187750, cur_iter=3769/36796, batch_size=4, time_cost(epoch): 2:11:17/19:10:10, time_cost(all): 71:25:20/19:10:10, loss=1.3370354175567627, d_time=0.24(0.25), f_time=1.29(1.84), b_time=1.53(2.09), lr=0.0008742329788020594
2026-03-13 17:27:38,736   INFO  epoch: 5/6, acc_iter=187800, cur_iter=3819/36796, batch_size=4, time_cost(epoch): 2:13:04/19:08:43, time_cost(all): 71:27:06/19:08:43, loss=1.602155089378357, d_time=0.25(0.25), f_time=2.80(1.84), b_time=3.05(2.09), lr=0.0008717243592367491
/bin/sh: line 1: gpustat: command not found
2026-03-13 17:27:39,014   INFO  
2026-03-13 17:29:21,806   INFO  epoch: 5/6, acc_iter=187850, cur_iter=3869/36796, batch_size=4, time_cost(epoch): 2:14:47/19:06:47, time_cost(all): 71:28:49/19:06:47, loss=1.156930685043335, d_time=0.25(0.25), f_time=1.79(1.84), b_time=2.04(2.09), lr=0.0008692187323829511
2026-03-13 17:29:35,071   INFO  Save latest model to /storage/project/r-gchou3-0/spanse30/MSF/output/cfgs/waymo_models/msf_8frames/default/ckpt/latest_model
2026-03-13 17:31:07,113   INFO  epoch: 5/6, acc_iter=187900, cur_iter=3919/36796, batch_size=4, time_cost(epoch): 2:16:32/19:05:09, time_cost(all): 71:30:35/19:05:09, loss=1.4157735109329224, d_time=0.25(0.25), f_time=2.14(1.84), b_time=2.39(2.09), lr=0.0008667161017639486
2026-03-13 17:32:49,161   INFO  epoch: 5/6, acc_iter=187950, cur_iter=3969/36796, batch_size=4, time_cost(epoch): 2:18:14/19:03:04, time_cost(all): 71:32:17/19:03:04, loss=1.142354965209961, d_time=0.25(0.25), f_time=1.51(1.84), b_time=1.76(2.09), lr=0.0008642164708988094
/bin/sh: line 1: gpustat: command not found
2026-03-13 17:32:49,442   INFO  
2026-03-13 17:34:35,069   INFO  epoch: 5/6, acc_iter=188000, cur_iter=4019/36796, batch_size=4, time_cost(epoch): 2:20:00/19:01:32, time_cost(all): 71:34:03/19:01:32, loss=0.9027062654495239, d_time=0.25(0.25), f_time=1.98(1.84), b_time=2.23(2.09), lr=0.0008617198433023809
2026-03-13 17:34:35,208   INFO  Save latest model to /storage/project/r-gchou3-0/spanse30/MSF/output/cfgs/waymo_models/msf_8frames/default/ckpt/latest_model
2026-03-13 17:36:21,198   INFO  epoch: 5/6, acc_iter=188050, cur_iter=4069/36796, batch_size=4, time_cost(epoch): 2:21:46/19:00:00, time_cost(all): 71:35:49/19:00:00, loss=1.1701457500457764, d_time=0.25(0.25), f_time=2.17(1.84), b_time=2.42(2.09), lr=0.0008592262224852897
2026-03-13 17:38:06,283   INFO  epoch: 5/6, acc_iter=188100, cur_iter=4119/36796, batch_size=4, time_cost(epoch): 2:23:31/18:58:20, time_cost(all): 71:37:34/18:58:20, loss=1.1517218351364136, d_time=0.25(0.25), f_time=1.31(1.84), b_time=1.56(2.09), lr=0.0008567356119539374
/bin/sh: line 1: gpustat: command not found
2026-03-13 17:38:06,671   INFO  
2026-03-13 17:39:35,268   INFO  Save latest model to /storage/project/r-gchou3-0/spanse30/MSF/output/cfgs/waymo_models/msf_8frames/default/ckpt/latest_model
2026-03-13 17:39:51,182   INFO  epoch: 5/6, acc_iter=188150, cur_iter=4169/36796, batch_size=4, time_cost(epoch): 2:25:16/18:56:39, time_cost(all): 71:39:19/18:56:39, loss=1.1325156688690186, d_time=0.25(0.25), f_time=1.80(1.84), b_time=2.05(2.09), lr=0.0008542480152104862
2026-03-13 17:41:38,371   INFO  epoch: 5/6, acc_iter=188200, cur_iter=4219/36796, batch_size=4, time_cost(epoch): 2:27:03/18:55:15, time_cost(all): 71:41:06/18:55:15, loss=1.459809422492981, d_time=0.25(0.25), f_time=1.89(1.84), b_time=2.14(2.09), lr=0.0008517634357528653
2026-03-13 17:43:19,676   INFO  epoch: 5/6, acc_iter=188250, cur_iter=4269/36796, batch_size=4, time_cost(epoch): 2:28:44/18:53:06, time_cost(all): 71:42:47/18:53:06, loss=1.27846097946167, d_time=0.25(0.25), f_time=1.98(1.84), b_time=2.23(2.09), lr=0.0008492818770747593
/bin/sh: line 1: gpustat: command not found
2026-03-13 17:43:19,953   INFO  
2026-03-13 17:44:35,088   INFO  Save latest model to /storage/project/r-gchou3-0/spanse30/MSF/output/cfgs/waymo_models/msf_8frames/default/ckpt/latest_model
2026-03-13 17:45:04,108   INFO  epoch: 5/6, acc_iter=188300, cur_iter=4319/36796, batch_size=4, time_cost(epoch): 2:30:29/18:51:21, time_cost(all): 71:44:32/18:51:21, loss=1.3028780221939087, d_time=0.25(0.25), f_time=1.67(1.84), b_time=1.91(2.09), lr=0.0008468033426656061
2026-03-13 17:46:51,243   INFO  epoch: 5/6, acc_iter=188350, cur_iter=4369/36796, batch_size=4, time_cost(epoch): 2:32:16/18:49:56, time_cost(all): 71:46:19/18:49:56, loss=1.2125040292739868, d_time=0.25(0.25), f_time=1.61(1.84), b_time=1.86(2.09), lr=0.0008443278360105909
2026-03-13 17:48:33,919   INFO  epoch: 5/6, acc_iter=188400, cur_iter=4419/36796, batch_size=4, time_cost(epoch): 2:33:59/18:47:58, time_cost(all): 71:48:01/18:47:58, loss=1.0856287479400635, d_time=0.25(0.25), f_time=1.69(1.84), b_time=1.94(2.09), lr=0.0008418553605906388
/bin/sh: line 1: gpustat: command not found
2026-03-13 17:48:34,197   INFO  
2026-03-13 17:49:36,996   INFO  Save latest model to /storage/project/r-gchou3-0/spanse30/MSF/output/cfgs/waymo_models/msf_8frames/default/ckpt/latest_model
2026-03-13 17:50:20,870   INFO  epoch: 5/6, acc_iter=188450, cur_iter=4469/36796, batch_size=4, time_cost(epoch): 2:35:46/18:46:31, time_cost(all): 71:49:48/18:46:31, loss=1.4437814950942993, d_time=0.25(0.25), f_time=2.86(1.84), b_time=3.11(2.09), lr=0.0008393859198824172
2026-03-13 17:52:02,291   INFO  epoch: 5/6, acc_iter=188500, cur_iter=4519/36796, batch_size=4, time_cost(epoch): 2:37:27/18:44:24, time_cost(all): 71:51:30/18:44:24, loss=1.2422006130218506, d_time=0.25(0.25), f_time=1.59(1.84), b_time=1.84(2.09), lr=0.0008369195173583238
2026-03-13 17:53:44,035   INFO  epoch: 5/6, acc_iter=188550, cur_iter=4569/36796, batch_size=4, time_cost(epoch): 2:39:09/18:42:20, time_cost(all): 71:53:12/18:42:20, loss=1.4760794639587402, d_time=0.25(0.25), f_time=1.89(1.84), b_time=2.14(2.09), lr=0.0008344561564864825
/bin/sh: line 1: gpustat: command not found
2026-03-13 17:53:44,315   INFO  
2026-03-13 17:54:35,487   INFO  Save latest model to /storage/project/r-gchou3-0/spanse30/MSF/output/cfgs/waymo_models/msf_8frames/default/ckpt/latest_model
2026-03-13 17:55:31,833   INFO  epoch: 5/6, acc_iter=188600, cur_iter=4619/36796, batch_size=4, time_cost(epoch): 2:40:57/18:40:59, time_cost(all): 71:54:59/18:40:59, loss=1.2209330797195435, d_time=0.25(0.25), f_time=1.92(1.84), b_time=2.17(2.09), lr=0.0008319958407307418
2026-03-13 17:57:15,497   INFO  epoch: 5/6, acc_iter=188650, cur_iter=4669/36796, batch_size=4, time_cost(epoch): 2:42:40/18:39:08, time_cost(all): 71:56:43/18:39:08, loss=1.3445981740951538, d_time=0.25(0.25), f_time=1.80(1.84), b_time=2.04(2.09), lr=0.0008295385735506709
2026-03-13 17:59:02,436   INFO  epoch: 5/6, acc_iter=188700, cur_iter=4719/36796, batch_size=4, time_cost(epoch): 2:44:27/18:37:40, time_cost(all): 71:58:30/18:37:40, loss=1.3191367387771606, d_time=0.25(0.25), f_time=1.48(1.84), b_time=1.73(2.09), lr=0.0008270843584015472
/bin/sh: line 1: gpustat: command not found
2026-03-13 17:59:02,716   INFO  
2026-03-13 17:59:37,336   INFO  Save latest model to /storage/project/r-gchou3-0/spanse30/MSF/output/cfgs/waymo_models/msf_8frames/default/ckpt/latest_model
srun: Job step aborted: Waiting up to 32 seconds for job step to finish.
[2026-03-13T18:00:10.506] error: *** STEP 4730339.0 ON atl1-1-01-010-29-0 CANCELLED AT 2026-03-13T18:00:10 DUE TO TIME LIMIT ***
[2026-03-13T18:00:10.507] error: *** JOB 4730339 ON atl1-1-01-010-29-0 CANCELLED AT 2026-03-13T18:00:10 DUE TO TIME LIMIT ***
