2026-03-08 14:18:46,588   INFO  **********************Start logging**********************
2026-03-08 14:18:46,588   INFO  CUDA_VISIBLE_DEVICES=0,1
2026-03-08 14:18:46,588   INFO  total_batch_size: 4
2026-03-08 14:18:46,588   INFO  cfg_file         tools/cfgs/waymo_models/msf_8frames.yaml
2026-03-08 14:18:46,588   INFO  batch_size       4
2026-03-08 14:18:46,588   INFO  epochs           6
2026-03-08 14:18:46,588   INFO  workers          8
2026-03-08 14:18:46,588   INFO  extra_tag        default
2026-03-08 14:18:46,588   INFO  ckpt             None
2026-03-08 14:18:46,588   INFO  pretrained_model None
2026-03-08 14:18:46,588   INFO  launcher         slurm
2026-03-08 14:18:46,588   INFO  tcp_port         18888
2026-03-08 14:18:46,588   INFO  sync_bn          False
2026-03-08 14:18:46,588   INFO  fix_random_seed  False
2026-03-08 14:18:46,589   INFO  ckpt_save_interval 1
2026-03-08 14:18:46,589   INFO  local_rank       0
2026-03-08 14:18:46,589   INFO  max_ckpt_save_num 30
2026-03-08 14:18:46,589   INFO  merge_all_iters_to_one_epoch False
2026-03-08 14:18:46,589   INFO  set_cfgs         ['DATA_CONFIG.ROI_BOXES_PATH.train', '/storage/project/r-gchou3-0/spanse30/OpenPCDet/output/cfgs/custom_models/centerpoint_multiframe_waymo/default/eval/epoch_36/train/default/result_fixed.pkl', 'DATA_CONFIG.ROI_BOXES_PATH.test', '/storage/project/r-gchou3-0/spanse30/OpenPCDet/output/cfgs/custom_models/centerpoint_multiframe_waymo/default/eval/epoch_36/val/default/result_fixed.pkl']
2026-03-08 14:18:46,589   INFO  max_waiting_mins 0
2026-03-08 14:18:46,589   INFO  start_epoch      0
2026-03-08 14:18:46,589   INFO  num_epochs_to_eval 0
2026-03-08 14:18:46,589   INFO  save_to_file     False
2026-03-08 14:18:46,589   INFO  use_tqdm_to_record False
2026-03-08 14:18:46,589   INFO  logger_iter_interval 50
2026-03-08 14:18:46,589   INFO  ckpt_save_time_interval 300
2026-03-08 14:18:46,589   INFO  wo_gpu_stat      False
2026-03-08 14:18:46,589   INFO  cfg.ROOT_DIR: /storage/project/r-gchou3-0/spanse30/MSF
2026-03-08 14:18:46,589   INFO  cfg.LOCAL_RANK: 0
2026-03-08 14:18:46,589   INFO  cfg.CLASS_NAMES: ['Vehicle', 'Pedestrian', 'Cyclist']
2026-03-08 14:18:46,589   INFO  
cfg.DATA_CONFIG = edict()
2026-03-08 14:18:46,589   INFO  cfg.DATA_CONFIG.DATASET: WaymoDataset
2026-03-08 14:18:46,589   INFO  cfg.DATA_CONFIG.DATA_PATH: /storage/project/r-gchou3-0/shared/waymo
2026-03-08 14:18:46,589   INFO  cfg.DATA_CONFIG.PROCESSED_DATA_TAG: waymo_processed_data_v0_5_0
2026-03-08 14:18:46,589   INFO  cfg.DATA_CONFIG.POINT_CLOUD_RANGE: [-75.2, -75.2, -2, 75.2, 75.2, 4]
2026-03-08 14:18:46,589   INFO  
cfg.DATA_CONFIG.DATA_SPLIT = edict()
2026-03-08 14:18:46,589   INFO  cfg.DATA_CONFIG.DATA_SPLIT.train: train
2026-03-08 14:18:46,589   INFO  cfg.DATA_CONFIG.DATA_SPLIT.test: val
2026-03-08 14:18:46,589   INFO  
cfg.DATA_CONFIG.SAMPLED_INTERVAL = edict()
2026-03-08 14:18:46,589   INFO  cfg.DATA_CONFIG.SAMPLED_INTERVAL.train: 1
2026-03-08 14:18:46,589   INFO  cfg.DATA_CONFIG.SAMPLED_INTERVAL.test: 1
2026-03-08 14:18:46,589   INFO  cfg.DATA_CONFIG.FILTER_EMPTY_BOXES_FOR_TRAIN: True
2026-03-08 14:18:46,589   INFO  cfg.DATA_CONFIG.DISABLE_NLZ_FLAG_ON_POINTS: True
2026-03-08 14:18:46,589   INFO  cfg.DATA_CONFIG.USE_SHARED_MEMORY: False
2026-03-08 14:18:46,589   INFO  cfg.DATA_CONFIG.SHARED_MEMORY_FILE_LIMIT: 35000
2026-03-08 14:18:46,589   INFO  
cfg.DATA_CONFIG.DATA_AUGMENTOR = edict()
2026-03-08 14:18:46,589   INFO  cfg.DATA_CONFIG.DATA_AUGMENTOR.DISABLE_AUG_LIST: ['placeholder']
2026-03-08 14:18:46,589   INFO  cfg.DATA_CONFIG.DATA_AUGMENTOR.AUG_CONFIG_LIST: [{'NAME': 'random_world_flip', 'ALONG_AXIS_LIST': ['x', 'y']}, {'NAME': 'random_world_rotation', 'WORLD_ROT_ANGLE': [-0.78539816, 0.78539816]}, {'NAME': 'random_world_scaling', 'WORLD_SCALE_RANGE': [0.95, 1.05]}]
2026-03-08 14:18:46,589   INFO  
cfg.DATA_CONFIG.POINT_FEATURE_ENCODING = edict()
2026-03-08 14:18:46,589   INFO  cfg.DATA_CONFIG.POINT_FEATURE_ENCODING.encoding_type: absolute_coordinates_encoding
2026-03-08 14:18:46,589   INFO  cfg.DATA_CONFIG.POINT_FEATURE_ENCODING.used_feature_list: ['x', 'y', 'z', 'intensity', 'elongation', 'time']
2026-03-08 14:18:46,589   INFO  cfg.DATA_CONFIG.POINT_FEATURE_ENCODING.src_feature_list: ['x', 'y', 'z', 'intensity', 'elongation', 'time']
2026-03-08 14:18:46,589   INFO  cfg.DATA_CONFIG.DATA_PROCESSOR: [{'NAME': 'mask_points_and_boxes_outside_range', 'REMOVE_OUTSIDE_BOXES': True}, {'NAME': 'shuffle_points', 'SHUFFLE_ENABLED': {'train': True, 'test': True}}]
2026-03-08 14:18:46,589   INFO  cfg.DATA_CONFIG._BASE_CONFIG_: /storage/project/r-gchou3-0/spanse30/MSF/tools/cfgs/dataset_configs/waymo_dataset.yaml
2026-03-08 14:18:46,589   INFO  
cfg.DATA_CONFIG.SEQUENCE_CONFIG = edict()
2026-03-08 14:18:46,589   INFO  cfg.DATA_CONFIG.SEQUENCE_CONFIG.ENABLED: True
2026-03-08 14:18:46,589   INFO  cfg.DATA_CONFIG.SEQUENCE_CONFIG.SAMPLE_OFFSET: [-7, 0]
2026-03-08 14:18:46,589   INFO  cfg.DATA_CONFIG.USE_PREDBOX: True
2026-03-08 14:18:46,590   INFO  
cfg.DATA_CONFIG.ROI_BOXES_PATH = edict()
2026-03-08 14:18:46,590   INFO  cfg.DATA_CONFIG.ROI_BOXES_PATH.train: /storage/project/r-gchou3-0/spanse30/OpenPCDet/output/cfgs/custom_models/centerpoint_multiframe_waymo/default/eval/epoch_36/train/default/result_fixed.pkl
2026-03-08 14:18:46,590   INFO  cfg.DATA_CONFIG.ROI_BOXES_PATH.test: /storage/project/r-gchou3-0/spanse30/OpenPCDet/output/cfgs/custom_models/centerpoint_multiframe_waymo/default/eval/epoch_36/val/default/result_fixed.pkl
2026-03-08 14:18:46,590   INFO  
cfg.MODEL = edict()
2026-03-08 14:18:46,590   INFO  cfg.MODEL.NAME: MSF
2026-03-08 14:18:46,590   INFO  
cfg.MODEL.ROI_HEAD = edict()
2026-03-08 14:18:46,590   INFO  cfg.MODEL.ROI_HEAD.NAME: MSFHead
2026-03-08 14:18:46,590   INFO  cfg.MODEL.ROI_HEAD.TRANS_INPUT: 256
2026-03-08 14:18:46,590   INFO  cfg.MODEL.ROI_HEAD.CLASS_AGNOSTIC: True
2026-03-08 14:18:46,590   INFO  
cfg.MODEL.ROI_HEAD.USE_BOX_ENCODING = edict()
2026-03-08 14:18:46,590   INFO  cfg.MODEL.ROI_HEAD.USE_BOX_ENCODING.ENABLED: True
2026-03-08 14:18:46,590   INFO  cfg.MODEL.ROI_HEAD.AVG_STAGE1_SCORE: True
2026-03-08 14:18:46,590   INFO  cfg.MODEL.ROI_HEAD.USE_TRAJ_EMPTY_MASK: True
2026-03-08 14:18:46,590   INFO  cfg.MODEL.ROI_HEAD.USE_AUX_LOSS: True
2026-03-08 14:18:46,590   INFO  cfg.MODEL.ROI_HEAD.IOU_WEIGHT: [0.5, 0.4]
2026-03-08 14:18:46,590   INFO  
cfg.MODEL.ROI_HEAD.VoxelSampler = edict()
2026-03-08 14:18:46,590   INFO  cfg.MODEL.ROI_HEAD.VoxelSampler.voxel_size: 0.4
2026-03-08 14:18:46,590   INFO  cfg.MODEL.ROI_HEAD.VoxelSampler.pc_range: [-75.2, -75.2, -10, 75.2, 75.2, 10]
2026-03-08 14:18:46,590   INFO  cfg.MODEL.ROI_HEAD.VoxelSampler.max_points_per_voxel: 32
2026-03-08 14:18:46,590   INFO  
cfg.MODEL.ROI_HEAD.ROI_GRID_POOL = edict()
2026-03-08 14:18:46,590   INFO  cfg.MODEL.ROI_HEAD.ROI_GRID_POOL.GRID_SIZE: 4
2026-03-08 14:18:46,590   INFO  cfg.MODEL.ROI_HEAD.ROI_GRID_POOL.MLPS: [[128, 128], [128, 128]]
2026-03-08 14:18:46,590   INFO  cfg.MODEL.ROI_HEAD.ROI_GRID_POOL.POOL_RADIUS: [0.8, 1.6]
2026-03-08 14:18:46,590   INFO  cfg.MODEL.ROI_HEAD.ROI_GRID_POOL.NSAMPLE: [16, 16]
2026-03-08 14:18:46,590   INFO  cfg.MODEL.ROI_HEAD.ROI_GRID_POOL.POOL_METHOD: max_pool
2026-03-08 14:18:46,590   INFO  
cfg.MODEL.ROI_HEAD.Transformer = edict()
2026-03-08 14:18:46,590   INFO  cfg.MODEL.ROI_HEAD.Transformer.num_lidar_points: 128
2026-03-08 14:18:46,590   INFO  cfg.MODEL.ROI_HEAD.Transformer.pos_hidden_dim: 64
2026-03-08 14:18:46,590   INFO  cfg.MODEL.ROI_HEAD.Transformer.enc_layers: 3
2026-03-08 14:18:46,590   INFO  cfg.MODEL.ROI_HEAD.Transformer.dim_feedforward: 512
2026-03-08 14:18:46,590   INFO  cfg.MODEL.ROI_HEAD.Transformer.hidden_dim: 256
2026-03-08 14:18:46,590   INFO  cfg.MODEL.ROI_HEAD.Transformer.dropout: 0.1
2026-03-08 14:18:46,590   INFO  cfg.MODEL.ROI_HEAD.Transformer.nheads: 4
2026-03-08 14:18:46,590   INFO  cfg.MODEL.ROI_HEAD.Transformer.pre_norm: False
2026-03-08 14:18:46,590   INFO  cfg.MODEL.ROI_HEAD.Transformer.num_frames: 4
2026-03-08 14:18:46,590   INFO  cfg.MODEL.ROI_HEAD.Transformer.num_groups: 4
2026-03-08 14:18:46,590   INFO  
cfg.MODEL.ROI_HEAD.Transformer.use_grid_pos = edict()
2026-03-08 14:18:46,590   INFO  cfg.MODEL.ROI_HEAD.Transformer.use_grid_pos.enabled: True
2026-03-08 14:18:46,590   INFO  cfg.MODEL.ROI_HEAD.Transformer.use_grid_pos.init_type: index
2026-03-08 14:18:46,590   INFO  
cfg.MODEL.ROI_HEAD.Transformer.use_mlp_mixer = edict()
2026-03-08 14:18:46,590   INFO  cfg.MODEL.ROI_HEAD.Transformer.use_mlp_mixer.enabled: True
2026-03-08 14:18:46,590   INFO  cfg.MODEL.ROI_HEAD.Transformer.use_mlp_mixer.hidden_dim: 16
2026-03-08 14:18:46,590   INFO  
cfg.MODEL.ROI_HEAD.TARGET_CONFIG = edict()
2026-03-08 14:18:46,590   INFO  cfg.MODEL.ROI_HEAD.TARGET_CONFIG.BOX_CODER: ResidualCoder
2026-03-08 14:18:46,590   INFO  cfg.MODEL.ROI_HEAD.TARGET_CONFIG.ROI_PER_IMAGE: 96
2026-03-08 14:18:46,590   INFO  cfg.MODEL.ROI_HEAD.TARGET_CONFIG.FG_RATIO: 0.5
2026-03-08 14:18:46,590   INFO  cfg.MODEL.ROI_HEAD.TARGET_CONFIG.REG_AUG_METHOD: single
2026-03-08 14:18:46,591   INFO  cfg.MODEL.ROI_HEAD.TARGET_CONFIG.ROI_FG_AUG_TIMES: 10
2026-03-08 14:18:46,591   INFO  cfg.MODEL.ROI_HEAD.TARGET_CONFIG.RATIO: 0.2
2026-03-08 14:18:46,591   INFO  cfg.MODEL.ROI_HEAD.TARGET_CONFIG.USE_ROI_AUG: True
2026-03-08 14:18:46,591   INFO  
cfg.MODEL.ROI_HEAD.TARGET_CONFIG.USE_TRAJ_AUG = edict()
2026-03-08 14:18:46,591   INFO  cfg.MODEL.ROI_HEAD.TARGET_CONFIG.USE_TRAJ_AUG.ENABLED: True
2026-03-08 14:18:46,591   INFO  cfg.MODEL.ROI_HEAD.TARGET_CONFIG.USE_TRAJ_AUG.THRESHOD: 0.8
2026-03-08 14:18:46,591   INFO  cfg.MODEL.ROI_HEAD.TARGET_CONFIG.SAMPLE_ROI_BY_EACH_CLASS: True
2026-03-08 14:18:46,591   INFO  cfg.MODEL.ROI_HEAD.TARGET_CONFIG.CLS_SCORE_TYPE: roi_iou
2026-03-08 14:18:46,591   INFO  cfg.MODEL.ROI_HEAD.TARGET_CONFIG.CLS_FG_THRESH: 0.75
2026-03-08 14:18:46,591   INFO  cfg.MODEL.ROI_HEAD.TARGET_CONFIG.CLS_BG_THRESH: 0.25
2026-03-08 14:18:46,591   INFO  cfg.MODEL.ROI_HEAD.TARGET_CONFIG.CLS_BG_THRESH_LO: 0.1
2026-03-08 14:18:46,591   INFO  cfg.MODEL.ROI_HEAD.TARGET_CONFIG.HARD_BG_RATIO: 0.8
2026-03-08 14:18:46,591   INFO  cfg.MODEL.ROI_HEAD.TARGET_CONFIG.REG_FG_THRESH: 0.55
2026-03-08 14:18:46,591   INFO  
cfg.MODEL.ROI_HEAD.LOSS_CONFIG = edict()
2026-03-08 14:18:46,591   INFO  cfg.MODEL.ROI_HEAD.LOSS_CONFIG.CLS_LOSS: BinaryCrossEntropy
2026-03-08 14:18:46,591   INFO  cfg.MODEL.ROI_HEAD.LOSS_CONFIG.REG_LOSS: smooth-l1
2026-03-08 14:18:46,591   INFO  cfg.MODEL.ROI_HEAD.LOSS_CONFIG.CORNER_LOSS_REGULARIZATION: True
2026-03-08 14:18:46,591   INFO  
cfg.MODEL.ROI_HEAD.LOSS_CONFIG.LOSS_WEIGHTS = edict()
2026-03-08 14:18:46,591   INFO  cfg.MODEL.ROI_HEAD.LOSS_CONFIG.LOSS_WEIGHTS.rcnn_cls_weight: 1.0
2026-03-08 14:18:46,591   INFO  cfg.MODEL.ROI_HEAD.LOSS_CONFIG.LOSS_WEIGHTS.rcnn_reg_weight: 1.0
2026-03-08 14:18:46,591   INFO  cfg.MODEL.ROI_HEAD.LOSS_CONFIG.LOSS_WEIGHTS.rcnn_corner_weight: 2.0
2026-03-08 14:18:46,591   INFO  cfg.MODEL.ROI_HEAD.LOSS_CONFIG.LOSS_WEIGHTS.traj_reg_weight: [2.0, 2.0, 2.0]
2026-03-08 14:18:46,591   INFO  cfg.MODEL.ROI_HEAD.LOSS_CONFIG.LOSS_WEIGHTS.code_weights: [1.0, 1.0, 1.0, 1.0, 1.0, 1.0, 1.0]
2026-03-08 14:18:46,591   INFO  
cfg.MODEL.POST_PROCESSING = edict()
2026-03-08 14:18:46,591   INFO  cfg.MODEL.POST_PROCESSING.RECALL_THRESH_LIST: [0.3, 0.5, 0.7]
2026-03-08 14:18:46,591   INFO  cfg.MODEL.POST_PROCESSING.SCORE_THRESH: 0.1
2026-03-08 14:18:46,591   INFO  cfg.MODEL.POST_PROCESSING.OUTPUT_RAW_SCORE: False
2026-03-08 14:18:46,591   INFO  cfg.MODEL.POST_PROCESSING.SAVE_BBOX: False
2026-03-08 14:18:46,591   INFO  cfg.MODEL.POST_PROCESSING.EVAL_METRIC: waymo
2026-03-08 14:18:46,591   INFO  cfg.MODEL.POST_PROCESSING.NOT_APPLY_NMS_FOR_VEL: True
2026-03-08 14:18:46,591   INFO  
cfg.MODEL.POST_PROCESSING.NMS_CONFIG = edict()
2026-03-08 14:18:46,591   INFO  cfg.MODEL.POST_PROCESSING.NMS_CONFIG.MULTI_CLASSES_NMS: False
2026-03-08 14:18:46,591   INFO  cfg.MODEL.POST_PROCESSING.NMS_CONFIG.NMS_TYPE: nms_gpu
2026-03-08 14:18:46,591   INFO  cfg.MODEL.POST_PROCESSING.NMS_CONFIG.NMS_THRESH: 0.7
2026-03-08 14:18:46,591   INFO  cfg.MODEL.POST_PROCESSING.NMS_CONFIG.NMS_PRE_MAXSIZE: 4096
2026-03-08 14:18:46,591   INFO  cfg.MODEL.POST_PROCESSING.NMS_CONFIG.NMS_POST_MAXSIZE: 500
2026-03-08 14:18:46,591   INFO  
cfg.OPTIMIZATION = edict()
2026-03-08 14:18:46,591   INFO  cfg.OPTIMIZATION.BATCH_SIZE_PER_GPU: 4
2026-03-08 14:18:46,591   INFO  cfg.OPTIMIZATION.NUM_EPOCHS: 6
2026-03-08 14:18:46,591   INFO  cfg.OPTIMIZATION.OPTIMIZER: adam_onecycle
2026-03-08 14:18:46,591   INFO  cfg.OPTIMIZATION.LR: 0.006
2026-03-08 14:18:46,591   INFO  cfg.OPTIMIZATION.WEIGHT_DECAY: 0.01
2026-03-08 14:18:46,591   INFO  cfg.OPTIMIZATION.MOMENTUM: 0.9
2026-03-08 14:18:46,591   INFO  cfg.OPTIMIZATION.MOMS: [0.95, 0.85]
2026-03-08 14:18:46,591   INFO  cfg.OPTIMIZATION.PCT_START: 0.4
2026-03-08 14:18:46,591   INFO  cfg.OPTIMIZATION.DIV_FACTOR: 10
2026-03-08 14:18:46,591   INFO  cfg.OPTIMIZATION.DECAY_STEP_LIST: [35, 45]
2026-03-08 14:18:46,591   INFO  cfg.OPTIMIZATION.LR_DECAY: 0.1
2026-03-08 14:18:46,592   INFO  cfg.OPTIMIZATION.LR_CLIP: 1e-07
2026-03-08 14:18:46,592   INFO  cfg.OPTIMIZATION.LR_WARMUP: False
2026-03-08 14:18:46,592   INFO  cfg.OPTIMIZATION.WARMUP_EPOCH: 1
2026-03-08 14:18:46,592   INFO  cfg.OPTIMIZATION.GRAD_NORM_CLIP: 10
2026-03-08 14:18:46,592   INFO  cfg.TAG: msf_8frames
2026-03-08 14:18:46,592   INFO  cfg.EXP_GROUP_PATH: cfgs/waymo_models
2026-03-08 14:18:46,628   INFO  Loading Waymo dataset
2026-03-08 14:19:00,708   INFO  Total skipped info 0
2026-03-08 14:19:00,709   INFO  Total samples for Waymo dataset: 147182
2026-03-08 14:19:00,710   INFO  Loading and reorganizing pred_boxes to dict from path: /storage/project/r-gchou3-0/spanse30/OpenPCDet/output/cfgs/custom_models/centerpoint_multiframe_waymo/default/eval/epoch_36/train/default/result_fixed.pkl
2026-03-08 14:19:18,845   INFO  Predicted boxes has been loaded, total sequences: 798
2026-03-08 14:19:19,694   INFO  DistributedDataParallel(
  (module): MSF(
    (vfe): None
    (backbone_3d): None
    (map_to_bev_module): None
    (pfe): None
    (backbone_2d): None
    (dense_head): None
    (point_head): None
    (roi_head): MSFHead(
      (proposal_target_layer): ProposalTargetLayerMPPNet()
      (reg_loss_func): WeightedSmoothL1Loss()
      (seqboxembed): PointNet(
        (feat): PointNetfeat(
          (conv1): Conv1d(8, 64, kernel_size=(1,), stride=(1,))
          (conv2): Conv1d(64, 128, kernel_size=(1,), stride=(1,))
          (conv3): Conv1d(128, 256, kernel_size=(1,), stride=(1,))
          (conv4): Conv1d(256, 512, kernel_size=(1,), stride=(1,))
          (bn1): BatchNorm1d(64, eps=1e-05, momentum=0.1, affine=True, track_running_stats=True)
          (bn2): BatchNorm1d(128, eps=1e-05, momentum=0.1, affine=True, track_running_stats=True)
          (bn3): BatchNorm1d(256, eps=1e-05, momentum=0.1, affine=True, track_running_stats=True)
          (bn4): BatchNorm1d(512, eps=1e-05, momentum=0.1, affine=True, track_running_stats=True)
        )
        (fc1): Linear(in_features=512, out_features=256, bias=True)
        (fc2): Linear(in_features=256, out_features=256, bias=True)
        (pre_bn): BatchNorm1d(8, eps=1e-05, momentum=0.1, affine=True, track_running_stats=True)
        (bn1): BatchNorm1d(256, eps=1e-05, momentum=0.1, affine=True, track_running_stats=True)
        (bn2): BatchNorm1d(256, eps=1e-05, momentum=0.1, affine=True, track_running_stats=True)
        (relu): ReLU()
        (fc_s1): Linear(in_features=256, out_features=256, bias=True)
        (fc_s2): Linear(in_features=256, out_features=3, bias=False)
        (fc_ce1): Linear(in_features=256, out_features=256, bias=True)
        (fc_ce2): Linear(in_features=256, out_features=3, bias=False)
        (fc_hr1): Linear(in_features=256, out_features=256, bias=True)
        (fc_hr2): Linear(in_features=256, out_features=1, bias=False)
      )
      (jointembed): MLP(
        (layers): ModuleList(
          (0): Linear(in_features=1280, out_features=256, bias=True)
          (1-2): 2 x Linear(in_features=256, out_features=256, bias=True)
          (3): Linear(in_features=256, out_features=7, bias=True)
        )
      )
      (up_dimension_geometry): MLP(
        (layers): ModuleList(
          (0): Linear(in_features=29, out_features=64, bias=True)
          (1): Linear(in_features=64, out_features=64, bias=True)
          (2): Linear(in_features=64, out_features=256, bias=True)
        )
      )
      (up_dimension_motion): MLP(
        (layers): ModuleList(
          (0): Linear(in_features=30, out_features=64, bias=True)
          (1): Linear(in_features=64, out_features=64, bias=True)
          (2): Linear(in_features=64, out_features=256, bias=True)
        )
      )
      (transformer): Transformer(
        (encoder): TransformerEncoder(
          (layers): ModuleList(
            (0-1): 2 x TransformerEncoderLayer(
              (self_attn): MultiheadAttention(
                (out_proj): NonDynamicallyQuantizableLinear(in_features=256, out_features=256, bias=True)
              )
              (linear1): Linear(in_features=256, out_features=512, bias=True)
              (dropout): Dropout(p=0.1, inplace=False)
              (linear2): Linear(in_features=512, out_features=256, bias=True)
              (norm1): LayerNorm((256,), eps=1e-05, elementwise_affine=True)
              (norm2): LayerNorm((256,), eps=1e-05, elementwise_affine=True)
              (dropout1): Dropout(p=0.1, inplace=False)
              (dropout2): Dropout(p=0.1, inplace=False)
              (cross_conv_1): Linear(in_features=512, out_features=256, bias=True)
              (cross_norm_1): LayerNorm((256,), eps=1e-05, elementwise_affine=True)
              (cross_conv_2): Linear(in_features=512, out_features=256, bias=True)
              (cross_norm_2): LayerNorm((256,), eps=1e-05, elementwise_affine=True)
              (mlp_mixer_3d): SpatialMixerBlock(
                (mixer): MultiheadAttention(
                  (out_proj): NonDynamicallyQuantizableLinear(in_features=256, out_features=256, bias=True)
                )
                (dropout): Dropout(p=0.0, inplace=False)
                (norm): LayerNorm((256,), eps=1e-05, elementwise_affine=True)
                (norm_channel): LayerNorm((256,), eps=1e-05, elementwise_affine=True)
                (ffn): Sequential(
                  (0): Linear(in_features=256, out_features=512, bias=True)
                  (1): ReLU()
                  (2): Dropout(p=0.0, inplace=False)
                  (3): Linear(in_features=512, out_features=256, bias=True)
                )
              )
            )
            (2): TransformerEncoderLayer(
              (self_attn): MultiheadAttention(
                (out_proj): NonDynamicallyQuantizableLinear(in_features=256, out_features=256, bias=True)
              )
              (linear1): Linear(in_features=256, out_features=512, bias=True)
              (dropout): Dropout(p=0.1, inplace=False)
              (linear2): Linear(in_features=512, out_features=256, bias=True)
              (norm1): LayerNorm((256,), eps=1e-05, elementwise_affine=True)
              (norm2): LayerNorm((256,), eps=1e-05, elementwise_affine=True)
              (dropout1): Dropout(p=0.1, inplace=False)
              (dropout2): Dropout(p=0.1, inplace=False)
              (mlp_mixer_3d): SpatialMixerBlock(
                (mixer): MultiheadAttention(
                  (out_proj): NonDynamicallyQuantizableLinear(in_features=256, out_features=256, bias=True)
                )
                (dropout): Dropout(p=0.0, inplace=False)
                (norm): LayerNorm((256,), eps=1e-05, elementwise_affine=True)
                (norm_channel): LayerNorm((256,), eps=1e-05, elementwise_affine=True)
                (ffn): Sequential(
                  (0): Linear(in_features=256, out_features=512, bias=True)
                  (1): ReLU()
                  (2): Dropout(p=0.0, inplace=False)
                  (3): Linear(in_features=512, out_features=256, bias=True)
                )
              )
            )
          )
        )
      )
      (class_embed): ModuleList(
        (0): Linear(in_features=256, out_features=1, bias=True)
      )
      (bbox_embed): ModuleList(
        (0-3): 4 x MLP(
          (layers): ModuleList(
            (0-2): 3 x Linear(in_features=256, out_features=256, bias=True)
            (3): Linear(in_features=256, out_features=7, bias=True)
          )
        )
      )
    )
  )
)
2026-03-08 14:19:19,696   INFO  **********************Start training cfgs/waymo_models/msf_8frames(default)**********************
epochs:   0%|          | 0/6 [00:00<?, ?it/s]
train:   0%|          | 0/36796 [00:00<?, ?it/s][A/storage/project/r-gchou3-0/spanse30/MSF/pcdet/ops/iou3d_nms/iou3d_nms_utils.py:66: UserWarning: The torch.cuda.*DtypeTensor constructors are no longer recommended. It's best to use methods such as torch.tensor(data, dtype=*, device='cuda') to create tensors. (Triggered internally at ../torch/csrc/tensor/python_tensor.cpp:83.)
  overlaps_bev = torch.cuda.FloatTensor(torch.Size((boxes_a.shape[0], boxes_b.shape[0]))).zero_()  # (N, M)
2026-03-08 14:19:55,579   INFO  epoch: 0/6, acc_iter=1, cur_iter=0/36796, batch_size=4, time_cost(epoch): 00:32/328:31:01, time_cost(all): 00:35/1971:06:07, loss=4.645005226135254, d_time=22.08(22.08), f_time=10.06(10.06), b_time=32.14(32.14), lr=0.0005999999999999998
2026-03-08 14:21:35,350   INFO  epoch: 0/6, acc_iter=50, cur_iter=49/36796, batch_size=4, time_cost(epoch): 02:11/26:55:47, time_cost(all): 02:15/161:45:31, loss=2.1141953468322754, d_time=0.25(0.68), f_time=2.28(1.95), b_time=2.53(2.63), lr=0.0006000041020957601
2026-03-08 14:23:17,387   INFO  epoch: 0/6, acc_iter=100, cur_iter=99/36796, batch_size=4, time_cost(epoch): 03:53/23:50:52, time_cost(all): 03:57/143:24:31, loss=1.9697093963623047, d_time=0.25(0.46), f_time=1.51(1.87), b_time=1.76(2.34), lr=0.0006000167449434282
2026-03-08 14:24:25,512   INFO  Save latest model to /storage/project/r-gchou3-0/spanse30/MSF/output/cfgs/waymo_models/msf_8frames/default/ckpt/latest_model
2026-03-08 14:25:00,939   INFO  epoch: 0/6, acc_iter=150, cur_iter=149/36796, batch_size=4, time_cost(epoch): 05:37/22:54:15, time_cost(all): 05:41/137:53:32, loss=1.8088933229446411, d_time=0.25(0.39), f_time=1.32(1.85), b_time=1.57(2.25), lr=0.0006000379302114976
/bin/sh: line 1: gpustat: command not found
2026-03-08 14:25:01,195   INFO  
2026-03-08 14:26:48,239   INFO  epoch: 0/6, acc_iter=200, cur_iter=199/36796, batch_size=4, time_cost(epoch): 07:24/22:36:31, time_cost(all): 07:28/136:16:04, loss=1.9360535144805908, d_time=0.25(0.36), f_time=1.98(1.86), b_time=2.22(2.22), lr=0.0006000676578329419
2026-03-08 14:28:31,787   INFO  epoch: 0/6, acc_iter=250, cur_iter=249/36796, batch_size=4, time_cost(epoch): 09:08/22:16:01, time_cost(all): 09:12/134:21:42, loss=1.9336284399032593, d_time=0.25(0.34), f_time=1.81(1.86), b_time=2.06(2.19), lr=0.0006001059277137072
2026-03-08 14:29:25,778   INFO  Save latest model to /storage/project/r-gchou3-0/spanse30/MSF/output/cfgs/waymo_models/msf_8frames/default/ckpt/latest_model
2026-03-08 14:30:13,481   INFO  epoch: 0/6, acc_iter=300, cur_iter=299/36796, batch_size=4, time_cost(epoch): 10:50/21:58:02, time_cost(all): 10:53/132:42:12, loss=1.924903154373169, d_time=0.25(0.32), f_time=1.90(1.84), b_time=2.15(2.17), lr=0.0006001527397327096
/bin/sh: line 1: gpustat: command not found
2026-03-08 14:30:13,712   INFO  
2026-03-08 14:31:56,369   INFO  epoch: 0/6, acc_iter=350, cur_iter=349/36796, batch_size=4, time_cost(epoch): 12:32/21:46:45, time_cost(all): 12:36/131:43:09, loss=1.5984015464782715, d_time=0.25(0.31), f_time=1.81(1.84), b_time=2.06(2.15), lr=0.0006002080937418438
2026-03-08 14:33:38,648   INFO  epoch: 0/6, acc_iter=400, cur_iter=399/36796, batch_size=4, time_cost(epoch): 14:15/21:36:57, time_cost(all): 14:18/130:52:51, loss=1.451101303100586, d_time=0.24(0.30), f_time=1.00(1.83), b_time=1.25(2.14), lr=0.0006002719895659755
2026-03-08 14:34:25,396   INFO  Save latest model to /storage/project/r-gchou3-0/spanse30/MSF/output/cfgs/waymo_models/msf_8frames/default/ckpt/latest_model
2026-03-08 14:35:22,382   INFO  epoch: 0/6, acc_iter=450, cur_iter=449/36796, batch_size=4, time_cost(epoch): 15:58/21:30:54, time_cost(all): 16:02/130:25:13, loss=1.5289658308029175, d_time=0.27(0.30), f_time=1.04(1.83), b_time=1.31(2.13), lr=0.0006003444270029461
/bin/sh: line 1: gpustat: command not found
2026-03-08 14:35:22,751   INFO  
2026-03-08 14:37:02,358   INFO  epoch: 0/6, acc_iter=500, cur_iter=499/36796, batch_size=4, time_cost(epoch): 17:38/21:21:11, time_cost(all): 17:42/129:35:11, loss=1.5725958347320557, d_time=0.25(0.29), f_time=1.20(1.82), b_time=1.45(2.12), lr=0.0006004254058235726
2026-03-08 14:38:48,883   INFO  epoch: 0/6, acc_iter=550, cur_iter=549/36796, batch_size=4, time_cost(epoch): 19:25/21:20:07, time_cost(all): 19:29/129:37:39, loss=1.8467414379119873, d_time=0.25(0.29), f_time=2.08(1.83), b_time=2.33(2.12), lr=0.0006005149257716476
2026-03-08 14:39:23,890   INFO  Save latest model to /storage/project/r-gchou3-0/spanse30/MSF/output/cfgs/waymo_models/msf_8frames/default/ckpt/latest_model
2026-03-08 14:40:33,290   INFO  epoch: 0/6, acc_iter=600, cur_iter=599/36796, batch_size=4, time_cost(epoch): 21:09/21:16:48, time_cost(all): 21:13/129:26:27, loss=2.07902193069458, d_time=0.25(0.29), f_time=3.02(1.83), b_time=3.27(2.12), lr=0.0006006129865639412
/bin/sh: line 1: gpustat: command not found
2026-03-08 14:40:33,594   INFO  
2026-03-08 14:42:15,038   INFO  epoch: 0/6, acc_iter=650, cur_iter=649/36796, batch_size=4, time_cost(epoch): 22:51/21:11:15, time_cost(all): 22:55/129:01:41, loss=1.4264215230941772, d_time=0.25(0.28), f_time=1.22(1.82), b_time=1.47(2.11), lr=0.0006007195878902005
2026-03-08 14:43:52,521   INFO  epoch: 0/6, acc_iter=700, cur_iter=699/36796, batch_size=4, time_cost(epoch): 24:29/21:02:36, time_cost(all): 24:32/128:17:53, loss=1.7284785509109497, d_time=0.25(0.28), f_time=1.07(1.82), b_time=1.32(2.10), lr=0.0006008347294131512
2026-03-08 14:44:24,041   INFO  Save latest model to /storage/project/r-gchou3-0/spanse30/MSF/output/cfgs/waymo_models/msf_8frames/default/ckpt/latest_model
2026-03-08 14:45:35,812   INFO  epoch: 0/6, acc_iter=750, cur_iter=749/36796, batch_size=4, time_cost(epoch): 26:12/20:59:32, time_cost(all): 26:16/128:08:06, loss=1.8203355073928833, d_time=0.22(0.28), f_time=1.86(1.82), b_time=2.08(2.10), lr=0.0006009584107685003
/bin/sh: line 1: gpustat: command not found
2026-03-08 14:45:36,049   INFO  
2026-03-08 14:47:16,201   INFO  epoch: 0/6, acc_iter=800, cur_iter=799/36796, batch_size=4, time_cost(epoch): 27:52/20:54:28, time_cost(all): 27:56/127:46:01, loss=1.9174299240112305, d_time=0.25(0.28), f_time=2.51(1.81), b_time=2.76(2.09), lr=0.0006010906315649352
2026-03-08 14:48:56,259   INFO  epoch: 0/6, acc_iter=850, cur_iter=849/36796, batch_size=4, time_cost(epoch): 29:32/20:49:33, time_cost(all): 29:36/127:24:55, loss=1.7109181880950928, d_time=0.25(0.28), f_time=1.72(1.81), b_time=1.97(2.09), lr=0.0006012313913841246
2026-03-08 14:49:23,866   INFO  Save latest model to /storage/project/r-gchou3-0/spanse30/MSF/output/cfgs/waymo_models/msf_8frames/default/ckpt/latest_model
2026-03-08 14:50:38,343   INFO  epoch: 0/6, acc_iter=900, cur_iter=899/36796, batch_size=4, time_cost(epoch): 31:14/20:46:21, time_cost(all): 31:18/127:14:13, loss=1.8360238075256348, d_time=0.25(0.28), f_time=1.76(1.81), b_time=2.01(2.08), lr=0.0006013806897807216
/bin/sh: line 1: gpustat: command not found
2026-03-08 14:50:38,579   INFO  
2026-03-08 14:52:18,816   INFO  epoch: 0/6, acc_iter=950, cur_iter=949/36796, batch_size=4, time_cost(epoch): 32:55/20:42:18, time_cost(all): 32:59/126:58:16, loss=1.8392791748046875, d_time=0.24(0.27), f_time=1.89(1.80), b_time=2.13(2.08), lr=0.0006015385262823645
2026-03-08 14:53:57,635   INFO  epoch: 0/6, acc_iter=1000, cur_iter=999/36796, batch_size=4, time_cost(epoch): 34:34/20:37:30, time_cost(all): 34:37/126:37:40, loss=2.0007858276367188, d_time=0.25(0.27), f_time=1.44(1.80), b_time=1.69(2.07), lr=0.0006017049003896775
2026-03-08 14:54:25,518   INFO  Save latest model to /storage/project/r-gchou3-0/spanse30/MSF/output/cfgs/waymo_models/msf_8frames/default/ckpt/latest_model
2026-03-08 14:55:43,886   INFO  epoch: 0/6, acc_iter=1050, cur_iter=1049/36796, batch_size=4, time_cost(epoch): 36:20/20:37:12, time_cost(all): 36:24/126:44:48, loss=1.7312991619110107, d_time=0.25(0.27), f_time=1.80(1.80), b_time=2.05(2.08), lr=0.0006018798115762728
/bin/sh: line 1: gpustat: command not found
2026-03-08 14:55:44,323   INFO  
2026-03-08 14:57:28,770   INFO  epoch: 0/6, acc_iter=1100, cur_iter=1099/36796, batch_size=4, time_cost(epoch): 38:05/20:36:03, time_cost(all): 38:09/126:46:35, loss=1.9927926063537598, d_time=0.25(0.27), f_time=2.44(1.81), b_time=2.69(2.08), lr=0.0006020632592887527
2026-03-08 14:59:11,110   INFO  epoch: 0/6, acc_iter=1150, cur_iter=1149/36796, batch_size=4, time_cost(epoch): 39:47/20:33:31, time_cost(all): 39:51/126:39:57, loss=1.625259518623352, d_time=0.25(0.27), f_time=1.44(1.81), b_time=1.69(2.08), lr=0.0006022552429467108
2026-03-08 14:59:24,369   INFO  Save latest model to /storage/project/r-gchou3-0/spanse30/MSF/output/cfgs/waymo_models/msf_8frames/default/ckpt/latest_model
2026-03-08 15:00:53,039   INFO  epoch: 0/6, acc_iter=1200, cur_iter=1199/36796, batch_size=4, time_cost(epoch): 41:29/20:30:51, time_cost(all): 41:33/126:32:29, loss=1.6867527961730957, d_time=0.25(0.27), f_time=2.13(1.80), b_time=2.38(2.07), lr=0.0006024557619427346
/bin/sh: line 1: gpustat: command not found
2026-03-08 15:00:53,276   INFO  
2026-03-08 15:02:36,581   INFO  epoch: 0/6, acc_iter=1250, cur_iter=1249/36796, batch_size=4, time_cost(epoch): 43:13/20:29:02, time_cost(all): 43:16/126:30:11, loss=1.7847011089324951, d_time=0.25(0.27), f_time=1.66(1.81), b_time=1.91(2.07), lr=0.0006026648156424062
2026-03-08 15:04:17,372   INFO  epoch: 0/6, acc_iter=1300, cur_iter=1299/36796, batch_size=4, time_cost(epoch): 44:53/20:25:58, time_cost(all): 44:57/126:20:12, loss=2.096578359603882, d_time=0.25(0.27), f_time=2.16(1.80), b_time=2.41(2.07), lr=0.0006028824033843042
2026-03-08 15:04:24,986   INFO  Save latest model to /storage/project/r-gchou3-0/spanse30/MSF/output/cfgs/waymo_models/msf_8frames/default/ckpt/latest_model
2026-03-08 15:05:58,473   INFO  epoch: 0/6, acc_iter=1350, cur_iter=1349/36796, batch_size=4, time_cost(epoch): 46:35/20:23:09, time_cost(all): 46:38/126:11:40, loss=1.7643110752105713, d_time=0.24(0.27), f_time=2.15(1.80), b_time=2.39(2.07), lr=0.0006031085244800069
/bin/sh: line 1: gpustat: command not found
2026-03-08 15:05:58,705   INFO  
2026-03-08 15:07:42,759   INFO  epoch: 0/6, acc_iter=1400, cur_iter=1399/36796, batch_size=4, time_cost(epoch): 48:19/20:21:45, time_cost(all): 48:23/126:11:57, loss=1.9136505126953125, d_time=0.25(0.27), f_time=1.90(1.80), b_time=2.15(2.07), lr=0.0006033431782140955
2026-03-08 15:09:24,145   INFO  epoch: 0/6, acc_iter=1450, cur_iter=1449/36796, batch_size=4, time_cost(epoch): 50:00/20:19:08, time_cost(all): 50:04/126:04:46, loss=1.762605905532837, d_time=0.25(0.27), f_time=2.23(1.80), b_time=2.48(2.07), lr=0.0006035863638441542
2026-03-08 15:09:24,291   INFO  Save latest model to /storage/project/r-gchou3-0/spanse30/MSF/output/cfgs/waymo_models/msf_8frames/default/ckpt/latest_model
2026-03-08 15:11:04,455   INFO  epoch: 0/6, acc_iter=1500, cur_iter=1499/36796, batch_size=4, time_cost(epoch): 51:41/20:16:11, time_cost(all): 51:44/125:55:21, loss=1.605547308921814, d_time=0.25(0.27), f_time=2.02(1.80), b_time=2.27(2.07), lr=0.0006038380806007724
/bin/sh: line 1: gpustat: command not found
2026-03-08 15:11:04,694   INFO  
2026-03-08 15:12:49,146   INFO  epoch: 0/6, acc_iter=1550, cur_iter=1549/36796, batch_size=4, time_cost(epoch): 53:25/20:14:57, time_cost(all): 53:29/125:56:44, loss=1.6209344863891602, d_time=0.25(0.27), f_time=1.62(1.80), b_time=1.87(2.07), lr=0.0006040983276875489
2026-03-08 15:14:24,444   INFO  Save latest model to /storage/project/r-gchou3-0/spanse30/MSF/output/cfgs/waymo_models/msf_8frames/default/ckpt/latest_model
2026-03-08 15:14:32,368   INFO  epoch: 0/6, acc_iter=1600, cur_iter=1599/36796, batch_size=4, time_cost(epoch): 55:08/20:13:10, time_cost(all): 55:12/125:54:35, loss=1.8139530420303345, d_time=0.25(0.27), f_time=2.03(1.80), b_time=2.28(2.07), lr=0.0006043671042810939
2026-03-08 15:16:17,743   INFO  epoch: 0/6, acc_iter=1650, cur_iter=1649/36796, batch_size=4, time_cost(epoch): 56:54/20:12:08, time_cost(all): 56:58/125:57:14, loss=1.6926761865615845, d_time=0.25(0.26), f_time=2.22(1.80), b_time=2.47(2.07), lr=0.0006046444095310303
/bin/sh: line 1: gpustat: command not found
2026-03-08 15:16:17,978   INFO  
2026-03-08 15:17:59,192   INFO  epoch: 0/6, acc_iter=1700, cur_iter=1699/36796, batch_size=4, time_cost(epoch): 58:35/20:09:43, time_cost(all): 58:39/125:51:11, loss=1.7502129077911377, d_time=0.25(0.26), f_time=1.40(1.80), b_time=1.65(2.07), lr=0.0006049302425599973
2026-03-08 15:19:25,255   INFO  Save latest model to /storage/project/r-gchou3-0/spanse30/MSF/output/cfgs/waymo_models/msf_8frames/default/ckpt/latest_model
2026-03-08 15:19:40,387   INFO  epoch: 0/6, acc_iter=1750, cur_iter=1749/36796, batch_size=4, time_cost(epoch): 1:00:16/20:07:16, time_cost(all): 1:00:20/125:44:51, loss=1.9354552030563354, d_time=0.25(0.26), f_time=2.16(1.80), b_time=2.41(2.07), lr=0.000605224602463655
2026-03-08 15:21:25,228   INFO  epoch: 0/6, acc_iter=1800, cur_iter=1799/36796, batch_size=4, time_cost(epoch): 1:02:01/20:06:01, time_cost(all): 1:02:05/125:46:10, loss=2.165497303009033, d_time=0.25(0.26), f_time=2.06(1.80), b_time=2.31(2.07), lr=0.0006055274883106834
/bin/sh: line 1: gpustat: command not found
2026-03-08 15:21:25,463   INFO  
2026-03-08 15:23:05,031   INFO  epoch: 0/6, acc_iter=1850, cur_iter=1849/36796, batch_size=4, time_cost(epoch): 1:03:41/20:03:10, time_cost(all): 1:03:45/125:37:23, loss=1.5154752731323242, d_time=0.25(0.26), f_time=1.38(1.80), b_time=1.63(2.07), lr=0.0006058388991427889
2026-03-08 15:24:25,126   INFO  Save latest model to /storage/project/r-gchou3-0/spanse30/MSF/output/cfgs/waymo_models/msf_8frames/default/ckpt/latest_model
2026-03-08 15:24:45,020   INFO  epoch: 0/6, acc_iter=1900, cur_iter=1899/36796, batch_size=4, time_cost(epoch): 1:05:21/20:00:27, time_cost(all): 1:05:25/125:29:20, loss=1.4793360233306885, d_time=0.25(0.26), f_time=1.65(1.80), b_time=1.90(2.06), lr=0.0006061588339747043
2026-03-08 15:26:29,912   INFO  epoch: 0/6, acc_iter=1950, cur_iter=1949/36796, batch_size=4, time_cost(epoch): 1:07:06/19:59:14, time_cost(all): 1:07:10/125:30:46, loss=1.6356956958770752, d_time=0.25(0.26), f_time=2.10(1.80), b_time=2.34(2.06), lr=0.0006064872917941957
/bin/sh: line 1: gpustat: command not found
2026-03-08 15:26:30,149   INFO  
2026-03-08 15:28:10,132   INFO  epoch: 0/6, acc_iter=2000, cur_iter=1999/36796, batch_size=4, time_cost(epoch): 1:08:46/19:56:38, time_cost(all): 1:08:50/125:23:32, loss=1.8971666097640991, d_time=0.25(0.26), f_time=1.89(1.80), b_time=2.14(2.06), lr=0.0006068242715620608
2026-03-08 15:29:23,785   INFO  Save latest model to /storage/project/r-gchou3-0/spanse30/MSF/output/cfgs/waymo_models/msf_8frames/default/ckpt/latest_model
2026-03-08 15:29:53,578   INFO  epoch: 0/6, acc_iter=2050, cur_iter=2049/36796, batch_size=4, time_cost(epoch): 1:10:30/19:54:59, time_cost(all): 1:10:33/125:22:19, loss=1.9836448431015015, d_time=0.25(0.26), f_time=1.76(1.80), b_time=2.01(2.06), lr=0.0006071697722121383
2026-03-08 15:31:35,928   INFO  epoch: 0/6, acc_iter=2100, cur_iter=2099/36796, batch_size=4, time_cost(epoch): 1:12:12/19:53:03, time_cost(all): 1:12:16/125:19:10, loss=1.647994875907898, d_time=0.25(0.26), f_time=2.08(1.80), b_time=2.33(2.06), lr=0.0006075237926513044
/bin/sh: line 1: gpustat: command not found
2026-03-08 15:31:36,170   INFO  
2026-03-08 15:33:17,841   INFO  epoch: 0/6, acc_iter=2150, cur_iter=2149/36796, batch_size=4, time_cost(epoch): 1:13:54/19:50:59, time_cost(all): 1:13:58/125:15:21, loss=1.627457857131958, d_time=0.25(0.26), f_time=2.08(1.80), b_time=2.33(2.06), lr=0.0006078863317594821
2026-03-08 15:34:25,623   INFO  Save latest model to /storage/project/r-gchou3-0/spanse30/MSF/output/cfgs/waymo_models/msf_8frames/default/ckpt/latest_model
2026-03-08 15:35:00,565   INFO  epoch: 0/6, acc_iter=2200, cur_iter=2199/36796, batch_size=4, time_cost(epoch): 1:15:37/19:49:10, time_cost(all): 1:15:40/125:12:58, loss=1.4688931703567505, d_time=0.25(0.26), f_time=1.90(1.80), b_time=2.15(2.06), lr=0.0006082573883896408
2026-03-08 15:36:42,852   INFO  epoch: 0/6, acc_iter=2250, cur_iter=2249/36796, batch_size=4, time_cost(epoch): 1:17:19/19:47:14, time_cost(all): 1:17:23/125:09:54, loss=1.5076557397842407, d_time=0.25(0.26), f_time=1.41(1.80), b_time=1.66(2.06), lr=0.0006086369613678023
/bin/sh: line 1: gpustat: command not found
2026-03-08 15:36:43,093   INFO  
2026-03-08 15:38:23,856   INFO  epoch: 0/6, acc_iter=2300, cur_iter=2299/36796, batch_size=4, time_cost(epoch): 1:19:00/19:45:00, time_cost(all): 1:19:04/125:04:52, loss=1.3250937461853027, d_time=0.25(0.26), f_time=1.56(1.80), b_time=1.81(2.06), lr=0.0006090250494930451
2026-03-08 15:39:25,172   INFO  Save latest model to /storage/project/r-gchou3-0/spanse30/MSF/output/cfgs/waymo_models/msf_8frames/default/ckpt/latest_model
2026-03-08 15:40:04,720   INFO  epoch: 0/6, acc_iter=2350, cur_iter=2349/36796, batch_size=4, time_cost(epoch): 1:20:41/19:42:44, time_cost(all): 1:20:45/124:59:45, loss=1.2904541492462158, d_time=0.25(0.26), f_time=1.20(1.80), b_time=1.45(2.06), lr=0.0006094216515375043
2026-03-08 15:41:46,321   INFO  epoch: 0/6, acc_iter=2400, cur_iter=2399/36796, batch_size=4, time_cost(epoch): 1:22:22/19:40:41, time_cost(all): 1:22:26/124:55:54, loss=1.812851905822754, d_time=0.25(0.26), f_time=2.03(1.80), b_time=2.28(2.06), lr=0.0006098267662463779
/bin/sh: line 1: gpustat: command not found
2026-03-08 15:41:46,562   INFO  
2026-03-08 15:43:29,900   INFO  epoch: 0/6, acc_iter=2450, cur_iter=2449/36796, batch_size=4, time_cost(epoch): 1:24:06/19:39:07, time_cost(all): 1:24:10/124:55:05, loss=1.7429455518722534, d_time=0.25(0.26), f_time=1.74(1.80), b_time=1.99(2.06), lr=0.0006102403923379327
2026-03-08 15:44:23,761   INFO  Save latest model to /storage/project/r-gchou3-0/spanse30/MSF/output/cfgs/waymo_models/msf_8frames/default/ckpt/latest_model
2026-03-08 15:45:11,209   INFO  epoch: 0/6, acc_iter=2500, cur_iter=2499/36796, batch_size=4, time_cost(epoch): 1:25:47/19:37:01, time_cost(all): 1:25:51/124:50:56, loss=1.665393352508545, d_time=0.24(0.26), f_time=2.57(1.80), b_time=2.82(2.06), lr=0.0006106625285035071
2026-03-08 15:46:54,685   INFO  epoch: 0/6, acc_iter=2550, cur_iter=2549/36796, batch_size=4, time_cost(epoch): 1:27:31/19:35:25, time_cost(all): 1:27:34/124:49:57, loss=1.491428017616272, d_time=0.25(0.26), f_time=1.37(1.80), b_time=1.62(2.06), lr=0.0006110931734075115
/bin/sh: line 1: gpustat: command not found
2026-03-08 15:46:54,924   INFO  
2026-03-08 15:48:37,482   INFO  epoch: 0/6, acc_iter=2600, cur_iter=2599/36796, batch_size=4, time_cost(epoch): 1:29:14/19:33:40, time_cost(all): 1:29:17/124:48:00, loss=1.4904615879058838, d_time=0.25(0.26), f_time=1.68(1.80), b_time=1.93(2.06), lr=0.0006115323256874385
2026-03-08 15:49:24,133   INFO  Save latest model to /storage/project/r-gchou3-0/spanse30/MSF/output/cfgs/waymo_models/msf_8frames/default/ckpt/latest_model
2026-03-08 15:50:19,558   INFO  epoch: 0/6, acc_iter=2650, cur_iter=2649/36796, batch_size=4, time_cost(epoch): 1:30:56/19:31:45, time_cost(all): 1:30:59/124:45:04, loss=2.06695818901062, d_time=0.25(0.26), f_time=2.59(1.80), b_time=2.84(2.06), lr=0.0006119799839538632
2026-03-08 15:52:01,753   INFO  epoch: 0/6, acc_iter=2700, cur_iter=2699/36796, batch_size=4, time_cost(epoch): 1:32:38/19:29:53, time_cost(all): 1:32:42/124:42:20, loss=1.48293137550354, d_time=0.24(0.26), f_time=1.08(1.80), b_time=1.33(2.06), lr=0.0006124361467904488
/bin/sh: line 1: gpustat: command not found
2026-03-08 15:52:02,003   INFO  
2026-03-08 15:53:44,716   INFO  epoch: 0/6, acc_iter=2750, cur_iter=2749/36796, batch_size=4, time_cost(epoch): 1:34:21/19:28:10, time_cost(all): 1:34:25/124:40:40, loss=1.8143486976623535, d_time=0.25(0.26), f_time=2.20(1.80), b_time=2.44(2.06), lr=0.0006129008127539514
2026-03-08 15:54:24,699   INFO  Save latest model to /storage/project/r-gchou3-0/spanse30/MSF/output/cfgs/waymo_models/msf_8frames/default/ckpt/latest_model
2026-03-08 15:55:29,436   INFO  epoch: 0/6, acc_iter=2800, cur_iter=2799/36796, batch_size=4, time_cost(epoch): 1:36:05/19:26:49, time_cost(all): 1:36:09/124:41:16, loss=1.8519500494003296, d_time=0.25(0.26), f_time=2.06(1.80), b_time=2.31(2.06), lr=0.0006133739803742249
2026-03-08 15:57:07,199   INFO  epoch: 0/6, acc_iter=2850, cur_iter=2849/36796, batch_size=4, time_cost(epoch): 1:37:43/19:24:04, time_cost(all): 1:37:47/124:32:56, loss=1.3983978033065796, d_time=0.25(0.26), f_time=1.31(1.80), b_time=1.56(2.06), lr=0.000613855648154223
/bin/sh: line 1: gpustat: command not found
2026-03-08 15:57:07,440   INFO  
2026-03-08 15:58:48,075   INFO  epoch: 0/6, acc_iter=2900, cur_iter=2899/36796, batch_size=4, time_cost(epoch): 1:39:24/19:21:58, time_cost(all): 1:39:28/124:28:43, loss=1.7850403785705566, d_time=0.25(0.26), f_time=1.95(1.80), b_time=2.19(2.06), lr=0.0006143458145700074
2026-03-08 15:59:26,034   INFO  Save latest model to /storage/project/r-gchou3-0/spanse30/MSF/output/cfgs/waymo_models/msf_8frames/default/ckpt/latest_model
2026-03-08 16:00:29,669   INFO  epoch: 0/6, acc_iter=2950, cur_iter=2949/36796, batch_size=4, time_cost(epoch): 1:41:06/19:20:01, time_cost(all): 1:41:09/124:25:28, loss=1.5948299169540405, d_time=0.25(0.26), f_time=2.46(1.80), b_time=2.71(2.06), lr=0.0006148444780707503
2026-03-08 16:02:11,451   INFO  epoch: 0/6, acc_iter=3000, cur_iter=2999/36796, batch_size=4, time_cost(epoch): 1:42:48/19:18:06, time_cost(all): 1:42:51/124:22:30, loss=1.6118860244750977, d_time=0.26(0.26), f_time=2.18(1.80), b_time=2.43(2.06), lr=0.0006153516370787423
/bin/sh: line 1: gpustat: command not found
2026-03-08 16:02:11,687   INFO  
2026-03-08 16:03:55,903   INFO  epoch: 0/6, acc_iter=3050, cur_iter=3049/36796, batch_size=4, time_cost(epoch): 1:44:32/19:16:42, time_cost(all): 1:44:36/124:22:45, loss=1.687709093093872, d_time=0.25(0.26), f_time=1.54(1.80), b_time=1.79(2.06), lr=0.0006158672899893927
2026-03-08 16:04:24,580   INFO  Save latest model to /storage/project/r-gchou3-0/spanse30/MSF/output/cfgs/waymo_models/msf_8frames/default/ckpt/latest_model
2026-03-08 16:05:43,626   INFO  epoch: 0/6, acc_iter=3100, cur_iter=3099/36796, batch_size=4, time_cost(epoch): 1:46:20/19:15:52, time_cost(all): 1:46:23/124:26:46, loss=1.6925755739212036, d_time=0.25(0.26), f_time=2.16(1.80), b_time=2.41(2.06), lr=0.0006163914351712376
2026-03-08 16:07:27,796   INFO  epoch: 0/6, acc_iter=3150, cur_iter=3149/36796, batch_size=4, time_cost(epoch): 1:48:04/19:14:23, time_cost(all): 1:48:08/124:26:30, loss=1.5842595100402832, d_time=0.25(0.26), f_time=2.07(1.80), b_time=2.32(2.06), lr=0.0006169240709659471
/bin/sh: line 1: gpustat: command not found
2026-03-08 16:07:28,031   INFO  
2026-03-08 16:09:03,546   INFO  epoch: 0/6, acc_iter=3200, cur_iter=3199/36796, batch_size=4, time_cost(epoch): 1:49:40/19:11:24, time_cost(all): 1:49:43/124:16:40, loss=1.481466293334961, d_time=0.25(0.26), f_time=1.24(1.80), b_time=1.49(2.06), lr=0.0006174651956883234
2026-03-08 16:09:24,866   INFO  Save latest model to /storage/project/r-gchou3-0/spanse30/MSF/output/cfgs/waymo_models/msf_8frames/default/ckpt/latest_model
2026-03-08 16:10:46,941   INFO  epoch: 0/6, acc_iter=3250, cur_iter=3249/36796, batch_size=4, time_cost(epoch): 1:51:23/19:09:48, time_cost(all): 1:51:27/124:15:36, loss=1.5220950841903687, d_time=0.25(0.26), f_time=2.16(1.80), b_time=2.41(2.06), lr=0.000618014807626314
2026-03-08 16:12:29,901   INFO  epoch: 0/6, acc_iter=3300, cur_iter=3299/36796, batch_size=4, time_cost(epoch): 1:53:06/19:08:06, time_cost(all): 1:53:10/124:14:02, loss=1.458612084388733, d_time=0.25(0.26), f_time=2.04(1.80), b_time=2.29(2.06), lr=0.0006185729050410139
/bin/sh: line 1: gpustat: command not found
2026-03-08 16:12:30,270   INFO  
2026-03-08 16:14:07,904   INFO  epoch: 0/6, acc_iter=3350, cur_iter=3349/36796, batch_size=4, time_cost(epoch): 1:54:44/19:05:35, time_cost(all): 1:54:48/124:07:06, loss=1.2721402645111084, d_time=0.25(0.26), f_time=1.66(1.80), b_time=1.91(2.05), lr=0.0006191394861666706
2026-03-08 16:14:25,567   INFO  Save latest model to /storage/project/r-gchou3-0/spanse30/MSF/output/cfgs/waymo_models/msf_8frames/default/ckpt/latest_model
2026-03-08 16:15:50,908   INFO  epoch: 0/6, acc_iter=3400, cur_iter=3399/36796, batch_size=4, time_cost(epoch): 1:56:27/19:03:55, time_cost(all): 1:56:31/124:05:39, loss=1.5353903770446777, d_time=0.25(0.26), f_time=1.83(1.80), b_time=2.08(2.06), lr=0.0006197145492106886
2026-03-08 16:17:29,754   INFO  epoch: 0/6, acc_iter=3450, cur_iter=3449/36796, batch_size=4, time_cost(epoch): 1:58:06/19:01:34, time_cost(all): 1:58:10/123:59:50, loss=1.311291217803955, d_time=0.25(0.26), f_time=1.12(1.80), b_time=1.37(2.05), lr=0.0006202980923536404
/bin/sh: line 1: gpustat: command not found
2026-03-08 16:17:30,026   INFO  
2026-03-08 16:19:14,623   INFO  epoch: 0/6, acc_iter=3500, cur_iter=3499/36796, batch_size=4, time_cost(epoch): 1:59:51/19:00:12, time_cost(all): 1:59:54/124:00:22, loss=1.6087760925292969, d_time=0.25(0.26), f_time=1.70(1.80), b_time=1.95(2.05), lr=0.0006208901137492633
2026-03-08 16:19:25,176   INFO  Save latest model to /storage/project/r-gchou3-0/spanse30/MSF/output/cfgs/waymo_models/msf_8frames/default/ckpt/latest_model
2026-03-08 16:20:59,261   INFO  epoch: 0/6, acc_iter=3550, cur_iter=3549/36796, batch_size=4, time_cost(epoch): 2:01:35/18:58:47, time_cost(all): 2:01:39/124:00:36, loss=1.505075216293335, d_time=0.26(0.26), f_time=1.57(1.80), b_time=1.82(2.06), lr=0.0006214906115244749
2026-03-08 16:22:42,960   INFO  epoch: 0/6, acc_iter=3600, cur_iter=3599/36796, batch_size=4, time_cost(epoch): 2:03:19/18:57:13, time_cost(all): 2:03:23/123:59:50, loss=1.759387731552124, d_time=0.25(0.26), f_time=2.34(1.80), b_time=2.59(2.06), lr=0.0006220995837793722
/bin/sh: line 1: gpustat: command not found
2026-03-08 16:22:43,197   INFO  
2026-03-08 16:24:24,226   INFO  Save latest model to /storage/project/r-gchou3-0/spanse30/MSF/output/cfgs/waymo_models/msf_8frames/default/ckpt/latest_model
2026-03-08 16:24:27,448   INFO  epoch: 0/6, acc_iter=3650, cur_iter=3649/36796, batch_size=4, time_cost(epoch): 2:05:04/18:55:46, time_cost(all): 2:05:07/123:59:49, loss=1.2157506942749023, d_time=0.25(0.26), f_time=1.36(1.80), b_time=1.61(2.06), lr=0.0006227170285872411
2026-03-08 16:26:09,193   INFO  epoch: 0/6, acc_iter=3700, cur_iter=3699/36796, batch_size=4, time_cost(epoch): 2:06:45/18:53:54, time_cost(all): 2:06:49/123:57:05, loss=1.964608073234558, d_time=0.25(0.26), f_time=1.97(1.80), b_time=2.22(2.06), lr=0.0006233429439945603
2026-03-08 16:27:53,526   INFO  epoch: 0/6, acc_iter=3750, cur_iter=3749/36796, batch_size=4, time_cost(epoch): 2:08:30/18:52:25, time_cost(all): 2:08:33/123:56:52, loss=1.8823237419128418, d_time=0.25(0.26), f_time=1.95(1.80), b_time=2.20(2.06), lr=0.0006239773280210092
/bin/sh: line 1: gpustat: command not found
2026-03-08 16:27:53,766   INFO  
2026-03-08 16:29:24,487   INFO  Save latest model to /storage/project/r-gchou3-0/spanse30/MSF/output/cfgs/waymo_models/msf_8frames/default/ckpt/latest_model
2026-03-08 16:29:35,302   INFO  epoch: 0/6, acc_iter=3800, cur_iter=3799/36796, batch_size=4, time_cost(epoch): 2:10:11/18:50:33, time_cost(all): 2:10:15/123:54:11, loss=1.4445340633392334, d_time=0.25(0.26), f_time=2.94(1.80), b_time=3.19(2.06), lr=0.0006246201786594754
2026-03-08 16:31:19,058   INFO  epoch: 0/6, acc_iter=3850, cur_iter=3849/36796, batch_size=4, time_cost(epoch): 2:11:55/18:48:59, time_cost(all): 2:11:59/123:53:23, loss=1.6637122631072998, d_time=0.25(0.26), f_time=1.66(1.80), b_time=1.91(2.06), lr=0.0006252714938760548
2026-03-08 16:33:00,238   INFO  epoch: 0/6, acc_iter=3900, cur_iter=3899/36796, batch_size=4, time_cost(epoch): 2:13:36/18:47:02, time_cost(all): 2:13:40/123:50:10, loss=1.5271220207214355, d_time=0.25(0.26), f_time=1.83(1.80), b_time=2.08(2.06), lr=0.0006259312716100657
/bin/sh: line 1: gpustat: command not found
2026-03-08 16:33:00,479   INFO  
2026-03-08 16:34:24,972   INFO  Save latest model to /storage/project/r-gchou3-0/spanse30/MSF/output/cfgs/waymo_models/msf_8frames/default/ckpt/latest_model
2026-03-08 16:34:47,883   INFO  epoch: 0/6, acc_iter=3950, cur_iter=3949/36796, batch_size=4, time_cost(epoch): 2:15:24/18:46:00, time_cost(all): 2:15:28/123:52:54, loss=1.5408251285552979, d_time=0.25(0.26), f_time=1.66(1.80), b_time=1.91(2.06), lr=0.0006265995097740513
2026-03-08 16:36:30,690   INFO  epoch: 0/6, acc_iter=4000, cur_iter=3999/36796, batch_size=4, time_cost(epoch): 2:17:07/18:44:17, time_cost(all): 2:17:10/123:51:09, loss=1.9435311555862427, d_time=0.25(0.26), f_time=2.47(1.80), b_time=2.72(2.06), lr=0.000627276206253787
2026-03-08 16:38:12,751   INFO  epoch: 0/6, acc_iter=4050, cur_iter=4049/36796, batch_size=4, time_cost(epoch): 2:18:49/18:42:28, time_cost(all): 2:18:53/123:48:45, loss=1.6047818660736084, d_time=0.25(0.26), f_time=2.05(1.80), b_time=2.31(2.06), lr=0.0006279613589082874
/bin/sh: line 1: gpustat: command not found
2026-03-08 16:38:13,103   INFO  
2026-03-08 16:39:24,953   INFO  Save latest model to /storage/project/r-gchou3-0/spanse30/MSF/output/cfgs/waymo_models/msf_8frames/default/ckpt/latest_model
2026-03-08 16:39:56,128   INFO  epoch: 0/6, acc_iter=4100, cur_iter=4099/36796, batch_size=4, time_cost(epoch): 2:20:32/18:40:49, time_cost(all): 2:20:36/123:47:31, loss=1.3815484046936035, d_time=0.25(0.26), f_time=1.38(1.80), b_time=1.63(2.06), lr=0.0006286549655698109
2026-03-08 16:41:39,580   INFO  epoch: 0/6, acc_iter=4150, cur_iter=4149/36796, batch_size=4, time_cost(epoch): 2:22:16/18:39:11, time_cost(all): 2:22:19/123:46:20, loss=1.637405276298523, d_time=0.24(0.26), f_time=2.25(1.80), b_time=2.49(2.06), lr=0.0006293570240438707
2026-03-08 16:43:23,766   INFO  epoch: 0/6, acc_iter=4200, cur_iter=4199/36796, batch_size=4, time_cost(epoch): 2:24:00/18:37:39, time_cost(all): 2:24:04/123:45:46, loss=1.953124761581421, d_time=0.25(0.26), f_time=2.37(1.80), b_time=2.62(2.06), lr=0.0006300675321092393
/bin/sh: line 1: gpustat: command not found
2026-03-08 16:43:24,003   INFO  
2026-03-08 16:44:23,835   INFO  Save latest model to /storage/project/r-gchou3-0/spanse30/MSF/output/cfgs/waymo_models/msf_8frames/default/ckpt/latest_model
2026-03-08 16:45:09,627   INFO  epoch: 0/6, acc_iter=4250, cur_iter=4249/36796, batch_size=4, time_cost(epoch): 2:25:46/18:36:19, time_cost(all): 2:25:49/123:46:36, loss=1.35453200340271, d_time=0.25(0.26), f_time=1.36(1.80), b_time=1.61(2.06), lr=0.0006307864875179543
2026-03-08 16:46:53,792   INFO  epoch: 0/6, acc_iter=4300, cur_iter=4299/36796, batch_size=4, time_cost(epoch): 2:27:30/18:34:46, time_cost(all): 2:27:34/123:45:57, loss=1.7794321775436401, d_time=0.25(0.26), f_time=2.14(1.80), b_time=2.39(2.06), lr=0.0006315138879953285
2026-03-08 16:48:34,578   INFO  epoch: 0/6, acc_iter=4350, cur_iter=4349/36796, batch_size=4, time_cost(epoch): 2:29:11/18:32:47, time_cost(all): 2:29:14/123:42:29, loss=2.020777940750122, d_time=0.25(0.26), f_time=2.06(1.80), b_time=2.31(2.06), lr=0.0006322497312399554
/bin/sh: line 1: gpustat: command not found
2026-03-08 16:48:34,846   INFO  
2026-03-08 16:49:24,883   INFO  Save latest model to /storage/project/r-gchou3-0/spanse30/MSF/output/cfgs/waymo_models/msf_8frames/default/ckpt/latest_model
2026-03-08 16:50:19,945   INFO  epoch: 0/6, acc_iter=4400, cur_iter=4399/36796, batch_size=4, time_cost(epoch): 2:30:56/18:31:22, time_cost(all): 2:31:00/123:42:48, loss=1.4283877611160278, d_time=0.25(0.26), f_time=1.64(1.80), b_time=1.89(2.06), lr=0.000632994014923712
2026-03-08 16:52:03,587   INFO  epoch: 0/6, acc_iter=4450, cur_iter=4449/36796, batch_size=4, time_cost(epoch): 2:32:40/18:29:45, time_cost(all): 2:32:43/123:41:40, loss=1.4552643299102783, d_time=0.25(0.26), f_time=1.04(1.80), b_time=1.29(2.06), lr=0.0006337467366917806
2026-03-08 16:53:48,475   INFO  epoch: 0/6, acc_iter=4500, cur_iter=4499/36796, batch_size=4, time_cost(epoch): 2:34:25/18:28:16, time_cost(all): 2:34:28/123:41:32, loss=1.927817463874817, d_time=0.25(0.26), f_time=1.56(1.80), b_time=1.81(2.06), lr=0.0006345078941626366
/bin/sh: line 1: gpustat: command not found
2026-03-08 16:53:48,774   INFO  
2026-03-08 16:54:24,220   INFO  Save latest model to /storage/project/r-gchou3-0/spanse30/MSF/output/cfgs/waymo_models/msf_8frames/default/ckpt/latest_model
2026-03-08 16:55:35,408   INFO  epoch: 0/6, acc_iter=4550, cur_iter=4549/36796, batch_size=4, time_cost(epoch): 2:36:11/18:27:01, time_cost(all): 2:36:15/123:42:58, loss=1.8868197202682495, d_time=0.25(0.26), f_time=2.41(1.80), b_time=2.66(2.06), lr=0.0006352774849280717
2026-03-08 16:57:15,861   INFO  epoch: 0/6, acc_iter=4600, cur_iter=4599/36796, batch_size=4, time_cost(epoch): 2:37:52/18:25:00, time_cost(all): 2:37:56/123:39:16, loss=1.4578872919082642, d_time=0.25(0.26), f_time=1.60(1.80), b_time=1.85(2.06), lr=0.0006360555065531926
2026-03-08 16:59:00,525   INFO  epoch: 0/6, acc_iter=4650, cur_iter=4649/36796, batch_size=4, time_cost(epoch): 2:39:37/18:23:29, time_cost(all): 2:39:40/123:38:52, loss=2.0373942852020264, d_time=0.24(0.26), f_time=2.37(1.80), b_time=2.61(2.06), lr=0.0006368419565764326
/bin/sh: line 1: gpustat: command not found
2026-03-08 16:59:00,762   INFO  
2026-03-08 16:59:25,416   INFO  Save latest model to /storage/project/r-gchou3-0/spanse30/MSF/output/cfgs/waymo_models/msf_8frames/default/ckpt/latest_model
2026-03-08 17:00:43,914   INFO  epoch: 0/6, acc_iter=4700, cur_iter=4699/36796, batch_size=4, time_cost(epoch): 2:41:20/18:21:49, time_cost(all): 2:41:24/123:37:28, loss=1.6468383073806763, d_time=0.25(0.26), f_time=1.93(1.80), b_time=2.18(2.06), lr=0.0006376368325095609
2026-03-08 17:02:22,969   INFO  epoch: 0/6, acc_iter=4750, cur_iter=4749/36796, batch_size=4, time_cost(epoch): 2:42:59/18:19:39, time_cost(all): 2:43:03/123:32:46, loss=1.5940080881118774, d_time=0.25(0.26), f_time=2.05(1.80), b_time=2.30(2.06), lr=0.0006384401318376863
2026-03-08 17:04:07,643   INFO  epoch: 0/6, acc_iter=4800, cur_iter=4799/36796, batch_size=4, time_cost(epoch): 2:44:44/18:18:08, time_cost(all): 2:44:47/123:32:21, loss=1.6119928359985352, d_time=0.25(0.26), f_time=2.04(1.80), b_time=2.29(2.06), lr=0.0006392518520192637
/bin/sh: line 1: gpustat: command not found
2026-03-08 17:04:07,886   INFO  
2026-03-08 17:04:24,948   INFO  Save latest model to /storage/project/r-gchou3-0/spanse30/MSF/output/cfgs/waymo_models/msf_8frames/default/ckpt/latest_model
2026-03-08 17:05:47,640   INFO  epoch: 0/6, acc_iter=4850, cur_iter=4849/36796, batch_size=4, time_cost(epoch): 2:46:24/18:16:06, time_cost(all): 2:46:27/123:28:26, loss=1.8693923950195312, d_time=0.25(0.26), f_time=2.45(1.80), b_time=2.70(2.06), lr=0.0006400719904861114
2026-03-08 17:07:31,619   INFO  epoch: 0/6, acc_iter=4900, cur_iter=4899/36796, batch_size=4, time_cost(epoch): 2:48:08/18:14:29, time_cost(all): 2:48:11/123:27:30, loss=1.7889877557754517, d_time=0.25(0.26), f_time=2.07(1.80), b_time=2.32(2.06), lr=0.00064090054464341
2026-03-08 17:09:16,012   INFO  epoch: 0/6, acc_iter=4950, cur_iter=4949/36796, batch_size=4, time_cost(epoch): 2:49:52/18:12:56, time_cost(all): 2:49:56/123:26:50, loss=1.4980663061141968, d_time=0.24(0.26), f_time=1.97(1.80), b_time=2.21(2.06), lr=0.000641737511869714
/bin/sh: line 1: gpustat: command not found
2026-03-08 17:09:16,258   INFO  
2026-03-08 17:09:25,859   INFO  Save latest model to /storage/project/r-gchou3-0/spanse30/MSF/output/cfgs/waymo_models/msf_8frames/default/ckpt/latest_model
2026-03-08 17:10:58,928   INFO  epoch: 0/6, acc_iter=5000, cur_iter=4999/36796, batch_size=4, time_cost(epoch): 2:51:35/18:11:13, time_cost(all): 2:51:39/123:25:05, loss=1.7170257568359375, d_time=0.25(0.26), f_time=2.21(1.80), b_time=2.46(2.06), lr=0.000642582889516961
2026-03-08 17:12:42,457   INFO  epoch: 0/6, acc_iter=5050, cur_iter=5049/36796, batch_size=4, time_cost(epoch): 2:53:19/18:09:33, time_cost(all): 2:53:22/123:23:47, loss=1.5938414335250854, d_time=0.25(0.26), f_time=2.07(1.80), b_time=2.32(2.06), lr=0.0006434366749104772
2026-03-08 17:14:25,134   INFO  Save latest model to /storage/project/r-gchou3-0/spanse30/MSF/output/cfgs/waymo_models/msf_8frames/default/ckpt/latest_model
2026-03-08 17:14:27,166   INFO  epoch: 0/6, acc_iter=5100, cur_iter=5099/36796, batch_size=4, time_cost(epoch): 2:55:03/18:08:01, time_cost(all): 2:55:07/123:23:18, loss=1.572873830795288, d_time=0.38(0.26), f_time=1.78(1.80), b_time=2.17(2.06), lr=0.0006442988653489901
/bin/sh: line 1: gpustat: command not found
2026-03-08 17:14:27,404   INFO  
2026-03-08 17:16:07,707   INFO  epoch: 0/6, acc_iter=5150, cur_iter=5149/36796, batch_size=4, time_cost(epoch): 2:56:44/18:06:03, time_cost(all): 2:56:48/123:19:53, loss=1.765122413635254, d_time=0.25(0.26), f_time=2.08(1.80), b_time=2.33(2.06), lr=0.0006451694581046333
2026-03-08 17:17:53,055   INFO  epoch: 0/6, acc_iter=5200, cur_iter=5199/36796, batch_size=4, time_cost(epoch): 2:58:29/18:04:35, time_cost(all): 2:58:33/123:19:49, loss=1.9897092580795288, d_time=0.25(0.26), f_time=2.52(1.80), b_time=2.77(2.06), lr=0.0006460484504229548
2026-03-08 17:19:24,096   INFO  Save latest model to /storage/project/r-gchou3-0/spanse30/MSF/output/cfgs/waymo_models/msf_8frames/default/ckpt/latest_model
2026-03-08 17:19:36,684   INFO  epoch: 0/6, acc_iter=5250, cur_iter=5249/36796, batch_size=4, time_cost(epoch): 3:00:13/18:02:56, time_cost(all): 3:00:16/123:18:33, loss=1.373612642288208, d_time=0.25(0.26), f_time=1.72(1.80), b_time=1.97(2.06), lr=0.0006469358395229325
/bin/sh: line 1: gpustat: command not found
2026-03-08 17:19:36,927   INFO  
2026-03-08 17:21:21,844   INFO  epoch: 0/6, acc_iter=5300, cur_iter=5299/36796, batch_size=4, time_cost(epoch): 3:01:58/18:01:26, time_cost(all): 3:02:02/123:18:19, loss=1.818306803703308, d_time=0.25(0.26), f_time=2.03(1.80), b_time=2.28(2.06), lr=0.000647831622596972
2026-03-08 17:23:06,153   INFO  epoch: 0/6, acc_iter=5350, cur_iter=5349/36796, batch_size=4, time_cost(epoch): 3:03:42/17:59:50, time_cost(all): 3:03:46/123:17:28, loss=1.4944992065429688, d_time=0.25(0.26), f_time=1.82(1.80), b_time=2.07(2.06), lr=0.0006487357968109255
2026-03-08 17:24:24,039   INFO  Save latest model to /storage/project/r-gchou3-0/spanse30/MSF/output/cfgs/waymo_models/msf_8frames/default/ckpt/latest_model
2026-03-08 17:24:51,013   INFO  epoch: 0/6, acc_iter=5400, cur_iter=5399/36796, batch_size=4, time_cost(epoch): 3:05:27/17:58:18, time_cost(all): 3:05:31/123:16:59, loss=1.5123800039291382, d_time=0.26(0.26), f_time=1.77(1.80), b_time=2.03(2.06), lr=0.0006496483593040944
/bin/sh: line 1: gpustat: command not found
2026-03-08 17:24:51,254   INFO  
2026-03-08 17:26:36,219   INFO  epoch: 0/6, acc_iter=5450, cur_iter=5449/36796, batch_size=4, time_cost(epoch): 3:07:12/17:56:48, time_cost(all): 3:07:16/123:16:42, loss=1.5730091333389282, d_time=0.25(0.26), f_time=1.80(1.81), b_time=2.05(2.06), lr=0.0006505693071892403
2026-03-08 17:28:21,466   INFO  epoch: 0/6, acc_iter=5500, cur_iter=5499/36796, batch_size=4, time_cost(epoch): 3:08:58/17:55:17, time_cost(all): 3:09:01/123:16:24, loss=1.8111249208450317, d_time=0.25(0.26), f_time=2.40(1.81), b_time=2.65(2.06), lr=0.000651498637552597
2026-03-08 17:29:24,501   INFO  Save latest model to /storage/project/r-gchou3-0/spanse30/MSF/output/cfgs/waymo_models/msf_8frames/default/ckpt/latest_model
2026-03-08 17:30:08,015   INFO  epoch: 0/6, acc_iter=5550, cur_iter=5549/36796, batch_size=4, time_cost(epoch): 3:10:44/17:53:54, time_cost(all): 3:10:48/123:16:56, loss=1.5212346315383911, d_time=0.25(0.26), f_time=2.18(1.81), b_time=2.43(2.06), lr=0.0006524363474538766
/bin/sh: line 1: gpustat: command not found
2026-03-08 17:30:08,254   INFO  
2026-03-08 17:31:49,708   INFO  epoch: 0/6, acc_iter=5600, cur_iter=5599/36796, batch_size=4, time_cost(epoch): 3:12:26/17:52:03, time_cost(all): 3:12:30/123:14:19, loss=1.4030572175979614, d_time=0.25(0.26), f_time=1.33(1.81), b_time=1.58(2.06), lr=0.0006533824339262761
2026-03-08 17:33:31,946   INFO  epoch: 0/6, acc_iter=5650, cur_iter=5649/36796, batch_size=4, time_cost(epoch): 3:14:08/17:50:15, time_cost(all): 3:14:12/123:12:03, loss=1.4838993549346924, d_time=0.25(0.26), f_time=1.85(1.81), b_time=2.10(2.06), lr=0.0006543368939764945
2026-03-08 17:34:24,014   INFO  Save latest model to /storage/project/r-gchou3-0/spanse30/MSF/output/cfgs/waymo_models/msf_8frames/default/ckpt/latest_model
2026-03-08 17:35:14,197   INFO  epoch: 0/6, acc_iter=5700, cur_iter=5699/36796, batch_size=4, time_cost(epoch): 3:15:50/17:48:27, time_cost(all): 3:15:54/123:09:49, loss=1.6991533041000366, d_time=0.26(0.26), f_time=1.99(1.81), b_time=2.26(2.06), lr=0.000655299724584734
/bin/sh: line 1: gpustat: command not found
2026-03-08 17:35:14,438   INFO  
2026-03-08 17:36:58,737   INFO  epoch: 0/6, acc_iter=5750, cur_iter=5749/36796, batch_size=4, time_cost(epoch): 3:17:35/17:46:52, time_cost(all): 3:17:39/123:09:00, loss=1.3363893032073975, d_time=0.25(0.26), f_time=2.07(1.81), b_time=2.32(2.06), lr=0.000656270922704716
2026-03-08 17:38:44,632   INFO  epoch: 0/6, acc_iter=5800, cur_iter=5799/36796, batch_size=4, time_cost(epoch): 3:19:21/17:45:24, time_cost(all): 3:19:24/123:09:01, loss=1.5103428363800049, d_time=0.27(0.26), f_time=1.21(1.81), b_time=1.48(2.06), lr=0.0006572504852636859
2026-03-08 17:39:25,565   INFO  Save latest model to /storage/project/r-gchou3-0/spanse30/MSF/output/cfgs/waymo_models/msf_8frames/default/ckpt/latest_model
2026-03-08 17:40:32,194   INFO  epoch: 0/6, acc_iter=5850, cur_iter=5849/36796, batch_size=4, time_cost(epoch): 3:21:08/17:44:04, time_cost(all): 3:21:12/123:10:01, loss=1.8334102630615234, d_time=0.25(0.26), f_time=2.04(1.81), b_time=2.29(2.06), lr=0.0006582384091624281
/bin/sh: line 1: gpustat: command not found
2026-03-08 17:40:32,445   INFO  
2026-03-08 17:42:16,080   INFO  epoch: 0/6, acc_iter=5900, cur_iter=5899/36796, batch_size=4, time_cost(epoch): 3:22:52/17:42:25, time_cost(all): 3:22:56/123:08:45, loss=1.200249433517456, d_time=0.26(0.26), f_time=1.13(1.81), b_time=1.39(2.06), lr=0.0006592346912752687
2026-03-08 17:43:58,088   INFO  epoch: 0/6, acc_iter=5950, cur_iter=5949/36796, batch_size=4, time_cost(epoch): 3:24:34/17:40:36, time_cost(all): 3:24:38/123:06:20, loss=1.53603196144104, d_time=0.25(0.26), f_time=1.45(1.81), b_time=1.70(2.06), lr=0.0006602393284500943
2026-03-08 17:44:23,748   INFO  Save latest model to /storage/project/r-gchou3-0/spanse30/MSF/output/cfgs/waymo_models/msf_8frames/default/ckpt/latest_model
2026-03-08 17:45:38,958   INFO  epoch: 0/6, acc_iter=6000, cur_iter=5999/36796, batch_size=4, time_cost(epoch): 3:26:15/17:38:41, time_cost(all): 3:26:19/123:03:16, loss=1.6836869716644287, d_time=0.25(0.26), f_time=1.41(1.81), b_time=1.66(2.06), lr=0.0006612523175083523
/bin/sh: line 1: gpustat: command not found
2026-03-08 17:45:39,216   INFO  
2026-03-08 17:47:21,871   INFO  epoch: 0/6, acc_iter=6050, cur_iter=6049/36796, batch_size=4, time_cost(epoch): 3:27:58/17:36:57, time_cost(all): 3:28:02/123:01:25, loss=1.5264605283737183, d_time=0.25(0.26), f_time=2.07(1.81), b_time=2.32(2.06), lr=0.000662273655245068
2026-03-08 17:49:04,291   INFO  epoch: 0/6, acc_iter=6100, cur_iter=6099/36796, batch_size=4, time_cost(epoch): 3:29:40/17:35:10, time_cost(all): 3:29:44/122:59:17, loss=1.3707674741744995, d_time=0.25(0.26), f_time=1.63(1.81), b_time=1.88(2.06), lr=0.0006633033384288532
2026-03-08 17:49:23,844   INFO  Save latest model to /storage/project/r-gchou3-0/spanse30/MSF/output/cfgs/waymo_models/msf_8frames/default/ckpt/latest_model
2026-03-08 17:50:50,433   INFO  epoch: 0/6, acc_iter=6150, cur_iter=6149/36796, batch_size=4, time_cost(epoch): 3:31:26/17:33:42, time_cost(all): 3:31:30/122:59:19, loss=1.6863861083984375, d_time=0.25(0.26), f_time=1.89(1.81), b_time=2.14(2.06), lr=0.0006643413638019145
/bin/sh: line 1: gpustat: command not found
2026-03-08 17:50:50,679   INFO  
2026-03-08 17:52:30,865   INFO  epoch: 0/6, acc_iter=6200, cur_iter=6199/36796, batch_size=4, time_cost(epoch): 3:33:07/17:31:45, time_cost(all): 3:33:11/122:56:02, loss=1.4134286642074585, d_time=0.25(0.26), f_time=1.77(1.81), b_time=2.02(2.06), lr=0.0006653877280800649
2026-03-08 17:54:09,254   INFO  epoch: 0/6, acc_iter=6250, cur_iter=6249/36796, batch_size=4, time_cost(epoch): 3:34:45/17:29:39, time_cost(all): 3:34:49/122:51:36, loss=1.3087553977966309, d_time=0.25(0.26), f_time=1.40(1.81), b_time=1.65(2.06), lr=0.0006664424279527355
2026-03-08 17:54:24,214   INFO  Save latest model to /storage/project/r-gchou3-0/spanse30/MSF/output/cfgs/waymo_models/msf_8frames/default/ckpt/latest_model
2026-03-08 17:55:50,863   INFO  epoch: 0/6, acc_iter=6300, cur_iter=6299/36796, batch_size=4, time_cost(epoch): 3:36:27/17:27:49, time_cost(all): 3:36:31/122:49:03, loss=1.4387578964233398, d_time=0.25(0.26), f_time=1.55(1.81), b_time=1.80(2.06), lr=0.0006675054600829818
/bin/sh: line 1: gpustat: command not found
2026-03-08 17:55:51,158   INFO  
2026-03-08 17:57:33,296   INFO  epoch: 0/6, acc_iter=6350, cur_iter=6349/36796, batch_size=4, time_cost(epoch): 3:38:09/17:26:03, time_cost(all): 3:38:13/122:46:58, loss=1.6504491567611694, d_time=0.25(0.26), f_time=1.83(1.81), b_time=2.08(2.06), lr=0.0006685768211075003
2026-03-08 17:59:14,968   INFO  epoch: 0/6, acc_iter=6400, cur_iter=6399/36796, batch_size=4, time_cost(epoch): 3:39:51/17:24:13, time_cost(all): 3:39:55/122:44:28, loss=1.8591188192367554, d_time=0.25(0.26), f_time=1.82(1.81), b_time=2.07(2.06), lr=0.0006696565076366335
2026-03-08 17:59:25,162   INFO  Save latest model to /storage/project/r-gchou3-0/spanse30/MSF/output/cfgs/waymo_models/msf_8frames/default/ckpt/latest_model
2026-03-08 18:00:59,365   INFO  epoch: 0/6, acc_iter=6450, cur_iter=6449/36796, batch_size=4, time_cost(epoch): 3:41:35/17:22:36, time_cost(all): 3:41:39/122:43:30, loss=1.54570472240448, d_time=0.25(0.26), f_time=1.62(1.81), b_time=1.87(2.06), lr=0.0006707445162543839
/bin/sh: line 1: gpustat: command not found
2026-03-08 18:00:59,609   INFO  
2026-03-08 18:02:45,737   INFO  epoch: 0/6, acc_iter=6500, cur_iter=6499/36796, batch_size=4, time_cost(epoch): 3:43:22/17:21:09, time_cost(all): 3:43:26/122:43:36, loss=1.4263020753860474, d_time=0.25(0.26), f_time=1.81(1.81), b_time=2.06(2.06), lr=0.0006718408435184243
2026-03-08 18:04:23,812   INFO  Save latest model to /storage/project/r-gchou3-0/spanse30/MSF/output/cfgs/waymo_models/msf_8frames/default/ckpt/latest_model
2026-03-08 18:04:29,339   INFO  epoch: 0/6, acc_iter=6550, cur_iter=6549/36796, batch_size=4, time_cost(epoch): 3:45:05/17:19:28, time_cost(all): 3:45:09/122:42:09, loss=1.4012351036071777, d_time=0.25(0.26), f_time=1.49(1.81), b_time=1.74(2.06), lr=0.0006729454859601067
2026-03-08 18:06:13,141   INFO  epoch: 0/6, acc_iter=6600, cur_iter=6599/36796, batch_size=4, time_cost(epoch): 3:46:49/17:17:48, time_cost(all): 3:46:53/122:40:49, loss=1.5708650350570679, d_time=0.24(0.26), f_time=1.67(1.81), b_time=1.91(2.06), lr=0.0006740584400844775
/bin/sh: line 1: gpustat: command not found
2026-03-08 18:06:13,384   INFO  
2026-03-08 18:07:59,911   INFO  epoch: 0/6, acc_iter=6650, cur_iter=6649/36796, batch_size=4, time_cost(epoch): 3:48:36/17:16:22, time_cost(all): 3:48:40/122:41:04, loss=1.5685075521469116, d_time=0.25(0.26), f_time=1.94(1.81), b_time=2.19(2.06), lr=0.0006751797023702832
2026-03-08 18:09:24,084   INFO  Save latest model to /storage/project/r-gchou3-0/spanse30/MSF/output/cfgs/waymo_models/msf_8frames/default/ckpt/latest_model
2026-03-08 18:09:44,921   INFO  epoch: 0/6, acc_iter=6700, cur_iter=6699/36796, batch_size=4, time_cost(epoch): 3:50:21/17:14:47, time_cost(all): 3:50:25/122:40:21, loss=1.6807498931884766, d_time=0.25(0.26), f_time=1.98(1.81), b_time=2.23(2.06), lr=0.0006763092692699865
2026-03-08 18:11:26,952   INFO  epoch: 0/6, acc_iter=6750, cur_iter=6749/36796, batch_size=4, time_cost(epoch): 3:52:03/17:12:59, time_cost(all): 3:52:07/122:38:02, loss=1.2433574199676514, d_time=0.25(0.25), f_time=1.58(1.81), b_time=1.83(2.06), lr=0.0006774471372097742
/bin/sh: line 1: gpustat: command not found
2026-03-08 18:11:27,198   INFO  
2026-03-08 18:13:13,558   INFO  epoch: 0/6, acc_iter=6800, cur_iter=6799/36796, batch_size=4, time_cost(epoch): 3:53:50/17:11:31, time_cost(all): 3:53:53/122:38:08, loss=1.7265405654907227, d_time=0.28(0.25), f_time=1.71(1.81), b_time=1.99(2.06), lr=0.0006785933025895688
2026-03-08 18:14:23,760   INFO  Save latest model to /storage/project/r-gchou3-0/spanse30/MSF/output/cfgs/waymo_models/msf_8frames/default/ckpt/latest_model
2026-03-08 18:15:00,453   INFO  epoch: 0/6, acc_iter=6850, cur_iter=6849/36796, batch_size=4, time_cost(epoch): 3:55:37/17:10:04, time_cost(all): 3:55:40/122:38:22, loss=1.7133870124816895, d_time=0.25(0.25), f_time=2.58(1.81), b_time=2.83(2.06), lr=0.0006797477617830434
2026-03-08 18:16:43,948   INFO  epoch: 0/6, acc_iter=6900, cur_iter=6899/36796, batch_size=4, time_cost(epoch): 3:57:20/17:08:22, time_cost(all): 3:57:24/122:36:48, loss=1.6640287637710571, d_time=0.25(0.25), f_time=1.44(1.81), b_time=1.69(2.06), lr=0.0006809105111376286
/bin/sh: line 1: gpustat: command not found
2026-03-08 18:16:44,224   INFO  
2026-03-08 18:18:30,491   INFO  epoch: 0/6, acc_iter=6950, cur_iter=6949/36796, batch_size=4, time_cost(epoch): 3:59:07/17:06:53, time_cost(all): 3:59:10/122:36:48, loss=1.5952200889587402, d_time=0.22(0.25), f_time=2.50(1.81), b_time=2.72(2.06), lr=0.000682081546974524
2026-03-08 18:19:25,032   INFO  Save latest model to /storage/project/r-gchou3-0/spanse30/MSF/output/cfgs/waymo_models/msf_8frames/default/ckpt/latest_model
2026-03-08 18:20:16,356   INFO  epoch: 0/6, acc_iter=7000, cur_iter=6999/36796, batch_size=4, time_cost(epoch): 4:00:52/17:05:21, time_cost(all): 4:00:56/122:36:25, loss=1.666383981704712, d_time=0.25(0.25), f_time=2.66(1.81), b_time=2.91(2.06), lr=0.0006832608655887159
2026-03-08 18:21:57,880   INFO  epoch: 0/6, acc_iter=7050, cur_iter=7049/36796, batch_size=4, time_cost(epoch): 4:02:34/17:03:31, time_cost(all): 4:02:38/122:33:50, loss=1.409208059310913, d_time=0.25(0.25), f_time=1.69(1.81), b_time=1.94(2.06), lr=0.0006844484632489824
/bin/sh: line 1: gpustat: command not found
2026-03-08 18:21:58,126   INFO  
2026-03-08 18:23:41,037   INFO  epoch: 0/6, acc_iter=7100, cur_iter=7099/36796, batch_size=4, time_cost(epoch): 4:04:17/17:01:47, time_cost(all): 4:04:21/122:32:05, loss=1.5609735250473022, d_time=0.25(0.25), f_time=2.27(1.81), b_time=2.52(2.06), lr=0.0006856443361979081
2026-03-08 18:24:24,784   INFO  Save latest model to /storage/project/r-gchou3-0/spanse30/MSF/output/cfgs/waymo_models/msf_8frames/default/ckpt/latest_model
2026-03-08 18:25:24,074   INFO  epoch: 0/6, acc_iter=7150, cur_iter=7149/36796, batch_size=4, time_cost(epoch): 4:06:00/17:00:03, time_cost(all): 4:06:04/122:30:16, loss=1.681748390197754, d_time=0.25(0.25), f_time=1.87(1.81), b_time=2.12(2.06), lr=0.0006868484806518953
2026-03-08 18:27:07,355   INFO  epoch: 0/6, acc_iter=7200, cur_iter=7199/36796, batch_size=4, time_cost(epoch): 4:07:43/16:58:21, time_cost(all): 4:07:47/122:28:35, loss=1.601392149925232, d_time=0.25(0.25), f_time=2.00(1.81), b_time=2.25(2.06), lr=0.0006880608928011766
/bin/sh: line 1: gpustat: command not found
2026-03-08 18:27:07,596   INFO  
2026-03-08 18:28:51,625   INFO  epoch: 0/6, acc_iter=7250, cur_iter=7249/36796, batch_size=4, time_cost(epoch): 4:09:28/16:56:42, time_cost(all): 4:09:31/122:27:23, loss=1.8691949844360352, d_time=0.25(0.25), f_time=1.30(1.81), b_time=1.54(2.06), lr=0.0006892815688098264
2026-03-08 18:29:25,249   INFO  Save latest model to /storage/project/r-gchou3-0/spanse30/MSF/output/cfgs/waymo_models/msf_8frames/default/ckpt/latest_model
2026-03-08 18:30:38,169   INFO  epoch: 0/6, acc_iter=7300, cur_iter=7299/36796, batch_size=4, time_cost(epoch): 4:11:14/16:55:12, time_cost(all): 4:11:18/122:27:16, loss=1.6354024410247803, d_time=0.25(0.25), f_time=2.14(1.81), b_time=2.39(2.06), lr=0.0006905105048157752
2026-03-08 18:32:24,999   INFO  epoch: 0/6, acc_iter=7350, cur_iter=7349/36796, batch_size=4, time_cost(epoch): 4:13:01/16:53:43, time_cost(all): 4:13:05/122:27:17, loss=1.5905529260635376, d_time=0.25(0.25), f_time=1.93(1.81), b_time=2.18(2.07), lr=0.0006917476969308164
/bin/sh: line 1: gpustat: command not found
2026-03-08 18:32:25,240   INFO  
2026-03-08 18:34:11,518   INFO  epoch: 0/6, acc_iter=7400, cur_iter=7399/36796, batch_size=4, time_cost(epoch): 4:14:48/16:52:12, time_cost(all): 4:14:51/122:27:07, loss=1.5417060852050781, d_time=0.30(0.25), f_time=1.82(1.81), b_time=2.12(2.07), lr=0.0006929931412406245
2026-03-08 18:34:23,954   INFO  Save latest model to /storage/project/r-gchou3-0/spanse30/MSF/output/cfgs/waymo_models/msf_8frames/default/ckpt/latest_model
2026-03-08 18:35:57,662   INFO  epoch: 0/6, acc_iter=7450, cur_iter=7449/36796, batch_size=4, time_cost(epoch): 4:16:34/16:50:40, time_cost(all): 4:16:37/122:26:45, loss=1.5017309188842773, d_time=0.25(0.25), f_time=1.93(1.81), b_time=2.18(2.07), lr=0.0006942468338047639
2026-03-08 18:37:44,489   INFO  epoch: 0/6, acc_iter=7500, cur_iter=7499/36796, batch_size=4, time_cost(epoch): 4:18:21/16:49:11, time_cost(all): 4:18:24/122:26:42, loss=1.4359915256500244, d_time=0.25(0.25), f_time=1.96(1.81), b_time=2.21(2.07), lr=0.0006955087706567034
/bin/sh: line 1: gpustat: command not found
2026-03-08 18:37:44,734   INFO  
2026-03-08 18:39:23,613   INFO  Save latest model to /storage/project/r-gchou3-0/spanse30/MSF/output/cfgs/waymo_models/msf_8frames/default/ckpt/latest_model
2026-03-08 18:39:26,478   INFO  epoch: 0/6, acc_iter=7550, cur_iter=7549/36796, batch_size=4, time_cost(epoch): 4:20:03/16:47:22, time_cost(all): 4:20:06/122:24:20, loss=1.8754007816314697, d_time=0.40(0.25), f_time=2.62(1.81), b_time=3.01(2.07), lr=0.0006967789478038271
2026-03-08 18:41:11,011   INFO  epoch: 0/6, acc_iter=7600, cur_iter=7599/36796, batch_size=4, time_cost(epoch): 4:21:47/16:45:43, time_cost(all): 4:21:51/122:23:11, loss=1.4612607955932617, d_time=0.25(0.25), f_time=1.73(1.81), b_time=1.98(2.07), lr=0.0006980573612274492
2026-03-08 18:42:54,287   INFO  epoch: 0/6, acc_iter=7650, cur_iter=7649/36796, batch_size=4, time_cost(epoch): 4:23:30/16:44:00, time_cost(all): 4:23:34/122:21:26, loss=1.669464349746704, d_time=0.25(0.25), f_time=1.36(1.81), b_time=1.61(2.07), lr=0.0006993440068828226
/bin/sh: line 1: gpustat: command not found
2026-03-08 18:42:54,526   INFO  
2026-03-08 18:44:25,150   INFO  Save latest model to /storage/project/r-gchou3-0/spanse30/MSF/output/cfgs/waymo_models/msf_8frames/default/ckpt/latest_model
2026-03-08 18:44:39,040   INFO  epoch: 0/6, acc_iter=7700, cur_iter=7699/36796, batch_size=4, time_cost(epoch): 4:25:15/16:42:22, time_cost(all): 4:25:19/122:20:21, loss=1.6527352333068848, d_time=0.25(0.25), f_time=1.91(1.81), b_time=2.15(2.07), lr=0.0007006388806991568
2026-03-08 18:46:19,719   INFO  epoch: 0/6, acc_iter=7750, cur_iter=7749/36796, batch_size=4, time_cost(epoch): 4:26:56/16:40:29, time_cost(all): 4:27:00/122:17:25, loss=1.2237119674682617, d_time=0.25(0.25), f_time=1.30(1.81), b_time=1.55(2.07), lr=0.000701941978579629
2026-03-08 18:48:03,472   INFO  epoch: 0/6, acc_iter=7800, cur_iter=7799/36796, batch_size=4, time_cost(epoch): 4:28:40/16:38:47, time_cost(all): 4:28:43/122:15:53, loss=2.106504201889038, d_time=0.25(0.25), f_time=1.43(1.81), b_time=1.68(2.07), lr=0.000703253296401393
/bin/sh: line 1: gpustat: command not found
2026-03-08 18:48:03,809   INFO  
2026-03-08 18:49:24,492   INFO  Save latest model to /storage/project/r-gchou3-0/spanse30/MSF/output/cfgs/waymo_models/msf_8frames/default/ckpt/latest_model
2026-03-08 18:49:46,660   INFO  epoch: 0/6, acc_iter=7850, cur_iter=7849/36796, batch_size=4, time_cost(epoch): 4:30:23/16:37:03, time_cost(all): 4:30:26/122:14:06, loss=1.2777471542358398, d_time=0.25(0.25), f_time=1.45(1.81), b_time=1.70(2.07), lr=0.0007045728300155993
2026-03-08 18:51:28,235   INFO  epoch: 0/6, acc_iter=7900, cur_iter=7899/36796, batch_size=4, time_cost(epoch): 4:32:04/16:35:13, time_cost(all): 4:32:08/122:11:35, loss=1.7558844089508057, d_time=0.24(0.25), f_time=1.88(1.81), b_time=2.12(2.07), lr=0.0007059005752474024
2026-03-08 18:53:05,848   INFO  epoch: 0/6, acc_iter=7950, cur_iter=7949/36796, batch_size=4, time_cost(epoch): 4:33:42/16:33:09, time_cost(all): 4:33:46/122:07:19, loss=1.5290234088897705, d_time=0.25(0.25), f_time=1.36(1.81), b_time=1.61(2.07), lr=0.0007072365278959778
/bin/sh: line 1: gpustat: command not found
2026-03-08 18:53:06,119   INFO  
2026-03-08 18:54:25,538   INFO  Save latest model to /storage/project/r-gchou3-0/spanse30/MSF/output/cfgs/waymo_models/msf_8frames/default/ckpt/latest_model
2026-03-08 18:54:51,890   INFO  epoch: 0/6, acc_iter=8000, cur_iter=7999/36796, batch_size=4, time_cost(epoch): 4:35:28/16:31:36, time_cost(all): 4:35:32/122:06:49, loss=1.2840946912765503, d_time=0.25(0.25), f_time=1.60(1.81), b_time=1.85(2.07), lr=0.0007085806837345311
2026-03-08 18:56:36,732   INFO  epoch: 0/6, acc_iter=8050, cur_iter=8049/36796, batch_size=4, time_cost(epoch): 4:37:13/16:29:58, time_cost(all): 4:37:17/122:05:46, loss=1.2237515449523926, d_time=0.25(0.25), f_time=0.75(1.81), b_time=1.00(2.07), lr=0.0007099330385103193
2026-03-08 18:58:20,300   INFO  epoch: 0/6, acc_iter=8100, cur_iter=8099/36796, batch_size=4, time_cost(epoch): 4:38:56/16:28:16, time_cost(all): 4:39:00/122:04:10, loss=0.8755947947502136, d_time=0.25(0.25), f_time=1.44(1.81), b_time=1.69(2.07), lr=0.0007112935879446513
/bin/sh: line 1: gpustat: command not found
2026-03-08 18:58:20,604   INFO  
2026-03-08 18:59:24,432   INFO  Save latest model to /storage/project/r-gchou3-0/spanse30/MSF/output/cfgs/waymo_models/msf_8frames/default/ckpt/latest_model
2026-03-08 19:00:04,627   INFO  epoch: 0/6, acc_iter=8150, cur_iter=8149/36796, batch_size=4, time_cost(epoch): 4:40:41/16:26:36, time_cost(all): 4:40:44/122:02:53, loss=1.397157907485962, d_time=0.25(0.25), f_time=2.10(1.81), b_time=2.35(2.07), lr=0.0007126623277329165
2026-03-08 19:01:44,591   INFO  epoch: 0/6, acc_iter=8200, cur_iter=8199/36796, batch_size=4, time_cost(epoch): 4:42:21/16:24:41, time_cost(all): 4:42:24/121:59:42, loss=2.21415376663208, d_time=0.25(0.25), f_time=2.24(1.81), b_time=2.49(2.07), lr=0.0007140392535445869
2026-03-08 19:03:25,431   INFO  epoch: 0/6, acc_iter=8250, cur_iter=8249/36796, batch_size=4, time_cost(epoch): 4:44:01/16:22:49, time_cost(all): 4:44:05/121:56:56, loss=1.677905559539795, d_time=0.25(0.25), f_time=1.82(1.81), b_time=2.07(2.07), lr=0.000715424361023234
/bin/sh: line 1: gpustat: command not found
2026-03-08 19:03:25,694   INFO  
2026-03-08 19:04:25,364   INFO  Save latest model to /storage/project/r-gchou3-0/spanse30/MSF/output/cfgs/waymo_models/msf_8frames/default/ckpt/latest_model
2026-03-08 19:05:10,022   INFO  epoch: 0/6, acc_iter=8300, cur_iter=8299/36796, batch_size=4, time_cost(epoch): 4:45:46/16:21:10, time_cost(all): 4:45:50/121:55:46, loss=1.6106303930282593, d_time=0.25(0.25), f_time=2.28(1.81), b_time=2.52(2.07), lr=0.0007168176457865482
2026-03-08 19:06:50,282   INFO  epoch: 0/6, acc_iter=8350, cur_iter=8349/36796, batch_size=4, time_cost(epoch): 4:47:26/16:19:17, time_cost(all): 4:47:30/121:52:45, loss=1.6822807788848877, d_time=0.25(0.25), f_time=1.95(1.81), b_time=2.20(2.07), lr=0.000718219103426343
2026-03-08 19:08:34,799   INFO  epoch: 0/6, acc_iter=8400, cur_iter=8399/36796, batch_size=4, time_cost(epoch): 4:49:11/16:17:37, time_cost(all): 4:49:15/121:51:34, loss=1.6198492050170898, d_time=0.25(0.25), f_time=1.70(1.81), b_time=1.95(2.07), lr=0.0007196287295085767
/bin/sh: line 1: gpustat: command not found
2026-03-08 19:08:35,043   INFO  
2026-03-08 19:09:23,594   INFO  Save latest model to /storage/project/r-gchou3-0/spanse30/MSF/output/cfgs/waymo_models/msf_8frames/default/ckpt/latest_model
2026-03-08 19:10:16,594   INFO  epoch: 0/6, acc_iter=8450, cur_iter=8449/36796, batch_size=4, time_cost(epoch): 4:50:53/16:15:49, time_cost(all): 4:50:56/121:49:13, loss=1.327514410018921, d_time=0.25(0.25), f_time=1.60(1.81), b_time=1.85(2.07), lr=0.000721046519573363
2026-03-08 19:11:57,921   INFO  epoch: 0/6, acc_iter=8500, cur_iter=8499/36796, batch_size=4, time_cost(epoch): 4:52:34/16:13:59, time_cost(all): 4:52:38/121:46:41, loss=1.8506661653518677, d_time=0.25(0.25), f_time=1.88(1.81), b_time=2.13(2.07), lr=0.0007224724691349852
2026-03-08 19:13:39,825   INFO  epoch: 0/6, acc_iter=8550, cur_iter=8549/36796, batch_size=4, time_cost(epoch): 4:54:16/16:12:12, time_cost(all): 4:54:20/121:44:24, loss=1.5476584434509277, d_time=0.24(0.25), f_time=2.21(1.81), b_time=2.45(2.07), lr=0.0007239065736819126
/bin/sh: line 1: gpustat: command not found
2026-03-08 19:13:40,056   INFO  
2026-03-08 19:14:24,616   INFO  Save latest model to /storage/project/r-gchou3-0/spanse30/MSF/output/cfgs/waymo_models/msf_8frames/default/ckpt/latest_model
2026-03-08 19:15:24,176   INFO  epoch: 0/6, acc_iter=8600, cur_iter=8599/36796, batch_size=4, time_cost(epoch): 4:56:00/16:10:32, time_cost(all): 4:56:04/121:43:08, loss=1.4384639263153076, d_time=0.25(0.25), f_time=2.02(1.81), b_time=2.27(2.07), lr=0.0007253488286768101
2026-03-08 19:17:07,746   INFO  epoch: 0/6, acc_iter=8650, cur_iter=8649/36796, batch_size=4, time_cost(epoch): 4:57:44/16:08:50, time_cost(all): 4:57:48/121:41:32, loss=1.6276872158050537, d_time=0.25(0.25), f_time=2.07(1.81), b_time=2.32(2.07), lr=0.000726799229556558
2026-03-08 19:18:51,989   INFO  epoch: 0/6, acc_iter=8700, cur_iter=8699/36796, batch_size=4, time_cost(epoch): 4:59:28/16:07:10, time_cost(all): 4:59:32/121:40:13, loss=1.7033231258392334, d_time=0.25(0.25), f_time=2.52(1.81), b_time=2.77(2.07), lr=0.0007282577717322635
/bin/sh: line 1: gpustat: command not found
2026-03-08 19:18:52,222   INFO  
2026-03-08 19:19:24,513   INFO  Save latest model to /storage/project/r-gchou3-0/spanse30/MSF/output/cfgs/waymo_models/msf_8frames/default/ckpt/latest_model
2026-03-08 19:20:33,025   INFO  epoch: 0/6, acc_iter=8750, cur_iter=8749/36796, batch_size=4, time_cost(epoch): 5:01:09/16:05:19, time_cost(all): 5:01:13/121:37:36, loss=1.181201457977295, d_time=0.25(0.25), f_time=1.84(1.81), b_time=2.09(2.07), lr=0.000729724450589277
2026-03-08 19:22:13,997   INFO  epoch: 0/6, acc_iter=8800, cur_iter=8799/36796, batch_size=4, time_cost(epoch): 5:02:50/16:03:29, time_cost(all): 5:02:54/121:34:57, loss=1.206770658493042, d_time=0.25(0.25), f_time=1.47(1.81), b_time=1.72(2.06), lr=0.0007311992614872009
2026-03-08 19:23:56,548   INFO  epoch: 0/6, acc_iter=8850, cur_iter=8849/36796, batch_size=4, time_cost(epoch): 5:04:33/16:01:43, time_cost(all): 5:04:36/121:32:58, loss=1.1209163665771484, d_time=0.25(0.25), f_time=1.59(1.81), b_time=1.84(2.06), lr=0.0007326821997599153
/bin/sh: line 1: gpustat: command not found
2026-03-08 19:23:56,793   INFO  
2026-03-08 19:24:25,547   INFO  Save latest model to /storage/project/r-gchou3-0/spanse30/MSF/output/cfgs/waymo_models/msf_8frames/default/ckpt/latest_model
2026-03-08 19:25:40,588   INFO  epoch: 0/6, acc_iter=8900, cur_iter=8899/36796, batch_size=4, time_cost(epoch): 5:06:17/16:00:03, time_cost(all): 5:06:20/121:31:33, loss=1.7596839666366577, d_time=0.25(0.25), f_time=1.68(1.81), b_time=1.93(2.06), lr=0.0007341732607155805
2026-03-08 19:27:22,863   INFO  epoch: 0/6, acc_iter=8950, cur_iter=8949/36796, batch_size=4, time_cost(epoch): 5:07:59/15:58:16, time_cost(all): 5:08:03/121:29:27, loss=1.4708647727966309, d_time=0.25(0.25), f_time=2.04(1.81), b_time=2.29(2.06), lr=0.000735672439636661
2026-03-08 19:29:03,070   INFO  epoch: 0/6, acc_iter=9000, cur_iter=8999/36796, batch_size=4, time_cost(epoch): 5:09:39/15:56:24, time_cost(all): 5:09:43/121:26:33, loss=1.3888980150222778, d_time=0.26(0.25), f_time=1.30(1.81), b_time=1.56(2.06), lr=0.0007371797317799354
/bin/sh: line 1: gpustat: command not found
2026-03-08 19:29:03,386   INFO  
2026-03-08 19:29:24,070   INFO  Save latest model to /storage/project/r-gchou3-0/spanse30/MSF/output/cfgs/waymo_models/msf_8frames/default/ckpt/latest_model
2026-03-08 19:30:44,952   INFO  epoch: 0/6, acc_iter=9050, cur_iter=9049/36796, batch_size=4, time_cost(epoch): 5:11:21/15:54:36, time_cost(all): 5:11:25/121:24:18, loss=1.2698166370391846, d_time=0.25(0.25), f_time=1.50(1.81), b_time=1.75(2.06), lr=0.0007386951323765144
2026-03-08 19:32:27,599   INFO  epoch: 0/6, acc_iter=9100, cur_iter=9099/36796, batch_size=4, time_cost(epoch): 5:13:04/15:52:51, time_cost(all): 5:13:07/121:22:22, loss=1.6873064041137695, d_time=0.25(0.25), f_time=1.78(1.81), b_time=2.03(2.06), lr=0.000740218636631854
2026-03-08 19:34:10,013   INFO  epoch: 0/6, acc_iter=9150, cur_iter=9149/36796, batch_size=4, time_cost(epoch): 5:14:46/15:51:06, time_cost(all): 5:14:50/121:20:20, loss=1.734792709350586, d_time=0.25(0.25), f_time=2.02(1.81), b_time=2.27(2.06), lr=0.0007417502397257698
/bin/sh: line 1: gpustat: command not found
2026-03-08 19:34:10,262   INFO  
2026-03-08 19:34:24,983   INFO  Save latest model to /storage/project/r-gchou3-0/spanse30/MSF/output/cfgs/waymo_models/msf_8frames/default/ckpt/latest_model
2026-03-08 19:35:55,563   INFO  epoch: 0/6, acc_iter=9200, cur_iter=9199/36796, batch_size=4, time_cost(epoch): 5:16:32/15:49:30, time_cost(all): 5:16:35/121:19:31, loss=1.4092401266098022, d_time=0.25(0.25), f_time=3.05(1.81), b_time=3.30(2.06), lr=0.0007432899368124569
2026-03-08 19:37:40,124   INFO  epoch: 0/6, acc_iter=9250, cur_iter=9249/36796, batch_size=4, time_cost(epoch): 5:18:16/15:47:50, time_cost(all): 5:18:20/121:18:18, loss=1.440241813659668, d_time=0.25(0.25), f_time=2.27(1.81), b_time=2.52(2.06), lr=0.0007448377230204984
2026-03-08 19:39:23,883   INFO  epoch: 0/6, acc_iter=9300, cur_iter=9299/36796, batch_size=4, time_cost(epoch): 5:20:00/15:46:09, time_cost(all): 5:20:04/121:16:47, loss=1.4368581771850586, d_time=0.25(0.25), f_time=1.47(1.81), b_time=1.72(2.06), lr=0.0007463935934528855
/bin/sh: line 1: gpustat: command not found
2026-03-08 19:39:24,163   INFO  
2026-03-08 19:39:24,272   INFO  Save latest model to /storage/project/r-gchou3-0/spanse30/MSF/output/cfgs/waymo_models/msf_8frames/default/ckpt/latest_model
2026-03-08 19:41:09,537   INFO  epoch: 0/6, acc_iter=9350, cur_iter=9349/36796, batch_size=4, time_cost(epoch): 5:21:46/15:44:33, time_cost(all): 5:21:49/121:15:59, loss=1.3236174583435059, d_time=0.25(0.25), f_time=1.15(1.81), b_time=1.40(2.06), lr=0.0007479575431870349
2026-03-08 19:42:51,349   INFO  epoch: 0/6, acc_iter=9400, cur_iter=9399/36796, batch_size=4, time_cost(epoch): 5:23:27/15:42:45, time_cost(all): 5:23:31/121:13:44, loss=1.4298620223999023, d_time=0.24(0.25), f_time=0.75(1.81), b_time=0.99(2.06), lr=0.0007495295672747962
2026-03-08 19:44:25,201   INFO  Save latest model to /storage/project/r-gchou3-0/spanse30/MSF/output/cfgs/waymo_models/msf_8frames/default/ckpt/latest_model
2026-03-08 19:44:33,361   INFO  epoch: 0/6, acc_iter=9450, cur_iter=9449/36796, batch_size=4, time_cost(epoch): 5:25:09/15:40:59, time_cost(all): 5:25:13/121:11:33, loss=1.5071724653244019, d_time=0.25(0.25), f_time=1.84(1.81), b_time=2.09(2.06), lr=0.0007511096607424762
/bin/sh: line 1: gpustat: command not found
2026-03-08 19:44:33,599   INFO  
2026-03-08 19:46:15,962   INFO  epoch: 0/6, acc_iter=9500, cur_iter=9499/36796, batch_size=4, time_cost(epoch): 5:26:52/15:39:14, time_cost(all): 5:26:56/121:09:36, loss=1.503778338432312, d_time=0.25(0.25), f_time=1.63(1.81), b_time=1.88(2.06), lr=0.0007526978185908506
2026-03-08 19:47:58,470   INFO  epoch: 0/6, acc_iter=9550, cur_iter=9549/36796, batch_size=4, time_cost(epoch): 5:28:35/15:37:28, time_cost(all): 5:28:38/121:07:37, loss=1.5877583026885986, d_time=0.25(0.25), f_time=2.33(1.81), b_time=2.58(2.06), lr=0.0007542940357951793
2026-03-08 19:49:24,526   INFO  Save latest model to /storage/project/r-gchou3-0/spanse30/MSF/output/cfgs/waymo_models/msf_8frames/default/ckpt/latest_model
2026-03-08 19:49:41,420   INFO  epoch: 0/6, acc_iter=9600, cur_iter=9599/36796, batch_size=4, time_cost(epoch): 5:30:17/15:35:44, time_cost(all): 5:30:21/121:05:48, loss=1.732893943786621, d_time=0.24(0.25), f_time=1.95(1.81), b_time=2.19(2.06), lr=0.000755898307305226
/bin/sh: line 1: gpustat: command not found
2026-03-08 19:49:41,678   INFO  
2026-03-08 19:51:24,265   INFO  epoch: 0/6, acc_iter=9650, cur_iter=9649/36796, batch_size=4, time_cost(epoch): 5:32:00/15:34:00, time_cost(all): 5:32:04/121:03:56, loss=1.207056999206543, d_time=0.25(0.25), f_time=1.85(1.81), b_time=2.10(2.06), lr=0.000757510628045268
2026-03-08 19:53:07,050   INFO  epoch: 0/6, acc_iter=9700, cur_iter=9699/36796, batch_size=4, time_cost(epoch): 5:33:43/15:32:16, time_cost(all): 5:33:47/121:02:04, loss=2.0433802604675293, d_time=0.25(0.25), f_time=2.31(1.81), b_time=2.56(2.06), lr=0.0007591309929141175
2026-03-08 19:54:25,663   INFO  Save latest model to /storage/project/r-gchou3-0/spanse30/MSF/output/cfgs/waymo_models/msf_8frames/default/ckpt/latest_model
2026-03-08 19:54:51,303   INFO  epoch: 0/6, acc_iter=9750, cur_iter=9749/36796, batch_size=4, time_cost(epoch): 5:35:27/15:30:35, time_cost(all): 5:35:31/121:00:43, loss=1.2125176191329956, d_time=0.25(0.25), f_time=1.34(1.81), b_time=1.59(2.06), lr=0.0007607593967851375
/bin/sh: line 1: gpustat: command not found
2026-03-08 19:54:51,543   INFO  
2026-03-08 19:56:32,905   INFO  epoch: 0/6, acc_iter=9800, cur_iter=9799/36796, batch_size=4, time_cost(epoch): 5:37:09/15:28:48, time_cost(all): 5:37:13/120:58:25, loss=1.7400946617126465, d_time=0.25(0.25), f_time=1.93(1.81), b_time=2.18(2.06), lr=0.0007623958345062539
2026-03-08 19:58:13,096   INFO  epoch: 0/6, acc_iter=9850, cur_iter=9849/36796, batch_size=4, time_cost(epoch): 5:38:49/15:26:56, time_cost(all): 5:38:53/120:55:37, loss=1.6078300476074219, d_time=0.25(0.25), f_time=1.72(1.81), b_time=1.97(2.06), lr=0.0007640403008999756
2026-03-08 19:59:24,258   INFO  Save latest model to /storage/project/r-gchou3-0/spanse30/MSF/output/cfgs/waymo_models/msf_8frames/default/ckpt/latest_model
2026-03-08 19:59:55,266   INFO  epoch: 0/6, acc_iter=9900, cur_iter=9899/36796, batch_size=4, time_cost(epoch): 5:40:31/15:25:10, time_cost(all): 5:40:35/120:53:32, loss=1.2886059284210205, d_time=0.25(0.25), f_time=1.83(1.81), b_time=2.08(2.06), lr=0.0007656927907634106
/bin/sh: line 1: gpustat: command not found
2026-03-08 19:59:55,506   INFO  
2026-03-08 20:01:37,162   INFO  epoch: 0/6, acc_iter=9950, cur_iter=9949/36796, batch_size=4, time_cost(epoch): 5:42:13/15:23:23, time_cost(all): 5:42:17/120:51:21, loss=1.6351832151412964, d_time=0.25(0.25), f_time=2.11(1.81), b_time=2.36(2.06), lr=0.0007673532988682801
2026-03-08 20:03:21,241   INFO  epoch: 0/6, acc_iter=10000, cur_iter=9999/36796, batch_size=4, time_cost(epoch): 5:43:57/15:21:43, time_cost(all): 5:44:01/120:49:57, loss=1.4964258670806885, d_time=0.28(0.25), f_time=1.51(1.81), b_time=1.79(2.06), lr=0.0007690218199609385
2026-03-08 20:04:23,596   INFO  Save latest model to /storage/project/r-gchou3-0/spanse30/MSF/output/cfgs/waymo_models/msf_8frames/default/ckpt/latest_model
2026-03-08 20:05:03,050   INFO  epoch: 0/6, acc_iter=10050, cur_iter=10049/36796, batch_size=4, time_cost(epoch): 5:45:39/15:19:56, time_cost(all): 5:45:43/120:47:45, loss=1.3582457304000854, d_time=0.25(0.25), f_time=1.73(1.81), b_time=1.98(2.06), lr=0.0007706983487623864
/bin/sh: line 1: gpustat: command not found
2026-03-08 20:05:03,287   INFO  
2026-03-08 20:06:46,420   INFO  epoch: 0/6, acc_iter=10100, cur_iter=10099/36796, batch_size=4, time_cost(epoch): 5:47:22/15:18:13, time_cost(all): 5:47:26/120:46:06, loss=1.4015206098556519, d_time=0.28(0.25), f_time=0.87(1.81), b_time=1.15(2.06), lr=0.0007723828799682886
2026-03-08 20:08:28,921   INFO  epoch: 0/6, acc_iter=10150, cur_iter=10149/36796, batch_size=4, time_cost(epoch): 5:49:05/15:16:28, time_cost(all): 5:49:09/120:44:08, loss=1.0949681997299194, d_time=0.24(0.25), f_time=1.31(1.81), b_time=1.55(2.06), lr=0.0007740754082489927
2026-03-08 20:09:24,578   INFO  Save latest model to /storage/project/r-gchou3-0/spanse30/MSF/output/cfgs/waymo_models/msf_8frames/default/ckpt/latest_model
2026-03-08 20:10:13,650   INFO  epoch: 0/6, acc_iter=10200, cur_iter=10199/36796, batch_size=4, time_cost(epoch): 5:50:50/15:14:49, time_cost(all): 5:50:53/120:42:57, loss=1.2855843305587769, d_time=0.25(0.25), f_time=1.76(1.81), b_time=2.01(2.06), lr=0.0007757759282495443
/bin/sh: line 1: gpustat: command not found
2026-03-08 20:10:13,892   INFO  
2026-03-08 20:11:59,328   INFO  epoch: 0/6, acc_iter=10250, cur_iter=10249/36796, batch_size=4, time_cost(epoch): 5:52:35/15:13:12, time_cost(all): 5:52:39/120:42:05, loss=1.67857825756073, d_time=0.25(0.25), f_time=2.19(1.81), b_time=2.44(2.06), lr=0.0007774844345897047
2026-03-08 20:13:45,457   INFO  epoch: 0/6, acc_iter=10300, cur_iter=10299/36796, batch_size=4, time_cost(epoch): 5:54:22/15:11:37, time_cost(all): 5:54:25/120:41:22, loss=1.5057482719421387, d_time=0.25(0.25), f_time=1.64(1.81), b_time=1.89(2.06), lr=0.0007792009218639644
2026-03-08 20:14:23,572   INFO  Save latest model to /storage/project/r-gchou3-0/spanse30/MSF/output/cfgs/waymo_models/msf_8frames/default/ckpt/latest_model
2026-03-08 20:15:31,644   INFO  epoch: 0/6, acc_iter=10350, cur_iter=10349/36796, batch_size=4, time_cost(epoch): 5:56:08/15:10:01, time_cost(all): 5:56:11/120:40:39, loss=1.431818962097168, d_time=0.25(0.25), f_time=1.98(1.81), b_time=2.23(2.06), lr=0.000780925384641566
/bin/sh: line 1: gpustat: command not found
2026-03-08 20:15:31,882   INFO  
2026-03-08 20:17:16,807   INFO  epoch: 0/6, acc_iter=10400, cur_iter=10399/36796, batch_size=4, time_cost(epoch): 5:57:53/15:08:23, time_cost(all): 5:57:57/120:39:35, loss=1.3189723491668701, d_time=0.25(0.25), f_time=1.74(1.81), b_time=1.99(2.06), lr=0.0007826578174665198
2026-03-08 20:18:57,594   INFO  epoch: 0/6, acc_iter=10450, cur_iter=10449/36796, batch_size=4, time_cost(epoch): 5:59:34/15:06:33, time_cost(all): 5:59:37/120:37:02, loss=1.4027432203292847, d_time=0.25(0.25), f_time=1.88(1.81), b_time=2.13(2.06), lr=0.0007843982148576139
2026-03-08 20:19:23,657   INFO  Save latest model to /storage/project/r-gchou3-0/spanse30/MSF/output/cfgs/waymo_models/msf_8frames/default/ckpt/latest_model
2026-03-08 20:20:37,960   INFO  epoch: 0/6, acc_iter=10500, cur_iter=10499/36796, batch_size=4, time_cost(epoch): 6:01:14/15:04:43, time_cost(all): 6:01:18/120:34:22, loss=1.3317246437072754, d_time=0.24(0.25), f_time=1.33(1.81), b_time=1.57(2.06), lr=0.0007861465713084456
/bin/sh: line 1: gpustat: command not found
2026-03-08 20:20:38,205   INFO  
2026-03-08 20:22:18,830   INFO  epoch: 0/6, acc_iter=10550, cur_iter=10549/36796, batch_size=4, time_cost(epoch): 6:02:55/15:02:54, time_cost(all): 6:02:59/120:31:52, loss=1.1026827096939087, d_time=0.24(0.25), f_time=1.26(1.81), b_time=1.50(2.06), lr=0.000787902881287425
2026-03-08 20:23:59,573   INFO  epoch: 0/6, acc_iter=10600, cur_iter=10599/36796, batch_size=4, time_cost(epoch): 6:04:36/15:01:05, time_cost(all): 6:04:39/120:29:20, loss=1.3928697109222412, d_time=0.25(0.25), f_time=1.14(1.81), b_time=1.39(2.06), lr=0.0007896671392377992
2026-03-08 20:24:24,763   INFO  Save latest model to /storage/project/r-gchou3-0/spanse30/MSF/output/cfgs/waymo_models/msf_8frames/default/ckpt/latest_model
2026-03-08 20:25:45,615   INFO  epoch: 0/6, acc_iter=10650, cur_iter=10649/36796, batch_size=4, time_cost(epoch): 6:06:22/14:59:28, time_cost(all): 6:06:25/120:28:33, loss=1.5194361209869385, d_time=0.25(0.25), f_time=1.95(1.81), b_time=2.20(2.06), lr=0.0007914393395776704
/bin/sh: line 1: gpustat: command not found
2026-03-08 20:25:45,856   INFO  
2026-03-08 20:27:30,057   INFO  epoch: 0/6, acc_iter=10700, cur_iter=10699/36796, batch_size=4, time_cost(epoch): 6:08:06/14:57:48, time_cost(all): 6:08:10/120:27:14, loss=1.7097734212875366, d_time=0.24(0.25), f_time=2.12(1.81), b_time=2.36(2.06), lr=0.0007932194767000097
2026-03-08 20:29:14,697   INFO  epoch: 0/6, acc_iter=10750, cur_iter=10749/36796, batch_size=4, time_cost(epoch): 6:09:51/14:56:08, time_cost(all): 6:09:54/120:25:59, loss=1.5536704063415527, d_time=0.25(0.25), f_time=2.35(1.81), b_time=2.60(2.06), lr=0.000795007544972681
2026-03-08 20:29:25,374   INFO  Save latest model to /storage/project/r-gchou3-0/spanse30/MSF/output/cfgs/waymo_models/msf_8frames/default/ckpt/latest_model
2026-03-08 20:30:53,644   INFO  epoch: 0/6, acc_iter=10800, cur_iter=10799/36796, batch_size=4, time_cost(epoch): 6:11:30/14:54:15, time_cost(all): 6:11:33/120:22:53, loss=1.4603965282440186, d_time=0.25(0.25), f_time=1.79(1.81), b_time=2.04(2.06), lr=0.0007968035387384501
/bin/sh: line 1: gpustat: command not found
2026-03-08 20:30:53,878   INFO  
2026-03-08 20:32:35,955   INFO  epoch: 0/6, acc_iter=10850, cur_iter=10849/36796, batch_size=4, time_cost(epoch): 6:13:12/14:52:30, time_cost(all): 6:13:16/120:20:52, loss=1.6132144927978516, d_time=0.25(0.25), f_time=2.24(1.81), b_time=2.49(2.06), lr=0.0007986074523150108
2026-03-08 20:34:17,943   INFO  epoch: 0/6, acc_iter=10900, cur_iter=10899/36796, batch_size=4, time_cost(epoch): 6:14:54/14:50:44, time_cost(all): 6:14:58/120:18:46, loss=1.4696851968765259, d_time=0.24(0.25), f_time=1.06(1.81), b_time=1.30(2.06), lr=0.0008004192799950004
2026-03-08 20:34:23,822   INFO  Save latest model to /storage/project/r-gchou3-0/spanse30/MSF/output/cfgs/waymo_models/msf_8frames/default/ckpt/latest_model
2026-03-08 20:36:00,878   INFO  epoch: 0/6, acc_iter=10950, cur_iter=10949/36796, batch_size=4, time_cost(epoch): 6:16:37/14:49:00, time_cost(all): 6:16:41/120:16:58, loss=1.5289855003356934, d_time=0.25(0.25), f_time=1.46(1.81), b_time=1.71(2.06), lr=0.0008022390160460132
/bin/sh: line 1: gpustat: command not found
2026-03-08 20:36:01,146   INFO  
2026-03-08 20:37:42,095   INFO  epoch: 0/6, acc_iter=11000, cur_iter=10999/36796, batch_size=4, time_cost(epoch): 6:18:18/14:47:12, time_cost(all): 6:18:22/120:14:37, loss=1.7821178436279297, d_time=0.25(0.25), f_time=1.95(1.81), b_time=2.20(2.06), lr=0.0008040666547106251
2026-03-08 20:39:20,938   INFO  epoch: 0/6, acc_iter=11050, cur_iter=11049/36796, batch_size=4, time_cost(epoch): 6:19:57/14:45:19, time_cost(all): 6:20:01/120:11:32, loss=1.4048374891281128, d_time=0.25(0.25), f_time=1.30(1.81), b_time=1.55(2.06), lr=0.0008059021902064086
2026-03-08 20:39:23,648   INFO  Save latest model to /storage/project/r-gchou3-0/spanse30/MSF/output/cfgs/waymo_models/msf_8frames/default/ckpt/latest_model
2026-03-08 20:41:01,030   INFO  epoch: 0/6, acc_iter=11100, cur_iter=11099/36796, batch_size=4, time_cost(epoch): 6:21:37/14:43:28, time_cost(all): 6:21:41/120:08:51, loss=1.4501737356185913, d_time=0.25(0.25), f_time=2.05(1.81), b_time=2.30(2.06), lr=0.000807745616725951
/bin/sh: line 1: gpustat: command not found
2026-03-08 20:41:01,271   INFO  
2026-03-08 20:42:45,197   INFO  epoch: 0/6, acc_iter=11150, cur_iter=11149/36796, batch_size=4, time_cost(epoch): 6:23:21/14:41:48, time_cost(all): 6:23:25/120:07:27, loss=1.9071388244628906, d_time=0.25(0.25), f_time=2.19(1.81), b_time=2.44(2.06), lr=0.0008095969284368744
2026-03-08 20:44:24,534   INFO  Save latest model to /storage/project/r-gchou3-0/spanse30/MSF/output/cfgs/waymo_models/msf_8frames/default/ckpt/latest_model
2026-03-08 20:44:30,655   INFO  epoch: 0/6, acc_iter=11200, cur_iter=11199/36796, batch_size=4, time_cost(epoch): 6:25:07/14:40:10, time_cost(all): 6:25:10/120:06:27, loss=1.402536392211914, d_time=0.25(0.25), f_time=1.39(1.81), b_time=1.64(2.06), lr=0.0008114561194818518
2026-03-08 20:46:11,029   INFO  epoch: 0/6, acc_iter=11250, cur_iter=11249/36796, batch_size=4, time_cost(epoch): 6:26:47/14:38:20, time_cost(all): 6:26:51/120:03:52, loss=1.6677320003509521, d_time=0.25(0.25), f_time=1.34(1.81), b_time=1.59(2.06), lr=0.0008133231839786287
/bin/sh: line 1: gpustat: command not found
2026-03-08 20:46:11,395   INFO  
2026-03-08 20:47:57,879   INFO  epoch: 0/6, acc_iter=11300, cur_iter=11299/36796, batch_size=4, time_cost(epoch): 6:28:34/14:36:46, time_cost(all): 6:28:38/120:03:18, loss=1.3003877401351929, d_time=0.25(0.25), f_time=1.71(1.81), b_time=1.96(2.06), lr=0.0008151981160200378
2026-03-08 20:49:23,729   INFO  Save latest model to /storage/project/r-gchou3-0/spanse30/MSF/output/cfgs/waymo_models/msf_8frames/default/ckpt/latest_model
2026-03-08 20:49:37,890   INFO  epoch: 0/6, acc_iter=11350, cur_iter=11349/36796, batch_size=4, time_cost(epoch): 6:30:14/14:34:55, time_cost(all): 6:30:18/120:00:36, loss=1.4668464660644531, d_time=0.25(0.25), f_time=1.57(1.81), b_time=1.82(2.06), lr=0.0008170809096740223
2026-03-08 20:51:21,786   INFO  epoch: 0/6, acc_iter=11400, cur_iter=11399/36796, batch_size=4, time_cost(epoch): 6:31:58/14:33:14, time_cost(all): 6:32:02/119:59:07, loss=1.5939881801605225, d_time=0.25(0.25), f_time=1.34(1.81), b_time=1.59(2.06), lr=0.0008189715589836501
/bin/sh: line 1: gpustat: command not found
2026-03-08 20:51:22,030   INFO  
2026-03-08 20:53:03,315   INFO  epoch: 0/6, acc_iter=11450, cur_iter=11449/36796, batch_size=4, time_cost(epoch): 6:33:39/14:31:27, time_cost(all): 6:33:43/119:56:54, loss=1.2976586818695068, d_time=0.26(0.25), f_time=2.12(1.81), b_time=2.39(2.06), lr=0.0008208700579671342
2026-03-08 20:54:25,461   INFO  Save latest model to /storage/project/r-gchou3-0/spanse30/MSF/output/cfgs/waymo_models/msf_8frames/default/ckpt/latest_model
2026-03-08 20:54:48,140   INFO  epoch: 0/6, acc_iter=11500, cur_iter=11499/36796, batch_size=4, time_cost(epoch): 6:35:24/14:29:48, time_cost(all): 6:35:28/119:55:42, loss=1.3768218755722046, d_time=0.25(0.25), f_time=2.55(1.81), b_time=2.80(2.06), lr=0.0008227764006178548
2026-03-08 20:56:32,508   INFO  epoch: 0/6, acc_iter=11550, cur_iter=11549/36796, batch_size=4, time_cost(epoch): 6:37:09/14:28:07, time_cost(all): 6:37:12/119:54:21, loss=1.3787877559661865, d_time=0.25(0.25), f_time=1.48(1.81), b_time=1.73(2.06), lr=0.0008246905809043744
/bin/sh: line 1: gpustat: command not found
2026-03-08 20:56:32,753   INFO  
2026-03-08 20:58:15,276   INFO  epoch: 0/6, acc_iter=11600, cur_iter=11599/36796, batch_size=4, time_cost(epoch): 6:38:51/14:26:23, time_cost(all): 6:38:55/119:52:30, loss=1.4375075101852417, d_time=0.25(0.25), f_time=1.88(1.81), b_time=2.13(2.06), lr=0.0008266125927704595
2026-03-08 20:59:24,629   INFO  Save latest model to /storage/project/r-gchou3-0/spanse30/MSF/output/cfgs/waymo_models/msf_8frames/default/ckpt/latest_model
2026-03-08 20:59:59,667   INFO  epoch: 0/6, acc_iter=11650, cur_iter=11649/36796, batch_size=4, time_cost(epoch): 6:40:36/14:24:43, time_cost(all): 6:40:39/119:51:09, loss=1.3486051559448242, d_time=0.25(0.25), f_time=1.71(1.81), b_time=1.96(2.06), lr=0.0008285424301350923
2026-03-08 21:01:41,026   INFO  epoch: 0/6, acc_iter=11700, cur_iter=11699/36796, batch_size=4, time_cost(epoch): 6:42:17/14:22:56, time_cost(all): 6:42:21/119:48:54, loss=2.123016119003296, d_time=0.24(0.25), f_time=1.57(1.81), b_time=1.81(2.06), lr=0.0008304800868925068
/bin/sh: line 1: gpustat: command not found
2026-03-08 21:01:41,371   INFO  
2026-03-08 21:03:23,327   INFO  epoch: 0/6, acc_iter=11750, cur_iter=11749/36796, batch_size=4, time_cost(epoch): 6:43:59/14:21:11, time_cost(all): 6:44:03/119:46:56, loss=1.540867567062378, d_time=0.25(0.25), f_time=1.81(1.81), b_time=2.06(2.06), lr=0.0008324255569121877
2026-03-08 21:04:25,641   INFO  Save latest model to /storage/project/r-gchou3-0/spanse30/MSF/output/cfgs/waymo_models/msf_8frames/default/ckpt/latest_model
2026-03-08 21:05:05,935   INFO  epoch: 0/6, acc_iter=11800, cur_iter=11799/36796, batch_size=4, time_cost(epoch): 6:45:42/14:19:26, time_cost(all): 6:45:46/119:45:03, loss=1.705085277557373, d_time=0.25(0.25), f_time=2.08(1.81), b_time=2.33(2.06), lr=0.0008343788340389041
2026-03-08 21:06:49,185   INFO  epoch: 0/6, acc_iter=11850, cur_iter=11849/36796, batch_size=4, time_cost(epoch): 6:47:25/14:17:43, time_cost(all): 6:47:29/119:43:22, loss=1.8517682552337646, d_time=0.25(0.25), f_time=0.89(1.81), b_time=1.14(2.06), lr=0.0008363399120927236
/bin/sh: line 1: gpustat: command not found
2026-03-08 21:06:49,504   INFO  
2026-03-08 21:08:30,577   INFO  epoch: 0/6, acc_iter=11900, cur_iter=11899/36796, batch_size=4, time_cost(epoch): 6:49:07/14:15:57, time_cost(all): 6:49:10/119:41:08, loss=1.3351092338562012, d_time=0.25(0.25), f_time=1.81(1.81), b_time=2.06(2.06), lr=0.0008383087848690312
2026-03-08 21:09:25,372   INFO  Save latest model to /storage/project/r-gchou3-0/spanse30/MSF/output/cfgs/waymo_models/msf_8frames/default/ckpt/latest_model
2026-03-08 21:10:11,103   INFO  epoch: 0/6, acc_iter=11950, cur_iter=11949/36796, batch_size=4, time_cost(epoch): 6:50:47/14:14:08, time_cost(all): 6:50:51/119:38:39, loss=1.2916408777236938, d_time=0.25(0.25), f_time=1.73(1.81), b_time=1.98(2.06), lr=0.0008402854461385546
2026-03-08 21:11:51,966   INFO  epoch: 0/6, acc_iter=12000, cur_iter=11999/36796, batch_size=4, time_cost(epoch): 6:52:28/14:12:20, time_cost(all): 6:52:32/119:36:16, loss=1.1526663303375244, d_time=0.25(0.25), f_time=1.37(1.81), b_time=1.62(2.06), lr=0.0008422698896473737
/bin/sh: line 1: gpustat: command not found
2026-03-08 21:11:52,239   INFO  
2026-03-08 21:13:34,943   INFO  epoch: 0/6, acc_iter=12050, cur_iter=12049/36796, batch_size=4, time_cost(epoch): 6:54:11/14:10:37, time_cost(all): 6:54:15/119:34:31, loss=1.314409852027893, d_time=0.25(0.25), f_time=2.03(1.81), b_time=2.28(2.06), lr=0.0008442621091169509
2026-03-08 21:14:24,622   INFO  Save latest model to /storage/project/r-gchou3-0/spanse30/MSF/output/cfgs/waymo_models/msf_8frames/default/ckpt/latest_model
2026-03-08 21:15:21,688   INFO  epoch: 0/6, acc_iter=12100, cur_iter=12099/36796, batch_size=4, time_cost(epoch): 6:55:58/14:09:01, time_cost(all): 6:56:01/119:33:50, loss=1.4063845872879028, d_time=0.25(0.25), f_time=2.38(1.81), b_time=2.63(2.06), lr=0.0008462620982441441
2026-03-08 21:17:03,187   INFO  epoch: 0/6, acc_iter=12150, cur_iter=12149/36796, batch_size=4, time_cost(epoch): 6:57:39/14:07:15, time_cost(all): 6:57:43/119:31:39, loss=1.6236937046051025, d_time=0.24(0.25), f_time=2.08(1.81), b_time=2.32(2.06), lr=0.0008482698507012304
/bin/sh: line 1: gpustat: command not found
2026-03-08 21:17:03,423   INFO  
2026-03-08 21:18:46,583   INFO  epoch: 0/6, acc_iter=12200, cur_iter=12199/36796, batch_size=4, time_cost(epoch): 6:59:23/14:05:32, time_cost(all): 6:59:26/119:30:01, loss=1.522353172302246, d_time=0.25(0.25), f_time=2.35(1.81), b_time=2.60(2.06), lr=0.0008502853601359221
2026-03-08 21:19:25,546   INFO  Save latest model to /storage/project/r-gchou3-0/spanse30/MSF/output/cfgs/waymo_models/msf_8frames/default/ckpt/latest_model
2026-03-08 21:20:28,621   INFO  epoch: 0/6, acc_iter=12250, cur_iter=12249/36796, batch_size=4, time_cost(epoch): 7:01:05/14:03:47, time_cost(all): 7:01:08/119:27:59, loss=1.0571236610412598, d_time=0.24(0.25), f_time=1.09(1.81), b_time=1.33(2.06), lr=0.0008523086201713938
2026-03-08 21:22:12,032   INFO  epoch: 0/6, acc_iter=12300, cur_iter=12299/36796, batch_size=4, time_cost(epoch): 7:02:48/14:02:04, time_cost(all): 7:02:52/119:26:21, loss=1.2557952404022217, d_time=0.25(0.25), f_time=1.48(1.81), b_time=1.73(2.06), lr=0.0008543396244062931
/bin/sh: line 1: gpustat: command not found
2026-03-08 21:22:12,269   INFO  
2026-03-08 21:23:53,557   INFO  epoch: 0/6, acc_iter=12350, cur_iter=12349/36796, batch_size=4, time_cost(epoch): 7:04:30/14:00:18, time_cost(all): 7:04:33/119:24:11, loss=1.2293994426727295, d_time=0.25(0.25), f_time=1.49(1.81), b_time=1.74(2.06), lr=0.0008563783664147706
2026-03-08 21:24:24,366   INFO  Save latest model to /storage/project/r-gchou3-0/spanse30/MSF/output/cfgs/waymo_models/msf_8frames/default/ckpt/latest_model
2026-03-08 21:25:36,799   INFO  epoch: 0/6, acc_iter=12400, cur_iter=12399/36796, batch_size=4, time_cost(epoch): 7:06:13/13:58:35, time_cost(all): 7:06:17/119:22:30, loss=1.463219165802002, d_time=0.25(0.25), f_time=1.66(1.81), b_time=1.91(2.06), lr=0.0008584248397464911
2026-03-08 21:27:17,916   INFO  epoch: 0/6, acc_iter=12450, cur_iter=12449/36796, batch_size=4, time_cost(epoch): 7:07:54/13:56:48, time_cost(all): 7:07:58/119:20:13, loss=1.3050119876861572, d_time=0.25(0.25), f_time=2.11(1.81), b_time=2.36(2.06), lr=0.0008604790379266617
/bin/sh: line 1: gpustat: command not found
2026-03-08 21:27:18,159   INFO  
2026-03-08 21:28:59,311   INFO  epoch: 0/6, acc_iter=12500, cur_iter=12499/36796, batch_size=4, time_cost(epoch): 7:09:35/13:55:02, time_cost(all): 7:09:39/119:18:01, loss=1.0580847263336182, d_time=0.25(0.25), f_time=1.53(1.81), b_time=1.78(2.06), lr=0.0008625409544560474
2026-03-08 21:29:25,605   INFO  Save latest model to /storage/project/r-gchou3-0/spanse30/MSF/output/cfgs/waymo_models/msf_8frames/default/ckpt/latest_model
2026-03-08 21:30:44,370   INFO  epoch: 0/6, acc_iter=12550, cur_iter=12549/36796, batch_size=4, time_cost(epoch): 7:11:20/13:53:22, time_cost(all): 7:11:24/119:16:51, loss=1.7421424388885498, d_time=0.25(0.25), f_time=2.75(1.81), b_time=3.00(2.06), lr=0.0008646105828109931
2026-03-08 21:32:30,080   INFO  epoch: 0/6, acc_iter=12600, cur_iter=12599/36796, batch_size=4, time_cost(epoch): 7:13:06/13:51:44, time_cost(all): 7:13:10/119:15:50, loss=1.4256037473678589, d_time=0.24(0.25), f_time=2.08(1.81), b_time=2.32(2.06), lr=0.000866687916443446
/bin/sh: line 1: gpustat: command not found
2026-03-08 21:32:30,319   INFO  
2026-03-08 21:34:13,292   INFO  epoch: 0/6, acc_iter=12650, cur_iter=12649/36796, batch_size=4, time_cost(epoch): 7:14:49/13:50:01, time_cost(all): 7:14:53/119:14:09, loss=1.817898154258728, d_time=0.25(0.25), f_time=1.53(1.81), b_time=1.78(2.06), lr=0.0008687729487809742
2026-03-08 21:34:25,241   INFO  Save latest model to /storage/project/r-gchou3-0/spanse30/MSF/output/cfgs/waymo_models/msf_8frames/default/ckpt/latest_model
2026-03-08 21:36:00,986   INFO  epoch: 0/6, acc_iter=12700, cur_iter=12699/36796, batch_size=4, time_cost(epoch): 7:16:37/13:48:27, time_cost(all): 7:16:41/119:13:41, loss=1.3263821601867676, d_time=0.25(0.25), f_time=2.37(1.81), b_time=2.62(2.06), lr=0.0008708656732267879
2026-03-08 21:37:43,839   INFO  epoch: 0/6, acc_iter=12750, cur_iter=12749/36796, batch_size=4, time_cost(epoch): 7:18:20/13:46:43, time_cost(all): 7:18:24/119:11:53, loss=1.3603614568710327, d_time=0.25(0.25), f_time=1.49(1.81), b_time=1.74(2.06), lr=0.0008729660831597579
/bin/sh: line 1: gpustat: command not found
2026-03-08 21:37:44,077   INFO  
2026-03-08 21:39:24,772   INFO  epoch: 0/6, acc_iter=12800, cur_iter=12799/36796, batch_size=4, time_cost(epoch): 7:20:01/13:44:56, time_cost(all): 7:20:05/119:09:34, loss=1.3921513557434082, d_time=0.25(0.25), f_time=1.54(1.81), b_time=1.79(2.06), lr=0.0008750741719344424
2026-03-08 21:39:24,871   INFO  Save latest model to /storage/project/r-gchou3-0/spanse30/MSF/output/cfgs/waymo_models/msf_8frames/default/ckpt/latest_model
2026-03-08 21:41:08,830   INFO  epoch: 0/6, acc_iter=12850, cur_iter=12849/36796, batch_size=4, time_cost(epoch): 7:21:45/13:43:14, time_cost(all): 7:21:49/119:08:06, loss=1.4235373735427856, d_time=0.25(0.25), f_time=2.16(1.81), b_time=2.41(2.06), lr=0.0008771899328811053
2026-03-08 21:42:53,363   INFO  epoch: 0/6, acc_iter=12900, cur_iter=12899/36796, batch_size=4, time_cost(epoch): 7:23:29/13:41:34, time_cost(all): 7:23:33/119:06:45, loss=1.403620958328247, d_time=0.24(0.25), f_time=2.18(1.81), b_time=2.42(2.06), lr=0.0008793133593057315
/bin/sh: line 1: gpustat: command not found
2026-03-08 21:42:53,614   INFO  
2026-03-08 21:44:24,662   INFO  Save latest model to /storage/project/r-gchou3-0/spanse30/MSF/output/cfgs/waymo_models/msf_8frames/default/ckpt/latest_model
2026-03-08 21:44:39,032   INFO  epoch: 0/6, acc_iter=12950, cur_iter=12949/36796, batch_size=4, time_cost(epoch): 7:25:15/13:39:55, time_cost(all): 7:25:19/119:05:42, loss=1.5240528583526611, d_time=0.25(0.25), f_time=1.74(1.81), b_time=1.99(2.06), lr=0.0008814444444900588
2026-03-08 21:46:22,951   INFO  epoch: 0/6, acc_iter=13000, cur_iter=12999/36796, batch_size=4, time_cost(epoch): 7:26:59/13:38:14, time_cost(all): 7:27:03/119:04:12, loss=1.6230790615081787, d_time=0.25(0.25), f_time=1.53(1.81), b_time=1.78(2.06), lr=0.0008835831816915917
2026-03-08 21:48:05,136   INFO  epoch: 0/6, acc_iter=13050, cur_iter=13049/36796, batch_size=4, time_cost(epoch): 7:28:41/13:36:29, time_cost(all): 7:28:45/119:02:13, loss=1.0948569774627686, d_time=0.25(0.25), f_time=1.53(1.81), b_time=1.78(2.06), lr=0.0008857295641436242
/bin/sh: line 1: gpustat: command not found
2026-03-08 21:48:05,403   INFO  
2026-03-08 21:49:25,252   INFO  Save latest model to /storage/project/r-gchou3-0/spanse30/MSF/output/cfgs/waymo_models/msf_8frames/default/ckpt/latest_model
2026-03-08 21:49:47,700   INFO  epoch: 0/6, acc_iter=13100, cur_iter=13099/36796, batch_size=4, time_cost(epoch): 7:30:24/13:34:45, time_cost(all): 7:30:27/119:00:21, loss=1.1737269163131714, d_time=0.25(0.25), f_time=1.40(1.81), b_time=1.65(2.06), lr=0.0008878835850552611
2026-03-08 21:51:30,054   INFO  epoch: 0/6, acc_iter=13150, cur_iter=13149/36796, batch_size=4, time_cost(epoch): 7:32:06/13:33:00, time_cost(all): 7:32:10/118:58:25, loss=1.6542211771011353, d_time=0.25(0.25), f_time=2.11(1.81), b_time=2.36(2.06), lr=0.0008900452376114408
2026-03-08 21:53:17,793   INFO  epoch: 0/6, acc_iter=13200, cur_iter=13199/36796, batch_size=4, time_cost(epoch): 7:33:54/13:31:25, time_cost(all): 7:33:58/118:57:54, loss=1.3551660776138306, d_time=0.25(0.25), f_time=1.21(1.81), b_time=1.46(2.06), lr=0.0008922145149729581
/bin/sh: line 1: gpustat: command not found
2026-03-08 21:53:18,066   INFO  
2026-03-08 21:54:24,517   INFO  Save latest model to /storage/project/r-gchou3-0/spanse30/MSF/output/cfgs/waymo_models/msf_8frames/default/ckpt/latest_model
2026-03-08 21:55:01,959   INFO  epoch: 0/6, acc_iter=13250, cur_iter=13249/36796, batch_size=4, time_cost(epoch): 7:35:38/13:29:44, time_cost(all): 7:35:42/118:56:27, loss=1.2359297275543213, d_time=0.24(0.25), f_time=1.51(1.81), b_time=1.76(2.06), lr=0.0008943914102764782
2026-03-08 21:56:44,727   INFO  epoch: 0/6, acc_iter=13300, cur_iter=13299/36796, batch_size=4, time_cost(epoch): 7:37:21/13:28:00, time_cost(all): 7:37:25/118:54:37, loss=1.2874399423599243, d_time=0.28(0.25), f_time=0.90(1.81), b_time=1.18(2.06), lr=0.0008965759166345713
2026-03-08 21:58:26,692   INFO  epoch: 0/6, acc_iter=13350, cur_iter=13349/36796, batch_size=4, time_cost(epoch): 7:39:03/13:26:15, time_cost(all): 7:39:06/118:52:36, loss=1.6488993167877197, d_time=0.24(0.25), f_time=0.70(1.81), b_time=0.94(2.06), lr=0.0008987680271357211
/bin/sh: line 1: gpustat: command not found
2026-03-08 21:58:27,005   INFO  
2026-03-08 21:59:25,188   INFO  Save latest model to /storage/project/r-gchou3-0/spanse30/MSF/output/cfgs/waymo_models/msf_8frames/default/ckpt/latest_model
2026-03-08 22:00:14,259   INFO  epoch: 0/6, acc_iter=13400, cur_iter=13399/36796, batch_size=4, time_cost(epoch): 7:40:50/13:24:39, time_cost(all): 7:40:54/118:52:01, loss=1.5656657218933105, d_time=0.25(0.25), f_time=1.95(1.81), b_time=2.20(2.06), lr=0.0009009677348443572
2026-03-08 22:01:54,682   INFO  epoch: 0/6, acc_iter=13450, cur_iter=13449/36796, batch_size=4, time_cost(epoch): 7:42:31/13:22:51, time_cost(all): 7:42:34/118:49:35, loss=1.142838478088379, d_time=0.25(0.25), f_time=1.24(1.81), b_time=1.49(2.06), lr=0.0009031750328008688
2026-03-08 22:03:37,205   INFO  epoch: 0/6, acc_iter=13500, cur_iter=13499/36796, batch_size=4, time_cost(epoch): 7:44:13/13:21:07, time_cost(all): 7:44:17/118:47:42, loss=1.2849434614181519, d_time=0.25(0.25), f_time=1.53(1.81), b_time=1.78(2.06), lr=0.0009053899140216322
/bin/sh: line 1: gpustat: command not found
2026-03-08 22:03:37,458   INFO  
2026-03-08 22:04:25,171   INFO  Save latest model to /storage/project/r-gchou3-0/spanse30/MSF/output/cfgs/waymo_models/msf_8frames/default/ckpt/latest_model
2026-03-08 22:05:19,599   INFO  epoch: 0/6, acc_iter=13550, cur_iter=13549/36796, batch_size=4, time_cost(epoch): 7:45:56/13:19:22, time_cost(all): 7:45:59/118:45:47, loss=1.6467273235321045, d_time=0.24(0.25), f_time=1.50(1.81), b_time=1.74(2.06), lr=0.0009076123714990324
2026-03-08 22:07:05,086   INFO  epoch: 0/6, acc_iter=13600, cur_iter=13599/36796, batch_size=4, time_cost(epoch): 7:47:41/13:17:43, time_cost(all): 7:47:45/118:44:40, loss=1.1312990188598633, d_time=0.24(0.25), f_time=1.58(1.81), b_time=1.82(2.06), lr=0.0009098423982014823
2026-03-08 22:08:50,763   INFO  epoch: 0/6, acc_iter=13650, cur_iter=13649/36796, batch_size=4, time_cost(epoch): 7:49:27/13:16:04, time_cost(all): 7:49:31/118:43:34, loss=1.484644889831543, d_time=0.25(0.25), f_time=1.90(1.81), b_time=2.15(2.06), lr=0.0009120799870734461
/bin/sh: line 1: gpustat: command not found
2026-03-08 22:08:51,015   INFO  
2026-03-08 22:09:24,338   INFO  Save latest model to /storage/project/r-gchou3-0/spanse30/MSF/output/cfgs/waymo_models/msf_8frames/default/ckpt/latest_model
2026-03-08 22:10:36,563   INFO  epoch: 0/6, acc_iter=13700, cur_iter=13699/36796, batch_size=4, time_cost(epoch): 7:51:13/13:14:26, time_cost(all): 7:51:16/118:42:31, loss=1.5228664875030518, d_time=0.25(0.25), f_time=1.54(1.81), b_time=1.79(2.06), lr=0.000914325131035466
2026-03-08 22:12:21,879   INFO  epoch: 0/6, acc_iter=13750, cur_iter=13749/36796, batch_size=4, time_cost(epoch): 7:52:58/13:12:46, time_cost(all): 7:53:02/118:41:20, loss=1.5818915367126465, d_time=0.25(0.25), f_time=2.41(1.81), b_time=2.66(2.06), lr=0.0009165778229841739
2026-03-08 22:14:04,231   INFO  epoch: 0/6, acc_iter=13800, cur_iter=13799/36796, batch_size=4, time_cost(epoch): 7:54:40/13:11:01, time_cost(all): 7:54:44/118:39:24, loss=1.5088281631469727, d_time=0.24(0.25), f_time=2.13(1.81), b_time=2.38(2.06), lr=0.000918838055792329
/bin/sh: line 1: gpustat: command not found
2026-03-08 22:14:04,477   INFO  
2026-03-08 22:14:25,185   INFO  Save latest model to /storage/project/r-gchou3-0/spanse30/MSF/output/cfgs/waymo_models/msf_8frames/default/ckpt/latest_model
2026-03-08 22:15:49,391   INFO  epoch: 0/6, acc_iter=13850, cur_iter=13849/36796, batch_size=4, time_cost(epoch): 7:56:25/13:09:21, time_cost(all): 7:56:29/118:38:10, loss=1.2907264232635498, d_time=0.25(0.25), f_time=2.34(1.81), b_time=2.59(2.06), lr=0.0009211058223088263
2026-03-08 22:17:30,762   INFO  epoch: 0/6, acc_iter=13900, cur_iter=13899/36796, batch_size=4, time_cost(epoch): 7:58:07/13:07:35, time_cost(all): 7:58:11/118:36:00, loss=1.4095689058303833, d_time=0.25(0.25), f_time=2.00(1.81), b_time=2.25(2.06), lr=0.0009233811153587269
2026-03-08 22:19:11,725   INFO  epoch: 0/6, acc_iter=13950, cur_iter=13949/36796, batch_size=4, time_cost(epoch): 7:59:48/13:05:48, time_cost(all): 7:59:52/118:33:44, loss=1.227564811706543, d_time=0.25(0.25), f_time=1.54(1.81), b_time=1.79(2.06), lr=0.0009256639277432791
/bin/sh: line 1: gpustat: command not found
2026-03-08 22:19:12,014   INFO  
2026-03-08 22:19:24,771   INFO  Save latest model to /storage/project/r-gchou3-0/spanse30/MSF/output/cfgs/waymo_models/msf_8frames/default/ckpt/latest_model
2026-03-08 22:20:55,225   INFO  epoch: 0/6, acc_iter=14000, cur_iter=13999/36796, batch_size=4, time_cost(epoch): 8:01:31/13:04:06, time_cost(all): 8:01:35/118:32:05, loss=1.237672209739685, d_time=0.25(0.25), f_time=2.21(1.81), b_time=2.46(2.06), lr=0.0009279542522399398
2026-03-08 22:22:37,780   INFO  epoch: 0/6, acc_iter=14050, cur_iter=14049/36796, batch_size=4, time_cost(epoch): 8:03:14/13:02:21, time_cost(all): 8:03:18/118:30:13, loss=1.3896560668945312, d_time=0.25(0.25), f_time=1.63(1.81), b_time=1.88(2.06), lr=0.0009302520816024014
2026-03-08 22:24:21,703   INFO  epoch: 0/6, acc_iter=14100, cur_iter=14099/36796, batch_size=4, time_cost(epoch): 8:04:58/13:00:39, time_cost(all): 8:05:02/118:28:40, loss=1.7784686088562012, d_time=0.27(0.25), f_time=2.44(1.81), b_time=2.71(2.06), lr=0.0009325574085606077
/bin/sh: line 1: gpustat: command not found
2026-03-08 22:24:21,949   INFO  
2026-03-08 22:24:25,716   INFO  Save latest model to /storage/project/r-gchou3-0/spanse30/MSF/output/cfgs/waymo_models/msf_8frames/default/ckpt/latest_model
2026-03-08 22:26:06,100   INFO  epoch: 0/6, acc_iter=14150, cur_iter=14149/36796, batch_size=4, time_cost(epoch): 8:06:42/12:58:58, time_cost(all): 8:06:46/118:27:15, loss=1.8294850587844849, d_time=0.25(0.25), f_time=1.99(1.81), b_time=2.24(2.06), lr=0.0009348702258207839
2026-03-08 22:27:50,389   INFO  epoch: 0/6, acc_iter=14200, cur_iter=14199/36796, batch_size=4, time_cost(epoch): 8:08:26/12:57:17, time_cost(all): 8:08:30/118:25:48, loss=1.3023252487182617, d_time=0.25(0.25), f_time=2.31(1.81), b_time=2.57(2.06), lr=0.000937190526065456
2026-03-08 22:29:26,060   INFO  Save latest model to /storage/project/r-gchou3-0/spanse30/MSF/output/cfgs/waymo_models/msf_8frames/default/ckpt/latest_model
2026-03-08 22:29:36,888   INFO  epoch: 0/6, acc_iter=14250, cur_iter=14249/36796, batch_size=4, time_cost(epoch): 8:10:13/12:55:39, time_cost(all): 8:10:17/118:24:52, loss=1.416947364807129, d_time=0.25(0.25), f_time=1.77(1.81), b_time=2.02(2.06), lr=0.0009395183019534755
/bin/sh: line 1: gpustat: command not found
2026-03-08 22:29:37,138   INFO  
2026-03-08 22:31:24,657   INFO  epoch: 0/6, acc_iter=14300, cur_iter=14299/36796, batch_size=4, time_cost(epoch): 8:12:01/12:54:03, time_cost(all): 8:12:04/118:24:15, loss=1.3985834121704102, d_time=0.25(0.25), f_time=1.42(1.81), b_time=1.67(2.06), lr=0.0009418535461200384
2026-03-08 22:33:09,393   INFO  epoch: 0/6, acc_iter=14350, cur_iter=14349/36796, batch_size=4, time_cost(epoch): 8:13:45/12:52:22, time_cost(all): 8:13:49/118:22:54, loss=1.3009231090545654, d_time=0.27(0.25), f_time=1.01(1.81), b_time=1.28(2.06), lr=0.0009441962511767179
2026-03-08 22:34:24,427   INFO  Save latest model to /storage/project/r-gchou3-0/spanse30/MSF/output/cfgs/waymo_models/msf_8frames/default/ckpt/latest_model
2026-03-08 22:34:52,004   INFO  epoch: 0/6, acc_iter=14400, cur_iter=14399/36796, batch_size=4, time_cost(epoch): 8:15:28/12:50:38, time_cost(all): 8:15:32/118:21:01, loss=1.3730686902999878, d_time=0.25(0.25), f_time=1.56(1.81), b_time=1.81(2.06), lr=0.0009465464097114769
/bin/sh: line 1: gpustat: command not found
2026-03-08 22:34:52,270   INFO  
2026-03-08 22:36:33,265   INFO  epoch: 0/6, acc_iter=14450, cur_iter=14449/36796, batch_size=4, time_cost(epoch): 8:17:09/12:48:51, time_cost(all): 8:17:13/118:18:50, loss=1.298219919204712, d_time=0.25(0.25), f_time=1.65(1.81), b_time=1.90(2.06), lr=0.0009489040142886982
2026-03-08 22:38:15,633   INFO  epoch: 0/6, acc_iter=14500, cur_iter=14499/36796, batch_size=4, time_cost(epoch): 8:18:52/12:47:07, time_cost(all): 8:18:55/118:16:55, loss=1.6740881204605103, d_time=0.27(0.25), f_time=2.28(1.81), b_time=2.56(2.06), lr=0.0009512690574492071
2026-03-08 22:39:25,657   INFO  Save latest model to /storage/project/r-gchou3-0/spanse30/MSF/output/cfgs/waymo_models/msf_8frames/default/ckpt/latest_model
2026-03-08 22:39:57,822   INFO  epoch: 0/6, acc_iter=14550, cur_iter=14549/36796, batch_size=4, time_cost(epoch): 8:20:34/12:45:22, time_cost(all): 8:20:38/118:14:57, loss=1.7822729349136353, d_time=0.25(0.25), f_time=1.97(1.81), b_time=2.22(2.06), lr=0.0009536415317102911
/bin/sh: line 1: gpustat: command not found
2026-03-08 22:39:58,071   INFO  
2026-03-08 22:41:40,690   INFO  epoch: 0/6, acc_iter=14600, cur_iter=14599/36796, batch_size=4, time_cost(epoch): 8:22:17/12:43:38, time_cost(all): 8:22:20/118:13:09, loss=1.8688198328018188, d_time=0.25(0.25), f_time=2.03(1.81), b_time=2.28(2.06), lr=0.0009560214295657307
2026-03-08 22:43:21,043   INFO  epoch: 0/6, acc_iter=14650, cur_iter=14649/36796, batch_size=4, time_cost(epoch): 8:23:57/12:41:51, time_cost(all): 8:24:01/118:10:46, loss=1.232323169708252, d_time=0.25(0.25), f_time=1.59(1.81), b_time=1.84(2.06), lr=0.0009584087434858155
2026-03-08 22:44:25,001   INFO  Save latest model to /storage/project/r-gchou3-0/spanse30/MSF/output/cfgs/waymo_models/msf_8frames/default/ckpt/latest_model
2026-03-08 22:45:03,738   INFO  epoch: 0/6, acc_iter=14700, cur_iter=14699/36796, batch_size=4, time_cost(epoch): 8:25:40/12:40:07, time_cost(all): 8:25:44/118:08:55, loss=1.0354804992675781, d_time=0.25(0.25), f_time=1.37(1.81), b_time=1.62(2.06), lr=0.0009608034659173747
/bin/sh: line 1: gpustat: command not found
2026-03-08 22:45:04,063   INFO  
2026-03-08 22:46:45,936   INFO  epoch: 0/6, acc_iter=14750, cur_iter=14749/36796, batch_size=4, time_cost(epoch): 8:27:22/12:38:22, time_cost(all): 8:27:26/118:06:58, loss=1.7130131721496582, d_time=0.25(0.25), f_time=1.84(1.81), b_time=2.09(2.06), lr=0.0009632055892837953
2026-03-08 22:48:26,461   INFO  epoch: 0/6, acc_iter=14800, cur_iter=14799/36796, batch_size=4, time_cost(epoch): 8:29:03/12:36:35, time_cost(all): 8:29:06/118:04:38, loss=1.4311178922653198, d_time=0.25(0.25), f_time=1.55(1.81), b_time=1.81(2.06), lr=0.0009656151059850475
2026-03-08 22:49:24,924   INFO  Save latest model to /storage/project/r-gchou3-0/spanse30/MSF/output/cfgs/waymo_models/msf_8frames/default/ckpt/latest_model
2026-03-08 22:50:10,608   INFO  epoch: 0/6, acc_iter=14850, cur_iter=14849/36796, batch_size=4, time_cost(epoch): 8:30:47/12:34:53, time_cost(all): 8:30:50/118:03:08, loss=1.5387667417526245, d_time=0.25(0.25), f_time=2.68(1.81), b_time=2.93(2.06), lr=0.0009680320083977163
/bin/sh: line 1: gpustat: command not found
2026-03-08 22:50:10,855   INFO  
2026-03-08 22:51:55,985   INFO  epoch: 0/6, acc_iter=14900, cur_iter=14899/36796, batch_size=4, time_cost(epoch): 8:32:32/12:33:13, time_cost(all): 8:32:36/118:01:55, loss=1.741706132888794, d_time=0.25(0.25), f_time=2.62(1.81), b_time=2.87(2.06), lr=0.0009704562888750105
2026-03-08 22:53:38,263   INFO  epoch: 0/6, acc_iter=14950, cur_iter=14949/36796, batch_size=4, time_cost(epoch): 8:34:14/12:31:29, time_cost(all): 8:34:18/117:59:59, loss=1.7084861993789673, d_time=0.25(0.25), f_time=2.89(1.81), b_time=3.14(2.06), lr=0.0009728879397468033
2026-03-08 22:54:23,610   INFO  Save latest model to /storage/project/r-gchou3-0/spanse30/MSF/output/cfgs/waymo_models/msf_8frames/default/ckpt/latest_model
2026-03-08 22:55:19,800   INFO  epoch: 0/6, acc_iter=15000, cur_iter=14999/36796, batch_size=4, time_cost(epoch): 8:35:56/12:29:43, time_cost(all): 8:36:00/117:57:53, loss=1.7410175800323486, d_time=0.25(0.25), f_time=1.64(1.81), b_time=1.89(2.06), lr=0.0009753269533196432
/bin/sh: line 1: gpustat: command not found
2026-03-08 22:55:20,050   INFO  
2026-03-08 22:57:02,068   INFO  epoch: 0/6, acc_iter=15050, cur_iter=15049/36796, batch_size=4, time_cost(epoch): 8:37:38/12:27:59, time_cost(all): 8:37:42/117:55:58, loss=1.1501314640045166, d_time=0.25(0.25), f_time=1.71(1.81), b_time=1.96(2.06), lr=0.0009777733218767877
2026-03-08 22:58:46,638   INFO  epoch: 0/6, acc_iter=15100, cur_iter=15099/36796, batch_size=4, time_cost(epoch): 8:39:23/12:26:18, time_cost(all): 8:39:26/117:54:33, loss=1.4979572296142578, d_time=0.25(0.25), f_time=2.10(1.81), b_time=2.35(2.06), lr=0.0009802270376782218
2026-03-08 22:59:25,201   INFO  Save latest model to /storage/project/r-gchou3-0/spanse30/MSF/output/cfgs/waymo_models/msf_8frames/default/ckpt/latest_model
2026-03-08 23:00:29,062   INFO  epoch: 0/6, acc_iter=15150, cur_iter=15149/36796, batch_size=4, time_cost(epoch): 8:41:05/12:24:33, time_cost(all): 8:41:09/117:52:40, loss=1.3256853818893433, d_time=0.25(0.25), f_time=1.87(1.81), b_time=2.13(2.06), lr=0.0009826880929606858
/bin/sh: line 1: gpustat: command not found
2026-03-08 23:00:29,308   INFO  
2026-03-08 23:02:11,714   INFO  epoch: 0/6, acc_iter=15200, cur_iter=15199/36796, batch_size=4, time_cost(epoch): 8:42:48/12:22:49, time_cost(all): 8:42:52/117:50:49, loss=1.3708524703979492, d_time=0.25(0.25), f_time=1.61(1.81), b_time=1.86(2.06), lr=0.000985156479937699
2026-03-08 23:03:57,867   INFO  epoch: 0/6, acc_iter=15250, cur_iter=15249/36796, batch_size=4, time_cost(epoch): 8:44:34/12:21:10, time_cost(all): 8:44:38/117:49:46, loss=1.6090131998062134, d_time=0.25(0.25), f_time=1.79(1.81), b_time=2.04(2.06), lr=0.0009876321907995823
2026-03-08 23:04:24,705   INFO  Save latest model to /storage/project/r-gchou3-0/spanse30/MSF/output/cfgs/waymo_models/msf_8frames/default/ckpt/latest_model
2026-03-08 23:05:41,579   INFO  epoch: 0/6, acc_iter=15300, cur_iter=15299/36796, batch_size=4, time_cost(epoch): 8:46:18/12:19:28, time_cost(all): 8:46:21/117:48:10, loss=1.9563058614730835, d_time=0.25(0.25), f_time=2.12(1.81), b_time=2.37(2.06), lr=0.0009901152177134876
/bin/sh: line 1: gpustat: command not found
2026-03-08 23:05:41,827   INFO  
2026-03-08 23:07:28,196   INFO  epoch: 0/6, acc_iter=15350, cur_iter=15349/36796, batch_size=4, time_cost(epoch): 8:48:04/12:17:49, time_cost(all): 8:48:08/117:47:12, loss=1.1075352430343628, d_time=0.25(0.25), f_time=1.23(1.81), b_time=1.48(2.06), lr=0.0009926055528234178
2026-03-08 23:09:11,230   INFO  epoch: 0/6, acc_iter=15400, cur_iter=15399/36796, batch_size=4, time_cost(epoch): 8:49:47/12:16:06, time_cost(all): 8:49:51/117:45:27, loss=1.2497103214263916, d_time=0.25(0.25), f_time=1.41(1.81), b_time=1.66(2.06), lr=0.000995103188250252
2026-03-08 23:09:24,939   INFO  Save latest model to /storage/project/r-gchou3-0/spanse30/MSF/output/cfgs/waymo_models/msf_8frames/default/ckpt/latest_model
2026-03-08 23:10:55,993   INFO  epoch: 0/6, acc_iter=15450, cur_iter=15449/36796, batch_size=4, time_cost(epoch): 8:51:32/12:14:25, time_cost(all): 8:51:36/117:44:04, loss=1.831345796585083, d_time=0.25(0.25), f_time=1.97(1.81), b_time=2.22(2.06), lr=0.0009976081160917765
/bin/sh: line 1: gpustat: command not found
2026-03-08 23:10:56,240   INFO  
2026-03-08 23:12:41,764   INFO  epoch: 0/6, acc_iter=15500, cur_iter=15499/36796, batch_size=4, time_cost(epoch): 8:53:18/12:12:45, time_cost(all): 8:53:22/117:42:55, loss=1.681599497795105, d_time=0.25(0.25), f_time=1.66(1.81), b_time=1.91(2.06), lr=0.0010001203284227007
2026-03-08 23:14:23,573   INFO  Save latest model to /storage/project/r-gchou3-0/spanse30/MSF/output/cfgs/waymo_models/msf_8frames/default/ckpt/latest_model
2026-03-08 23:14:25,376   INFO  epoch: 0/6, acc_iter=15550, cur_iter=15549/36796, batch_size=4, time_cost(epoch): 8:55:01/12:11:03, time_cost(all): 8:55:05/117:41:17, loss=1.4218794107437134, d_time=0.37(0.25), f_time=1.55(1.81), b_time=1.92(2.06), lr=0.0010026398172946899
2026-03-08 23:16:10,425   INFO  epoch: 0/6, acc_iter=15600, cur_iter=15599/36796, batch_size=4, time_cost(epoch): 8:56:46/12:09:22, time_cost(all): 8:56:50/117:39:58, loss=1.6300021409988403, d_time=0.25(0.25), f_time=2.10(1.81), b_time=2.35(2.06), lr=0.0010051665747363853
/bin/sh: line 1: gpustat: command not found
2026-03-08 23:16:10,675   INFO  
2026-03-08 23:17:54,130   INFO  epoch: 0/6, acc_iter=15650, cur_iter=15649/36796, batch_size=4, time_cost(epoch): 8:58:30/12:07:39, time_cost(all): 8:58:34/117:38:21, loss=1.2104029655456543, d_time=0.25(0.25), f_time=1.31(1.81), b_time=1.56(2.06), lr=0.0010077005927534317
2026-03-08 23:19:24,731   INFO  Save latest model to /storage/project/r-gchou3-0/spanse30/MSF/output/cfgs/waymo_models/msf_8frames/default/ckpt/latest_model
2026-03-08 23:19:37,934   INFO  epoch: 0/6, acc_iter=15700, cur_iter=15699/36796, batch_size=4, time_cost(epoch): 9:00:14/12:05:57, time_cost(all): 9:00:18/117:36:45, loss=1.63217031955719, d_time=0.25(0.25), f_time=1.72(1.81), b_time=1.97(2.06), lr=0.0010102418633285044
2026-03-08 23:21:20,688   INFO  epoch: 0/6, acc_iter=15750, cur_iter=15749/36796, batch_size=4, time_cost(epoch): 9:01:57/12:04:13, time_cost(all): 9:02:00/117:34:56, loss=1.287473201751709, d_time=0.25(0.25), f_time=1.66(1.81), b_time=1.91(2.06), lr=0.0010127903784213294
/bin/sh: line 1: gpustat: command not found
2026-03-08 23:21:20,938   INFO  
2026-03-08 23:23:02,885   INFO  epoch: 0/6, acc_iter=15800, cur_iter=15799/36796, batch_size=4, time_cost(epoch): 9:03:39/12:02:28, time_cost(all): 9:03:43/117:32:59, loss=1.424537181854248, d_time=0.24(0.25), f_time=1.96(1.81), b_time=2.20(2.06), lr=0.0010153461299687132
2026-03-08 23:24:25,753   INFO  Save latest model to /storage/project/r-gchou3-0/spanse30/MSF/output/cfgs/waymo_models/msf_8frames/default/ckpt/latest_model
2026-03-08 23:24:43,978   INFO  epoch: 0/6, acc_iter=15850, cur_iter=15849/36796, batch_size=4, time_cost(epoch): 9:05:20/12:00:42, time_cost(all): 9:05:24/117:30:48, loss=1.6382784843444824, d_time=0.25(0.25), f_time=1.92(1.81), b_time=2.17(2.06), lr=0.0010179091098845667
2026-03-08 23:26:27,798   INFO  epoch: 0/6, acc_iter=15900, cur_iter=15899/36796, batch_size=4, time_cost(epoch): 9:07:04/11:59:00, time_cost(all): 9:07:08/117:29:13, loss=1.6831653118133545, d_time=0.24(0.25), f_time=1.37(1.81), b_time=1.61(2.06), lr=0.0010204793100599338
/bin/sh: line 1: gpustat: command not found
2026-03-08 23:26:28,087   INFO  
2026-03-08 23:28:12,210   INFO  epoch: 0/6, acc_iter=15950, cur_iter=15949/36796, batch_size=4, time_cost(epoch): 9:08:48/11:57:18, time_cost(all): 9:08:52/117:27:45, loss=1.581629991531372, d_time=0.25(0.25), f_time=1.17(1.81), b_time=1.42(2.06), lr=0.0010230567223630084
2026-03-08 23:29:24,550   INFO  Save latest model to /storage/project/r-gchou3-0/spanse30/MSF/output/cfgs/waymo_models/msf_8frames/default/ckpt/latest_model
2026-03-08 23:29:56,031   INFO  epoch: 0/6, acc_iter=16000, cur_iter=15999/36796, batch_size=4, time_cost(epoch): 9:10:32/11:55:36, time_cost(all): 9:10:36/117:26:09, loss=1.9261060953140259, d_time=0.27(0.25), f_time=1.11(1.81), b_time=1.38(2.06), lr=0.0010256413386391721
2026-03-08 23:31:38,325   INFO  epoch: 0/6, acc_iter=16050, cur_iter=16049/36796, batch_size=4, time_cost(epoch): 9:12:14/11:53:51, time_cost(all): 9:12:18/117:24:14, loss=1.3798327445983887, d_time=0.25(0.25), f_time=1.96(1.81), b_time=2.21(2.06), lr=0.0010282331507110122
/bin/sh: line 1: gpustat: command not found
2026-03-08 23:31:38,579   INFO  
2026-03-08 23:33:20,095   INFO  epoch: 0/6, acc_iter=16100, cur_iter=16099/36796, batch_size=4, time_cost(epoch): 9:13:56/11:52:06, time_cost(all): 9:14:00/117:22:12, loss=1.3452508449554443, d_time=0.25(0.25), f_time=2.64(1.81), b_time=2.89(2.06), lr=0.0010308321503783467
2026-03-08 23:34:25,818   INFO  Save latest model to /storage/project/r-gchou3-0/spanse30/MSF/output/cfgs/waymo_models/msf_8frames/default/ckpt/latest_model
2026-03-08 23:35:06,852   INFO  epoch: 0/6, acc_iter=16150, cur_iter=16149/36796, batch_size=4, time_cost(epoch): 9:15:43/11:50:27, time_cost(all): 9:15:47/117:21:14, loss=1.4647215604782104, d_time=0.25(0.25), f_time=2.20(1.81), b_time=2.45(2.06), lr=0.0010334383294182577
2026-03-08 23:36:50,746   INFO  epoch: 0/6, acc_iter=16200, cur_iter=16199/36796, batch_size=4, time_cost(epoch): 9:17:27/11:48:45, time_cost(all): 9:17:31/117:19:39, loss=1.7236571311950684, d_time=0.25(0.25), f_time=1.94(1.81), b_time=2.18(2.06), lr=0.0010360516795851066
/bin/sh: line 1: gpustat: command not found
2026-03-08 23:36:51,026   INFO  
2026-03-08 23:38:35,437   INFO  epoch: 0/6, acc_iter=16250, cur_iter=16249/36796, batch_size=4, time_cost(epoch): 9:19:11/11:47:04, time_cost(all): 9:19:15/117:18:14, loss=1.5398551225662231, d_time=0.25(0.25), f_time=1.66(1.81), b_time=1.91(2.06), lr=0.0010386721926105734
2026-03-08 23:39:24,238   INFO  Save latest model to /storage/project/r-gchou3-0/spanse30/MSF/output/cfgs/waymo_models/msf_8frames/default/ckpt/latest_model
2026-03-08 23:40:17,597   INFO  epoch: 0/6, acc_iter=16300, cur_iter=16299/36796, batch_size=4, time_cost(epoch): 9:20:54/11:45:19, time_cost(all): 9:20:57/117:16:18, loss=1.5601717233657837, d_time=0.25(0.25), f_time=1.79(1.81), b_time=2.04(2.06), lr=0.0010412998602036695
2026-03-08 23:41:59,336   INFO  epoch: 0/6, acc_iter=16350, cur_iter=16349/36796, batch_size=4, time_cost(epoch): 9:22:35/11:43:34, time_cost(all): 9:22:39/117:14:16, loss=1.1970059871673584, d_time=0.25(0.25), f_time=1.57(1.81), b_time=1.82(2.06), lr=0.0010439346740507725
/bin/sh: line 1: gpustat: command not found
2026-03-08 23:41:59,599   INFO  
2026-03-08 23:43:44,237   INFO  epoch: 0/6, acc_iter=16400, cur_iter=16399/36796, batch_size=4, time_cost(epoch): 9:24:20/11:41:53, time_cost(all): 9:24:24/117:12:53, loss=1.8720425367355347, d_time=0.25(0.25), f_time=2.28(1.81), b_time=2.53(2.06), lr=0.0010465766258156515
2026-03-08 23:44:24,198   INFO  Save latest model to /storage/project/r-gchou3-0/spanse30/MSF/output/cfgs/waymo_models/msf_8frames/default/ckpt/latest_model
2026-03-08 23:45:28,170   INFO  epoch: 0/6, acc_iter=16450, cur_iter=16449/36796, batch_size=4, time_cost(epoch): 9:26:04/11:40:10, time_cost(all): 9:26:08/117:11:19, loss=1.1867210865020752, d_time=0.24(0.25), f_time=1.53(1.81), b_time=1.77(2.06), lr=0.0010492257071394884
2026-03-08 23:47:14,481   INFO  epoch: 0/6, acc_iter=16500, cur_iter=16499/36796, batch_size=4, time_cost(epoch): 9:27:51/11:38:31, time_cost(all): 9:27:54/117:10:13, loss=1.0356922149658203, d_time=0.24(0.25), f_time=0.90(1.81), b_time=1.14(2.06), lr=0.0010518819096409131
/bin/sh: line 1: gpustat: command not found
2026-03-08 23:47:14,787   INFO  
2026-03-08 23:48:56,402   INFO  epoch: 0/6, acc_iter=16550, cur_iter=16549/36796, batch_size=4, time_cost(epoch): 9:29:32/11:36:46, time_cost(all): 9:29:36/117:08:14, loss=1.3408851623535156, d_time=0.25(0.25), f_time=2.04(1.81), b_time=2.29(2.06), lr=0.0010545452249160212
2026-03-08 23:49:24,160   INFO  Save latest model to /storage/project/r-gchou3-0/spanse30/MSF/output/cfgs/waymo_models/msf_8frames/default/ckpt/latest_model
2026-03-08 23:50:37,668   INFO  epoch: 0/6, acc_iter=16600, cur_iter=16599/36796, batch_size=4, time_cost(epoch): 9:31:14/11:35:01, time_cost(all): 9:31:17/117:06:06, loss=1.5598762035369873, d_time=0.25(0.25), f_time=2.23(1.81), b_time=2.48(2.06), lr=0.0010572156445384038
2026-03-08 23:52:21,229   INFO  epoch: 0/6, acc_iter=16650, cur_iter=16649/36796, batch_size=4, time_cost(epoch): 9:32:57/11:33:18, time_cost(all): 9:33:01/117:04:27, loss=1.549086570739746, d_time=0.25(0.25), f_time=1.97(1.81), b_time=2.22(2.06), lr=0.0010598931600591778
/bin/sh: line 1: gpustat: command not found
2026-03-08 23:52:21,482   INFO  
2026-03-08 23:54:06,181   INFO  epoch: 0/6, acc_iter=16700, cur_iter=16699/36796, batch_size=4, time_cost(epoch): 9:34:42/11:31:36, time_cost(all): 9:34:46/117:03:05, loss=1.4145288467407227, d_time=0.25(0.25), f_time=2.24(1.81), b_time=2.49(2.06), lr=0.0010625777630070086
2026-03-08 23:54:24,205   INFO  Save latest model to /storage/project/r-gchou3-0/spanse30/MSF/output/cfgs/waymo_models/msf_8frames/default/ckpt/latest_model
2026-03-08 23:55:48,790   INFO  epoch: 0/6, acc_iter=16750, cur_iter=16749/36796, batch_size=4, time_cost(epoch): 9:36:25/11:29:52, time_cost(all): 9:36:29/117:01:14, loss=1.7710633277893066, d_time=0.25(0.25), f_time=1.78(1.81), b_time=2.03(2.06), lr=0.0010652694448881365
2026-03-08 23:57:31,401   INFO  epoch: 0/6, acc_iter=16800, cur_iter=16799/36796, batch_size=4, time_cost(epoch): 9:38:07/11:28:09, time_cost(all): 9:38:11/116:59:23, loss=1.4725499153137207, d_time=0.24(0.25), f_time=2.82(1.81), b_time=3.07(2.06), lr=0.0010679681971864042
/bin/sh: line 1: gpustat: command not found
2026-03-08 23:57:31,658   INFO  
2026-03-08 23:59:14,259   INFO  epoch: 0/6, acc_iter=16850, cur_iter=16849/36796, batch_size=4, time_cost(epoch): 9:39:50/11:26:25, time_cost(all): 9:39:54/116:57:35, loss=1.864499807357788, d_time=0.25(0.25), f_time=2.01(1.81), b_time=2.26(2.06), lr=0.0010706740113632885
2026-03-08 23:59:24,338   INFO  Save latest model to /storage/project/r-gchou3-0/spanse30/MSF/output/cfgs/waymo_models/msf_8frames/default/ckpt/latest_model
2026-03-09 00:00:57,834   INFO  epoch: 0/6, acc_iter=16900, cur_iter=16899/36796, batch_size=4, time_cost(epoch): 9:41:34/11:24:42, time_cost(all): 9:41:38/116:55:56, loss=1.4487817287445068, d_time=0.25(0.25), f_time=1.89(1.81), b_time=2.14(2.06), lr=0.0010733868788579187
2026-03-09 00:02:38,314   INFO  epoch: 0/6, acc_iter=16950, cur_iter=16949/36796, batch_size=4, time_cost(epoch): 9:43:14/11:22:56, time_cost(all): 9:43:18/116:53:40, loss=1.237778663635254, d_time=0.25(0.25), f_time=1.50(1.81), b_time=1.75(2.06), lr=0.001076106791087111
/bin/sh: line 1: gpustat: command not found
2026-03-09 00:02:38,570   INFO  
2026-03-09 00:04:22,467   INFO  epoch: 0/6, acc_iter=17000, cur_iter=16999/36796, batch_size=4, time_cost(epoch): 9:44:59/11:21:13, time_cost(all): 9:45:02/116:52:07, loss=1.107675313949585, d_time=0.25(0.25), f_time=1.25(1.81), b_time=1.50(2.06), lr=0.0010788337394453925
2026-03-09 00:04:25,008   INFO  Save latest model to /storage/project/r-gchou3-0/spanse30/MSF/output/cfgs/waymo_models/msf_8frames/default/ckpt/latest_model
2026-03-09 00:06:11,191   INFO  epoch: 0/6, acc_iter=17050, cur_iter=17049/36796, batch_size=4, time_cost(epoch): 9:46:47/11:19:36, time_cost(all): 9:46:51/116:51:30, loss=1.3303163051605225, d_time=0.25(0.25), f_time=2.38(1.81), b_time=2.63(2.06), lr=0.0010815677153050264
2026-03-09 00:07:54,980   INFO  epoch: 0/6, acc_iter=17100, cur_iter=17099/36796, batch_size=4, time_cost(epoch): 9:48:31/11:17:54, time_cost(all): 9:48:35/116:49:53, loss=1.3610618114471436, d_time=0.25(0.25), f_time=1.69(1.81), b_time=1.93(2.06), lr=0.0010843087100160468
/bin/sh: line 1: gpustat: command not found
2026-03-09 00:07:55,236   INFO  
2026-03-09 00:09:23,874   INFO  Save latest model to /storage/project/r-gchou3-0/spanse30/MSF/output/cfgs/waymo_models/msf_8frames/default/ckpt/latest_model
2026-03-09 00:09:39,213   INFO  epoch: 0/6, acc_iter=17150, cur_iter=17149/36796, batch_size=4, time_cost(epoch): 9:50:15/11:16:12, time_cost(all): 9:50:19/116:48:21, loss=1.5848941802978516, d_time=0.25(0.25), f_time=2.02(1.81), b_time=2.27(2.07), lr=0.0010870567149062768
2026-03-09 00:11:22,632   INFO  epoch: 0/6, acc_iter=17200, cur_iter=17199/36796, batch_size=4, time_cost(epoch): 9:51:59/11:14:29, time_cost(all): 9:52:02/116:46:40, loss=1.4746942520141602, d_time=0.25(0.25), f_time=1.88(1.81), b_time=2.13(2.07), lr=0.0010898117212813606
2026-03-09 00:13:03,895   INFO  epoch: 0/6, acc_iter=17250, cur_iter=17249/36796, batch_size=4, time_cost(epoch): 9:53:40/11:12:43, time_cost(all): 9:53:44/116:44:33, loss=1.5676555633544922, d_time=0.25(0.25), f_time=2.02(1.81), b_time=2.27(2.06), lr=0.0010925737204247922
/bin/sh: line 1: gpustat: command not found
2026-03-09 00:13:04,148   INFO  
2026-03-09 00:14:24,304   INFO  Save latest model to /storage/project/r-gchou3-0/spanse30/MSF/output/cfgs/waymo_models/msf_8frames/default/ckpt/latest_model
2026-03-09 00:14:42,949   INFO  epoch: 0/6, acc_iter=17300, cur_iter=17299/36796, batch_size=4, time_cost(epoch): 9:55:19/11:10:55, time_cost(all): 9:55:23/116:42:01, loss=1.7258211374282837, d_time=0.25(0.25), f_time=2.25(1.81), b_time=2.50(2.06), lr=0.0010953427035979395
2026-03-09 00:16:23,162   INFO  epoch: 0/6, acc_iter=17350, cur_iter=17349/36796, batch_size=4, time_cost(epoch): 9:56:59/11:09:09, time_cost(all): 9:57:03/116:39:42, loss=1.2323956489562988, d_time=0.25(0.25), f_time=1.78(1.81), b_time=2.03(2.06), lr=0.001098118662040076
2026-03-09 00:18:08,770   INFO  epoch: 0/6, acc_iter=17400, cur_iter=17399/36796, batch_size=4, time_cost(epoch): 9:58:45/11:07:28, time_cost(all): 9:58:49/116:38:27, loss=1.2018463611602783, d_time=0.25(0.25), f_time=1.90(1.81), b_time=2.15(2.06), lr=0.001100901586968404
/bin/sh: line 1: gpustat: command not found
2026-03-09 00:18:09,017   INFO  
2026-03-09 00:19:25,257   INFO  Save latest model to /storage/project/r-gchou3-0/spanse30/MSF/output/cfgs/waymo_models/msf_8frames/default/ckpt/latest_model
2026-03-09 00:19:53,974   INFO  epoch: 0/6, acc_iter=17450, cur_iter=17449/36796, batch_size=4, time_cost(epoch): 10:00:30/11:05:47, time_cost(all): 10:00:34/116:37:06, loss=1.3771612644195557, d_time=0.25(0.25), f_time=1.83(1.81), b_time=2.08(2.06), lr=0.0011036914695780851
2026-03-09 00:21:36,299   INFO  epoch: 0/6, acc_iter=17500, cur_iter=17499/36796, batch_size=4, time_cost(epoch): 10:02:12/11:04:03, time_cost(all): 10:02:16/116:35:13, loss=1.627164602279663, d_time=0.25(0.25), f_time=2.24(1.81), b_time=2.49(2.06), lr=0.001106488301042271
2026-03-09 00:23:22,732   INFO  epoch: 0/6, acc_iter=17550, cur_iter=17549/36796, batch_size=4, time_cost(epoch): 10:03:59/11:02:23, time_cost(all): 10:04:03/116:34:06, loss=1.525306224822998, d_time=0.25(0.25), f_time=2.29(1.81), b_time=2.54(2.06), lr=0.0011092920725121217
/bin/sh: line 1: gpustat: command not found
2026-03-09 00:23:22,986   INFO  
2026-03-09 00:24:25,356   INFO  Save latest model to /storage/project/r-gchou3-0/spanse30/MSF/output/cfgs/waymo_models/msf_8frames/default/ckpt/latest_model
2026-03-09 00:25:05,591   INFO  epoch: 0/6, acc_iter=17600, cur_iter=17599/36796, batch_size=4, time_cost(epoch): 10:05:42/11:00:39, time_cost(all): 10:05:45/116:32:19, loss=1.568150281906128, d_time=0.25(0.25), f_time=1.75(1.81), b_time=1.99(2.06), lr=0.001112102775116846
2026-03-09 00:26:45,408   INFO  epoch: 0/6, acc_iter=17650, cur_iter=17649/36796, batch_size=4, time_cost(epoch): 10:07:21/10:58:52, time_cost(all): 10:07:25/116:29:56, loss=1.6276671886444092, d_time=0.26(0.25), f_time=2.29(1.81), b_time=2.55(2.06), lr=0.0011149203999637194
2026-03-09 00:28:31,387   INFO  epoch: 0/6, acc_iter=17700, cur_iter=17699/36796, batch_size=4, time_cost(epoch): 10:09:07/10:57:12, time_cost(all): 10:09:11/116:28:44, loss=1.6759254932403564, d_time=0.25(0.25), f_time=2.05(1.81), b_time=2.30(2.06), lr=0.0011177449381381196
/bin/sh: line 1: gpustat: command not found
2026-03-09 00:28:31,635   INFO  
2026-03-09 00:29:23,925   INFO  Save latest model to /storage/project/r-gchou3-0/spanse30/MSF/output/cfgs/waymo_models/msf_8frames/default/ckpt/latest_model
2026-03-09 00:30:16,407   INFO  epoch: 0/6, acc_iter=17750, cur_iter=17749/36796, batch_size=4, time_cost(epoch): 10:10:52/10:55:31, time_cost(all): 10:10:56/116:27:21, loss=1.4909473657608032, d_time=0.25(0.25), f_time=1.56(1.81), b_time=1.81(2.06), lr=0.0011205763807035467
2026-03-09 00:31:57,870   INFO  epoch: 0/6, acc_iter=17800, cur_iter=17799/36796, batch_size=4, time_cost(epoch): 10:12:34/10:53:46, time_cost(all): 10:12:38/116:25:18, loss=1.1552441120147705, d_time=0.25(0.25), f_time=1.34(1.81), b_time=1.59(2.06), lr=0.0011234147187016612
2026-03-09 00:33:44,668   INFO  epoch: 0/6, acc_iter=17850, cur_iter=17849/36796, batch_size=4, time_cost(epoch): 10:14:21/10:52:06, time_cost(all): 10:14:24/116:24:15, loss=1.2916347980499268, d_time=0.25(0.25), f_time=2.21(1.81), b_time=2.46(2.07), lr=0.0011262599431523038
/bin/sh: line 1: gpustat: command not found
2026-03-09 00:33:44,924   INFO  
2026-03-09 00:34:24,781   INFO  Save latest model to /storage/project/r-gchou3-0/spanse30/MSF/output/cfgs/waymo_models/msf_8frames/default/ckpt/latest_model
2026-03-09 00:35:28,144   INFO  epoch: 0/6, acc_iter=17900, cur_iter=17899/36796, batch_size=4, time_cost(epoch): 10:16:04/10:50:23, time_cost(all): 10:16:08/116:22:34, loss=1.0909843444824219, d_time=0.25(0.25), f_time=1.42(1.81), b_time=1.67(2.07), lr=0.0011291120450535284
2026-03-09 00:37:11,706   INFO  epoch: 0/6, acc_iter=17950, cur_iter=17949/36796, batch_size=4, time_cost(epoch): 10:17:48/10:48:40, time_cost(all): 10:17:52/116:20:54, loss=1.4406094551086426, d_time=0.24(0.25), f_time=1.50(1.81), b_time=1.74(2.07), lr=0.0011319710153816316
2026-03-09 00:38:54,727   INFO  epoch: 0/6, acc_iter=18000, cur_iter=17999/36796, batch_size=4, time_cost(epoch): 10:19:31/10:46:57, time_cost(all): 10:19:35/116:19:09, loss=1.676079511642456, d_time=0.25(0.25), f_time=1.91(1.81), b_time=2.16(2.07), lr=0.0011348368450911752
/bin/sh: line 1: gpustat: command not found
2026-03-09 00:38:54,990   INFO  
2026-03-09 00:39:23,550   INFO  Save latest model to /storage/project/r-gchou3-0/spanse30/MSF/output/cfgs/waymo_models/msf_8frames/default/ckpt/latest_model
2026-03-09 00:40:40,391   INFO  epoch: 0/6, acc_iter=18050, cur_iter=18049/36796, batch_size=4, time_cost(epoch): 10:21:16/10:45:16, time_cost(all): 10:21:20/116:17:52, loss=1.7216246128082275, d_time=0.25(0.25), f_time=2.10(1.81), b_time=2.35(2.07), lr=0.0011377095251150215
2026-03-09 00:42:20,710   INFO  epoch: 0/6, acc_iter=18100, cur_iter=18099/36796, batch_size=4, time_cost(epoch): 10:22:57/10:43:30, time_cost(all): 10:23:01/116:15:36, loss=0.960307240486145, d_time=0.25(0.25), f_time=1.59(1.81), b_time=1.85(2.07), lr=0.0011405890463643585
2026-03-09 00:44:03,910   INFO  epoch: 0/6, acc_iter=18150, cur_iter=18149/36796, batch_size=4, time_cost(epoch): 10:24:40/10:41:46, time_cost(all): 10:24:44/116:13:52, loss=1.6602225303649902, d_time=0.22(0.25), f_time=1.75(1.81), b_time=1.97(2.07), lr=0.0011434753997287272
/bin/sh: line 1: gpustat: command not found
2026-03-09 00:44:04,167   INFO  
2026-03-09 00:44:24,927   INFO  Save latest model to /storage/project/r-gchou3-0/spanse30/MSF/output/cfgs/waymo_models/msf_8frames/default/ckpt/latest_model
2026-03-09 00:45:48,624   INFO  epoch: 0/6, acc_iter=18200, cur_iter=18199/36796, batch_size=4, time_cost(epoch): 10:26:25/10:40:05, time_cost(all): 10:26:28/116:12:25, loss=1.366732120513916, d_time=0.25(0.25), f_time=1.65(1.81), b_time=1.90(2.07), lr=0.0011463685760760584
2026-03-09 00:47:33,231   INFO  epoch: 0/6, acc_iter=18250, cur_iter=18249/36796, batch_size=4, time_cost(epoch): 10:28:09/10:38:23, time_cost(all): 10:28:13/116:10:57, loss=1.4051904678344727, d_time=0.25(0.25), f_time=1.92(1.81), b_time=2.17(2.07), lr=0.0011492685662526899
2026-03-09 00:49:16,241   INFO  epoch: 0/6, acc_iter=18300, cur_iter=18299/36796, batch_size=4, time_cost(epoch): 10:29:52/10:36:39, time_cost(all): 10:29:56/116:09:11, loss=1.5245299339294434, d_time=0.25(0.25), f_time=1.62(1.81), b_time=1.87(2.07), lr=0.0011521753610834028
/bin/sh: line 1: gpustat: command not found
2026-03-09 00:49:16,489   INFO  
2026-03-09 00:49:24,562   INFO  Save latest model to /storage/project/r-gchou3-0/spanse30/MSF/output/cfgs/waymo_models/msf_8frames/default/ckpt/latest_model
2026-03-09 00:51:00,028   INFO  epoch: 0/6, acc_iter=18350, cur_iter=18349/36796, batch_size=4, time_cost(epoch): 10:31:36/10:34:56, time_cost(all): 10:31:40/116:07:34, loss=1.6262702941894531, d_time=0.25(0.25), f_time=1.85(1.81), b_time=2.10(2.07), lr=0.0011550889513714515
2026-03-09 00:52:41,047   INFO  epoch: 0/6, acc_iter=18400, cur_iter=18399/36796, batch_size=4, time_cost(epoch): 10:33:17/10:33:11, time_cost(all): 10:33:21/116:05:26, loss=1.450566053390503, d_time=0.25(0.25), f_time=1.53(1.81), b_time=1.78(2.07), lr=0.0011580093278985883
2026-03-09 00:54:24,028   INFO  Save latest model to /storage/project/r-gchou3-0/spanse30/MSF/output/cfgs/waymo_models/msf_8frames/default/ckpt/latest_model
2026-03-09 00:54:25,798   INFO  epoch: 0/6, acc_iter=18450, cur_iter=18449/36796, batch_size=4, time_cost(epoch): 10:35:02/10:31:29, time_cost(all): 10:35:06/116:03:59, loss=1.4091153144836426, d_time=0.40(0.25), f_time=1.52(1.81), b_time=1.92(2.07), lr=0.0011609364814250955
/bin/sh: line 1: gpustat: command not found
2026-03-09 00:54:26,046   INFO  
2026-03-09 00:56:07,902   INFO  epoch: 0/6, acc_iter=18500, cur_iter=18499/36796, batch_size=4, time_cost(epoch): 10:36:44/10:29:45, time_cost(all): 10:36:48/116:02:03, loss=1.3469051122665405, d_time=0.25(0.25), f_time=1.38(1.81), b_time=1.63(2.07), lr=0.001163870402689812
2026-03-09 00:57:52,142   INFO  epoch: 0/6, acc_iter=18550, cur_iter=18549/36796, batch_size=4, time_cost(epoch): 10:38:28/10:28:02, time_cost(all): 10:38:32/116:00:30, loss=1.2552467584609985, d_time=0.25(0.25), f_time=1.32(1.81), b_time=1.57(2.07), lr=0.0011668110824101675
2026-03-09 00:59:24,378   INFO  Save latest model to /storage/project/r-gchou3-0/spanse30/MSF/output/cfgs/waymo_models/msf_8frames/default/ckpt/latest_model
2026-03-09 00:59:30,861   INFO  epoch: 0/6, acc_iter=18600, cur_iter=18599/36796, batch_size=4, time_cost(epoch): 10:40:07/10:26:15, time_cost(all): 10:40:11/115:57:58, loss=1.5907622575759888, d_time=0.25(0.25), f_time=2.13(1.81), b_time=2.38(2.06), lr=0.0011697585112822066
/bin/sh: line 1: gpustat: command not found
2026-03-09 00:59:31,113   INFO  
2026-03-09 01:01:18,648   INFO  epoch: 0/6, acc_iter=18650, cur_iter=18649/36796, batch_size=4, time_cost(epoch): 10:41:55/10:24:36, time_cost(all): 10:41:58/115:57:04, loss=1.4379420280456543, d_time=0.25(0.25), f_time=2.17(1.81), b_time=2.42(2.07), lr=0.0011727126799806207
2026-03-09 01:03:03,442   INFO  epoch: 0/6, acc_iter=18700, cur_iter=18699/36796, batch_size=4, time_cost(epoch): 10:43:40/10:22:54, time_cost(all): 10:43:43/115:55:37, loss=1.5358262062072754, d_time=0.25(0.25), f_time=2.45(1.81), b_time=2.70(2.07), lr=0.0011756735791587768
2026-03-09 01:04:25,197   INFO  Save latest model to /storage/project/r-gchou3-0/spanse30/MSF/output/cfgs/waymo_models/msf_8frames/default/ckpt/latest_model
2026-03-09 01:04:48,478   INFO  epoch: 0/6, acc_iter=18750, cur_iter=18749/36796, batch_size=4, time_cost(epoch): 10:45:25/10:21:13, time_cost(all): 10:45:28/115:54:13, loss=1.5277507305145264, d_time=0.25(0.25), f_time=1.72(1.81), b_time=1.97(2.07), lr=0.0011786411994487494
/bin/sh: line 1: gpustat: command not found
2026-03-09 01:04:48,734   INFO  
2026-03-09 01:06:30,306   INFO  epoch: 0/6, acc_iter=18800, cur_iter=18799/36796, batch_size=4, time_cost(epoch): 10:47:06/10:19:28, time_cost(all): 10:47:10/115:52:14, loss=1.4258607625961304, d_time=0.25(0.25), f_time=1.85(1.81), b_time=2.10(2.07), lr=0.0011816155314613467
2026-03-09 01:08:17,864   INFO  epoch: 0/6, acc_iter=18850, cur_iter=18849/36796, batch_size=4, time_cost(epoch): 10:48:54/10:17:49, time_cost(all): 10:48:58/115:51:17, loss=1.7623107433319092, d_time=0.25(0.25), f_time=1.85(1.81), b_time=2.10(2.07), lr=0.0011845965657861406
2026-03-09 01:09:25,325   INFO  Save latest model to /storage/project/r-gchou3-0/spanse30/MSF/output/cfgs/waymo_models/msf_8frames/default/ckpt/latest_model
2026-03-09 01:10:03,290   INFO  epoch: 0/6, acc_iter=18900, cur_iter=18899/36796, batch_size=4, time_cost(epoch): 10:50:39/10:16:08, time_cost(all): 10:50:43/115:49:57, loss=1.5815789699554443, d_time=0.25(0.25), f_time=2.56(1.81), b_time=2.81(2.07), lr=0.0011875842929915002
/bin/sh: line 1: gpustat: command not found
2026-03-09 01:10:03,534   INFO  
2026-03-09 01:11:46,424   INFO  epoch: 0/6, acc_iter=18950, cur_iter=18949/36796, batch_size=4, time_cost(epoch): 10:52:22/10:14:24, time_cost(all): 10:52:26/115:48:12, loss=1.3469011783599854, d_time=0.25(0.25), f_time=1.41(1.81), b_time=1.66(2.07), lr=0.001190578703624619
2026-03-09 01:13:29,676   INFO  epoch: 0/6, acc_iter=19000, cur_iter=18999/36796, batch_size=4, time_cost(epoch): 10:54:06/10:12:41, time_cost(all): 10:54:09/115:46:28, loss=1.3534291982650757, d_time=0.25(0.25), f_time=2.37(1.81), b_time=2.62(2.07), lr=0.0011935797882115422
2026-03-09 01:14:24,014   INFO  Save latest model to /storage/project/r-gchou3-0/spanse30/MSF/output/cfgs/waymo_models/msf_8frames/default/ckpt/latest_model
2026-03-09 01:15:11,932   INFO  epoch: 0/6, acc_iter=19050, cur_iter=19049/36796, batch_size=4, time_cost(epoch): 10:55:48/10:10:57, time_cost(all): 10:55:52/115:44:34, loss=1.3834244012832642, d_time=0.25(0.25), f_time=1.57(1.81), b_time=1.82(2.07), lr=0.001196587537257202
/bin/sh: line 1: gpustat: command not found
2026-03-09 01:15:12,185   INFO  
2026-03-09 01:16:52,551   INFO  epoch: 0/6, acc_iter=19100, cur_iter=19099/36796, batch_size=4, time_cost(epoch): 10:57:29/10:09:11, time_cost(all): 10:57:32/115:42:23, loss=1.1998698711395264, d_time=0.25(0.25), f_time=1.95(1.81), b_time=2.20(2.07), lr=0.0011996019412454434
2026-03-09 01:18:33,410   INFO  epoch: 0/6, acc_iter=19150, cur_iter=19149/36796, batch_size=4, time_cost(epoch): 10:59:09/10:07:25, time_cost(all): 10:59:13/115:40:14, loss=1.4700980186462402, d_time=0.25(0.25), f_time=2.04(1.81), b_time=2.29(2.07), lr=0.0012026229906390582
2026-03-09 01:19:25,576   INFO  Save latest model to /storage/project/r-gchou3-0/spanse30/MSF/output/cfgs/waymo_models/msf_8frames/default/ckpt/latest_model
2026-03-09 01:20:17,504   INFO  epoch: 0/6, acc_iter=19200, cur_iter=19199/36796, batch_size=4, time_cost(epoch): 11:00:54/10:05:43, time_cost(all): 11:00:57/115:38:40, loss=1.392037034034729, d_time=0.25(0.25), f_time=2.02(1.81), b_time=2.27(2.07), lr=0.0012056506758798121
/bin/sh: line 1: gpustat: command not found
2026-03-09 01:20:17,752   INFO  
2026-03-09 01:21:57,084   INFO  epoch: 0/6, acc_iter=19250, cur_iter=19249/36796, batch_size=4, time_cost(epoch): 11:02:33/10:03:56, time_cost(all): 11:02:37/115:36:18, loss=1.6185709238052368, d_time=0.25(0.25), f_time=2.05(1.81), b_time=2.30(2.07), lr=0.0012086849873884729
2026-03-09 01:23:39,172   INFO  epoch: 0/6, acc_iter=19300, cur_iter=19299/36796, batch_size=4, time_cost(epoch): 11:04:15/10:02:12, time_cost(all): 11:04:19/115:34:22, loss=1.5238962173461914, d_time=0.24(0.25), f_time=1.47(1.81), b_time=1.71(2.07), lr=0.0012117259155648473
2026-03-09 01:24:23,873   INFO  Save latest model to /storage/project/r-gchou3-0/spanse30/MSF/output/cfgs/waymo_models/msf_8frames/default/ckpt/latest_model
2026-03-09 01:25:23,954   INFO  epoch: 0/6, acc_iter=19350, cur_iter=19349/36796, batch_size=4, time_cost(epoch): 11:06:00/10:00:30, time_cost(all): 11:06:04/115:32:55, loss=1.4344921112060547, d_time=0.25(0.25), f_time=1.82(1.81), b_time=2.07(2.07), lr=0.001214773450787807
/bin/sh: line 1: gpustat: command not found
2026-03-09 01:25:24,199   INFO  
2026-03-09 01:27:06,399   INFO  epoch: 0/6, acc_iter=19400, cur_iter=19399/36796, batch_size=4, time_cost(epoch): 11:07:42/9:58:46, time_cost(all): 11:07:46/115:31:03, loss=1.149477481842041, d_time=0.25(0.25), f_time=1.21(1.81), b_time=1.46(2.07), lr=0.0012178275834153181
2026-03-09 01:28:49,918   INFO  epoch: 0/6, acc_iter=19450, cur_iter=19449/36796, batch_size=4, time_cost(epoch): 11:09:26/9:57:03, time_cost(all): 11:09:30/115:29:23, loss=1.3346686363220215, d_time=0.25(0.25), f_time=2.22(1.81), b_time=2.46(2.07), lr=0.0012208883037844748
2026-03-09 01:29:23,729   INFO  Save latest model to /storage/project/r-gchou3-0/spanse30/MSF/output/cfgs/waymo_models/msf_8frames/default/ckpt/latest_model
2026-03-09 01:30:33,935   INFO  epoch: 0/6, acc_iter=19500, cur_iter=19499/36796, batch_size=4, time_cost(epoch): 11:11:10/9:55:20, time_cost(all): 11:11:14/115:27:47, loss=1.3053748607635498, d_time=0.25(0.25), f_time=2.20(1.81), b_time=2.45(2.07), lr=0.0012239556022115286
/bin/sh: line 1: gpustat: command not found
2026-03-09 01:30:34,179   INFO  
2026-03-09 01:32:15,211   INFO  epoch: 0/6, acc_iter=19550, cur_iter=19549/36796, batch_size=4, time_cost(epoch): 11:12:51/9:53:35, time_cost(all): 11:12:55/115:25:44, loss=1.306982398033142, d_time=0.24(0.25), f_time=1.82(1.81), b_time=2.06(2.07), lr=0.0012270294689919184
2026-03-09 01:34:00,769   INFO  epoch: 0/6, acc_iter=19600, cur_iter=19599/36796, batch_size=4, time_cost(epoch): 11:14:37/9:51:54, time_cost(all): 11:14:41/115:24:24, loss=1.5735706090927124, d_time=0.25(0.25), f_time=2.20(1.81), b_time=2.45(2.07), lr=0.0012301098944003004
2026-03-09 01:34:24,672   INFO  Save latest model to /storage/project/r-gchou3-0/spanse30/MSF/output/cfgs/waymo_models/msf_8frames/default/ckpt/latest_model
2026-03-09 01:35:42,908   INFO  epoch: 0/6, acc_iter=19650, cur_iter=19649/36796, batch_size=4, time_cost(epoch): 11:16:19/9:50:10, time_cost(all): 11:16:23/115:22:29, loss=1.4766279458999634, d_time=0.25(0.25), f_time=1.83(1.81), b_time=2.08(2.07), lr=0.0012331968686905828
/bin/sh: line 1: gpustat: command not found
2026-03-09 01:35:43,155   INFO  
2026-03-09 01:37:27,190   INFO  epoch: 0/6, acc_iter=19700, cur_iter=19699/36796, batch_size=4, time_cost(epoch): 11:18:03/9:48:28, time_cost(all): 11:18:07/115:20:57, loss=1.4768503904342651, d_time=0.25(0.25), f_time=2.03(1.81), b_time=2.28(2.07), lr=0.0012362903820959514
2026-03-09 01:39:09,841   INFO  epoch: 0/6, acc_iter=19750, cur_iter=19749/36796, batch_size=4, time_cost(epoch): 11:19:46/9:46:44, time_cost(all): 11:19:50/115:19:07, loss=1.5942676067352295, d_time=0.25(0.25), f_time=2.42(1.81), b_time=2.67(2.07), lr=0.0012393904248289038
2026-03-09 01:39:24,955   INFO  Save latest model to /storage/project/r-gchou3-0/spanse30/MSF/output/cfgs/waymo_models/msf_8frames/default/ckpt/latest_model
2026-03-09 01:40:54,723   INFO  epoch: 0/6, acc_iter=19800, cur_iter=19799/36796, batch_size=4, time_cost(epoch): 11:21:31/9:45:02, time_cost(all): 11:21:35/115:17:41, loss=1.2941362857818604, d_time=0.25(0.25), f_time=1.79(1.81), b_time=2.04(2.07), lr=0.0012424969870812796
/bin/sh: line 1: gpustat: command not found
2026-03-09 01:40:54,987   INFO  
2026-03-09 01:42:36,043   INFO  epoch: 0/6, acc_iter=19850, cur_iter=19849/36796, batch_size=4, time_cost(epoch): 11:23:12/9:43:17, time_cost(all): 11:23:16/115:15:38, loss=1.335245132446289, d_time=0.25(0.25), f_time=1.38(1.81), b_time=1.63(2.07), lr=0.0012456100590242927
2026-03-09 01:44:21,026   INFO  epoch: 0/6, acc_iter=19900, cur_iter=19899/36796, batch_size=4, time_cost(epoch): 11:24:57/9:41:35, time_cost(all): 11:25:01/115:14:12, loss=1.7036540508270264, d_time=0.25(0.25), f_time=2.41(1.81), b_time=2.66(2.07), lr=0.0012487296308085604
2026-03-09 01:44:25,056   INFO  Save latest model to /storage/project/r-gchou3-0/spanse30/MSF/output/cfgs/waymo_models/msf_8frames/default/ckpt/latest_model
2026-03-09 01:46:03,629   INFO  epoch: 0/6, acc_iter=19950, cur_iter=19949/36796, batch_size=4, time_cost(epoch): 11:26:40/9:39:51, time_cost(all): 11:26:43/115:12:22, loss=1.6016662120819092, d_time=0.25(0.25), f_time=2.76(1.81), b_time=3.01(2.07), lr=0.0012518556925641333
/bin/sh: line 1: gpustat: command not found
2026-03-09 01:46:03,873   INFO  
2026-03-09 01:47:47,701   INFO  epoch: 0/6, acc_iter=20000, cur_iter=19999/36796, batch_size=4, time_cost(epoch): 11:28:24/9:38:09, time_cost(all): 11:28:27/115:10:47, loss=1.4266138076782227, d_time=0.22(0.25), f_time=1.19(1.81), b_time=1.41(2.07), lr=0.0012549882344005305
2026-03-09 01:49:25,188   INFO  Save latest model to /storage/project/r-gchou3-0/spanse30/MSF/output/cfgs/waymo_models/msf_8frames/default/ckpt/latest_model
2026-03-09 01:49:31,831   INFO  epoch: 0/6, acc_iter=20050, cur_iter=20049/36796, batch_size=4, time_cost(epoch): 11:30:08/9:36:26, time_cost(all): 11:30:12/115:09:12, loss=1.7160205841064453, d_time=0.25(0.25), f_time=1.90(1.81), b_time=2.15(2.07), lr=0.0012581272464067704
2026-03-09 01:51:11,890   INFO  epoch: 0/6, acc_iter=20100, cur_iter=20099/36796, batch_size=4, time_cost(epoch): 11:31:48/9:34:40, time_cost(all): 11:31:52/115:06:57, loss=1.6450334787368774, d_time=0.25(0.25), f_time=1.64(1.81), b_time=1.89(2.07), lr=0.0012612727186513961
/bin/sh: line 1: gpustat: command not found
2026-03-09 01:51:12,142   INFO  
2026-03-09 01:52:55,934   INFO  epoch: 0/6, acc_iter=20150, cur_iter=20149/36796, batch_size=4, time_cost(epoch): 11:33:32/9:32:58, time_cost(all): 11:33:36/115:05:22, loss=1.2455509901046753, d_time=0.25(0.25), f_time=2.16(1.81), b_time=2.41(2.07), lr=0.001264424641182516
2026-03-09 01:54:25,641   INFO  Save latest model to /storage/project/r-gchou3-0/spanse30/MSF/output/cfgs/waymo_models/msf_8frames/default/ckpt/latest_model
2026-03-09 01:54:38,177   INFO  epoch: 0/6, acc_iter=20200, cur_iter=20199/36796, batch_size=4, time_cost(epoch): 11:35:14/9:31:14, time_cost(all): 11:35:18/115:03:28, loss=1.6424365043640137, d_time=0.25(0.25), f_time=1.95(1.81), b_time=2.20(2.07), lr=0.0012675830040278285
2026-03-09 01:56:25,763   INFO  epoch: 0/6, acc_iter=20250, cur_iter=20249/36796, batch_size=4, time_cost(epoch): 11:37:02/9:29:34, time_cost(all): 11:37:06/115:02:28, loss=1.106245994567871, d_time=0.25(0.25), f_time=0.98(1.81), b_time=1.23(2.07), lr=0.0012707477971946532
/bin/sh: line 1: gpustat: command not found
2026-03-09 01:56:26,010   INFO  
2026-03-09 01:58:10,910   INFO  epoch: 0/6, acc_iter=20300, cur_iter=20299/36796, batch_size=4, time_cost(epoch): 11:38:47/9:27:52, time_cost(all): 11:38:51/115:01:03, loss=1.2064284086227417, d_time=0.25(0.25), f_time=1.85(1.81), b_time=2.10(2.07), lr=0.0012739190106699693
2026-03-09 01:59:23,558   INFO  Save latest model to /storage/project/r-gchou3-0/spanse30/MSF/output/cfgs/waymo_models/msf_8frames/default/ckpt/latest_model
2026-03-09 01:59:57,176   INFO  epoch: 0/6, acc_iter=20350, cur_iter=20349/36796, batch_size=4, time_cost(epoch): 11:40:33/9:26:11, time_cost(all): 11:40:37/114:59:49, loss=1.3891159296035767, d_time=0.25(0.25), f_time=1.84(1.81), b_time=2.09(2.07), lr=0.0012770966344204417
2026-03-09 02:01:42,580   INFO  epoch: 0/6, acc_iter=20400, cur_iter=20399/36796, batch_size=4, time_cost(epoch): 11:42:19/9:24:30, time_cost(all): 11:42:22/114:58:27, loss=1.2813796997070312, d_time=0.25(0.25), f_time=1.90(1.81), b_time=2.15(2.07), lr=0.0012802806583924516
/bin/sh: line 1: gpustat: command not found
2026-03-09 02:01:42,830   INFO  
2026-03-09 02:03:26,811   INFO  epoch: 0/6, acc_iter=20450, cur_iter=20449/36796, batch_size=4, time_cost(epoch): 11:44:03/9:22:47, time_cost(all): 11:44:07/114:56:53, loss=1.3740406036376953, d_time=0.25(0.25), f_time=1.31(1.81), b_time=1.56(2.07), lr=0.001283471072512133
2026-03-09 02:04:25,284   INFO  Save latest model to /storage/project/r-gchou3-0/spanse30/MSF/output/cfgs/waymo_models/msf_8frames/default/ckpt/latest_model
2026-03-09 02:05:07,702   INFO  epoch: 0/6, acc_iter=20500, cur_iter=20499/36796, batch_size=4, time_cost(epoch): 11:45:44/9:21:02, time_cost(all): 11:45:48/114:54:46, loss=1.3154102563858032, d_time=0.25(0.25), f_time=1.55(1.81), b_time=1.80(2.07), lr=0.0012866678666854014
2026-03-09 02:06:50,958   INFO  epoch: 0/6, acc_iter=20550, cur_iter=20549/36796, batch_size=4, time_cost(epoch): 11:47:27/9:19:19, time_cost(all): 11:47:31/114:53:03, loss=1.4586787223815918, d_time=0.25(0.25), f_time=2.31(1.81), b_time=2.56(2.07), lr=0.0012898710307979872
/bin/sh: line 1: gpustat: command not found
2026-03-09 02:06:51,289   INFO  
2026-03-09 02:08:38,908   INFO  epoch: 0/6, acc_iter=20600, cur_iter=20599/36796, batch_size=4, time_cost(epoch): 11:49:15/9:17:39, time_cost(all): 11:49:19/114:52:05, loss=1.3812158107757568, d_time=0.25(0.25), f_time=2.03(1.81), b_time=2.28(2.07), lr=0.0012930805547154657
2026-03-09 02:09:25,010   INFO  Save latest model to /storage/project/r-gchou3-0/spanse30/MSF/output/cfgs/waymo_models/msf_8frames/default/ckpt/latest_model
2026-03-09 02:10:18,692   INFO  epoch: 0/6, acc_iter=20650, cur_iter=20649/36796, batch_size=4, time_cost(epoch): 11:50:55/9:15:53, time_cost(all): 11:50:58/114:49:48, loss=1.3747801780700684, d_time=0.25(0.25), f_time=1.87(1.81), b_time=2.12(2.07), lr=0.0012962964282832931
2026-03-09 02:12:01,056   INFO  epoch: 0/6, acc_iter=20700, cur_iter=20699/36796, batch_size=4, time_cost(epoch): 11:52:37/9:14:09, time_cost(all): 11:52:41/114:47:56, loss=1.6128692626953125, d_time=0.25(0.25), f_time=1.74(1.81), b_time=1.99(2.07), lr=0.0012995186413268323
/bin/sh: line 1: gpustat: command not found
2026-03-09 02:12:01,326   INFO  
2026-03-09 02:13:46,737   INFO  epoch: 0/6, acc_iter=20750, cur_iter=20749/36796, batch_size=4, time_cost(epoch): 11:54:23/9:12:28, time_cost(all): 11:54:27/114:46:36, loss=1.670019507408142, d_time=0.25(0.25), f_time=2.80(1.81), b_time=3.05(2.07), lr=0.0013027471836513935
2026-03-09 02:14:24,070   INFO  Save latest model to /storage/project/r-gchou3-0/spanse30/MSF/output/cfgs/waymo_models/msf_8frames/default/ckpt/latest_model
2026-03-09 02:15:29,995   INFO  epoch: 0/6, acc_iter=20800, cur_iter=20799/36796, batch_size=4, time_cost(epoch): 11:56:06/9:10:45, time_cost(all): 11:56:10/114:44:52, loss=1.5267962217330933, d_time=0.25(0.25), f_time=1.89(1.81), b_time=2.14(2.07), lr=0.001305982045042257
2026-03-09 02:17:11,197   INFO  epoch: 0/6, acc_iter=20850, cur_iter=20849/36796, batch_size=4, time_cost(epoch): 11:57:47/9:09:00, time_cost(all): 11:57:51/114:42:49, loss=1.228095531463623, d_time=0.24(0.25), f_time=1.18(1.81), b_time=1.42(2.07), lr=0.001309223215264714
/bin/sh: line 1: gpustat: command not found
2026-03-09 02:17:11,455   INFO  
2026-03-09 02:18:54,246   INFO  epoch: 0/6, acc_iter=20900, cur_iter=20899/36796, batch_size=4, time_cost(epoch): 11:59:30/9:07:16, time_cost(all): 11:59:34/114:41:03, loss=0.8340399265289307, d_time=0.24(0.25), f_time=0.87(1.81), b_time=1.11(2.07), lr=0.001312470684064095
2026-03-09 02:19:23,700   INFO  Save latest model to /storage/project/r-gchou3-0/spanse30/MSF/output/cfgs/waymo_models/msf_8frames/default/ckpt/latest_model
2026-03-09 02:20:40,541   INFO  epoch: 0/6, acc_iter=20950, cur_iter=20949/36796, batch_size=4, time_cost(epoch): 12:01:17/9:05:35, time_cost(all): 12:01:20/114:39:49, loss=1.4431896209716797, d_time=0.25(0.25), f_time=2.39(1.81), b_time=2.64(2.07), lr=0.0013157244411657982
2026-03-09 02:22:26,922   INFO  epoch: 0/6, acc_iter=21000, cur_iter=20999/36796, batch_size=4, time_cost(epoch): 12:03:03/9:03:54, time_cost(all): 12:03:07/114:38:35, loss=1.5380226373672485, d_time=0.25(0.25), f_time=2.01(1.81), b_time=2.26(2.07), lr=0.0013189844762753321
/bin/sh: line 1: gpustat: command not found
2026-03-09 02:22:27,195   INFO  
2026-03-09 02:24:07,036   INFO  epoch: 0/6, acc_iter=21050, cur_iter=21049/36796, batch_size=4, time_cost(epoch): 12:04:43/9:02:09, time_cost(all): 12:04:47/114:36:21, loss=1.1421103477478027, d_time=0.25(0.25), f_time=1.53(1.81), b_time=1.78(2.07), lr=0.0013222507790783405
2026-03-09 02:24:24,761   INFO  Save latest model to /storage/project/r-gchou3-0/spanse30/MSF/output/cfgs/waymo_models/msf_8frames/default/ckpt/latest_model
2026-03-09 02:25:51,677   INFO  epoch: 0/6, acc_iter=21100, cur_iter=21099/36796, batch_size=4, time_cost(epoch): 12:06:28/9:00:26, time_cost(all): 12:06:31/114:34:51, loss=1.4554779529571533, d_time=0.25(0.25), f_time=1.92(1.81), b_time=2.17(2.07), lr=0.001325523339240635
2026-03-09 02:27:37,251   INFO  epoch: 0/6, acc_iter=21150, cur_iter=21149/36796, batch_size=4, time_cost(epoch): 12:08:13/8:58:45, time_cost(all): 12:08:17/114:33:29, loss=1.4247581958770752, d_time=0.25(0.25), f_time=1.86(1.81), b_time=2.11(2.07), lr=0.0013288021464082323
/bin/sh: line 1: gpustat: command not found
2026-03-09 02:27:37,505   INFO  
2026-03-09 02:29:18,586   INFO  epoch: 0/6, acc_iter=21200, cur_iter=21199/36796, batch_size=4, time_cost(epoch): 12:09:55/8:57:00, time_cost(all): 12:09:58/114:31:27, loss=1.3645697832107544, d_time=0.25(0.25), f_time=1.60(1.81), b_time=1.85(2.07), lr=0.001332087190207382
2026-03-09 02:29:24,528   INFO  Save latest model to /storage/project/r-gchou3-0/spanse30/MSF/output/cfgs/waymo_models/msf_8frames/default/ckpt/latest_model
2026-03-09 02:31:02,515   INFO  epoch: 0/6, acc_iter=21250, cur_iter=21249/36796, batch_size=4, time_cost(epoch): 12:11:39/8:55:17, time_cost(all): 12:11:42/114:29:50, loss=1.196275234222412, d_time=0.24(0.25), f_time=1.43(1.81), b_time=1.67(2.07), lr=0.0013353784602446054
2026-03-09 02:32:44,325   INFO  epoch: 0/6, acc_iter=21300, cur_iter=21299/36796, batch_size=4, time_cost(epoch): 12:13:20/8:53:33, time_cost(all): 12:13:24/114:27:53, loss=1.820467233657837, d_time=0.25(0.25), f_time=0.97(1.81), b_time=1.22(2.07), lr=0.0013386759461067183
/bin/sh: line 1: gpustat: command not found
2026-03-09 02:32:44,580   INFO  
2026-03-09 02:34:25,269   INFO  Save latest model to /storage/project/r-gchou3-0/spanse30/MSF/output/cfgs/waymo_models/msf_8frames/default/ckpt/latest_model
2026-03-09 02:34:27,415   INFO  epoch: 0/6, acc_iter=21350, cur_iter=21349/36796, batch_size=4, time_cost(epoch): 12:15:03/8:51:49, time_cost(all): 12:15:07/114:26:08, loss=1.1548118591308594, d_time=0.35(0.25), f_time=1.90(1.81), b_time=2.25(2.07), lr=0.0013419796373608777
2026-03-09 02:36:14,290   INFO  epoch: 0/6, acc_iter=21400, cur_iter=21399/36796, batch_size=4, time_cost(epoch): 12:16:50/8:50:09, time_cost(all): 12:16:54/114:24:58, loss=1.4641119241714478, d_time=0.25(0.25), f_time=1.67(1.81), b_time=1.92(2.07), lr=0.001345289523554602
2026-03-09 02:37:54,608   INFO  epoch: 0/6, acc_iter=21450, cur_iter=21449/36796, batch_size=4, time_cost(epoch): 12:18:31/8:48:23, time_cost(all): 12:18:34/114:22:47, loss=1.5840678215026855, d_time=0.25(0.25), f_time=1.30(1.81), b_time=1.55(2.07), lr=0.001348605594215813
/bin/sh: line 1: gpustat: command not found
2026-03-09 02:37:54,879   INFO  
2026-03-09 02:39:24,926   INFO  Save latest model to /storage/project/r-gchou3-0/spanse30/MSF/output/cfgs/waymo_models/msf_8frames/default/ckpt/latest_model
2026-03-09 02:39:38,604   INFO  epoch: 0/6, acc_iter=21500, cur_iter=21499/36796, batch_size=4, time_cost(epoch): 12:20:15/8:46:40, time_cost(all): 12:20:18/114:21:10, loss=1.1808955669403076, d_time=0.25(0.25), f_time=1.59(1.81), b_time=1.84(2.07), lr=0.0013519278388528632
2026-03-09 02:41:20,395   INFO  epoch: 0/6, acc_iter=21550, cur_iter=21549/36796, batch_size=4, time_cost(epoch): 12:21:56/8:44:56, time_cost(all): 12:22:00/114:19:13, loss=1.0511393547058105, d_time=0.25(0.25), f_time=1.37(1.81), b_time=1.62(2.07), lr=0.001355256246954574
2026-03-09 02:43:03,942   INFO  epoch: 0/6, acc_iter=21600, cur_iter=21599/36796, batch_size=4, time_cost(epoch): 12:23:40/8:43:13, time_cost(all): 12:23:44/114:17:32, loss=1.5709320306777954, d_time=0.25(0.25), f_time=1.99(1.81), b_time=2.24(2.07), lr=0.001358590807990263
/bin/sh: line 1: gpustat: command not found
2026-03-09 02:43:04,192   INFO  
2026-03-09 02:44:23,976   INFO  Save latest model to /storage/project/r-gchou3-0/spanse30/MSF/output/cfgs/waymo_models/msf_8frames/default/ckpt/latest_model
2026-03-09 02:44:45,882   INFO  epoch: 0/6, acc_iter=21650, cur_iter=21649/36796, batch_size=4, time_cost(epoch): 12:25:22/8:41:29, time_cost(all): 12:25:26/114:15:37, loss=1.457655429840088, d_time=0.25(0.25), f_time=2.27(1.81), b_time=2.52(2.07), lr=0.0013619315114097828
2026-03-09 02:46:27,771   INFO  epoch: 0/6, acc_iter=21700, cur_iter=21699/36796, batch_size=4, time_cost(epoch): 12:27:04/8:39:44, time_cost(all): 12:27:08/114:13:40, loss=1.1803789138793945, d_time=0.28(0.25), f_time=1.05(1.81), b_time=1.33(2.07), lr=0.0013652783466435543
2026-03-09 02:48:10,684   INFO  epoch: 0/6, acc_iter=21750, cur_iter=21749/36796, batch_size=4, time_cost(epoch): 12:28:47/8:38:01, time_cost(all): 12:28:50/114:11:54, loss=1.8515057563781738, d_time=0.25(0.25), f_time=2.72(1.81), b_time=2.97(2.07), lr=0.001368631303102592
/bin/sh: line 1: gpustat: command not found
2026-03-09 02:48:10,938   INFO  
2026-03-09 02:49:23,660   INFO  Save latest model to /storage/project/r-gchou3-0/spanse30/MSF/output/cfgs/waymo_models/msf_8frames/default/ckpt/latest_model
2026-03-09 02:49:51,750   INFO  epoch: 0/6, acc_iter=21800, cur_iter=21799/36796, batch_size=4, time_cost(epoch): 12:30:28/8:36:16, time_cost(all): 12:30:32/114:09:50, loss=1.4488444328308105, d_time=0.24(0.25), f_time=1.61(1.81), b_time=1.85(2.07), lr=0.0013719903701785502
2026-03-09 02:51:38,707   INFO  epoch: 0/6, acc_iter=21850, cur_iter=21849/36796, batch_size=4, time_cost(epoch): 12:32:15/8:34:35, time_cost(all): 12:32:19/114:08:40, loss=1.6877000331878662, d_time=0.25(0.25), f_time=2.39(1.81), b_time=2.64(2.07), lr=0.0013753555372437451
2026-03-09 02:53:21,699   INFO  epoch: 0/6, acc_iter=21900, cur_iter=21899/36796, batch_size=4, time_cost(epoch): 12:33:58/8:32:52, time_cost(all): 12:34:01/114:06:55, loss=1.6666492223739624, d_time=0.25(0.25), f_time=2.47(1.81), b_time=2.72(2.07), lr=0.001378726793651197
/bin/sh: line 1: gpustat: command not found
2026-03-09 02:53:21,967   INFO  
2026-03-09 02:54:24,945   INFO  Save latest model to /storage/project/r-gchou3-0/spanse30/MSF/output/cfgs/waymo_models/msf_8frames/default/ckpt/latest_model
2026-03-09 02:55:08,271   INFO  epoch: 0/6, acc_iter=21950, cur_iter=21949/36796, batch_size=4, time_cost(epoch): 12:35:44/8:31:11, time_cost(all): 12:35:48/114:05:41, loss=1.1784374713897705, d_time=0.28(0.25), f_time=1.77(1.81), b_time=2.06(2.07), lr=0.001382104128734657
2026-03-09 02:56:53,711   INFO  epoch: 0/6, acc_iter=22000, cur_iter=21999/36796, batch_size=4, time_cost(epoch): 12:37:30/8:29:29, time_cost(all): 12:37:34/114:04:17, loss=1.4399672746658325, d_time=0.25(0.25), f_time=1.67(1.81), b_time=1.92(2.07), lr=0.0013854875318086452
2026-03-09 02:58:34,962   INFO  epoch: 0/6, acc_iter=22050, cur_iter=22049/36796, batch_size=4, time_cost(epoch): 12:39:11/8:27:44, time_cost(all): 12:39:15/114:02:15, loss=1.440028190612793, d_time=0.25(0.25), f_time=1.53(1.81), b_time=1.78(2.07), lr=0.0013888769921684852
/bin/sh: line 1: gpustat: command not found
2026-03-09 02:58:35,225   INFO  
2026-03-09 02:59:24,806   INFO  Save latest model to /storage/project/r-gchou3-0/spanse30/MSF/output/cfgs/waymo_models/msf_8frames/default/ckpt/latest_model
2026-03-09 03:00:20,384   INFO  epoch: 0/6, acc_iter=22100, cur_iter=22099/36796, batch_size=4, time_cost(epoch): 12:40:56/8:26:02, time_cost(all): 12:41:00/114:00:51, loss=1.3830715417861938, d_time=0.25(0.25), f_time=2.31(1.81), b_time=2.56(2.07), lr=0.0013922724990903333
2026-03-09 03:02:03,566   INFO  epoch: 0/6, acc_iter=22150, cur_iter=22149/36796, batch_size=4, time_cost(epoch): 12:42:40/8:24:19, time_cost(all): 12:42:43/113:59:07, loss=1.699937343597412, d_time=0.25(0.25), f_time=2.38(1.81), b_time=2.63(2.07), lr=0.001395674041831216
2026-03-09 03:03:44,946   INFO  epoch: 0/6, acc_iter=22200, cur_iter=22199/36796, batch_size=4, time_cost(epoch): 12:44:21/8:22:34, time_cost(all): 12:44:25/113:57:07, loss=1.3845021724700928, d_time=0.24(0.25), f_time=1.57(1.81), b_time=1.82(2.07), lr=0.001399081609629065
/bin/sh: line 1: gpustat: command not found
2026-03-09 03:03:45,214   INFO  
2026-03-09 03:04:24,927   INFO  Save latest model to /storage/project/r-gchou3-0/spanse30/MSF/output/cfgs/waymo_models/msf_8frames/default/ckpt/latest_model
2026-03-09 03:05:30,246   INFO  epoch: 0/6, acc_iter=22250, cur_iter=22249/36796, batch_size=4, time_cost(epoch): 12:46:06/8:20:52, time_cost(all): 12:46:10/113:55:41, loss=1.4702985286712646, d_time=0.25(0.25), f_time=1.95(1.81), b_time=2.20(2.07), lr=0.0014024951917027458
2026-03-09 03:07:14,745   INFO  epoch: 0/6, acc_iter=22300, cur_iter=22299/36796, batch_size=4, time_cost(epoch): 12:47:51/8:19:10, time_cost(all): 12:47:55/113:54:09, loss=1.4053709506988525, d_time=0.25(0.25), f_time=1.79(1.81), b_time=2.03(2.07), lr=0.0014059147772521007
2026-03-09 03:08:58,666   INFO  epoch: 0/6, acc_iter=22350, cur_iter=22349/36796, batch_size=4, time_cost(epoch): 12:49:35/8:17:27, time_cost(all): 12:49:38/113:52:31, loss=1.351072907447815, d_time=0.25(0.25), f_time=1.65(1.81), b_time=1.90(2.07), lr=0.0014093403554579715
/bin/sh: line 1: gpustat: command not found
2026-03-09 03:08:58,922   INFO  
2026-03-09 03:09:24,246   INFO  Save latest model to /storage/project/r-gchou3-0/spanse30/MSF/output/cfgs/waymo_models/msf_8frames/default/ckpt/latest_model
2026-03-09 03:10:42,314   INFO  epoch: 0/6, acc_iter=22400, cur_iter=22399/36796, batch_size=4, time_cost(epoch): 12:51:18/8:15:44, time_cost(all): 12:51:22/113:50:51, loss=1.2813184261322021, d_time=0.25(0.25), f_time=1.66(1.81), b_time=1.91(2.07), lr=0.0014127719154822449
2026-03-09 03:12:25,055   INFO  epoch: 0/6, acc_iter=22450, cur_iter=22449/36796, batch_size=4, time_cost(epoch): 12:53:01/8:14:00, time_cost(all): 12:53:05/113:49:02, loss=1.4687122106552124, d_time=0.25(0.25), f_time=2.09(1.81), b_time=2.34(2.07), lr=0.0014162094464678808
2026-03-09 03:14:07,691   INFO  epoch: 0/6, acc_iter=22500, cur_iter=22499/36796, batch_size=4, time_cost(epoch): 12:54:44/8:12:17, time_cost(all): 12:54:47/113:47:13, loss=1.363097906112671, d_time=0.25(0.25), f_time=1.77(1.81), b_time=2.01(2.07), lr=0.0014196529375389445
/bin/sh: line 1: gpustat: command not found
2026-03-09 03:14:07,953   INFO  
2026-03-09 03:14:24,261   INFO  Save latest model to /storage/project/r-gchou3-0/spanse30/MSF/output/cfgs/waymo_models/msf_8frames/default/ckpt/latest_model
2026-03-09 03:15:50,686   INFO  epoch: 0/6, acc_iter=22550, cur_iter=22549/36796, batch_size=4, time_cost(epoch): 12:56:27/8:10:33, time_cost(all): 12:56:30/113:45:27, loss=1.3017841577529907, d_time=0.25(0.25), f_time=2.23(1.81), b_time=2.48(2.07), lr=0.0014231023778006491
2026-03-09 03:17:36,693   INFO  epoch: 0/6, acc_iter=22600, cur_iter=22599/36796, batch_size=4, time_cost(epoch): 12:58:13/8:08:52, time_cost(all): 12:58:16/113:44:08, loss=1.5574342012405396, d_time=0.25(0.25), f_time=1.58(1.81), b_time=1.83(2.07), lr=0.001426557756339381
2026-03-09 03:19:19,411   INFO  epoch: 0/6, acc_iter=22650, cur_iter=22649/36796, batch_size=4, time_cost(epoch): 12:59:55/8:07:08, time_cost(all): 12:59:59/113:42:19, loss=1.3846490383148193, d_time=0.25(0.25), f_time=2.55(1.81), b_time=2.80(2.07), lr=0.0014300190622227437
/bin/sh: line 1: gpustat: command not found
2026-03-09 03:19:19,661   INFO  
2026-03-09 03:19:24,097   INFO  Save latest model to /storage/project/r-gchou3-0/spanse30/MSF/output/cfgs/waymo_models/msf_8frames/default/ckpt/latest_model
2026-03-09 03:21:03,321   INFO  epoch: 0/6, acc_iter=22700, cur_iter=22699/36796, batch_size=4, time_cost(epoch): 13:01:39/8:05:25, time_cost(all): 13:01:43/113:40:41, loss=1.5207386016845703, d_time=0.25(0.25), f_time=1.40(1.81), b_time=1.65(2.07), lr=0.0014334862844995805
2026-03-09 03:22:46,606   INFO  epoch: 0/6, acc_iter=22750, cur_iter=22749/36796, batch_size=4, time_cost(epoch): 13:03:23/8:03:42, time_cost(all): 13:03:26/113:38:58, loss=1.3864414691925049, d_time=0.25(0.25), f_time=1.57(1.81), b_time=1.82(2.07), lr=0.0014369594122000222
2026-03-09 03:24:24,692   INFO  Save latest model to /storage/project/r-gchou3-0/spanse30/MSF/output/cfgs/waymo_models/msf_8frames/default/ckpt/latest_model
2026-03-09 03:24:26,383   INFO  epoch: 0/6, acc_iter=22800, cur_iter=22799/36796, batch_size=4, time_cost(epoch): 13:05:02/8:01:56, time_cost(all): 13:05:06/113:36:44, loss=1.2874279022216797, d_time=0.36(0.25), f_time=1.44(1.81), b_time=1.80(2.07), lr=0.0014404384343355107
/bin/sh: line 1: gpustat: command not found
2026-03-09 03:24:26,639   INFO  
2026-03-09 03:26:11,479   INFO  epoch: 0/6, acc_iter=22850, cur_iter=22849/36796, batch_size=4, time_cost(epoch): 13:06:48/8:00:14, time_cost(all): 13:06:51/113:35:16, loss=1.2631046772003174, d_time=0.24(0.25), f_time=1.68(1.81), b_time=1.93(2.07), lr=0.0014439233398988423
2026-03-09 03:27:53,385   INFO  epoch: 0/6, acc_iter=22900, cur_iter=22899/36796, batch_size=4, time_cost(epoch): 13:08:29/7:58:30, time_cost(all): 13:08:33/113:33:21, loss=1.2654180526733398, d_time=0.25(0.25), f_time=2.01(1.81), b_time=2.26(2.07), lr=0.0014474141178641969
2026-03-09 03:29:25,382   INFO  Save latest model to /storage/project/r-gchou3-0/spanse30/MSF/output/cfgs/waymo_models/msf_8frames/default/ckpt/latest_model
2026-03-09 03:29:33,596   INFO  epoch: 0/6, acc_iter=22950, cur_iter=22949/36796, batch_size=4, time_cost(epoch): 13:10:10/7:56:45, time_cost(all): 13:10:13/113:31:11, loss=1.471480131149292, d_time=0.25(0.25), f_time=1.86(1.81), b_time=2.10(2.07), lr=0.0014509107571871755
/bin/sh: line 1: gpustat: command not found
2026-03-09 03:29:33,844   INFO  
2026-03-09 03:31:15,933   INFO  epoch: 0/6, acc_iter=23000, cur_iter=22999/36796, batch_size=4, time_cost(epoch): 13:11:52/7:55:01, time_cost(all): 13:11:56/113:29:19, loss=1.2964409589767456, d_time=0.25(0.25), f_time=1.39(1.81), b_time=1.64(2.07), lr=0.0014544132468048334
2026-03-09 03:33:01,343   INFO  epoch: 0/6, acc_iter=23050, cur_iter=23049/36796, batch_size=4, time_cost(epoch): 13:13:37/7:53:19, time_cost(all): 13:13:41/113:27:54, loss=1.8975319862365723, d_time=0.25(0.25), f_time=1.87(1.81), b_time=2.12(2.07), lr=0.001457921575635718
2026-03-09 03:34:24,224   INFO  Save latest model to /storage/project/r-gchou3-0/spanse30/MSF/output/cfgs/waymo_models/msf_8frames/default/ckpt/latest_model
2026-03-09 03:34:43,673   INFO  epoch: 0/6, acc_iter=23100, cur_iter=23099/36796, batch_size=4, time_cost(epoch): 13:15:20/7:51:35, time_cost(all): 13:15:23/113:26:03, loss=1.7808257341384888, d_time=0.25(0.25), f_time=2.28(1.81), b_time=2.53(2.07), lr=0.0014614357325799018
/bin/sh: line 1: gpustat: command not found
2026-03-09 03:34:43,926   INFO  
2026-03-09 03:36:28,123   INFO  epoch: 0/6, acc_iter=23150, cur_iter=23149/36796, batch_size=4, time_cost(epoch): 13:17:04/7:49:52, time_cost(all): 13:17:08/113:24:29, loss=1.2041032314300537, d_time=0.25(0.25), f_time=1.83(1.81), b_time=2.08(2.07), lr=0.0014649557065190165
2026-03-09 03:38:09,807   INFO  epoch: 0/6, acc_iter=23200, cur_iter=23199/36796, batch_size=4, time_cost(epoch): 13:18:46/7:48:08, time_cost(all): 13:18:50/113:22:32, loss=1.6507441997528076, d_time=0.25(0.25), f_time=2.37(1.81), b_time=2.62(2.07), lr=0.00146848148631629
2026-03-09 03:39:24,986   INFO  Save latest model to /storage/project/r-gchou3-0/spanse30/MSF/output/cfgs/waymo_models/msf_8frames/default/ckpt/latest_model
2026-03-09 03:39:54,290   INFO  epoch: 0/6, acc_iter=23250, cur_iter=23249/36796, batch_size=4, time_cost(epoch): 13:20:30/7:46:25, time_cost(all): 13:20:34/113:20:59, loss=1.3892059326171875, d_time=0.25(0.25), f_time=1.94(1.81), b_time=2.19(2.07), lr=0.0014720130608165821
/bin/sh: line 1: gpustat: command not found
2026-03-09 03:39:54,549   INFO  
2026-03-09 03:41:39,381   INFO  epoch: 0/6, acc_iter=23300, cur_iter=23299/36796, batch_size=4, time_cost(epoch): 13:22:15/7:44:43, time_cost(all): 13:22:19/113:19:31, loss=1.382883906364441, d_time=0.25(0.25), f_time=1.98(1.81), b_time=2.23(2.07), lr=0.0014755504188464193
2026-03-09 03:43:22,380   INFO  epoch: 0/6, acc_iter=23350, cur_iter=23349/36796, batch_size=4, time_cost(epoch): 13:23:58/7:43:00, time_cost(all): 13:24:02/113:17:45, loss=1.635006308555603, d_time=0.25(0.25), f_time=1.51(1.81), b_time=1.76(2.07), lr=0.0014790935492140266
2026-03-09 03:44:25,701   INFO  Save latest model to /storage/project/r-gchou3-0/spanse30/MSF/output/cfgs/waymo_models/msf_8frames/default/ckpt/latest_model
2026-03-09 03:45:06,901   INFO  epoch: 0/6, acc_iter=23400, cur_iter=23399/36796, batch_size=4, time_cost(epoch): 13:25:43/7:41:17, time_cost(all): 13:25:47/113:16:12, loss=1.5991371870040894, d_time=0.25(0.25), f_time=1.34(1.81), b_time=1.58(2.07), lr=0.0014826424407093693
/bin/sh: line 1: gpustat: command not found
2026-03-09 03:45:07,157   INFO  
2026-03-09 03:46:50,844   INFO  epoch: 0/6, acc_iter=23450, cur_iter=23449/36796, batch_size=4, time_cost(epoch): 13:27:27/7:39:34, time_cost(all): 13:27:31/113:14:35, loss=1.6186413764953613, d_time=0.25(0.25), f_time=1.85(1.81), b_time=2.10(2.07), lr=0.0014861970821041844
2026-03-09 03:48:30,190   INFO  epoch: 0/6, acc_iter=23500, cur_iter=23499/36796, batch_size=4, time_cost(epoch): 13:29:06/7:37:49, time_cost(all): 13:29:10/113:12:18, loss=1.3992348909378052, d_time=0.25(0.25), f_time=1.23(1.81), b_time=1.48(2.07), lr=0.0014897574621520158
2026-03-09 03:49:25,034   INFO  Save latest model to /storage/project/r-gchou3-0/spanse30/MSF/output/cfgs/waymo_models/msf_8frames/default/ckpt/latest_model
2026-03-09 03:50:11,807   INFO  epoch: 0/6, acc_iter=23550, cur_iter=23549/36796, batch_size=4, time_cost(epoch): 13:30:48/7:36:04, time_cost(all): 13:30:52/113:10:21, loss=1.2680848836898804, d_time=0.25(0.25), f_time=1.64(1.81), b_time=1.89(2.07), lr=0.001493323569588252
/bin/sh: line 1: gpustat: command not found
2026-03-09 03:50:12,058   INFO  
2026-03-09 03:51:57,271   INFO  epoch: 0/6, acc_iter=23600, cur_iter=23599/36796, batch_size=4, time_cost(epoch): 13:32:33/7:34:22, time_cost(all): 13:32:37/113:08:56, loss=1.218198537826538, d_time=0.25(0.25), f_time=1.88(1.81), b_time=2.13(2.07), lr=0.0014968953931301602
2026-03-09 03:53:38,349   INFO  epoch: 0/6, acc_iter=23650, cur_iter=23649/36796, batch_size=4, time_cost(epoch): 13:34:14/7:32:38, time_cost(all): 13:34:18/113:06:54, loss=1.7110891342163086, d_time=0.25(0.25), f_time=1.40(1.81), b_time=1.65(2.07), lr=0.0015004729214769235
2026-03-09 03:54:25,484   INFO  Save latest model to /storage/project/r-gchou3-0/spanse30/MSF/output/cfgs/waymo_models/msf_8frames/default/ckpt/latest_model
2026-03-09 03:55:21,383   INFO  epoch: 0/6, acc_iter=23700, cur_iter=23699/36796, batch_size=4, time_cost(epoch): 13:35:57/7:30:54, time_cost(all): 13:36:01/113:05:09, loss=1.3030929565429688, d_time=0.25(0.25), f_time=1.76(1.81), b_time=2.01(2.07), lr=0.0015040561433096742
/bin/sh: line 1: gpustat: command not found
2026-03-09 03:55:21,636   INFO  
2026-03-09 03:57:07,346   INFO  epoch: 0/6, acc_iter=23750, cur_iter=23749/36796, batch_size=4, time_cost(epoch): 13:37:43/7:29:13, time_cost(all): 13:37:47/113:03:47, loss=1.4484808444976807, d_time=0.24(0.25), f_time=2.07(1.81), b_time=2.31(2.07), lr=0.001507645047291531
2026-03-09 03:58:51,993   INFO  epoch: 0/6, acc_iter=23800, cur_iter=23799/36796, batch_size=4, time_cost(epoch): 13:39:28/7:27:30, time_cost(all): 13:39:32/113:02:15, loss=1.2171883583068848, d_time=0.25(0.25), f_time=1.82(1.81), b_time=2.07(2.07), lr=0.0015112396220676389
2026-03-09 03:59:24,087   INFO  Save latest model to /storage/project/r-gchou3-0/spanse30/MSF/output/cfgs/waymo_models/msf_8frames/default/ckpt/latest_model
2026-03-09 04:00:35,060   INFO  epoch: 0/6, acc_iter=23850, cur_iter=23849/36796, batch_size=4, time_cost(epoch): 13:41:11/7:25:47, time_cost(all): 13:41:15/113:00:30, loss=1.3715018033981323, d_time=0.25(0.25), f_time=1.93(1.81), b_time=2.18(2.07), lr=0.0015148398562651955
/bin/sh: line 1: gpustat: command not found
2026-03-09 04:00:35,321   INFO  
2026-03-09 04:02:15,461   INFO  epoch: 0/6, acc_iter=23900, cur_iter=23899/36796, batch_size=4, time_cost(epoch): 13:42:52/7:24:02, time_cost(all): 13:42:55/112:58:23, loss=1.24385666847229, d_time=0.25(0.25), f_time=1.73(1.81), b_time=1.98(2.07), lr=0.0015184457384934966
2026-03-09 04:04:04,347   INFO  epoch: 0/6, acc_iter=23950, cur_iter=23949/36796, batch_size=4, time_cost(epoch): 13:44:40/7:22:22, time_cost(all): 13:44:44/112:57:26, loss=1.4104437828063965, d_time=0.25(0.25), f_time=1.96(1.81), b_time=2.21(2.07), lr=0.0015220572573439667
2026-03-09 04:04:24,898   INFO  Save latest model to /storage/project/r-gchou3-0/spanse30/MSF/output/cfgs/waymo_models/msf_8frames/default/ckpt/latest_model
2026-03-09 04:05:49,603   INFO  epoch: 0/6, acc_iter=24000, cur_iter=23999/36796, batch_size=4, time_cost(epoch): 13:46:26/7:20:39, time_cost(all): 13:46:29/112:55:59, loss=1.5311537981033325, d_time=0.25(0.25), f_time=1.80(1.81), b_time=2.05(2.07), lr=0.0015256744013901966
/bin/sh: line 1: gpustat: command not found
2026-03-09 04:05:49,849   INFO  
2026-03-09 04:07:33,692   INFO  epoch: 0/6, acc_iter=24050, cur_iter=24049/36796, batch_size=4, time_cost(epoch): 13:48:10/7:18:56, time_cost(all): 13:48:13/112:54:22, loss=1.4987709522247314, d_time=0.25(0.25), f_time=2.08(1.81), b_time=2.33(2.07), lr=0.0015292971591879803
2026-03-09 04:09:17,919   INFO  epoch: 0/6, acc_iter=24100, cur_iter=24099/36796, batch_size=4, time_cost(epoch): 13:49:54/7:17:14, time_cost(all): 13:49:58/112:52:46, loss=1.0777924060821533, d_time=0.25(0.25), f_time=1.52(1.81), b_time=1.77(2.07), lr=0.0015329255192753502
2026-03-09 04:09:24,090   INFO  Save latest model to /storage/project/r-gchou3-0/spanse30/MSF/output/cfgs/waymo_models/msf_8frames/default/ckpt/latest_model
2026-03-09 04:11:03,978   INFO  epoch: 0/6, acc_iter=24150, cur_iter=24149/36796, batch_size=4, time_cost(epoch): 13:51:40/7:15:32, time_cost(all): 13:51:44/112:51:25, loss=1.3042939901351929, d_time=0.25(0.25), f_time=2.09(1.81), b_time=2.34(2.07), lr=0.0015365594701726142
/bin/sh: line 1: gpustat: command not found
2026-03-09 04:11:04,225   INFO  
2026-03-09 04:12:48,665   INFO  epoch: 0/6, acc_iter=24200, cur_iter=24199/36796, batch_size=4, time_cost(epoch): 13:53:25/7:13:49, time_cost(all): 13:53:28/112:49:53, loss=1.433113932609558, d_time=0.27(0.25), f_time=2.36(1.81), b_time=2.63(2.07), lr=0.001540199000382392
2026-03-09 04:14:25,241   INFO  Save latest model to /storage/project/r-gchou3-0/spanse30/MSF/output/cfgs/waymo_models/msf_8frames/default/ckpt/latest_model
2026-03-09 04:14:32,241   INFO  epoch: 0/6, acc_iter=24250, cur_iter=24249/36796, batch_size=4, time_cost(epoch): 13:55:08/7:12:06, time_cost(all): 13:55:12/112:48:12, loss=1.699305772781372, d_time=0.25(0.25), f_time=2.28(1.81), b_time=2.53(2.07), lr=0.0015438440983896497
2026-03-09 04:16:14,916   INFO  epoch: 0/6, acc_iter=24300, cur_iter=24299/36796, batch_size=4, time_cost(epoch): 13:56:51/7:10:22, time_cost(all): 13:56:55/112:46:23, loss=1.1548657417297363, d_time=0.25(0.25), f_time=1.39(1.81), b_time=1.64(2.07), lr=0.0015474947526617367
/bin/sh: line 1: gpustat: command not found
2026-03-09 04:16:15,210   INFO  
2026-03-09 04:17:59,197   INFO  epoch: 0/6, acc_iter=24350, cur_iter=24349/36796, batch_size=4, time_cost(epoch): 13:58:35/7:08:39, time_cost(all): 13:58:39/112:44:48, loss=1.7008538246154785, d_time=0.25(0.25), f_time=2.37(1.81), b_time=2.62(2.07), lr=0.0015511509516484261
2026-03-09 04:19:24,338   INFO  Save latest model to /storage/project/r-gchou3-0/spanse30/MSF/output/cfgs/waymo_models/msf_8frames/default/ckpt/latest_model
2026-03-09 04:19:44,456   INFO  epoch: 0/6, acc_iter=24400, cur_iter=24399/36796, batch_size=4, time_cost(epoch): 14:00:21/7:06:57, time_cost(all): 14:00:24/112:43:20, loss=1.554291009902954, d_time=0.25(0.25), f_time=2.01(1.81), b_time=2.26(2.07), lr=0.001554812683781947
2026-03-09 04:21:26,626   INFO  epoch: 0/6, acc_iter=24450, cur_iter=24449/36796, batch_size=4, time_cost(epoch): 14:02:03/7:05:13, time_cost(all): 14:02:06/112:41:27, loss=1.5958131551742554, d_time=0.25(0.25), f_time=2.31(1.81), b_time=2.56(2.07), lr=0.0015584799374770203
/bin/sh: line 1: gpustat: command not found
2026-03-09 04:21:26,895   INFO  
2026-03-09 04:23:10,034   INFO  epoch: 0/6, acc_iter=24500, cur_iter=24499/36796, batch_size=4, time_cost(epoch): 14:03:46/7:03:30, time_cost(all): 14:03:50/112:39:45, loss=1.2736517190933228, d_time=0.25(0.25), f_time=1.39(1.81), b_time=1.64(2.07), lr=0.0015621527011309005
2026-03-09 04:24:24,397   INFO  Save latest model to /storage/project/r-gchou3-0/spanse30/MSF/output/cfgs/waymo_models/msf_8frames/default/ckpt/latest_model
2026-03-09 04:24:52,229   INFO  epoch: 0/6, acc_iter=24550, cur_iter=24549/36796, batch_size=4, time_cost(epoch): 14:05:28/7:01:46, time_cost(all): 14:05:32/112:37:52, loss=1.6580867767333984, d_time=0.25(0.25), f_time=1.78(1.81), b_time=2.03(2.07), lr=0.0015658309631234064
2026-03-09 04:26:34,209   INFO  epoch: 0/6, acc_iter=24600, cur_iter=24599/36796, batch_size=4, time_cost(epoch): 14:07:10/7:00:02, time_cost(all): 14:07:14/112:35:58, loss=1.2936797142028809, d_time=0.25(0.25), f_time=1.73(1.81), b_time=1.98(2.07), lr=0.0015695147118169632
/bin/sh: line 1: gpustat: command not found
2026-03-09 04:26:34,501   INFO  
2026-03-09 04:28:21,012   INFO  epoch: 0/6, acc_iter=24650, cur_iter=24649/36796, batch_size=4, time_cost(epoch): 14:08:57/6:58:20, time_cost(all): 14:09:01/112:34:43, loss=1.1603031158447266, d_time=0.24(0.25), f_time=1.34(1.81), b_time=1.59(2.07), lr=0.0015732039355566343
2026-03-09 04:29:24,142   INFO  Save latest model to /storage/project/r-gchou3-0/spanse30/MSF/output/cfgs/waymo_models/msf_8frames/default/ckpt/latest_model
2026-03-09 04:30:03,200   INFO  epoch: 0/6, acc_iter=24700, cur_iter=24699/36796, batch_size=4, time_cost(epoch): 14:10:39/6:56:37, time_cost(all): 14:10:43/112:32:50, loss=1.4615888595581055, d_time=0.25(0.25), f_time=1.60(1.81), b_time=1.85(2.07), lr=0.0015768986226701639
2026-03-09 04:31:44,652   INFO  epoch: 0/6, acc_iter=24750, cur_iter=24749/36796, batch_size=4, time_cost(epoch): 14:12:21/6:54:52, time_cost(all): 14:12:24/112:30:52, loss=1.523159384727478, d_time=0.25(0.25), f_time=2.40(1.81), b_time=2.65(2.07), lr=0.0015805987614680075
/bin/sh: line 1: gpustat: command not found
2026-03-09 04:31:44,894   INFO  
2026-03-09 04:33:26,812   INFO  epoch: 0/6, acc_iter=24800, cur_iter=24799/36796, batch_size=4, time_cost(epoch): 14:14:03/6:53:08, time_cost(all): 14:14:07/112:29:00, loss=1.0896992683410645, d_time=0.25(0.25), f_time=1.62(1.81), b_time=1.87(2.07), lr=0.0015843043402433733
2026-03-09 04:34:24,060   INFO  Save latest model to /storage/project/r-gchou3-0/spanse30/MSF/output/cfgs/waymo_models/msf_8frames/default/ckpt/latest_model
2026-03-09 04:35:11,154   INFO  epoch: 0/6, acc_iter=24850, cur_iter=24849/36796, batch_size=4, time_cost(epoch): 14:15:47/6:51:26, time_cost(all): 14:15:51/112:27:25, loss=1.6574647426605225, d_time=0.22(0.25), f_time=1.53(1.81), b_time=1.74(2.07), lr=0.0015880153472722595
2026-03-09 04:36:55,514   INFO  epoch: 0/6, acc_iter=24900, cur_iter=24899/36796, batch_size=4, time_cost(epoch): 14:17:32/6:49:43, time_cost(all): 14:17:35/112:25:50, loss=1.3268097639083862, d_time=0.25(0.25), f_time=1.96(1.81), b_time=2.21(2.07), lr=0.0015917317708134876
/bin/sh: line 1: gpustat: command not found
2026-03-09 04:36:55,765   INFO  
2026-03-09 04:38:37,647   INFO  epoch: 0/6, acc_iter=24950, cur_iter=24949/36796, batch_size=4, time_cost(epoch): 14:19:14/6:47:59, time_cost(all): 14:19:17/112:23:57, loss=1.5628505945205688, d_time=0.25(0.25), f_time=2.17(1.81), b_time=2.41(2.07), lr=0.0015954535991087445
2026-03-09 04:39:23,956   INFO  Save latest model to /storage/project/r-gchou3-0/spanse30/MSF/output/cfgs/waymo_models/msf_8frames/default/ckpt/latest_model
2026-03-09 04:40:22,292   INFO  epoch: 0/6, acc_iter=25000, cur_iter=24999/36796, batch_size=4, time_cost(epoch): 14:20:58/6:46:16, time_cost(all): 14:21:02/112:22:24, loss=1.3315954208374023, d_time=0.27(0.25), f_time=1.90(1.81), b_time=2.17(2.07), lr=0.0015991808203826147
2026-03-09 04:42:04,007   INFO  epoch: 0/6, acc_iter=25050, cur_iter=25049/36796, batch_size=4, time_cost(epoch): 14:22:40/6:44:32, time_cost(all): 14:22:44/112:20:28, loss=1.227311611175537, d_time=0.25(0.25), f_time=1.36(1.81), b_time=1.61(2.07), lr=0.0016029134228426204
/bin/sh: line 1: gpustat: command not found
2026-03-09 04:42:04,261   INFO  
2026-03-09 04:43:47,316   INFO  epoch: 0/6, acc_iter=25100, cur_iter=25099/36796, batch_size=4, time_cost(epoch): 14:24:23/6:42:49, time_cost(all): 14:24:27/112:18:45, loss=1.5543104410171509, d_time=0.25(0.25), f_time=2.15(1.81), b_time=2.40(2.07), lr=0.0016066513946792604
2026-03-09 04:44:24,729   INFO  Save latest model to /storage/project/r-gchou3-0/spanse30/MSF/output/cfgs/waymo_models/msf_8frames/default/ckpt/latest_model
2026-03-09 04:45:31,989   INFO  epoch: 0/6, acc_iter=25150, cur_iter=25149/36796, batch_size=4, time_cost(epoch): 14:26:08/6:41:06, time_cost(all): 14:26:12/112:17:12, loss=0.9908932447433472, d_time=0.24(0.25), f_time=1.44(1.81), b_time=1.68(2.07), lr=0.0016103947240660435
2026-03-09 04:47:14,612   INFO  epoch: 0/6, acc_iter=25200, cur_iter=25199/36796, batch_size=4, time_cost(epoch): 14:27:51/6:39:23, time_cost(all): 14:27:54/112:15:23, loss=1.385247826576233, d_time=0.25(0.25), f_time=1.99(1.81), b_time=2.23(2.07), lr=0.0016141433991595285
/bin/sh: line 1: gpustat: command not found
2026-03-09 04:47:14,895   INFO  
2026-03-09 04:48:52,961   INFO  epoch: 0/6, acc_iter=25250, cur_iter=25249/36796, batch_size=4, time_cost(epoch): 14:29:29/6:37:37, time_cost(all): 14:29:33/112:13:02, loss=1.3295128345489502, d_time=0.27(0.25), f_time=0.65(1.81), b_time=0.92(2.07), lr=0.001617897408099359
2026-03-09 04:49:24,347   INFO  Save latest model to /storage/project/r-gchou3-0/spanse30/MSF/output/cfgs/waymo_models/msf_8frames/default/ckpt/latest_model
2026-03-09 04:50:36,476   INFO  epoch: 0/6, acc_iter=25300, cur_iter=25299/36796, batch_size=4, time_cost(epoch): 14:31:13/6:35:54, time_cost(all): 14:31:16/112:11:20, loss=1.322493314743042, d_time=0.25(0.25), f_time=1.71(1.81), b_time=1.96(2.07), lr=0.0016216567390083076
2026-03-09 04:52:17,445   INFO  epoch: 0/6, acc_iter=25350, cur_iter=25349/36796, batch_size=4, time_cost(epoch): 14:32:54/6:34:09, time_cost(all): 14:32:57/112:09:19, loss=1.2708392143249512, d_time=0.25(0.25), f_time=2.13(1.81), b_time=2.38(2.07), lr=0.0016254213799923051
/bin/sh: line 1: gpustat: command not found
2026-03-09 04:52:17,691   INFO  
2026-03-09 04:54:02,927   INFO  epoch: 0/6, acc_iter=25400, cur_iter=25399/36796, batch_size=4, time_cost(epoch): 14:34:39/6:32:27, time_cost(all): 14:34:43/112:07:52, loss=1.6421728134155273, d_time=0.24(0.25), f_time=1.82(1.81), b_time=2.07(2.07), lr=0.0016291913191404826
2026-03-09 04:54:24,988   INFO  Save latest model to /storage/project/r-gchou3-0/spanse30/MSF/output/cfgs/waymo_models/msf_8frames/default/ckpt/latest_model
2026-03-09 04:55:42,902   INFO  epoch: 0/6, acc_iter=25450, cur_iter=25449/36796, batch_size=4, time_cost(epoch): 14:36:19/6:30:42, time_cost(all): 14:36:23/112:05:43, loss=1.7275469303131104, d_time=0.25(0.25), f_time=2.43(1.81), b_time=2.68(2.07), lr=0.0016329665445252075
2026-03-09 04:57:27,807   INFO  epoch: 0/6, acc_iter=25500, cur_iter=25499/36796, batch_size=4, time_cost(epoch): 14:38:04/6:29:00, time_cost(all): 14:38:08/112:04:12, loss=1.3139853477478027, d_time=0.25(0.25), f_time=1.88(1.81), b_time=2.13(2.07), lr=0.0016367470442021255
/bin/sh: line 1: gpustat: command not found
2026-03-09 04:57:28,056   INFO  
2026-03-09 04:59:08,740   INFO  epoch: 0/6, acc_iter=25550, cur_iter=25549/36796, batch_size=4, time_cost(epoch): 14:39:45/6:27:15, time_cost(all): 14:39:49/112:02:11, loss=1.3196346759796143, d_time=0.25(0.25), f_time=1.42(1.81), b_time=1.67(2.07), lr=0.0016405328062101916
2026-03-09 04:59:24,627   INFO  Save latest model to /storage/project/r-gchou3-0/spanse30/MSF/output/cfgs/waymo_models/msf_8frames/default/ckpt/latest_model
2026-03-09 05:00:52,093   INFO  epoch: 0/6, acc_iter=25600, cur_iter=25599/36796, batch_size=4, time_cost(epoch): 14:41:28/6:25:32, time_cost(all): 14:41:32/112:00:28, loss=1.4286119937896729, d_time=0.29(0.25), f_time=1.72(1.81), b_time=2.01(2.07), lr=0.0016443238185717135
2026-03-09 05:02:34,217   INFO  epoch: 0/6, acc_iter=25650, cur_iter=25649/36796, batch_size=4, time_cost(epoch): 14:43:10/6:23:48, time_cost(all): 14:43:14/111:58:36, loss=1.2643048763275146, d_time=0.25(0.25), f_time=2.68(1.81), b_time=2.93(2.07), lr=0.0016481200692923864
/bin/sh: line 1: gpustat: command not found
2026-03-09 05:02:34,481   INFO  
2026-03-09 05:04:20,197   INFO  epoch: 0/6, acc_iter=25700, cur_iter=25699/36796, batch_size=4, time_cost(epoch): 14:44:56/6:22:06, time_cost(all): 14:45:00/111:57:13, loss=0.9903579950332642, d_time=0.25(0.25), f_time=1.31(1.81), b_time=1.56(2.07), lr=0.0016519215463613318
2026-03-09 05:04:24,575   INFO  Save latest model to /storage/project/r-gchou3-0/spanse30/MSF/output/cfgs/waymo_models/msf_8frames/default/ckpt/latest_model
2026-03-09 05:06:06,754   INFO  epoch: 0/6, acc_iter=25750, cur_iter=25749/36796, batch_size=4, time_cost(epoch): 14:46:43/6:20:24, time_cost(all): 14:46:47/111:55:54, loss=1.4757591485977173, d_time=0.25(0.25), f_time=1.76(1.81), b_time=2.01(2.07), lr=0.001655728237751136
2026-03-09 05:07:48,624   INFO  epoch: 0/6, acc_iter=25800, cur_iter=25799/36796, batch_size=4, time_cost(epoch): 14:48:25/6:18:40, time_cost(all): 14:48:28/111:54:00, loss=1.748782992362976, d_time=0.25(0.25), f_time=2.83(1.81), b_time=3.08(2.07), lr=0.0016595401314178897
/bin/sh: line 1: gpustat: command not found
2026-03-09 05:07:48,884   INFO  
2026-03-09 05:09:23,847   INFO  Save latest model to /storage/project/r-gchou3-0/spanse30/MSF/output/cfgs/waymo_models/msf_8frames/default/ckpt/latest_model
2026-03-09 05:09:32,659   INFO  epoch: 0/6, acc_iter=25850, cur_iter=25849/36796, batch_size=4, time_cost(epoch): 14:50:09/6:16:57, time_cost(all): 14:50:12/111:52:22, loss=1.403571367263794, d_time=0.24(0.25), f_time=2.20(1.81), b_time=2.45(2.07), lr=0.0016633572153012212
2026-03-09 05:11:14,597   INFO  epoch: 0/6, acc_iter=25900, cur_iter=25899/36796, batch_size=4, time_cost(epoch): 14:51:51/6:15:13, time_cost(all): 14:51:54/111:50:29, loss=1.342985987663269, d_time=0.24(0.25), f_time=1.04(1.81), b_time=1.28(2.07), lr=0.0016671794773243376
2026-03-09 05:13:01,960   INFO  epoch: 0/6, acc_iter=25950, cur_iter=25949/36796, batch_size=4, time_cost(epoch): 14:53:38/6:13:32, time_cost(all): 14:53:42/111:49:16, loss=1.403982400894165, d_time=0.25(0.25), f_time=2.34(1.81), b_time=2.59(2.07), lr=0.0016710069053940662
/bin/sh: line 1: gpustat: command not found
2026-03-09 05:13:02,207   INFO  
2026-03-09 05:14:25,179   INFO  Save latest model to /storage/project/r-gchou3-0/spanse30/MSF/output/cfgs/waymo_models/msf_8frames/default/ckpt/latest_model
2026-03-09 05:14:46,147   INFO  epoch: 0/6, acc_iter=26000, cur_iter=25999/36796, batch_size=4, time_cost(epoch): 14:55:22/6:11:49, time_cost(all): 14:55:26/111:47:39, loss=1.0265285968780518, d_time=0.25(0.25), f_time=1.80(1.81), b_time=2.04(2.07), lr=0.001674839487400887
2026-03-09 05:16:26,261   INFO  epoch: 0/6, acc_iter=26050, cur_iter=26049/36796, batch_size=4, time_cost(epoch): 14:57:02/6:10:04, time_cost(all): 14:57:06/111:45:32, loss=1.6672420501708984, d_time=0.25(0.25), f_time=2.05(1.81), b_time=2.30(2.07), lr=0.0016786772112189737
2026-03-09 05:18:09,930   INFO  epoch: 0/6, acc_iter=26100, cur_iter=26099/36796, batch_size=4, time_cost(epoch): 14:58:46/6:08:21, time_cost(all): 14:58:50/111:43:51, loss=1.1664756536483765, d_time=0.25(0.25), f_time=1.27(1.81), b_time=1.52(2.07), lr=0.0016825200647062341
/bin/sh: line 1: gpustat: command not found
2026-03-09 05:18:10,258   INFO  
2026-03-09 05:19:24,234   INFO  Save latest model to /storage/project/r-gchou3-0/spanse30/MSF/output/cfgs/waymo_models/msf_8frames/default/ckpt/latest_model
2026-03-09 05:19:54,486   INFO  epoch: 0/6, acc_iter=26150, cur_iter=26149/36796, batch_size=4, time_cost(epoch): 15:00:31/6:06:38, time_cost(all): 15:00:34/111:42:17, loss=1.2546298503875732, d_time=0.25(0.25), f_time=1.90(1.81), b_time=2.15(2.07), lr=0.001686368035704342
2026-03-09 05:21:33,659   INFO  epoch: 0/6, acc_iter=26200, cur_iter=26199/36796, batch_size=4, time_cost(epoch): 15:02:10/6:04:53, time_cost(all): 15:02:13/111:40:03, loss=1.64040207862854, d_time=0.25(0.25), f_time=2.14(1.81), b_time=2.39(2.07), lr=0.0016902211120387832
2026-03-09 05:23:16,176   INFO  epoch: 0/6, acc_iter=26250, cur_iter=26249/36796, batch_size=4, time_cost(epoch): 15:03:52/6:03:10, time_cost(all): 15:03:56/111:38:14, loss=1.4394558668136597, d_time=0.25(0.25), f_time=1.84(1.81), b_time=2.09(2.07), lr=0.0016940792815188918
/bin/sh: line 1: gpustat: command not found
2026-03-09 05:23:16,432   INFO  
2026-03-09 05:24:26,387   INFO  Save latest model to /storage/project/r-gchou3-0/spanse30/MSF/output/cfgs/waymo_models/msf_8frames/default/ckpt/latest_model
2026-03-09 05:24:59,362   INFO  epoch: 0/6, acc_iter=26300, cur_iter=26299/36796, batch_size=4, time_cost(epoch): 15:05:35/6:01:26, time_cost(all): 15:05:39/111:36:30, loss=1.5016950368881226, d_time=0.25(0.25), f_time=2.00(1.81), b_time=2.25(2.07), lr=0.0016979425319378861
2026-03-09 05:26:41,893   INFO  epoch: 0/6, acc_iter=26350, cur_iter=26349/36796, batch_size=4, time_cost(epoch): 15:07:18/5:59:43, time_cost(all): 15:07:22/111:34:41, loss=1.5517104864120483, d_time=0.25(0.25), f_time=1.57(1.81), b_time=1.82(2.07), lr=0.0017018108510729081
2026-03-09 05:28:22,345   INFO  epoch: 0/6, acc_iter=26400, cur_iter=26399/36796, batch_size=4, time_cost(epoch): 15:08:58/5:57:58, time_cost(all): 15:09:02/111:32:37, loss=1.958803415298462, d_time=0.25(0.25), f_time=1.86(1.81), b_time=2.11(2.07), lr=0.0017056842266850647
/bin/sh: line 1: gpustat: command not found
2026-03-09 05:28:22,599   INFO  
2026-03-09 05:29:24,951   INFO  Save latest model to /storage/project/r-gchou3-0/spanse30/MSF/output/cfgs/waymo_models/msf_8frames/default/ckpt/latest_model
2026-03-09 05:30:04,207   INFO  epoch: 0/6, acc_iter=26450, cur_iter=26449/36796, batch_size=4, time_cost(epoch): 15:10:40/5:56:14, time_cost(all): 15:10:44/111:30:43, loss=1.1252145767211914, d_time=0.25(0.25), f_time=1.75(1.81), b_time=2.00(2.07), lr=0.0017095626465194634
2026-03-09 05:31:49,380   INFO  epoch: 0/6, acc_iter=26500, cur_iter=26499/36796, batch_size=4, time_cost(epoch): 15:12:25/5:54:32, time_cost(all): 15:12:29/111:29:13, loss=1.5166831016540527, d_time=0.25(0.25), f_time=2.21(1.81), b_time=2.46(2.07), lr=0.0017134460983052532
2026-03-09 05:33:32,061   INFO  epoch: 0/6, acc_iter=26550, cur_iter=26549/36796, batch_size=4, time_cost(epoch): 15:14:08/5:52:48, time_cost(all): 15:14:12/111:27:26, loss=1.1333438158035278, d_time=0.25(0.25), f_time=1.23(1.81), b_time=1.48(2.07), lr=0.0017173345697556628
/bin/sh: line 1: gpustat: command not found
2026-03-09 05:33:32,325   INFO  
2026-03-09 05:34:23,936   INFO  Save latest model to /storage/project/r-gchou3-0/spanse30/MSF/output/cfgs/waymo_models/msf_8frames/default/ckpt/latest_model
2026-03-09 05:35:12,678   INFO  epoch: 0/6, acc_iter=26600, cur_iter=26599/36796, batch_size=4, time_cost(epoch): 15:15:49/5:51:04, time_cost(all): 15:15:52/111:25:23, loss=1.630915641784668, d_time=0.25(0.25), f_time=2.58(1.81), b_time=2.83(2.07), lr=0.0017212280485680385
2026-03-09 05:36:57,958   INFO  epoch: 0/6, acc_iter=26650, cur_iter=26649/36796, batch_size=4, time_cost(epoch): 15:17:34/5:49:22, time_cost(all): 15:17:38/111:23:54, loss=1.3496942520141602, d_time=0.25(0.25), f_time=2.02(1.81), b_time=2.27(2.07), lr=0.001725126522423885
2026-03-09 05:38:40,162   INFO  epoch: 0/6, acc_iter=26700, cur_iter=26699/36796, batch_size=4, time_cost(epoch): 15:19:16/5:47:38, time_cost(all): 15:19:20/111:22:03, loss=1.3667722940444946, d_time=0.25(0.25), f_time=1.58(1.81), b_time=1.83(2.07), lr=0.001729029978988902
/bin/sh: line 1: gpustat: command not found
2026-03-09 05:38:40,415   INFO  
2026-03-09 05:39:25,298   INFO  Save latest model to /storage/project/r-gchou3-0/spanse30/MSF/output/cfgs/waymo_models/msf_8frames/default/ckpt/latest_model
2026-03-09 05:40:22,495   INFO  epoch: 0/6, acc_iter=26750, cur_iter=26749/36796, batch_size=4, time_cost(epoch): 15:20:59/5:45:54, time_cost(all): 15:21:02/111:20:13, loss=1.3288440704345703, d_time=0.25(0.25), f_time=2.12(1.81), b_time=2.36(2.07), lr=0.0017329384059130253
2026-03-09 05:42:06,357   INFO  epoch: 0/6, acc_iter=26800, cur_iter=26799/36796, batch_size=4, time_cost(epoch): 15:22:42/5:44:11, time_cost(all): 15:22:46/111:18:33, loss=1.515639305114746, d_time=0.25(0.25), f_time=1.86(1.81), b_time=2.11(2.07), lr=0.0017368517908304655
2026-03-09 05:43:49,196   INFO  epoch: 0/6, acc_iter=26850, cur_iter=26849/36796, batch_size=4, time_cost(epoch): 15:24:25/5:42:28, time_cost(all): 15:24:29/111:16:47, loss=1.0102601051330566, d_time=0.25(0.25), f_time=1.39(1.81), b_time=1.64(2.07), lr=0.0017407701213597443
/bin/sh: line 1: gpustat: command not found
2026-03-09 05:43:49,516   INFO  
2026-03-09 05:44:24,045   INFO  Save latest model to /storage/project/r-gchou3-0/spanse30/MSF/output/cfgs/waymo_models/msf_8frames/default/ckpt/latest_model
2026-03-09 05:45:37,078   INFO  epoch: 0/6, acc_iter=26900, cur_iter=26899/36796, batch_size=4, time_cost(epoch): 15:26:13/5:40:46, time_cost(all): 15:26:17/111:15:37, loss=1.5720666646957397, d_time=0.25(0.25), f_time=2.22(1.81), b_time=2.47(2.07), lr=0.0017446933851037391
2026-03-09 05:47:16,711   INFO  epoch: 0/6, acc_iter=26950, cur_iter=26949/36796, batch_size=4, time_cost(epoch): 15:27:53/5:39:01, time_cost(all): 15:27:57/111:13:27, loss=1.3951442241668701, d_time=0.25(0.25), f_time=1.86(1.81), b_time=2.11(2.07), lr=0.0017486215696497194
2026-03-09 05:49:00,289   INFO  epoch: 0/6, acc_iter=27000, cur_iter=26999/36796, batch_size=4, time_cost(epoch): 15:29:36/5:37:18, time_cost(all): 15:29:40/111:11:46, loss=1.2235894203186035, d_time=0.25(0.25), f_time=1.42(1.81), b_time=1.67(2.07), lr=0.001752554662569382
/bin/sh: line 1: gpustat: command not found
2026-03-09 05:49:00,548   INFO  
2026-03-09 05:49:25,686   INFO  Save latest model to /storage/project/r-gchou3-0/spanse30/MSF/output/cfgs/waymo_models/msf_8frames/default/ckpt/latest_model
2026-03-09 05:50:43,524   INFO  epoch: 0/6, acc_iter=27050, cur_iter=27049/36796, batch_size=4, time_cost(epoch): 15:31:20/5:35:35, time_cost(all): 15:31:23/111:10:02, loss=1.519845724105835, d_time=0.25(0.25), f_time=2.26(1.81), b_time=2.50(2.07), lr=0.001756492651418899
2026-03-09 05:52:25,095   INFO  epoch: 0/6, acc_iter=27100, cur_iter=27099/36796, batch_size=4, time_cost(epoch): 15:33:01/5:33:51, time_cost(all): 15:33:05/111:08:07, loss=1.1810636520385742, d_time=0.25(0.25), f_time=1.70(1.81), b_time=1.95(2.07), lr=0.0017604355237389475
2026-03-09 05:54:10,614   INFO  epoch: 0/6, acc_iter=27150, cur_iter=27149/36796, batch_size=4, time_cost(epoch): 15:34:47/5:32:09, time_cost(all): 15:34:50/111:06:39, loss=1.347670316696167, d_time=0.28(0.25), f_time=1.70(1.81), b_time=1.98(2.07), lr=0.001764383267054759
/bin/sh: line 1: gpustat: command not found
2026-03-09 05:54:10,870   INFO  
2026-03-09 05:54:24,564   INFO  Save latest model to /storage/project/r-gchou3-0/spanse30/MSF/output/cfgs/waymo_models/msf_8frames/default/ckpt/latest_model
2026-03-09 05:55:54,068   INFO  epoch: 0/6, acc_iter=27200, cur_iter=27199/36796, batch_size=4, time_cost(epoch): 15:36:30/5:30:25, time_cost(all): 15:36:34/111:04:57, loss=1.384813666343689, d_time=0.25(0.25), f_time=1.73(1.81), b_time=1.98(2.07), lr=0.0017683358688761492
2026-03-09 05:57:35,790   INFO  epoch: 0/6, acc_iter=27250, cur_iter=27249/36796, batch_size=4, time_cost(epoch): 15:38:12/5:28:41, time_cost(all): 15:38:16/111:03:03, loss=1.5349090099334717, d_time=0.25(0.25), f_time=2.43(1.81), b_time=2.67(2.07), lr=0.0017722933166975643
2026-03-09 05:59:19,572   INFO  epoch: 0/6, acc_iter=27300, cur_iter=27299/36796, batch_size=4, time_cost(epoch): 15:39:56/5:26:58, time_cost(all): 15:39:59/111:01:23, loss=1.676554799079895, d_time=0.25(0.25), f_time=1.73(1.81), b_time=1.98(2.07), lr=0.0017762555979981198
/bin/sh: line 1: gpustat: command not found
2026-03-09 05:59:19,824   INFO  
2026-03-09 05:59:23,899   INFO  Save latest model to /storage/project/r-gchou3-0/spanse30/MSF/output/cfgs/waymo_models/msf_8frames/default/ckpt/latest_model
2026-03-09 06:01:01,627   INFO  epoch: 0/6, acc_iter=27350, cur_iter=27349/36796, batch_size=4, time_cost(epoch): 15:41:38/5:25:15, time_cost(all): 15:41:41/110:59:31, loss=1.4479241371154785, d_time=0.26(0.25), f_time=1.76(1.81), b_time=2.02(2.07), lr=0.001780222700241636
2026-03-09 06:02:43,111   INFO  epoch: 0/6, acc_iter=27400, cur_iter=27399/36796, batch_size=4, time_cost(epoch): 15:43:19/5:23:31, time_cost(all): 15:43:23/110:57:35, loss=1.084322452545166, d_time=0.25(0.25), f_time=1.34(1.81), b_time=1.59(2.07), lr=0.001784194610876681
2026-03-09 06:04:25,480   INFO  Save latest model to /storage/project/r-gchou3-0/spanse30/MSF/output/cfgs/waymo_models/msf_8frames/default/ckpt/latest_model
2026-03-09 06:04:29,852   INFO  epoch: 0/6, acc_iter=27450, cur_iter=27449/36796, batch_size=4, time_cost(epoch): 15:45:06/5:21:49, time_cost(all): 15:45:10/110:56:16, loss=1.5669090747833252, d_time=0.25(0.25), f_time=1.90(1.81), b_time=2.15(2.07), lr=0.0017881713173366108
/bin/sh: line 1: gpustat: command not found
2026-03-09 06:04:30,115   INFO  
2026-03-09 06:06:13,305   INFO  epoch: 0/6, acc_iter=27500, cur_iter=27499/36796, batch_size=4, time_cost(epoch): 15:46:49/5:20:05, time_cost(all): 15:46:53/110:54:34, loss=0.8941056132316589, d_time=0.25(0.25), f_time=1.27(1.81), b_time=1.52(2.07), lr=0.0017921528070396061
2026-03-09 06:07:59,558   INFO  epoch: 0/6, acc_iter=27550, cur_iter=27549/36796, batch_size=4, time_cost(epoch): 15:48:36/5:18:23, time_cost(all): 15:48:39/110:53:11, loss=1.5907986164093018, d_time=0.25(0.25), f_time=2.66(1.81), b_time=2.91(2.07), lr=0.0017961390673887157
2026-03-09 06:09:24,608   INFO  Save latest model to /storage/project/r-gchou3-0/spanse30/MSF/output/cfgs/waymo_models/msf_8frames/default/ckpt/latest_model
2026-03-09 06:09:41,188   INFO  epoch: 0/6, acc_iter=27600, cur_iter=27599/36796, batch_size=4, time_cost(epoch): 15:50:17/5:16:39, time_cost(all): 15:50:21/110:51:16, loss=1.0536770820617676, d_time=0.25(0.25), f_time=1.54(1.81), b_time=1.79(2.07), lr=0.0018001300857718935
/bin/sh: line 1: gpustat: command not found
2026-03-09 06:09:41,446   INFO  
2026-03-09 06:11:25,665   INFO  epoch: 0/6, acc_iter=27650, cur_iter=27649/36796, batch_size=4, time_cost(epoch): 15:52:02/5:14:56, time_cost(all): 15:52:05/110:49:41, loss=1.187888503074646, d_time=0.25(0.25), f_time=1.66(1.81), b_time=1.91(2.07), lr=0.0018041258495620415
2026-03-09 06:13:10,982   INFO  epoch: 0/6, acc_iter=27700, cur_iter=27699/36796, batch_size=4, time_cost(epoch): 15:53:47/5:13:14, time_cost(all): 15:53:51/110:48:12, loss=1.5172607898712158, d_time=0.25(0.25), f_time=2.28(1.81), b_time=2.53(2.07), lr=0.001808126346117045
2026-03-09 06:14:23,989   INFO  Save latest model to /storage/project/r-gchou3-0/spanse30/MSF/output/cfgs/waymo_models/msf_8frames/default/ckpt/latest_model
2026-03-09 06:14:52,070   INFO  epoch: 0/6, acc_iter=27750, cur_iter=27749/36796, batch_size=4, time_cost(epoch): 15:55:28/5:11:30, time_cost(all): 15:55:32/110:46:13, loss=1.462883472442627, d_time=0.24(0.25), f_time=1.73(1.81), b_time=1.97(2.07), lr=0.0018121315627798182
/bin/sh: line 1: gpustat: command not found
2026-03-09 06:14:52,326   INFO  
2026-03-09 06:16:36,408   INFO  epoch: 0/6, acc_iter=27800, cur_iter=27799/36796, batch_size=4, time_cost(epoch): 15:57:12/5:09:47, time_cost(all): 15:57:16/110:44:37, loss=1.6321001052856445, d_time=0.25(0.25), f_time=2.19(1.81), b_time=2.43(2.07), lr=0.0018161414868783391
2026-03-09 06:18:22,546   INFO  epoch: 0/6, acc_iter=27850, cur_iter=27849/36796, batch_size=4, time_cost(epoch): 15:58:59/5:08:04, time_cost(all): 15:59:02/110:43:14, loss=1.4356852769851685, d_time=0.25(0.25), f_time=1.80(1.81), b_time=2.05(2.07), lr=0.0018201561057256937
2026-03-09 06:19:24,068   INFO  Save latest model to /storage/project/r-gchou3-0/spanse30/MSF/output/cfgs/waymo_models/msf_8frames/default/ckpt/latest_model
2026-03-09 06:20:04,599   INFO  epoch: 0/6, acc_iter=27900, cur_iter=27899/36796, batch_size=4, time_cost(epoch): 16:00:41/5:06:21, time_cost(all): 16:00:44/110:41:22, loss=1.4197657108306885, d_time=0.25(0.25), f_time=1.69(1.81), b_time=1.94(2.07), lr=0.0018241754066201134
/bin/sh: line 1: gpustat: command not found
2026-03-09 06:20:04,859   INFO  
2026-03-09 06:21:48,366   INFO  epoch: 0/6, acc_iter=27950, cur_iter=27949/36796, batch_size=4, time_cost(epoch): 16:02:24/5:04:37, time_cost(all): 16:02:28/110:39:42, loss=1.4267032146453857, d_time=0.25(0.25), f_time=1.31(1.81), b_time=1.56(2.07), lr=0.0018281993768450152
2026-03-09 06:23:32,710   INFO  epoch: 0/6, acc_iter=28000, cur_iter=27999/36796, batch_size=4, time_cost(epoch): 16:04:09/5:02:55, time_cost(all): 16:04:13/110:38:06, loss=1.3980604410171509, d_time=0.25(0.25), f_time=2.09(1.81), b_time=2.34(2.07), lr=0.001832228003669045
2026-03-09 06:24:25,080   INFO  Save latest model to /storage/project/r-gchou3-0/spanse30/MSF/output/cfgs/waymo_models/msf_8frames/default/ckpt/latest_model
2026-03-09 06:25:13,800   INFO  epoch: 0/6, acc_iter=28050, cur_iter=28049/36796, batch_size=4, time_cost(epoch): 16:05:50/5:01:11, time_cost(all): 16:05:54/110:36:07, loss=1.2958848476409912, d_time=0.25(0.25), f_time=1.88(1.81), b_time=2.13(2.07), lr=0.001836261274346114
/bin/sh: line 1: gpustat: command not found
2026-03-09 06:25:14,055   INFO  
2026-03-09 06:26:59,028   INFO  epoch: 0/6, acc_iter=28100, cur_iter=28099/36796, batch_size=4, time_cost(epoch): 16:07:35/4:59:28, time_cost(all): 16:07:39/110:34:37, loss=1.2484831809997559, d_time=0.25(0.25), f_time=1.50(1.81), b_time=1.75(2.07), lr=0.0018402991761154444
2026-03-09 06:28:44,063   INFO  epoch: 0/6, acc_iter=28150, cur_iter=28149/36796, batch_size=4, time_cost(epoch): 16:09:20/4:57:45, time_cost(all): 16:09:24/110:33:06, loss=1.337737798690796, d_time=0.25(0.25), f_time=1.90(1.81), b_time=2.15(2.07), lr=0.0018443416962016
2026-03-09 06:29:25,222   INFO  Save latest model to /storage/project/r-gchou3-0/spanse30/MSF/output/cfgs/waymo_models/msf_8frames/default/ckpt/latest_model
2026-03-09 06:30:26,920   INFO  epoch: 0/6, acc_iter=28200, cur_iter=28199/36796, batch_size=4, time_cost(epoch): 16:11:03/4:56:02, time_cost(all): 16:11:07/110:31:19, loss=1.2637276649475098, d_time=0.25(0.25), f_time=1.64(1.81), b_time=1.89(2.07), lr=0.0018483888218145386
/bin/sh: line 1: gpustat: command not found
2026-03-09 06:30:27,168   INFO  
2026-03-09 06:32:09,995   INFO  epoch: 0/6, acc_iter=28250, cur_iter=28249/36796, batch_size=4, time_cost(epoch): 16:12:46/4:54:18, time_cost(all): 16:12:50/110:29:34, loss=1.1927763223648071, d_time=0.25(0.25), f_time=1.65(1.81), b_time=1.90(2.07), lr=0.001852440540149645
2026-03-09 06:33:52,906   INFO  epoch: 0/6, acc_iter=28300, cur_iter=28299/36796, batch_size=4, time_cost(epoch): 16:14:29/4:52:35, time_cost(all): 16:14:33/110:27:48, loss=1.3704440593719482, d_time=0.25(0.25), f_time=1.71(1.81), b_time=1.96(2.07), lr=0.0018564968383877698
2026-03-09 06:34:25,096   INFO  Save latest model to /storage/project/r-gchou3-0/spanse30/MSF/output/cfgs/waymo_models/msf_8frames/default/ckpt/latest_model
2026-03-09 06:35:37,920   INFO  epoch: 0/6, acc_iter=28350, cur_iter=28349/36796, batch_size=4, time_cost(epoch): 16:16:14/4:50:52, time_cost(all): 16:16:18/110:26:17, loss=1.2633575201034546, d_time=0.25(0.25), f_time=1.78(1.81), b_time=2.03(2.07), lr=0.001860557703695277
/bin/sh: line 1: gpustat: command not found
2026-03-09 06:35:38,181   INFO  
2026-03-09 06:37:22,280   INFO  epoch: 0/6, acc_iter=28400, cur_iter=28399/36796, batch_size=4, time_cost(epoch): 16:17:58/4:49:09, time_cost(all): 16:18:02/110:24:40, loss=1.3850153684616089, d_time=0.25(0.25), f_time=2.65(1.81), b_time=2.90(2.07), lr=0.0018646231232240813
2026-03-09 06:39:05,760   INFO  epoch: 0/6, acc_iter=28450, cur_iter=28449/36796, batch_size=4, time_cost(epoch): 16:19:42/4:47:26, time_cost(all): 16:19:46/110:22:58, loss=1.6649953126907349, d_time=0.25(0.25), f_time=2.06(1.81), b_time=2.31(2.07), lr=0.001868693084111685
2026-03-09 06:39:25,670   INFO  Save latest model to /storage/project/r-gchou3-0/spanse30/MSF/output/cfgs/waymo_models/msf_8frames/default/ckpt/latest_model
2026-03-09 06:40:51,398   INFO  epoch: 0/6, acc_iter=28500, cur_iter=28499/36796, batch_size=4, time_cost(epoch): 16:21:27/4:45:43, time_cost(all): 16:21:31/110:21:31, loss=1.412297248840332, d_time=0.25(0.25), f_time=2.22(1.81), b_time=2.47(2.07), lr=0.001872767573481227
/bin/sh: line 1: gpustat: command not found
2026-03-09 06:40:51,658   INFO  
2026-03-09 06:42:33,525   INFO  epoch: 0/6, acc_iter=28550, cur_iter=28549/36796, batch_size=4, time_cost(epoch): 16:23:10/4:43:59, time_cost(all): 16:23:13/110:19:39, loss=1.3613752126693726, d_time=0.25(0.25), f_time=2.29(1.81), b_time=2.54(2.07), lr=0.0018768465784415132
2026-03-09 06:44:14,075   INFO  epoch: 0/6, acc_iter=28600, cur_iter=28599/36796, batch_size=4, time_cost(epoch): 16:24:50/4:42:15, time_cost(all): 16:24:54/110:17:38, loss=1.5059943199157715, d_time=0.25(0.25), f_time=2.03(1.81), b_time=2.28(2.07), lr=0.0018809300860870666
2026-03-09 06:44:25,235   INFO  Save latest model to /storage/project/r-gchou3-0/spanse30/MSF/output/cfgs/waymo_models/msf_8frames/default/ckpt/latest_model
2026-03-09 06:45:59,363   INFO  epoch: 0/6, acc_iter=28650, cur_iter=28649/36796, batch_size=4, time_cost(epoch): 16:26:35/4:40:33, time_cost(all): 16:26:39/110:16:08, loss=1.326461672782898, d_time=0.24(0.25), f_time=1.72(1.81), b_time=1.96(2.07), lr=0.0018850180834981628
/bin/sh: line 1: gpustat: command not found
2026-03-09 06:45:59,636   INFO  
2026-03-09 06:47:40,970   INFO  epoch: 0/6, acc_iter=28700, cur_iter=28699/36796, batch_size=4, time_cost(epoch): 16:28:17/4:38:49, time_cost(all): 16:28:21/110:14:13, loss=1.1893184185028076, d_time=0.25(0.25), f_time=2.03(1.81), b_time=2.28(2.07), lr=0.0018891105577408729
2026-03-09 06:49:24,642   INFO  epoch: 0/6, acc_iter=28750, cur_iter=28749/36796, batch_size=4, time_cost(epoch): 16:30:01/4:37:06, time_cost(all): 16:30:04/110:12:32, loss=1.3085089921951294, d_time=0.25(0.25), f_time=2.12(1.81), b_time=2.37(2.07), lr=0.0018932074958671026
2026-03-09 06:49:24,759   INFO  Save latest model to /storage/project/r-gchou3-0/spanse30/MSF/output/cfgs/waymo_models/msf_8frames/default/ckpt/latest_model
2026-03-09 06:51:12,444   INFO  epoch: 0/6, acc_iter=28800, cur_iter=28799/36796, batch_size=4, time_cost(epoch): 16:31:49/4:35:24, time_cost(all): 16:31:52/110:11:19, loss=1.1492691040039062, d_time=0.25(0.25), f_time=1.46(1.81), b_time=1.71(2.07), lr=0.0018973088849146358
/bin/sh: line 1: gpustat: command not found
2026-03-09 06:51:12,699   INFO  
2026-03-09 06:52:55,455   INFO  epoch: 0/6, acc_iter=28850, cur_iter=28849/36796, batch_size=4, time_cost(epoch): 16:33:32/4:33:40, time_cost(all): 16:33:35/110:09:33, loss=1.6244516372680664, d_time=0.25(0.25), f_time=1.69(1.81), b_time=1.94(2.07), lr=0.0019014147119071735
2026-03-09 06:54:24,894   INFO  Save latest model to /storage/project/r-gchou3-0/spanse30/MSF/output/cfgs/waymo_models/msf_8frames/default/ckpt/latest_model
2026-03-09 06:54:37,980   INFO  epoch: 0/6, acc_iter=28900, cur_iter=28899/36796, batch_size=4, time_cost(epoch): 16:35:14/4:31:57, time_cost(all): 16:35:18/110:07:45, loss=1.1922253370285034, d_time=0.25(0.25), f_time=1.18(1.81), b_time=1.43(2.07), lr=0.001905524963854376
2026-03-09 06:56:24,189   INFO  epoch: 0/6, acc_iter=28950, cur_iter=28949/36796, batch_size=4, time_cost(epoch): 16:37:00/4:30:14, time_cost(all): 16:37:04/110:06:21, loss=1.2564139366149902, d_time=0.25(0.25), f_time=1.68(1.81), b_time=1.93(2.07), lr=0.0019096396277519037
/bin/sh: line 1: gpustat: command not found
2026-03-09 06:56:24,451   INFO  
2026-03-09 06:58:05,721   INFO  epoch: 0/6, acc_iter=29000, cur_iter=28999/36796, batch_size=4, time_cost(epoch): 16:38:42/4:28:30, time_cost(all): 16:38:46/110:04:26, loss=1.3799657821655273, d_time=0.25(0.25), f_time=1.49(1.81), b_time=1.74(2.07), lr=0.0019137586905814572
2026-03-09 06:59:24,264   INFO  Save latest model to /storage/project/r-gchou3-0/spanse30/MSF/output/cfgs/waymo_models/msf_8frames/default/ckpt/latest_model
2026-03-09 06:59:48,864   INFO  epoch: 0/6, acc_iter=29050, cur_iter=29049/36796, batch_size=4, time_cost(epoch): 16:40:25/4:26:47, time_cost(all): 16:40:29/110:02:41, loss=1.221287488937378, d_time=0.25(0.25), f_time=1.76(1.81), b_time=2.01(2.07), lr=0.00191788213931082
2026-03-09 07:01:26,432   INFO  epoch: 0/6, acc_iter=29100, cur_iter=29099/36796, batch_size=4, time_cost(epoch): 16:42:02/4:25:02, time_cost(all): 16:42:06/110:00:20, loss=1.0893267393112183, d_time=0.28(0.25), f_time=1.18(1.81), b_time=1.47(2.07), lr=0.0019220099608938997
/bin/sh: line 1: gpustat: command not found
2026-03-09 07:01:26,725   INFO  
2026-03-09 07:03:08,436   INFO  epoch: 0/6, acc_iter=29150, cur_iter=29149/36796, batch_size=4, time_cost(epoch): 16:43:44/4:23:18, time_cost(all): 16:43:48/109:58:28, loss=1.8534159660339355, d_time=0.25(0.25), f_time=2.14(1.81), b_time=2.39(2.07), lr=0.0019261421422707668
2026-03-09 07:04:25,237   INFO  Save latest model to /storage/project/r-gchou3-0/spanse30/MSF/output/cfgs/waymo_models/msf_8frames/default/ckpt/latest_model
2026-03-09 07:04:48,838   INFO  epoch: 0/6, acc_iter=29200, cur_iter=29199/36796, batch_size=4, time_cost(epoch): 16:45:25/4:21:34, time_cost(all): 16:45:29/109:56:26, loss=1.3888206481933594, d_time=0.24(0.25), f_time=1.73(1.81), b_time=1.97(2.07), lr=0.0019302786703677011
2026-03-09 07:06:33,663   INFO  epoch: 0/6, acc_iter=29250, cur_iter=29249/36796, batch_size=4, time_cost(epoch): 16:47:10/4:19:52, time_cost(all): 16:47:13/109:54:52, loss=1.2578507661819458, d_time=0.25(0.25), f_time=2.21(1.81), b_time=2.46(2.07), lr=0.0019344195320972271
/bin/sh: line 1: gpustat: command not found
2026-03-09 07:06:33,922   INFO  
2026-03-09 07:08:14,584   INFO  epoch: 0/6, acc_iter=29300, cur_iter=29299/36796, batch_size=4, time_cost(epoch): 16:48:51/4:18:08, time_cost(all): 16:48:54/109:52:54, loss=1.2272722721099854, d_time=0.25(0.25), f_time=1.46(1.81), b_time=1.70(2.07), lr=0.0019385647143581588
2026-03-09 07:09:25,005   INFO  Save latest model to /storage/project/r-gchou3-0/spanse30/MSF/output/cfgs/waymo_models/msf_8frames/default/ckpt/latest_model
2026-03-09 07:09:58,262   INFO  epoch: 0/6, acc_iter=29350, cur_iter=29349/36796, batch_size=4, time_cost(epoch): 16:50:34/4:16:24, time_cost(all): 16:50:38/109:51:13, loss=1.5540002584457397, d_time=0.25(0.25), f_time=1.98(1.81), b_time=2.23(2.07), lr=0.0019427142040356416
2026-03-09 07:11:40,927   INFO  epoch: 0/6, acc_iter=29400, cur_iter=29399/36796, batch_size=4, time_cost(epoch): 16:52:17/4:14:41, time_cost(all): 16:52:21/109:49:25, loss=1.319356918334961, d_time=0.25(0.25), f_time=1.86(1.81), b_time=2.11(2.07), lr=0.0019468679880011927
/bin/sh: line 1: gpustat: command not found
2026-03-09 07:11:41,208   INFO  
2026-03-09 07:13:20,236   INFO  epoch: 0/6, acc_iter=29450, cur_iter=29449/36796, batch_size=4, time_cost(epoch): 16:53:56/4:12:57, time_cost(all): 16:54:00/109:47:16, loss=1.1418862342834473, d_time=0.25(0.25), f_time=1.73(1.81), b_time=1.98(2.07), lr=0.0019510260531127406
2026-03-09 07:14:26,276   INFO  Save latest model to /storage/project/r-gchou3-0/spanse30/MSF/output/cfgs/waymo_models/msf_8frames/default/ckpt/latest_model
2026-03-09 07:15:01,501   INFO  epoch: 0/6, acc_iter=29500, cur_iter=29499/36796, batch_size=4, time_cost(epoch): 16:55:38/4:11:13, time_cost(all): 16:55:41/109:45:20, loss=1.373845100402832, d_time=0.20(0.25), f_time=2.17(1.81), b_time=2.37(2.07), lr=0.0019551883862146714
2026-03-09 07:16:43,544   INFO  epoch: 0/6, acc_iter=29550, cur_iter=29549/36796, batch_size=4, time_cost(epoch): 16:57:20/4:09:29, time_cost(all): 16:57:23/109:43:29, loss=1.2700631618499756, d_time=0.25(0.25), f_time=1.60(1.81), b_time=1.85(2.07), lr=0.0019593549741378667
/bin/sh: line 1: gpustat: command not found
2026-03-09 07:16:43,796   INFO  
2026-03-09 07:18:23,989   INFO  epoch: 0/6, acc_iter=29600, cur_iter=29599/36796, batch_size=4, time_cost(epoch): 16:59:00/4:07:45, time_cost(all): 16:59:04/109:41:27, loss=1.2971967458724976, d_time=0.25(0.25), f_time=1.67(1.81), b_time=1.92(2.07), lr=0.0019635258036997455
2026-03-09 07:19:24,066   INFO  Save latest model to /storage/project/r-gchou3-0/spanse30/MSF/output/cfgs/waymo_models/msf_8frames/default/ckpt/latest_model
2026-03-09 07:20:07,088   INFO  epoch: 0/6, acc_iter=29650, cur_iter=29649/36796, batch_size=4, time_cost(epoch): 17:00:43/4:06:02, time_cost(all): 17:00:47/109:39:42, loss=1.4917395114898682, d_time=0.25(0.25), f_time=2.12(1.81), b_time=2.37(2.07), lr=0.001967700861704308
2026-03-09 07:21:49,304   INFO  epoch: 0/6, acc_iter=29700, cur_iter=29699/36796, batch_size=4, time_cost(epoch): 17:02:25/4:04:18, time_cost(all): 17:02:29/109:37:52, loss=1.3311485052108765, d_time=0.25(0.25), f_time=1.77(1.81), b_time=2.01(2.07), lr=0.001971880134942177
/bin/sh: line 1: gpustat: command not found
2026-03-09 07:21:49,573   INFO  
2026-03-09 07:23:27,689   INFO  epoch: 0/6, acc_iter=29750, cur_iter=29749/36796, batch_size=4, time_cost(epoch): 17:04:04/4:02:34, time_cost(all): 17:04:07/109:35:38, loss=1.216394066810608, d_time=0.25(0.25), f_time=1.06(1.81), b_time=1.30(2.07), lr=0.001976063610190636
2026-03-09 07:24:24,068   INFO  Save latest model to /storage/project/r-gchou3-0/spanse30/MSF/output/cfgs/waymo_models/msf_8frames/default/ckpt/latest_model
2026-03-09 07:25:09,262   INFO  epoch: 0/6, acc_iter=29800, cur_iter=29799/36796, batch_size=4, time_cost(epoch): 17:05:45/4:00:50, time_cost(all): 17:05:49/109:33:44, loss=1.410161018371582, d_time=0.25(0.25), f_time=1.79(1.81), b_time=2.04(2.07), lr=0.001980251274213675
2026-03-09 07:26:50,333   INFO  epoch: 0/6, acc_iter=29850, cur_iter=29849/36796, batch_size=4, time_cost(epoch): 17:07:26/3:59:07, time_cost(all): 17:07:30/109:31:46, loss=0.8488427400588989, d_time=0.25(0.25), f_time=1.33(1.81), b_time=1.58(2.07), lr=0.0019844431137620334
/bin/sh: line 1: gpustat: command not found
2026-03-09 07:26:50,685   INFO  
2026-03-09 07:28:33,384   INFO  epoch: 0/6, acc_iter=29900, cur_iter=29899/36796, batch_size=4, time_cost(epoch): 17:09:09/3:57:23, time_cost(all): 17:09:13/109:30:02, loss=1.2759562730789185, d_time=0.25(0.25), f_time=2.00(1.81), b_time=2.25(2.07), lr=0.0019886391155732363
2026-03-09 07:29:24,783   INFO  Save latest model to /storage/project/r-gchou3-0/spanse30/MSF/output/cfgs/waymo_models/msf_8frames/default/ckpt/latest_model
2026-03-09 07:30:20,729   INFO  epoch: 0/6, acc_iter=29950, cur_iter=29949/36796, batch_size=4, time_cost(epoch): 17:10:57/3:55:41, time_cost(all): 17:11:01/109:28:44, loss=1.7999048233032227, d_time=0.25(0.25), f_time=2.07(1.81), b_time=2.31(2.07), lr=0.0019928392663716423
2026-03-09 07:32:01,195   INFO  epoch: 0/6, acc_iter=30000, cur_iter=29999/36796, batch_size=4, time_cost(epoch): 17:12:37/3:53:57, time_cost(all): 17:12:41/109:26:43, loss=1.5572807788848877, d_time=0.25(0.25), f_time=1.44(1.81), b_time=1.69(2.07), lr=0.0019970435528684823
/bin/sh: line 1: gpustat: command not found
2026-03-09 07:32:01,465   INFO  
2026-03-09 07:33:42,780   INFO  epoch: 0/6, acc_iter=30050, cur_iter=30049/36796, batch_size=4, time_cost(epoch): 17:14:19/3:52:13, time_cost(all): 17:14:23/109:24:49, loss=1.6092497110366821, d_time=0.25(0.25), f_time=2.00(1.81), b_time=2.24(2.07), lr=0.0020012519617619035
2026-03-09 07:34:25,515   INFO  Save latest model to /storage/project/r-gchou3-0/spanse30/MSF/output/cfgs/waymo_models/msf_8frames/default/ckpt/latest_model
2026-03-09 07:35:22,056   INFO  epoch: 0/6, acc_iter=30100, cur_iter=30099/36796, batch_size=4, time_cost(epoch): 17:15:58/3:50:29, time_cost(all): 17:16:02/109:22:41, loss=1.0083413124084473, d_time=0.25(0.25), f_time=1.25(1.81), b_time=1.50(2.07), lr=0.0020054644797370073
2026-03-09 07:37:05,374   INFO  epoch: 0/6, acc_iter=30150, cur_iter=30149/36796, batch_size=4, time_cost(epoch): 17:17:41/3:48:46, time_cost(all): 17:17:45/109:20:58, loss=1.385301113128662, d_time=0.24(0.25), f_time=2.75(1.81), b_time=3.00(2.07), lr=0.0020096810934658975
/bin/sh: line 1: gpustat: command not found
2026-03-09 07:37:05,620   INFO  
2026-03-09 07:38:45,937   INFO  epoch: 0/6, acc_iter=30200, cur_iter=30199/36796, batch_size=4, time_cost(epoch): 17:19:22/3:47:02, time_cost(all): 17:19:26/109:18:58, loss=1.1273454427719116, d_time=0.25(0.25), f_time=1.71(1.81), b_time=1.96(2.06), lr=0.002013901789607718
2026-03-09 07:39:23,827   INFO  Save latest model to /storage/project/r-gchou3-0/spanse30/MSF/output/cfgs/waymo_models/msf_8frames/default/ckpt/latest_model
2026-03-09 07:40:27,043   INFO  epoch: 0/6, acc_iter=30250, cur_iter=30249/36796, batch_size=4, time_cost(epoch): 17:21:03/3:45:18, time_cost(all): 17:21:07/109:17:01, loss=1.374216914176941, d_time=0.25(0.25), f_time=1.52(1.81), b_time=1.77(2.06), lr=0.0020181265548086975
2026-03-09 07:42:12,608   INFO  epoch: 0/6, acc_iter=30300, cur_iter=30299/36796, batch_size=4, time_cost(epoch): 17:22:49/3:43:36, time_cost(all): 17:22:52/109:15:32, loss=1.6245235204696655, d_time=0.25(0.25), f_time=2.21(1.81), b_time=2.46(2.06), lr=0.002022355375702189
/bin/sh: line 1: gpustat: command not found
2026-03-09 07:42:12,857   INFO  
2026-03-09 07:43:58,614   INFO  epoch: 0/6, acc_iter=30350, cur_iter=30349/36796, batch_size=4, time_cost(epoch): 17:24:35/3:41:53, time_cost(all): 17:24:38/109:14:06, loss=1.243201494216919, d_time=0.24(0.25), f_time=1.44(1.81), b_time=1.68(2.07), lr=0.002026588238908715
2026-03-09 07:44:25,226   INFO  Save latest model to /storage/project/r-gchou3-0/spanse30/MSF/output/cfgs/waymo_models/msf_8frames/default/ckpt/latest_model
2026-03-09 07:45:38,066   INFO  epoch: 0/6, acc_iter=30400, cur_iter=30399/36796, batch_size=4, time_cost(epoch): 17:26:14/3:40:09, time_cost(all): 17:26:18/109:11:59, loss=1.0048866271972656, d_time=0.25(0.25), f_time=1.75(1.81), b_time=2.00(2.06), lr=0.0020308251310360084
2026-03-09 07:47:19,982   INFO  epoch: 0/6, acc_iter=30450, cur_iter=30449/36796, batch_size=4, time_cost(epoch): 17:27:56/3:38:25, time_cost(all): 17:28:00/109:10:08, loss=1.9099762439727783, d_time=0.25(0.25), f_time=2.12(1.81), b_time=2.37(2.06), lr=0.002035066038679055
/bin/sh: line 1: gpustat: command not found
2026-03-09 07:47:20,231   INFO  
2026-03-09 07:49:01,009   INFO  epoch: 0/6, acc_iter=30500, cur_iter=30499/36796, batch_size=4, time_cost(epoch): 17:29:37/3:36:42, time_cost(all): 17:29:41/109:08:11, loss=1.0869903564453125, d_time=0.25(0.25), f_time=1.63(1.81), b_time=1.88(2.06), lr=0.0020393109484201366
2026-03-09 07:49:25,202   INFO  Save latest model to /storage/project/r-gchou3-0/spanse30/MSF/output/cfgs/waymo_models/msf_8frames/default/ckpt/latest_model
2026-03-09 07:50:45,594   INFO  epoch: 0/6, acc_iter=30550, cur_iter=30549/36796, batch_size=4, time_cost(epoch): 17:31:22/3:34:59, time_cost(all): 17:31:25/109:06:36, loss=1.6984970569610596, d_time=0.25(0.25), f_time=2.50(1.81), b_time=2.75(2.06), lr=0.002043559846828872
2026-03-09 07:52:25,737   INFO  epoch: 0/6, acc_iter=30600, cur_iter=30599/36796, batch_size=4, time_cost(epoch): 17:33:02/3:33:15, time_cost(all): 17:33:06/109:04:33, loss=1.688247799873352, d_time=0.25(0.25), f_time=1.48(1.81), b_time=1.73(2.06), lr=0.0020478127204622606
/bin/sh: line 1: gpustat: command not found
2026-03-09 07:52:25,991   INFO  
2026-03-09 07:54:08,369   INFO  epoch: 0/6, acc_iter=30650, cur_iter=30649/36796, batch_size=4, time_cost(epoch): 17:34:44/3:31:32, time_cost(all): 17:34:48/109:02:46, loss=1.4347736835479736, d_time=0.25(0.25), f_time=1.63(1.81), b_time=1.88(2.06), lr=0.0020520695558647233
2026-03-09 07:54:24,312   INFO  Save latest model to /storage/project/r-gchou3-0/spanse30/MSF/output/cfgs/waymo_models/msf_8frames/default/ckpt/latest_model
2026-03-09 07:55:50,899   INFO  epoch: 0/6, acc_iter=30700, cur_iter=30699/36796, batch_size=4, time_cost(epoch): 17:36:27/3:29:48, time_cost(all): 17:36:31/109:00:59, loss=1.4168225526809692, d_time=0.25(0.25), f_time=1.75(1.81), b_time=2.00(2.06), lr=0.002056330339568151
2026-03-09 07:57:35,426   INFO  epoch: 0/6, acc_iter=30750, cur_iter=30749/36796, batch_size=4, time_cost(epoch): 17:38:11/3:28:05, time_cost(all): 17:38:15/108:59:23, loss=1.5078165531158447, d_time=0.25(0.25), f_time=1.76(1.81), b_time=2.01(2.06), lr=0.0020605950580919368
/bin/sh: line 1: gpustat: command not found
2026-03-09 07:57:35,680   INFO  
2026-03-09 07:59:16,830   INFO  epoch: 0/6, acc_iter=30800, cur_iter=30799/36796, batch_size=4, time_cost(epoch): 17:39:53/3:26:22, time_cost(all): 17:39:57/108:57:29, loss=1.661730170249939, d_time=0.25(0.25), f_time=2.49(1.81), b_time=2.74(2.06), lr=0.002064863697943028
2026-03-09 07:59:24,839   INFO  Save latest model to /storage/project/r-gchou3-0/spanse30/MSF/output/cfgs/waymo_models/msf_8frames/default/ckpt/latest_model
2026-03-09 08:00:57,961   INFO  epoch: 0/6, acc_iter=30850, cur_iter=30849/36796, batch_size=4, time_cost(epoch): 17:41:34/3:24:38, time_cost(all): 17:41:38/108:55:33, loss=1.6145131587982178, d_time=0.25(0.25), f_time=2.13(1.81), b_time=2.38(2.06), lr=0.0020691362456159643
2026-03-09 08:02:37,360   INFO  epoch: 0/6, acc_iter=30900, cur_iter=30899/36796, batch_size=4, time_cost(epoch): 17:43:13/3:22:54, time_cost(all): 17:43:17/108:53:26, loss=1.5336463451385498, d_time=0.25(0.25), f_time=2.06(1.81), b_time=2.31(2.06), lr=0.002073412687592922
/bin/sh: line 1: gpustat: command not found
2026-03-09 08:02:37,608   INFO  
2026-03-09 08:04:20,001   INFO  epoch: 0/6, acc_iter=30950, cur_iter=30949/36796, batch_size=4, time_cost(epoch): 17:44:56/3:21:11, time_cost(all): 17:45:00/108:51:39, loss=1.675889015197754, d_time=0.25(0.25), f_time=1.50(1.81), b_time=1.75(2.06), lr=0.0020776930103437556
2026-03-09 08:04:24,334   INFO  Save latest model to /storage/project/r-gchou3-0/spanse30/MSF/output/cfgs/waymo_models/msf_8frames/default/ckpt/latest_model
2026-03-09 08:05:57,313   INFO  epoch: 0/6, acc_iter=31000, cur_iter=30999/36796, batch_size=4, time_cost(epoch): 17:46:33/3:19:26, time_cost(all): 17:46:37/108:49:20, loss=0.9770698547363281, d_time=0.25(0.25), f_time=0.91(1.81), b_time=1.16(2.06), lr=0.0020819772003260427
2026-03-09 08:07:38,963   INFO  epoch: 0/6, acc_iter=31050, cur_iter=31049/36796, batch_size=4, time_cost(epoch): 17:48:15/3:17:43, time_cost(all): 17:48:19/108:47:27, loss=1.5403342247009277, d_time=0.25(0.25), f_time=1.85(1.81), b_time=2.10(2.06), lr=0.002086265243985124
/bin/sh: line 1: gpustat: command not found
2026-03-09 08:07:39,209   INFO  
2026-03-09 08:09:21,333   INFO  epoch: 0/6, acc_iter=31100, cur_iter=31099/36796, batch_size=4, time_cost(epoch): 17:49:57/3:15:59, time_cost(all): 17:50:01/108:45:39, loss=1.5246751308441162, d_time=0.25(0.25), f_time=2.30(1.81), b_time=2.55(2.06), lr=0.0020905571277541474
2026-03-09 08:09:25,458   INFO  Save latest model to /storage/project/r-gchou3-0/spanse30/MSF/output/cfgs/waymo_models/msf_8frames/default/ckpt/latest_model
2026-03-09 08:11:01,619   INFO  epoch: 0/6, acc_iter=31150, cur_iter=31149/36796, batch_size=4, time_cost(epoch): 17:51:38/3:14:16, time_cost(all): 17:51:41/108:43:38, loss=1.1336625814437866, d_time=0.25(0.25), f_time=1.77(1.81), b_time=2.02(2.06), lr=0.002094852838054113
2026-03-09 08:12:46,860   INFO  epoch: 0/6, acc_iter=31200, cur_iter=31199/36796, batch_size=4, time_cost(epoch): 17:53:23/3:12:33, time_cost(all): 17:53:27/108:42:07, loss=1.5880546569824219, d_time=0.25(0.25), f_time=2.30(1.81), b_time=2.55(2.06), lr=0.0020991523612939114
/bin/sh: line 1: gpustat: command not found
2026-03-09 08:12:47,113   INFO  
2026-03-09 08:14:24,391   INFO  Save latest model to /storage/project/r-gchou3-0/spanse30/MSF/output/cfgs/waymo_models/msf_8frames/default/ckpt/latest_model
2026-03-09 08:14:28,562   INFO  epoch: 0/6, acc_iter=31250, cur_iter=31249/36796, batch_size=4, time_cost(epoch): 17:55:05/3:10:49, time_cost(all): 17:55:08/108:40:14, loss=1.5133634805679321, d_time=0.25(0.25), f_time=1.72(1.81), b_time=1.97(2.06), lr=0.0021034556838703724
2026-03-09 08:16:09,792   INFO  epoch: 0/6, acc_iter=31300, cur_iter=31299/36796, batch_size=4, time_cost(epoch): 17:56:46/3:09:06, time_cost(all): 17:56:50/108:38:19, loss=1.377901554107666, d_time=0.25(0.25), f_time=1.90(1.81), b_time=2.15(2.06), lr=0.002107762792168304
2026-03-09 08:17:50,270   INFO  epoch: 0/6, acc_iter=31350, cur_iter=31349/36796, batch_size=4, time_cost(epoch): 17:58:26/3:07:22, time_cost(all): 17:58:30/108:36:19, loss=1.417701005935669, d_time=0.24(0.25), f_time=1.97(1.81), b_time=2.21(2.06), lr=0.002112073672560536
/bin/sh: line 1: gpustat: command not found
2026-03-09 08:17:50,523   INFO  
2026-03-09 08:19:24,543   INFO  Save latest model to /storage/project/r-gchou3-0/spanse30/MSF/output/cfgs/waymo_models/msf_8frames/default/ckpt/latest_model
2026-03-09 08:19:35,721   INFO  epoch: 0/6, acc_iter=31400, cur_iter=31399/36796, batch_size=4, time_cost(epoch): 18:00:12/3:05:39, time_cost(all): 18:00:16/108:34:50, loss=1.4382432699203491, d_time=0.25(0.25), f_time=2.12(1.81), b_time=2.37(2.06), lr=0.002116388311407965
2026-03-09 08:21:15,059   INFO  epoch: 0/6, acc_iter=31450, cur_iter=31449/36796, batch_size=4, time_cost(epoch): 18:01:51/3:03:56, time_cost(all): 18:01:55/108:32:43, loss=1.5914807319641113, d_time=0.25(0.25), f_time=1.38(1.81), b_time=1.63(2.06), lr=0.002120706695059595
2026-03-09 08:22:58,308   INFO  epoch: 0/6, acc_iter=31500, cur_iter=31499/36796, batch_size=4, time_cost(epoch): 18:03:34/3:02:12, time_cost(all): 18:03:38/108:31:00, loss=1.0785940885543823, d_time=0.25(0.25), f_time=1.41(1.81), b_time=1.65(2.06), lr=0.0021250288098525827
/bin/sh: line 1: gpustat: command not found
2026-03-09 08:22:58,555   INFO  
2026-03-09 08:24:24,256   INFO  Save latest model to /storage/project/r-gchou3-0/spanse30/MSF/output/cfgs/waymo_models/msf_8frames/default/ckpt/latest_model
2026-03-09 08:24:42,577   INFO  epoch: 0/6, acc_iter=31550, cur_iter=31549/36796, batch_size=4, time_cost(epoch): 18:05:19/3:00:29, time_cost(all): 18:05:22/108:29:24, loss=1.114484429359436, d_time=0.25(0.25), f_time=1.60(1.81), b_time=1.85(2.06), lr=0.00212935464211228
2026-03-09 08:26:26,148   INFO  epoch: 0/6, acc_iter=31600, cur_iter=31599/36796, batch_size=4, time_cost(epoch): 18:07:02/2:58:46, time_cost(all): 18:07:06/108:27:43, loss=1.7129181623458862, d_time=0.24(0.25), f_time=2.66(1.81), b_time=2.90(2.06), lr=0.0021336841781522766
2026-03-09 08:28:05,925   INFO  epoch: 0/6, acc_iter=31650, cur_iter=31649/36796, batch_size=4, time_cost(epoch): 18:08:42/2:57:02, time_cost(all): 18:08:46/108:25:39, loss=1.3012988567352295, d_time=0.24(0.25), f_time=1.55(1.81), b_time=1.79(2.06), lr=0.002138017404274445
/bin/sh: line 1: gpustat: command not found
2026-03-09 08:28:06,179   INFO  
2026-03-09 08:29:25,748   INFO  Save latest model to /storage/project/r-gchou3-0/spanse30/MSF/output/cfgs/waymo_models/msf_8frames/default/ckpt/latest_model
2026-03-09 08:29:48,761   INFO  epoch: 0/6, acc_iter=31700, cur_iter=31699/36796, batch_size=4, time_cost(epoch): 18:10:25/2:55:19, time_cost(all): 18:10:29/108:23:54, loss=1.4139596223831177, d_time=0.25(0.25), f_time=2.30(1.81), b_time=2.55(2.06), lr=0.002142354306768981
2026-03-09 08:31:28,154   INFO  epoch: 0/6, acc_iter=31750, cur_iter=31749/36796, batch_size=4, time_cost(epoch): 18:12:04/2:53:35, time_cost(all): 18:12:08/108:21:48, loss=1.9909801483154297, d_time=0.24(0.25), f_time=2.10(1.81), b_time=2.34(2.06), lr=0.0021466948719144493
2026-03-09 08:33:10,258   INFO  epoch: 0/6, acc_iter=31800, cur_iter=31799/36796, batch_size=4, time_cost(epoch): 18:13:46/2:51:52, time_cost(all): 18:13:50/108:19:58, loss=1.6967872381210327, d_time=0.25(0.25), f_time=1.56(1.81), b_time=1.81(2.06), lr=0.0021510390859778277
/bin/sh: line 1: gpustat: command not found
2026-03-09 08:33:10,511   INFO  
2026-03-09 08:34:25,022   INFO  Save latest model to /storage/project/r-gchou3-0/spanse30/MSF/output/cfgs/waymo_models/msf_8frames/default/ckpt/latest_model
2026-03-09 08:34:56,714   INFO  epoch: 0/6, acc_iter=31850, cur_iter=31849/36796, batch_size=4, time_cost(epoch): 18:15:33/2:50:09, time_cost(all): 18:15:37/108:18:34, loss=1.4760141372680664, d_time=0.25(0.25), f_time=1.82(1.81), b_time=2.07(2.06), lr=0.0021553869352145486
2026-03-09 08:36:39,577   INFO  epoch: 0/6, acc_iter=31900, cur_iter=31899/36796, batch_size=4, time_cost(epoch): 18:17:16/2:48:26, time_cost(all): 18:17:19/108:16:49, loss=1.4634156227111816, d_time=0.25(0.25), f_time=1.81(1.81), b_time=2.06(2.06), lr=0.0021597384058685432
2026-03-09 08:38:19,529   INFO  epoch: 0/6, acc_iter=31950, cur_iter=31949/36796, batch_size=4, time_cost(epoch): 18:18:56/2:46:42, time_cost(all): 18:18:59/108:14:47, loss=1.2471747398376465, d_time=0.25(0.25), f_time=1.51(1.81), b_time=1.76(2.06), lr=0.002164093484172283
/bin/sh: line 1: gpustat: command not found
2026-03-09 08:38:19,825   INFO  
2026-03-09 08:39:24,244   INFO  Save latest model to /storage/project/r-gchou3-0/spanse30/MSF/output/cfgs/waymo_models/msf_8frames/default/ckpt/latest_model
2026-03-09 08:40:01,679   INFO  epoch: 0/6, acc_iter=32000, cur_iter=31999/36796, batch_size=4, time_cost(epoch): 18:20:38/2:44:59, time_cost(all): 18:20:41/108:12:58, loss=1.4162249565124512, d_time=0.25(0.25), f_time=1.95(1.81), b_time=2.20(2.06), lr=0.0021684521563468295
2026-03-09 08:41:42,038   INFO  epoch: 0/6, acc_iter=32050, cur_iter=32049/36796, batch_size=4, time_cost(epoch): 18:22:18/2:43:15, time_cost(all): 18:22:22/108:10:58, loss=1.5413765907287598, d_time=0.25(0.25), f_time=1.58(1.81), b_time=1.83(2.06), lr=0.0021728144086018693
2026-03-09 08:43:23,759   INFO  epoch: 0/6, acc_iter=32100, cur_iter=32099/36796, batch_size=4, time_cost(epoch): 18:24:00/2:41:32, time_cost(all): 18:24:04/108:09:06, loss=1.1624383926391602, d_time=0.25(0.25), f_time=1.58(1.81), b_time=1.83(2.06), lr=0.002177180227135765
/bin/sh: line 1: gpustat: command not found
2026-03-09 08:43:24,020   INFO  
2026-03-09 08:44:25,374   INFO  Save latest model to /storage/project/r-gchou3-0/spanse30/MSF/output/cfgs/waymo_models/msf_8frames/default/ckpt/latest_model
2026-03-09 08:45:03,231   INFO  epoch: 0/6, acc_iter=32150, cur_iter=32149/36796, batch_size=4, time_cost(epoch): 18:25:39/2:39:48, time_cost(all): 18:25:43/108:07:01, loss=0.9777565002441406, d_time=0.24(0.25), f_time=0.76(1.81), b_time=1.00(2.06), lr=0.002181549598135594
2026-03-09 08:46:43,503   INFO  epoch: 0/6, acc_iter=32200, cur_iter=32199/36796, batch_size=4, time_cost(epoch): 18:27:20/2:38:05, time_cost(all): 18:27:23/108:05:01, loss=1.4219050407409668, d_time=0.25(0.25), f_time=1.86(1.81), b_time=2.11(2.06), lr=0.0021859225077771965
2026-03-09 08:48:26,239   INFO  epoch: 0/6, acc_iter=32250, cur_iter=32249/36796, batch_size=4, time_cost(epoch): 18:29:02/2:36:22, time_cost(all): 18:29:06/108:03:15, loss=1.392514944076538, d_time=0.25(0.25), f_time=1.59(1.81), b_time=1.84(2.06), lr=0.0021902989422252143
/bin/sh: line 1: gpustat: command not found
2026-03-09 08:48:26,491   INFO  
2026-03-09 08:49:25,498   INFO  Save latest model to /storage/project/r-gchou3-0/spanse30/MSF/output/cfgs/waymo_models/msf_8frames/default/ckpt/latest_model
2026-03-09 08:50:13,277   INFO  epoch: 0/6, acc_iter=32300, cur_iter=32299/36796, batch_size=4, time_cost(epoch): 18:30:49/2:34:39, time_cost(all): 18:30:53/108:01:55, loss=1.2717440128326416, d_time=0.24(0.25), f_time=1.59(1.81), b_time=1.83(2.06), lr=0.002194678887633138
2026-03-09 08:51:50,711   INFO  epoch: 0/6, acc_iter=32350, cur_iter=32349/36796, batch_size=4, time_cost(epoch): 18:32:27/2:32:55, time_cost(all): 18:32:31/107:59:38, loss=1.1447060108184814, d_time=0.25(0.25), f_time=1.54(1.81), b_time=1.79(2.06), lr=0.002199062330143351
2026-03-09 08:53:32,117   INFO  epoch: 0/6, acc_iter=32400, cur_iter=32399/36796, batch_size=4, time_cost(epoch): 18:34:08/2:31:12, time_cost(all): 18:34:12/107:57:45, loss=1.466124176979065, d_time=0.25(0.25), f_time=1.67(1.81), b_time=1.92(2.06), lr=0.0022034492558871705
/bin/sh: line 1: gpustat: command not found
2026-03-09 08:53:32,372   INFO  
2026-03-09 08:54:24,918   INFO  Save latest model to /storage/project/r-gchou3-0/spanse30/MSF/output/cfgs/waymo_models/msf_8frames/default/ckpt/latest_model
2026-03-09 08:55:15,655   INFO  epoch: 0/6, acc_iter=32450, cur_iter=32449/36796, batch_size=4, time_cost(epoch): 18:35:52/2:29:28, time_cost(all): 18:35:55/107:56:04, loss=1.2800729274749756, d_time=0.25(0.25), f_time=1.35(1.81), b_time=1.60(2.06), lr=0.0022078396509848945
2026-03-09 08:56:57,866   INFO  epoch: 0/6, acc_iter=32500, cur_iter=32499/36796, batch_size=4, time_cost(epoch): 18:37:34/2:27:45, time_cost(all): 18:37:38/107:54:15, loss=0.8864669799804688, d_time=0.25(0.25), f_time=1.79(1.81), b_time=2.04(2.06), lr=0.0022122335015458444
2026-03-09 08:58:38,939   INFO  epoch: 0/6, acc_iter=32550, cur_iter=32549/36796, batch_size=4, time_cost(epoch): 18:39:15/2:26:02, time_cost(all): 18:39:19/107:52:20, loss=1.2785817384719849, d_time=0.25(0.25), f_time=1.62(1.81), b_time=1.86(2.06), lr=0.002216630793668409
/bin/sh: line 1: gpustat: command not found
2026-03-09 08:58:39,202   INFO  
2026-03-09 08:59:25,778   INFO  Save latest model to /storage/project/r-gchou3-0/spanse30/MSF/output/cfgs/waymo_models/msf_8frames/default/ckpt/latest_model
2026-03-09 09:00:20,220   INFO  epoch: 0/6, acc_iter=32600, cur_iter=32599/36796, batch_size=4, time_cost(epoch): 18:40:56/2:24:18, time_cost(all): 18:41:00/107:50:26, loss=1.091233491897583, d_time=0.25(0.25), f_time=1.99(1.81), b_time=2.24(2.06), lr=0.0022210315134400865
2026-03-09 09:01:59,115   INFO  epoch: 0/6, acc_iter=32650, cur_iter=32649/36796, batch_size=4, time_cost(epoch): 18:42:35/2:22:35, time_cost(all): 18:42:39/107:48:18, loss=1.4247485399246216, d_time=0.25(0.25), f_time=2.14(1.81), b_time=2.39(2.06), lr=0.0022254356469375344
2026-03-09 09:03:39,891   INFO  epoch: 0/6, acc_iter=32700, cur_iter=32699/36796, batch_size=4, time_cost(epoch): 18:44:16/2:20:51, time_cost(all): 18:44:20/107:46:21, loss=1.4178118705749512, d_time=0.25(0.25), f_time=1.67(1.81), b_time=1.92(2.06), lr=0.0022298431802266036
/bin/sh: line 1: gpustat: command not found
2026-03-09 09:03:40,145   INFO  
2026-03-09 09:04:24,731   INFO  Save latest model to /storage/project/r-gchou3-0/spanse30/MSF/output/cfgs/waymo_models/msf_8frames/default/ckpt/latest_model
2026-03-09 09:05:23,353   INFO  epoch: 0/6, acc_iter=32750, cur_iter=32749/36796, batch_size=4, time_cost(epoch): 18:45:59/2:19:08, time_cost(all): 18:46:03/107:44:40, loss=1.3043485879898071, d_time=0.25(0.25), f_time=1.95(1.81), b_time=2.20(2.06), lr=0.0022342540993623944
2026-03-09 09:07:05,907   INFO  epoch: 0/6, acc_iter=32800, cur_iter=32799/36796, batch_size=4, time_cost(epoch): 18:47:42/2:17:25, time_cost(all): 18:47:46/107:42:54, loss=1.4697842597961426, d_time=0.25(0.25), f_time=1.76(1.81), b_time=2.01(2.06), lr=0.0022386683903892913
2026-03-09 09:08:43,751   INFO  epoch: 0/6, acc_iter=32850, cur_iter=32849/36796, batch_size=4, time_cost(epoch): 18:49:20/2:15:41, time_cost(all): 18:49:24/107:40:40, loss=1.3110285997390747, d_time=0.25(0.25), f_time=1.55(1.81), b_time=1.80(2.06), lr=0.002243086039341012
/bin/sh: line 1: gpustat: command not found
2026-03-09 09:08:44,047   INFO  
2026-03-09 09:09:23,742   INFO  Save latest model to /storage/project/r-gchou3-0/spanse30/MSF/output/cfgs/waymo_models/msf_8frames/default/ckpt/latest_model
2026-03-09 09:10:27,026   INFO  epoch: 0/6, acc_iter=32900, cur_iter=32899/36796, batch_size=4, time_cost(epoch): 18:51:03/2:13:58, time_cost(all): 18:51:07/107:38:58, loss=1.5609347820281982, d_time=0.25(0.25), f_time=2.30(1.81), b_time=2.55(2.06), lr=0.0022475070322406487
2026-03-09 09:12:10,412   INFO  epoch: 0/6, acc_iter=32950, cur_iter=32949/36796, batch_size=4, time_cost(epoch): 18:52:46/2:12:15, time_cost(all): 18:52:50/107:37:16, loss=1.525871992111206, d_time=0.25(0.25), f_time=1.53(1.81), b_time=1.78(2.06), lr=0.0022519313551007157
2026-03-09 09:13:52,616   INFO  epoch: 0/6, acc_iter=33000, cur_iter=32999/36796, batch_size=4, time_cost(epoch): 18:54:29/2:10:32, time_cost(all): 18:54:32/107:35:28, loss=1.299831748008728, d_time=0.24(0.25), f_time=1.50(1.81), b_time=1.75(2.06), lr=0.0022563589939231907
/bin/sh: line 1: gpustat: command not found
2026-03-09 09:13:52,910   INFO  
2026-03-09 09:14:24,053   INFO  Save latest model to /storage/project/r-gchou3-0/spanse30/MSF/output/cfgs/waymo_models/msf_8frames/default/ckpt/latest_model
2026-03-09 09:15:38,469   INFO  epoch: 0/6, acc_iter=33050, cur_iter=33049/36796, batch_size=4, time_cost(epoch): 18:56:15/2:08:49, time_cost(all): 18:56:18/107:34:00, loss=1.1836705207824707, d_time=0.25(0.25), f_time=1.55(1.81), b_time=1.80(2.06), lr=0.0022607899346995595
2026-03-09 09:17:18,836   INFO  epoch: 0/6, acc_iter=33100, cur_iter=33099/36796, batch_size=4, time_cost(epoch): 18:57:55/2:07:05, time_cost(all): 18:57:59/107:32:01, loss=1.2374337911605835, d_time=0.25(0.25), f_time=1.66(1.81), b_time=1.91(2.06), lr=0.0022652241634108614
2026-03-09 09:19:02,383   INFO  epoch: 0/6, acc_iter=33150, cur_iter=33149/36796, batch_size=4, time_cost(epoch): 18:59:38/2:05:22, time_cost(all): 18:59:42/107:30:20, loss=1.3665013313293457, d_time=0.25(0.25), f_time=1.81(1.81), b_time=2.06(2.06), lr=0.002269661666027734
/bin/sh: line 1: gpustat: command not found
2026-03-09 09:19:02,634   INFO  
2026-03-09 09:19:24,280   INFO  Save latest model to /storage/project/r-gchou3-0/spanse30/MSF/output/cfgs/waymo_models/msf_8frames/default/ckpt/latest_model
2026-03-09 09:20:45,280   INFO  epoch: 0/6, acc_iter=33200, cur_iter=33199/36796, batch_size=4, time_cost(epoch): 19:01:21/2:03:39, time_cost(all): 19:01:25/107:28:36, loss=1.5463545322418213, d_time=0.25(0.25), f_time=1.83(1.81), b_time=2.08(2.06), lr=0.0022741024285104555
2026-03-09 09:22:29,106   INFO  epoch: 0/6, acc_iter=33250, cur_iter=33249/36796, batch_size=4, time_cost(epoch): 19:03:05/2:01:56, time_cost(all): 19:03:09/107:26:56, loss=1.4385833740234375, d_time=0.25(0.25), f_time=2.21(1.81), b_time=2.46(2.06), lr=0.00227854643680899
2026-03-09 09:24:09,100   INFO  epoch: 0/6, acc_iter=33300, cur_iter=33299/36796, batch_size=4, time_cost(epoch): 19:04:45/2:00:13, time_cost(all): 19:04:49/107:24:56, loss=1.3688474893569946, d_time=0.25(0.25), f_time=1.78(1.81), b_time=2.03(2.06), lr=0.002282993676863033
/bin/sh: line 1: gpustat: command not found
2026-03-09 09:24:09,349   INFO  
2026-03-09 09:24:24,005   INFO  Save latest model to /storage/project/r-gchou3-0/spanse30/MSF/output/cfgs/waymo_models/msf_8frames/default/ckpt/latest_model
2026-03-09 09:25:51,240   INFO  epoch: 0/6, acc_iter=33350, cur_iter=33349/36796, batch_size=4, time_cost(epoch): 19:06:27/1:58:29, time_cost(all): 19:06:31/107:23:07, loss=1.790321946144104, d_time=0.25(0.25), f_time=1.58(1.81), b_time=1.83(2.06), lr=0.0022874441346020552
2026-03-09 09:27:33,957   INFO  epoch: 0/6, acc_iter=33400, cur_iter=33399/36796, batch_size=4, time_cost(epoch): 19:08:10/1:56:46, time_cost(all): 19:08:14/107:21:21, loss=1.013028621673584, d_time=0.25(0.25), f_time=1.46(1.81), b_time=1.71(2.06), lr=0.002291897795945347
2026-03-09 09:29:18,694   INFO  epoch: 0/6, acc_iter=33450, cur_iter=33449/36796, batch_size=4, time_cost(epoch): 19:09:55/1:55:03, time_cost(all): 19:09:58/107:19:47, loss=1.4963810443878174, d_time=0.25(0.25), f_time=2.24(1.81), b_time=2.48(2.06), lr=0.0022963546468020624
/bin/sh: line 1: gpustat: command not found
2026-03-09 09:29:18,945   INFO  
2026-03-09 09:29:25,262   INFO  Save latest model to /storage/project/r-gchou3-0/spanse30/MSF/output/cfgs/waymo_models/msf_8frames/default/ckpt/latest_model
2026-03-09 09:30:57,024   INFO  epoch: 0/6, acc_iter=33500, cur_iter=33499/36796, batch_size=4, time_cost(epoch): 19:11:33/1:53:20, time_cost(all): 19:11:37/107:17:37, loss=1.6425361633300781, d_time=0.25(0.25), f_time=1.59(1.81), b_time=1.84(2.06), lr=0.002300814673071264
2026-03-09 09:32:40,214   INFO  epoch: 0/6, acc_iter=33550, cur_iter=33549/36796, batch_size=4, time_cost(epoch): 19:13:16/1:51:36, time_cost(all): 19:13:20/107:15:55, loss=1.1788897514343262, d_time=0.25(0.25), f_time=1.13(1.81), b_time=1.38(2.06), lr=0.0023052778606419684
2026-03-09 09:34:23,004   INFO  epoch: 0/6, acc_iter=33600, cur_iter=33599/36796, batch_size=4, time_cost(epoch): 19:14:59/1:49:53, time_cost(all): 19:15:03/107:14:10, loss=1.250603199005127, d_time=0.25(0.25), f_time=2.12(1.81), b_time=2.37(2.06), lr=0.0023097441953931906
/bin/sh: line 1: gpustat: command not found
2026-03-09 09:34:23,247   INFO  
2026-03-09 09:34:26,095   INFO  Save latest model to /storage/project/r-gchou3-0/spanse30/MSF/output/cfgs/waymo_models/msf_8frames/default/ckpt/latest_model
2026-03-09 09:36:04,894   INFO  epoch: 0/6, acc_iter=33650, cur_iter=33649/36796, batch_size=4, time_cost(epoch): 19:16:41/1:48:10, time_cost(all): 19:16:45/107:12:20, loss=1.4897912740707397, d_time=0.25(0.25), f_time=1.12(1.81), b_time=1.36(2.06), lr=0.0023142136631939874
2026-03-09 09:37:46,728   INFO  epoch: 0/6, acc_iter=33700, cur_iter=33699/36796, batch_size=4, time_cost(epoch): 19:18:23/1:46:27, time_cost(all): 19:18:27/107:10:29, loss=1.3133631944656372, d_time=0.28(0.25), f_time=1.59(1.81), b_time=1.87(2.06), lr=0.0023186862499035036
2026-03-09 09:39:24,981   INFO  Save latest model to /storage/project/r-gchou3-0/spanse30/MSF/output/cfgs/waymo_models/msf_8frames/default/ckpt/latest_model
2026-03-09 09:39:32,628   INFO  epoch: 0/6, acc_iter=33750, cur_iter=33749/36796, batch_size=4, time_cost(epoch): 19:20:09/1:44:44, time_cost(all): 19:20:12/107:09:02, loss=1.0497000217437744, d_time=0.25(0.25), f_time=1.65(1.81), b_time=1.90(2.06), lr=0.0023231619413710152
/bin/sh: line 1: gpustat: command not found
2026-03-09 09:39:32,876   INFO  
2026-03-09 09:41:12,657   INFO  epoch: 0/6, acc_iter=33800, cur_iter=33799/36796, batch_size=4, time_cost(epoch): 19:21:49/1:43:01, time_cost(all): 19:21:52/107:07:01, loss=1.175069808959961, d_time=0.26(0.25), f_time=2.30(1.81), b_time=2.56(2.06), lr=0.0023276407234359762
2026-03-09 09:42:51,556   INFO  epoch: 0/6, acc_iter=33850, cur_iter=33849/36796, batch_size=4, time_cost(epoch): 19:23:28/1:41:17, time_cost(all): 19:23:31/107:04:55, loss=1.4804620742797852, d_time=0.25(0.25), f_time=2.08(1.81), b_time=2.33(2.06), lr=0.0023321225819280624
2026-03-09 09:44:25,452   INFO  Save latest model to /storage/project/r-gchou3-0/spanse30/MSF/output/cfgs/waymo_models/msf_8frames/default/ckpt/latest_model
2026-03-09 09:44:36,457   INFO  epoch: 0/6, acc_iter=33900, cur_iter=33899/36796, batch_size=4, time_cost(epoch): 19:25:13/1:39:34, time_cost(all): 19:25:16/107:03:22, loss=1.282667875289917, d_time=0.25(0.25), f_time=2.11(1.81), b_time=2.36(2.06), lr=0.0023366075026672144
/bin/sh: line 1: gpustat: command not found
2026-03-09 09:44:36,705   INFO  
2026-03-09 09:46:16,708   INFO  epoch: 0/6, acc_iter=33950, cur_iter=33949/36796, batch_size=4, time_cost(epoch): 19:26:53/1:37:51, time_cost(all): 19:26:57/107:01:23, loss=1.7721177339553833, d_time=0.25(0.25), f_time=1.81(1.81), b_time=2.06(2.06), lr=0.0023410954714636876
2026-03-09 09:48:01,608   INFO  epoch: 0/6, acc_iter=34000, cur_iter=33999/36796, batch_size=4, time_cost(epoch): 19:28:38/1:36:08, time_cost(all): 19:28:41/106:59:50, loss=1.6919376850128174, d_time=0.17(0.25), f_time=2.11(1.81), b_time=2.28(2.06), lr=0.00234558647411809
2026-03-09 09:49:23,903   INFO  Save latest model to /storage/project/r-gchou3-0/spanse30/MSF/output/cfgs/waymo_models/msf_8frames/default/ckpt/latest_model
2026-03-09 09:49:45,392   INFO  epoch: 0/6, acc_iter=34050, cur_iter=34049/36796, batch_size=4, time_cost(epoch): 19:30:21/1:34:25, time_cost(all): 19:30:25/106:58:10, loss=1.415466547012329, d_time=0.25(0.25), f_time=2.25(1.81), b_time=2.50(2.06), lr=0.002350080496421433
/bin/sh: line 1: gpustat: command not found
2026-03-09 09:49:45,633   INFO  
2026-03-09 09:51:27,709   INFO  epoch: 0/6, acc_iter=34100, cur_iter=34099/36796, batch_size=4, time_cost(epoch): 19:32:04/1:32:42, time_cost(all): 19:32:08/106:56:23, loss=1.8547688722610474, d_time=0.25(0.25), f_time=1.69(1.81), b_time=1.94(2.06), lr=0.0023545775241551733
2026-03-09 09:53:10,236   INFO  epoch: 0/6, acc_iter=34150, cur_iter=34149/36796, batch_size=4, time_cost(epoch): 19:33:46/1:30:58, time_cost(all): 19:33:50/106:54:36, loss=1.783332347869873, d_time=0.25(0.25), f_time=2.19(1.81), b_time=2.44(2.06), lr=0.0023590775430912597
2026-03-09 09:54:23,784   INFO  Save latest model to /storage/project/r-gchou3-0/spanse30/MSF/output/cfgs/waymo_models/msf_8frames/default/ckpt/latest_model
2026-03-09 09:54:51,286   INFO  epoch: 0/6, acc_iter=34200, cur_iter=34199/36796, batch_size=4, time_cost(epoch): 19:35:27/1:29:15, time_cost(all): 19:35:31/106:52:42, loss=1.1732197999954224, d_time=0.25(0.25), f_time=2.02(1.81), b_time=2.27(2.06), lr=0.002363580538992176
/bin/sh: line 1: gpustat: command not found
2026-03-09 09:54:51,535   INFO  
2026-03-09 09:56:35,628   INFO  epoch: 0/6, acc_iter=34250, cur_iter=34249/36796, batch_size=4, time_cost(epoch): 19:37:12/1:27:32, time_cost(all): 19:37:15/106:51:06, loss=1.3337407112121582, d_time=0.25(0.25), f_time=1.92(1.81), b_time=2.17(2.06), lr=0.0023680864976109886
2026-03-09 09:58:18,944   INFO  epoch: 0/6, acc_iter=34300, cur_iter=34299/36796, batch_size=4, time_cost(epoch): 19:38:55/1:25:49, time_cost(all): 19:38:59/106:49:23, loss=1.8400137424468994, d_time=0.25(0.25), f_time=1.78(1.81), b_time=2.03(2.06), lr=0.0023725954046913893
2026-03-09 09:59:24,227   INFO  Save latest model to /storage/project/r-gchou3-0/spanse30/MSF/output/cfgs/waymo_models/msf_8frames/default/ckpt/latest_model
2026-03-09 09:59:59,799   INFO  epoch: 0/6, acc_iter=34350, cur_iter=34349/36796, batch_size=4, time_cost(epoch): 19:40:36/1:24:06, time_cost(all): 19:40:40/106:47:28, loss=1.6549954414367676, d_time=0.25(0.25), f_time=2.11(1.81), b_time=2.36(2.06), lr=0.0023771072459677417
/bin/sh: line 1: gpustat: command not found
2026-03-09 10:00:00,052   INFO  
2026-03-09 10:01:42,203   INFO  epoch: 0/6, acc_iter=34400, cur_iter=34399/36796, batch_size=4, time_cost(epoch): 19:42:18/1:22:23, time_cost(all): 19:42:22/106:45:41, loss=1.9341562986373901, d_time=0.25(0.25), f_time=2.08(1.81), b_time=2.33(2.06), lr=0.0023816220071651243
2026-03-09 10:03:22,096   INFO  epoch: 0/6, acc_iter=34450, cur_iter=34449/36796, batch_size=4, time_cost(epoch): 19:43:58/1:20:39, time_cost(all): 19:44:02/106:43:41, loss=1.4164130687713623, d_time=0.25(0.25), f_time=1.24(1.81), b_time=1.49(2.06), lr=0.0023861396739993813
2026-03-09 10:04:25,253   INFO  Save latest model to /storage/project/r-gchou3-0/spanse30/MSF/output/cfgs/waymo_models/msf_8frames/default/ckpt/latest_model
2026-03-09 10:05:03,119   INFO  epoch: 0/6, acc_iter=34500, cur_iter=34499/36796, batch_size=4, time_cost(epoch): 19:45:39/1:18:56, time_cost(all): 19:45:43/106:41:46, loss=1.5238581895828247, d_time=0.25(0.25), f_time=2.09(1.81), b_time=2.34(2.06), lr=0.0023906602321771596
/bin/sh: line 1: gpustat: command not found
2026-03-09 10:05:03,392   INFO  
2026-03-09 10:06:46,689   INFO  epoch: 0/6, acc_iter=34550, cur_iter=34549/36796, batch_size=4, time_cost(epoch): 19:47:23/1:17:13, time_cost(all): 19:47:26/106:40:06, loss=1.645150065422058, d_time=0.25(0.25), f_time=2.35(1.81), b_time=2.60(2.06), lr=0.002395183667395961
2026-03-09 10:08:29,561   INFO  epoch: 0/6, acc_iter=34600, cur_iter=34599/36796, batch_size=4, time_cost(epoch): 19:49:06/1:15:30, time_cost(all): 19:49:09/106:38:21, loss=1.4776567220687866, d_time=0.25(0.25), f_time=2.30(1.81), b_time=2.55(2.06), lr=0.0023997099653441825
2026-03-09 10:09:25,464   INFO  Save latest model to /storage/project/r-gchou3-0/spanse30/MSF/output/cfgs/waymo_models/msf_8frames/default/ckpt/latest_model
2026-03-09 10:10:11,258   INFO  epoch: 0/6, acc_iter=34650, cur_iter=34649/36796, batch_size=4, time_cost(epoch): 19:50:47/1:13:47, time_cost(all): 19:50:51/106:36:31, loss=1.4532262086868286, d_time=0.24(0.25), f_time=1.74(1.81), b_time=1.99(2.06), lr=0.002404239111701166
/bin/sh: line 1: gpustat: command not found
2026-03-09 10:10:11,508   INFO  
2026-03-09 10:11:49,413   INFO  epoch: 0/6, acc_iter=34700, cur_iter=34699/36796, batch_size=4, time_cost(epoch): 19:52:25/1:12:03, time_cost(all): 19:52:29/106:34:21, loss=1.1773176193237305, d_time=0.25(0.25), f_time=1.26(1.81), b_time=1.51(2.06), lr=0.0024087710921372398
2026-03-09 10:13:32,728   INFO  epoch: 0/6, acc_iter=34750, cur_iter=34749/36796, batch_size=4, time_cost(epoch): 19:54:09/1:10:20, time_cost(all): 19:54:13/106:32:39, loss=1.5752971172332764, d_time=0.24(0.25), f_time=2.77(1.81), b_time=3.01(2.06), lr=0.002413305892313766
2026-03-09 10:14:23,853   INFO  Save latest model to /storage/project/r-gchou3-0/spanse30/MSF/output/cfgs/waymo_models/msf_8frames/default/ckpt/latest_model
2026-03-09 10:15:14,725   INFO  epoch: 0/6, acc_iter=34800, cur_iter=34799/36796, batch_size=4, time_cost(epoch): 19:55:51/1:08:37, time_cost(all): 19:55:55/106:30:50, loss=1.1910499334335327, d_time=0.25(0.25), f_time=1.67(1.81), b_time=1.92(2.06), lr=0.002417843497883186
/bin/sh: line 1: gpustat: command not found
2026-03-09 10:15:14,984   INFO  
2026-03-09 10:16:57,378   INFO  epoch: 0/6, acc_iter=34850, cur_iter=34849/36796, batch_size=4, time_cost(epoch): 19:57:33/1:06:54, time_cost(all): 19:57:37/106:29:05, loss=1.3627517223358154, d_time=0.25(0.25), f_time=1.48(1.81), b_time=1.73(2.06), lr=0.002422383894489064
2026-03-09 10:18:44,938   INFO  epoch: 0/6, acc_iter=34900, cur_iter=34899/36796, batch_size=4, time_cost(epoch): 19:59:21/1:05:11, time_cost(all): 19:59:25/106:27:46, loss=1.2727257013320923, d_time=0.25(0.25), f_time=2.00(1.81), b_time=2.25(2.06), lr=0.002426927067766135
2026-03-09 10:19:23,834   INFO  Save latest model to /storage/project/r-gchou3-0/spanse30/MSF/output/cfgs/waymo_models/msf_8frames/default/ckpt/latest_model
2026-03-09 10:20:27,156   INFO  epoch: 0/6, acc_iter=34950, cur_iter=34949/36796, batch_size=4, time_cost(epoch): 20:01:03/1:03:28, time_cost(all): 20:01:07/106:25:58, loss=1.636713981628418, d_time=0.25(0.25), f_time=2.31(1.81), b_time=2.56(2.06), lr=0.002431473003340347
/bin/sh: line 1: gpustat: command not found
2026-03-09 10:20:27,398   INFO  
2026-03-09 10:22:10,077   INFO  epoch: 0/6, acc_iter=35000, cur_iter=34999/36796, batch_size=4, time_cost(epoch): 20:02:46/1:01:45, time_cost(all): 20:02:50/106:24:14, loss=1.3095682859420776, d_time=0.25(0.25), f_time=1.31(1.81), b_time=1.56(2.06), lr=0.002436021686828911
2026-03-09 10:23:58,187   INFO  epoch: 0/6, acc_iter=35050, cur_iter=35049/36796, batch_size=4, time_cost(epoch): 20:04:34/1:00:02, time_cost(all): 20:04:38/106:22:57, loss=1.7721935510635376, d_time=0.25(0.25), f_time=2.23(1.81), b_time=2.48(2.06), lr=0.0024405731038403436
2026-03-09 10:24:25,174   INFO  Save latest model to /storage/project/r-gchou3-0/spanse30/MSF/output/cfgs/waymo_models/msf_8frames/default/ckpt/latest_model
2026-03-09 10:25:46,305   INFO  epoch: 0/6, acc_iter=35100, cur_iter=35099/36796, batch_size=4, time_cost(epoch): 20:06:22/58:19, time_cost(all): 20:06:26/106:21:41, loss=1.553346037864685, d_time=0.25(0.25), f_time=2.55(1.81), b_time=2.80(2.06), lr=0.0024451272399745104
/bin/sh: line 1: gpustat: command not found
2026-03-09 10:25:46,548   INFO  
2026-03-09 10:27:24,181   INFO  epoch: 0/6, acc_iter=35150, cur_iter=35149/36796, batch_size=4, time_cost(epoch): 20:08:00/56:36, time_cost(all): 20:08:04/106:19:30, loss=1.184713363647461, d_time=0.25(0.25), f_time=1.30(1.81), b_time=1.55(2.06), lr=0.002449684080822675
2026-03-09 10:29:09,942   INFO  epoch: 0/6, acc_iter=35200, cur_iter=35199/36796, batch_size=4, time_cost(epoch): 20:09:46/54:53, time_cost(all): 20:09:50/106:18:01, loss=1.4466404914855957, d_time=0.25(0.25), f_time=1.34(1.81), b_time=1.59(2.06), lr=0.0024542436119675457
2026-03-09 10:29:24,077   INFO  Save latest model to /storage/project/r-gchou3-0/spanse30/MSF/output/cfgs/waymo_models/msf_8frames/default/ckpt/latest_model
2026-03-09 10:30:54,956   INFO  epoch: 0/6, acc_iter=35250, cur_iter=35249/36796, batch_size=4, time_cost(epoch): 20:11:31/53:10, time_cost(all): 20:11:35/106:16:28, loss=1.2863948345184326, d_time=0.25(0.25), f_time=2.29(1.81), b_time=2.54(2.06), lr=0.0024588058189833183
/bin/sh: line 1: gpustat: command not found
2026-03-09 10:30:55,204   INFO  
2026-03-09 10:32:40,925   INFO  epoch: 0/6, acc_iter=35300, cur_iter=35299/36796, batch_size=4, time_cost(epoch): 20:13:17/51:27, time_cost(all): 20:13:21/106:15:00, loss=1.6160106658935547, d_time=0.25(0.25), f_time=2.03(1.81), b_time=2.28(2.06), lr=0.0024633706874357185
2026-03-09 10:34:21,370   INFO  epoch: 0/6, acc_iter=35350, cur_iter=35349/36796, batch_size=4, time_cost(epoch): 20:14:57/49:43, time_cost(all): 20:15:01/106:13:03, loss=1.417960286140442, d_time=0.21(0.25), f_time=0.81(1.81), b_time=1.03(2.06), lr=0.0024679382028820578
2026-03-09 10:34:23,633   INFO  Save latest model to /storage/project/r-gchou3-0/spanse30/MSF/output/cfgs/waymo_models/msf_8frames/default/ckpt/latest_model
2026-03-09 10:36:06,361   INFO  epoch: 0/6, acc_iter=35400, cur_iter=35399/36796, batch_size=4, time_cost(epoch): 20:16:42/48:00, time_cost(all): 20:16:46/106:11:29, loss=1.1085264682769775, d_time=0.25(0.25), f_time=1.46(1.81), b_time=1.71(2.06), lr=0.002472508350871268
/bin/sh: line 1: gpustat: command not found
2026-03-09 10:36:06,680   INFO  
2026-03-09 10:37:50,491   INFO  epoch: 0/6, acc_iter=35450, cur_iter=35449/36796, batch_size=4, time_cost(epoch): 20:18:27/46:17, time_cost(all): 20:18:30/106:09:52, loss=1.9703490734100342, d_time=0.22(0.25), f_time=2.30(1.81), b_time=2.52(2.06), lr=0.002477081116943955
2026-03-09 10:39:24,668   INFO  Save latest model to /storage/project/r-gchou3-0/spanse30/MSF/output/cfgs/waymo_models/msf_8frames/default/ckpt/latest_model
2026-03-09 10:39:35,021   INFO  epoch: 0/6, acc_iter=35500, cur_iter=35499/36796, batch_size=4, time_cost(epoch): 20:20:11/44:34, time_cost(all): 20:20:15/106:08:16, loss=1.2548061609268188, d_time=0.25(0.25), f_time=1.67(1.81), b_time=1.92(2.06), lr=0.0024816564866324393
2026-03-09 10:41:15,265   INFO  epoch: 0/6, acc_iter=35550, cur_iter=35549/36796, batch_size=4, time_cost(epoch): 20:21:51/42:51, time_cost(all): 20:21:55/106:06:18, loss=1.781265377998352, d_time=0.24(0.25), f_time=2.58(1.81), b_time=2.82(2.06), lr=0.002486234445460804
/bin/sh: line 1: gpustat: command not found
2026-03-09 10:41:15,518   INFO  
2026-03-09 10:42:59,758   INFO  epoch: 0/6, acc_iter=35600, cur_iter=35599/36796, batch_size=4, time_cost(epoch): 20:23:36/41:08, time_cost(all): 20:23:40/106:04:42, loss=1.5883077383041382, d_time=0.25(0.25), f_time=1.48(1.81), b_time=1.73(2.06), lr=0.002490814978944943
2026-03-09 10:44:25,200   INFO  Save latest model to /storage/project/r-gchou3-0/spanse30/MSF/output/cfgs/waymo_models/msf_8frames/default/ckpt/latest_model
2026-03-09 10:44:46,074   INFO  epoch: 0/6, acc_iter=35650, cur_iter=35649/36796, batch_size=4, time_cost(epoch): 20:25:22/39:25, time_cost(all): 20:25:26/106:03:15, loss=1.5465856790542603, d_time=0.25(0.25), f_time=1.65(1.81), b_time=1.90(2.06), lr=0.002495398072592602
2026-03-09 10:46:28,214   INFO  epoch: 0/6, acc_iter=35700, cur_iter=35699/36796, batch_size=4, time_cost(epoch): 20:27:04/37:42, time_cost(all): 20:27:08/106:01:27, loss=1.3260254859924316, d_time=0.25(0.25), f_time=1.82(1.81), b_time=2.07(2.06), lr=0.0024999837119034263
/bin/sh: line 1: gpustat: command not found
2026-03-09 10:46:28,469   INFO  
2026-03-09 10:48:11,219   INFO  epoch: 0/6, acc_iter=35750, cur_iter=35749/36796, batch_size=4, time_cost(epoch): 20:28:47/35:59, time_cost(all): 20:28:51/105:59:44, loss=1.2874414920806885, d_time=0.25(0.25), f_time=1.90(1.81), b_time=2.15(2.06), lr=0.0025045718823690074
2026-03-09 10:49:23,626   INFO  Save latest model to /storage/project/r-gchou3-0/spanse30/MSF/output/cfgs/waymo_models/msf_8frames/default/ckpt/latest_model
2026-03-09 10:49:55,460   INFO  epoch: 0/6, acc_iter=35800, cur_iter=35799/36796, batch_size=4, time_cost(epoch): 20:30:32/34:16, time_cost(all): 20:30:35/105:58:06, loss=1.4181671142578125, d_time=0.25(0.25), f_time=2.34(1.81), b_time=2.59(2.06), lr=0.0025091625694729307
2026-03-09 10:51:34,502   INFO  epoch: 0/6, acc_iter=35850, cur_iter=35849/36796, batch_size=4, time_cost(epoch): 20:32:11/32:32, time_cost(all): 20:32:14/105:56:02, loss=1.669688105583191, d_time=0.25(0.25), f_time=2.04(1.81), b_time=2.29(2.06), lr=0.002513755758690816
/bin/sh: line 1: gpustat: command not found
2026-03-09 10:51:34,756   INFO  
2026-03-09 10:53:17,966   INFO  epoch: 0/6, acc_iter=35900, cur_iter=35899/36796, batch_size=4, time_cost(epoch): 20:33:54/30:49, time_cost(all): 20:33:58/105:54:21, loss=1.7070587873458862, d_time=0.25(0.25), f_time=2.65(1.81), b_time=2.90(2.06), lr=0.002518351435490369
2026-03-09 10:54:24,760   INFO  Save latest model to /storage/project/r-gchou3-0/spanse30/MSF/output/cfgs/waymo_models/msf_8frames/default/ckpt/latest_model
2026-03-09 10:54:59,732   INFO  epoch: 0/6, acc_iter=35950, cur_iter=35949/36796, batch_size=4, time_cost(epoch): 20:35:36/29:06, time_cost(all): 20:35:40/105:52:31, loss=1.976071834564209, d_time=0.25(0.25), f_time=2.00(1.81), b_time=2.25(2.06), lr=0.002522949585331424
2026-03-09 10:56:43,722   INFO  epoch: 0/6, acc_iter=36000, cur_iter=35999/36796, batch_size=4, time_cost(epoch): 20:37:20/27:23, time_cost(all): 20:37:24/105:50:52, loss=1.2373783588409424, d_time=0.25(0.25), f_time=1.31(1.81), b_time=1.56(2.06), lr=0.0025275501936659916
/bin/sh: line 1: gpustat: command not found
2026-03-09 10:56:44,003   INFO  
2026-03-09 10:58:26,469   INFO  epoch: 0/6, acc_iter=36050, cur_iter=36049/36796, batch_size=4, time_cost(epoch): 20:39:03/25:40, time_cost(all): 20:39:06/105:49:07, loss=1.306589961051941, d_time=0.25(0.25), f_time=1.72(1.81), b_time=1.97(2.06), lr=0.002532153245938303
2026-03-09 10:59:25,060   INFO  Save latest model to /storage/project/r-gchou3-0/spanse30/MSF/output/cfgs/waymo_models/msf_8frames/default/ckpt/latest_model
2026-03-09 11:00:06,287   INFO  epoch: 0/6, acc_iter=36100, cur_iter=36099/36796, batch_size=4, time_cost(epoch): 20:40:42/23:57, time_cost(all): 20:40:46/105:47:07, loss=1.340778112411499, d_time=0.25(0.25), f_time=1.55(1.81), b_time=1.80(2.06), lr=0.0025367587275848587
2026-03-09 11:01:50,935   INFO  epoch: 0/6, acc_iter=36150, cur_iter=36149/36796, batch_size=4, time_cost(epoch): 20:42:27/22:14, time_cost(all): 20:42:31/105:45:32, loss=1.4830718040466309, d_time=0.25(0.25), f_time=2.08(1.81), b_time=2.33(2.06), lr=0.00254136662403447
/bin/sh: line 1: gpustat: command not found
2026-03-09 11:01:51,177   INFO  
2026-03-09 11:03:32,507   INFO  epoch: 0/6, acc_iter=36200, cur_iter=36199/36796, batch_size=4, time_cost(epoch): 20:44:09/20:31, time_cost(all): 20:44:12/105:43:41, loss=1.821648120880127, d_time=0.25(0.25), f_time=1.56(1.81), b_time=1.81(2.06), lr=0.0025459769207083114
2026-03-09 11:04:24,459   INFO  Save latest model to /storage/project/r-gchou3-0/spanse30/MSF/output/cfgs/waymo_models/msf_8frames/default/ckpt/latest_model
2026-03-09 11:05:19,002   INFO  epoch: 0/6, acc_iter=36250, cur_iter=36249/36796, batch_size=4, time_cost(epoch): 20:45:55/18:48, time_cost(all): 20:45:59/105:42:15, loss=1.2965227365493774, d_time=0.25(0.25), f_time=1.62(1.81), b_time=1.87(2.06), lr=0.0025505896030199615
2026-03-09 11:07:03,336   INFO  epoch: 0/6, acc_iter=36300, cur_iter=36299/36796, batch_size=4, time_cost(epoch): 20:47:39/17:04, time_cost(all): 20:47:43/105:40:38, loss=1.3614813089370728, d_time=0.25(0.25), f_time=2.25(1.81), b_time=2.50(2.06), lr=0.002555204656375451
/bin/sh: line 1: gpustat: command not found
2026-03-09 11:07:03,588   INFO  
2026-03-09 11:08:44,699   INFO  epoch: 0/6, acc_iter=36350, cur_iter=36349/36796, batch_size=4, time_cost(epoch): 20:49:21/15:21, time_cost(all): 20:49:24/105:38:46, loss=1.625584602355957, d_time=0.26(0.25), f_time=1.94(1.81), b_time=2.20(2.06), lr=0.0025598220661733105
2026-03-09 11:09:23,782   INFO  Save latest model to /storage/project/r-gchou3-0/spanse30/MSF/output/cfgs/waymo_models/msf_8frames/default/ckpt/latest_model
2026-03-09 11:10:26,913   INFO  epoch: 0/6, acc_iter=36400, cur_iter=36399/36796, batch_size=4, time_cost(epoch): 20:51:03/13:38, time_cost(all): 20:51:07/105:36:59, loss=1.0660451650619507, d_time=0.25(0.25), f_time=1.24(1.81), b_time=1.49(2.06), lr=0.0025644418178046133
2026-03-09 11:12:08,845   INFO  epoch: 0/6, acc_iter=36450, cur_iter=36449/36796, batch_size=4, time_cost(epoch): 20:52:45/11:55, time_cost(all): 20:52:49/105:35:10, loss=1.1555280685424805, d_time=0.27(0.25), f_time=1.52(1.81), b_time=1.79(2.06), lr=0.0025690638966530243
/bin/sh: line 1: gpustat: command not found
2026-03-09 11:12:09,130   INFO  
2026-03-09 11:13:51,543   INFO  epoch: 0/6, acc_iter=36500, cur_iter=36499/36796, batch_size=4, time_cost(epoch): 20:54:28/10:12, time_cost(all): 20:54:31/105:33:24, loss=1.3374652862548828, d_time=0.25(0.25), f_time=2.12(1.81), b_time=2.37(2.06), lr=0.0025736882880948446
2026-03-09 11:14:24,852   INFO  Save latest model to /storage/project/r-gchou3-0/spanse30/MSF/output/cfgs/waymo_models/msf_8frames/default/ckpt/latest_model
2026-03-09 11:15:34,437   INFO  epoch: 0/6, acc_iter=36550, cur_iter=36549/36796, batch_size=4, time_cost(epoch): 20:56:10/08:29, time_cost(all): 20:56:14/105:31:40, loss=1.5399404764175415, d_time=0.25(0.25), f_time=1.32(1.81), b_time=1.57(2.06), lr=0.002578314977499059
2026-03-09 11:17:14,567   INFO  epoch: 0/6, acc_iter=36600, cur_iter=36599/36796, batch_size=4, time_cost(epoch): 20:57:51/06:46, time_cost(all): 20:57:54/105:29:42, loss=1.0771560668945312, d_time=0.25(0.25), f_time=1.05(1.81), b_time=1.30(2.06), lr=0.002582943950227383
/bin/sh: line 1: gpustat: command not found
2026-03-09 11:17:14,873   INFO  
2026-03-09 11:18:56,478   INFO  epoch: 0/6, acc_iter=36650, cur_iter=36649/36796, batch_size=4, time_cost(epoch): 20:59:33/05:03, time_cost(all): 20:59:36/105:27:53, loss=1.4965492486953735, d_time=0.22(0.25), f_time=1.25(1.81), b_time=1.47(2.06), lr=0.0025875751916343065
2026-03-09 11:19:24,849   INFO  Save latest model to /storage/project/r-gchou3-0/spanse30/MSF/output/cfgs/waymo_models/msf_8frames/default/ckpt/latest_model
2026-03-09 11:20:39,661   INFO  epoch: 0/6, acc_iter=36700, cur_iter=36699/36796, batch_size=4, time_cost(epoch): 21:01:16/03:20, time_cost(all): 21:01:19/105:26:10, loss=1.6532862186431885, d_time=0.25(0.25), f_time=1.87(1.81), b_time=2.12(2.06), lr=0.002592208687067142
2026-03-09 11:22:20,630   INFO  epoch: 0/6, acc_iter=36750, cur_iter=36749/36796, batch_size=4, time_cost(epoch): 21:02:57/01:36, time_cost(all): 21:03:00/105:24:17, loss=1.0982410907745361, d_time=0.25(0.25), f_time=1.51(1.81), b_time=1.76(2.06), lr=0.002596844421866069
/bin/sh: line 1: gpustat: command not found
2026-03-09 11:22:20,895   INFO  
2026-03-09 11:23:49,253   INFO  epoch: 0/6, acc_iter=36796, cur_iter=36795/36796, batch_size=2, time_cost(epoch): 21:04:25/00:02, time_cost(all): 21:04:29/105:22:11, loss=1.2655614614486694, d_time=0.25(0.25), f_time=1.45(1.81), b_time=1.70(2.06), lr=0.0026011112630809612

                                                [Aepochs:  17%|█▋        | 1/6 [21:04:30<105:22:30, 75870.11s/it]
train:   0%|          | 0/36796 [00:00<?, ?it/s][A2026-03-09 11:24:06,410   INFO  epoch: 1/6, acc_iter=36797, cur_iter=0/36796, batch_size=4, time_cost(epoch): 00:15/161:11:22, time_cost(all): 21:04:46/805:56:52, loss=1.4914848804473877, d_time=12.23(12.23), f_time=3.29(3.29), b_time=15.52(15.52), lr=0.002601204041325341
2026-03-09 11:24:11,174   INFO  epoch: 1/6, acc_iter=36800, cur_iter=3/36796, batch_size=4, time_cost(epoch): 00:20/52:28:04, time_cost(all): 21:04:51/262:21:25, loss=1.1435459852218628, d_time=0.24(3.24), f_time=1.83(1.83), b_time=2.07(5.07), lr=0.002601482381364185
2026-03-09 11:25:55,812   INFO  epoch: 1/6, acc_iter=36850, cur_iter=53/36796, batch_size=4, time_cost(epoch): 02:05/23:39:30, time_cost(all): 21:06:36/118:25:43, loss=1.3153660297393799, d_time=0.25(0.47), f_time=1.20(1.84), b_time=1.45(2.31), lr=0.0026061225508875467
2026-03-09 11:27:36,950   INFO  epoch: 1/6, acc_iter=36900, cur_iter=103/36796, batch_size=4, time_cost(epoch): 03:46/22:10:46, time_cost(all): 21:08:17/111:08:47, loss=1.5088119506835938, d_time=0.25(0.36), f_time=2.55(1.81), b_time=2.80(2.17), lr=0.002610764915755219
/bin/sh: line 1: gpustat: command not found
2026-03-09 11:27:37,199   INFO  
2026-03-09 11:28:51,934   INFO  Save latest model to /storage/project/r-gchou3-0/spanse30/MSF/output/cfgs/waymo_models/msf_8frames/default/ckpt/latest_model
2026-03-09 11:29:16,903   INFO  epoch: 1/6, acc_iter=36950, cur_iter=153/36796, batch_size=4, time_cost(epoch): 05:26/21:33:51, time_cost(all): 21:09:57/108:10:54, loss=1.525071382522583, d_time=0.24(0.33), f_time=1.26(1.79), b_time=1.50(2.12), lr=0.0026154094612793207
2026-03-09 11:30:58,527   INFO  epoch: 1/6, acc_iter=37000, cur_iter=203/36796, batch_size=4, time_cost(epoch): 07:07/21:19:13, time_cost(all): 21:11:38/107:04:29, loss=1.7776538133621216, d_time=0.25(0.31), f_time=2.14(1.79), b_time=2.38(2.10), lr=0.0026200561727650726
2026-03-09 11:32:40,435   INFO  epoch: 1/6, acc_iter=37050, cur_iter=253/36796, batch_size=4, time_cost(epoch): 08:49/21:10:21, time_cost(all): 21:13:20/106:26:59, loss=1.1305187940597534, d_time=0.25(0.30), f_time=1.83(1.79), b_time=2.07(2.08), lr=0.002624705035510841
/bin/sh: line 1: gpustat: command not found
2026-03-09 11:32:40,681   INFO  
2026-03-09 11:33:50,980   INFO  Save latest model to /storage/project/r-gchou3-0/spanse30/MSF/output/cfgs/waymo_models/msf_8frames/default/ckpt/latest_model
2026-03-09 11:34:22,825   INFO  epoch: 1/6, acc_iter=37100, cur_iter=303/36796, batch_size=4, time_cost(epoch): 10:32/21:04:49, time_cost(all): 21:15:03/106:06:06, loss=1.5067994594573975, d_time=0.25(0.29), f_time=1.72(1.79), b_time=1.97(2.08), lr=0.002629356034808186
2026-03-09 11:36:04,102   INFO  epoch: 1/6, acc_iter=37150, cur_iter=353/36796, batch_size=4, time_cost(epoch): 12:13/20:58:27, time_cost(all): 21:16:44/105:41:01, loss=1.1419188976287842, d_time=0.25(0.29), f_time=1.14(1.79), b_time=1.39(2.07), lr=0.0026340091559419105
2026-03-09 11:37:46,352   INFO  epoch: 1/6, acc_iter=37200, cur_iter=403/36796, batch_size=4, time_cost(epoch): 13:55/20:54:42, time_cost(all): 21:18:26/105:29:06, loss=1.2312672138214111, d_time=0.25(0.28), f_time=2.50(1.79), b_time=2.75(2.07), lr=0.0026386643841900996
/bin/sh: line 1: gpustat: command not found
2026-03-09 11:37:46,598   INFO  
2026-03-09 11:38:51,378   INFO  Save latest model to /storage/project/r-gchou3-0/spanse30/MSF/output/cfgs/waymo_models/msf_8frames/default/ckpt/latest_model
2026-03-09 11:39:28,311   INFO  epoch: 1/6, acc_iter=37250, cur_iter=453/36796, batch_size=4, time_cost(epoch): 15:37/20:51:01, time_cost(all): 21:20:08/105:17:28, loss=1.1973299980163574, d_time=0.27(0.28), f_time=1.27(1.79), b_time=1.54(2.06), lr=0.0026433217048241757
2026-03-09 11:41:09,891   INFO  epoch: 1/6, acc_iter=37300, cur_iter=503/36796, batch_size=4, time_cost(epoch): 17:19/20:47:16, time_cost(all): 21:21:50/105:05:30, loss=1.3734681606292725, d_time=0.25(0.28), f_time=1.93(1.79), b_time=2.18(2.06), lr=0.002647981103108939
2026-03-09 11:42:45,947   INFO  epoch: 1/6, acc_iter=37350, cur_iter=553/36796, batch_size=4, time_cost(epoch): 18:55/20:37:52, time_cost(all): 21:23:26/104:24:55, loss=1.3516724109649658, d_time=0.25(0.27), f_time=2.24(1.78), b_time=2.49(2.05), lr=0.002652642564302618
/bin/sh: line 1: gpustat: command not found
2026-03-09 11:42:46,204   INFO  
2026-03-09 11:43:52,823   INFO  Save latest model to /storage/project/r-gchou3-0/spanse30/MSF/output/cfgs/waymo_models/msf_8frames/default/ckpt/latest_model
2026-03-09 11:44:26,707   INFO  epoch: 1/6, acc_iter=37400, cur_iter=603/36796, batch_size=4, time_cost(epoch): 20:36/20:34:27, time_cost(all): 21:25:07/104:14:35, loss=1.278510570526123, d_time=0.25(0.27), f_time=1.89(1.77), b_time=2.14(2.05), lr=0.002657306073656912
2026-03-09 11:46:09,240   INFO  epoch: 1/6, acc_iter=37450, cur_iter=653/36796, batch_size=4, time_cost(epoch): 22:18/20:32:57, time_cost(all): 21:26:49/104:13:51, loss=1.4997739791870117, d_time=0.25(0.27), f_time=2.04(1.78), b_time=2.29(2.05), lr=0.0026619716164170424
2026-03-09 11:47:51,009   INFO  epoch: 1/6, acc_iter=37500, cur_iter=703/36796, batch_size=4, time_cost(epoch): 24:00/20:30:45, time_cost(all): 21:28:31/104:09:40, loss=1.9094927310943604, d_time=0.25(0.27), f_time=2.50(1.78), b_time=2.75(2.05), lr=0.002666639177821797
/bin/sh: line 1: gpustat: command not found
2026-03-09 11:47:51,261   INFO  
2026-03-09 11:48:52,685   INFO  Save latest model to /storage/project/r-gchou3-0/spanse30/MSF/output/cfgs/waymo_models/msf_8frames/default/ckpt/latest_model
2026-03-09 11:49:33,173   INFO  epoch: 1/6, acc_iter=37550, cur_iter=753/36796, batch_size=4, time_cost(epoch): 25:42/20:28:56, time_cost(all): 21:30:13/104:07:25, loss=1.452523946762085, d_time=0.25(0.27), f_time=1.97(1.78), b_time=2.22(2.05), lr=0.0026713087431035746
2026-03-09 11:51:15,806   INFO  epoch: 1/6, acc_iter=37600, cur_iter=803/36796, batch_size=4, time_cost(epoch): 27:25/20:27:29, time_cost(all): 21:31:56/104:07:01, loss=1.2901208400726318, d_time=0.25(0.27), f_time=1.59(1.78), b_time=1.84(2.05), lr=0.002675980297488437
2026-03-09 11:52:58,119   INFO  epoch: 1/6, acc_iter=37650, cur_iter=853/36796, batch_size=4, time_cost(epoch): 29:07/20:25:47, time_cost(all): 21:33:38/104:05:19, loss=1.1681337356567383, d_time=0.25(0.27), f_time=1.45(1.78), b_time=1.70(2.05), lr=0.00268065382619615
/bin/sh: line 1: gpustat: command not found
2026-03-09 11:52:58,374   INFO  
2026-03-09 11:53:50,804   INFO  Save latest model to /storage/project/r-gchou3-0/spanse30/MSF/output/cfgs/waymo_models/msf_8frames/default/ckpt/latest_model
2026-03-09 11:54:39,722   INFO  epoch: 1/6, acc_iter=37700, cur_iter=903/36796, batch_size=4, time_cost(epoch): 30:49/20:23:37, time_cost(all): 21:35:20/104:01:13, loss=1.4141955375671387, d_time=0.25(0.26), f_time=1.80(1.78), b_time=2.05(2.05), lr=0.0026853293144402353
2026-03-09 11:56:23,681   INFO  epoch: 1/6, acc_iter=37750, cur_iter=953/36796, batch_size=4, time_cost(epoch): 32:33/20:22:58, time_cost(all): 21:37:03/104:04:55, loss=1.403613805770874, d_time=0.25(0.26), f_time=2.55(1.78), b_time=2.80(2.05), lr=0.0026900067474280123
2026-03-09 11:58:07,621   INFO  epoch: 1/6, acc_iter=37800, cur_iter=1003/36796, batch_size=4, time_cost(epoch): 34:16/20:22:12, time_cost(all): 21:38:47/104:08:00, loss=1.6020715236663818, d_time=0.25(0.26), f_time=1.86(1.79), b_time=2.11(2.05), lr=0.00269468611036065
/bin/sh: line 1: gpustat: command not found
2026-03-09 11:58:07,875   INFO  
2026-03-09 11:58:51,453   INFO  Save latest model to /storage/project/r-gchou3-0/spanse30/MSF/output/cfgs/waymo_models/msf_8frames/default/ckpt/latest_model
2026-03-09 11:59:50,335   INFO  epoch: 1/6, acc_iter=37850, cur_iter=1053/36796, batch_size=4, time_cost(epoch): 35:59/20:20:39, time_cost(all): 21:40:30/104:07:06, loss=1.658813238143921, d_time=0.25(0.26), f_time=2.48(1.79), b_time=2.73(2.05), lr=0.0026993673884332086
2026-03-09 12:01:30,835   INFO  epoch: 1/6, acc_iter=37900, cur_iter=1103/36796, batch_size=4, time_cost(epoch): 37:40/20:17:53, time_cost(all): 21:42:11/104:00:00, loss=1.506958246231079, d_time=0.25(0.26), f_time=2.20(1.78), b_time=2.45(2.05), lr=0.0027040505668346924
2026-03-09 12:03:10,576   INFO  epoch: 1/6, acc_iter=37950, cur_iter=1153/36796, batch_size=4, time_cost(epoch): 39:19/20:14:50, time_cost(all): 21:43:50/103:51:22, loss=1.4803709983825684, d_time=0.27(0.26), f_time=1.82(1.78), b_time=2.09(2.04), lr=0.0027087356307480912
/bin/sh: line 1: gpustat: command not found
2026-03-09 12:03:10,844   INFO  
2026-03-09 12:03:51,489   INFO  Save latest model to /storage/project/r-gchou3-0/spanse30/MSF/output/cfgs/waymo_models/msf_8frames/default/ckpt/latest_model
2026-03-09 12:04:54,494   INFO  epoch: 1/6, acc_iter=38000, cur_iter=1203/36796, batch_size=4, time_cost(epoch): 41:03/20:13:57, time_cost(all): 21:45:34/103:53:53, loss=1.3398360013961792, d_time=0.25(0.26), f_time=1.53(1.78), b_time=1.78(2.05), lr=0.002713422565350428
2026-03-09 12:06:32,926   INFO  epoch: 1/6, acc_iter=38050, cur_iter=1253/36796, batch_size=4, time_cost(epoch): 42:42/20:10:24, time_cost(all): 21:47:13/103:42:44, loss=1.2269741296768188, d_time=0.25(0.26), f_time=1.19(1.78), b_time=1.44(2.04), lr=0.0027181113558128107
2026-03-09 12:08:16,715   INFO  epoch: 1/6, acc_iter=38100, cur_iter=1303/36796, batch_size=4, time_cost(epoch): 44:26/20:09:26, time_cost(all): 21:48:57/103:44:49, loss=1.531419038772583, d_time=0.25(0.26), f_time=1.90(1.78), b_time=2.16(2.04), lr=0.0027228019873004722
/bin/sh: line 1: gpustat: command not found
2026-03-09 12:08:16,964   INFO  
2026-03-09 12:08:50,875   INFO  Save latest model to /storage/project/r-gchou3-0/spanse30/MSF/output/cfgs/waymo_models/msf_8frames/default/ckpt/latest_model
2026-03-09 12:09:56,979   INFO  epoch: 1/6, acc_iter=38150, cur_iter=1353/36796, batch_size=4, time_cost(epoch): 46:06/20:06:53, time_cost(all): 21:50:37/103:38:42, loss=1.6347607374191284, d_time=0.25(0.26), f_time=1.98(1.78), b_time=2.23(2.04), lr=0.0027274944449728234
2026-03-09 12:11:34,845   INFO  epoch: 1/6, acc_iter=38200, cur_iter=1403/36796, batch_size=4, time_cost(epoch): 47:44/20:03:22, time_cost(all): 21:52:15/103:27:42, loss=1.1749801635742188, d_time=0.25(0.26), f_time=1.41(1.78), b_time=1.66(2.04), lr=0.0027321887139834934
2026-03-09 12:13:17,814   INFO  epoch: 1/6, acc_iter=38250, cur_iter=1453/36796, batch_size=4, time_cost(epoch): 49:27/20:02:04, time_cost(all): 21:53:58/103:28:02, loss=1.17119562625885, d_time=0.25(0.26), f_time=1.30(1.78), b_time=1.55(2.04), lr=0.0027368847794803845
/bin/sh: line 1: gpustat: command not found
2026-03-09 12:13:18,108   INFO  
2026-03-09 12:13:52,225   INFO  Save latest model to /storage/project/r-gchou3-0/spanse30/MSF/output/cfgs/waymo_models/msf_8frames/default/ckpt/latest_model
2026-03-09 12:15:02,015   INFO  epoch: 1/6, acc_iter=38300, cur_iter=1503/36796, batch_size=4, time_cost(epoch): 51:11/20:01:13, time_cost(all): 21:55:42/103:30:43, loss=1.162567138671875, d_time=0.25(0.26), f_time=2.11(1.78), b_time=2.36(2.04), lr=0.002741582626605713
2026-03-09 12:16:44,604   INFO  epoch: 1/6, acc_iter=38350, cur_iter=1553/36796, batch_size=4, time_cost(epoch): 52:53/19:59:42, time_cost(all): 21:57:24/103:29:57, loss=1.1648249626159668, d_time=0.25(0.26), f_time=1.88(1.78), b_time=2.13(2.04), lr=0.0027462822404960598
2026-03-09 12:18:23,494   INFO  epoch: 1/6, acc_iter=38400, cur_iter=1603/36796, batch_size=4, time_cost(epoch): 54:32/19:56:48, time_cost(all): 21:59:03/103:22:08, loss=1.253736972808838, d_time=0.24(0.26), f_time=1.68(1.78), b_time=1.92(2.04), lr=0.002750983606282414
/bin/sh: line 1: gpustat: command not found
2026-03-09 12:18:23,809   INFO  
2026-03-09 12:18:51,712   INFO  Save latest model to /storage/project/r-gchou3-0/spanse30/MSF/output/cfgs/waymo_models/msf_8frames/default/ckpt/latest_model
2026-03-09 12:20:05,081   INFO  epoch: 1/6, acc_iter=38450, cur_iter=1653/36796, batch_size=4, time_cost(epoch): 56:14/19:54:57, time_cost(all): 22:00:45/103:19:38, loss=1.6174330711364746, d_time=0.25(0.26), f_time=1.56(1.78), b_time=1.81(2.04), lr=0.0027556867090902234
2026-03-09 12:21:45,707   INFO  epoch: 1/6, acc_iter=38500, cur_iter=1703/36796, batch_size=4, time_cost(epoch): 57:55/19:52:47, time_cost(all): 22:02:26/103:15:28, loss=1.5469555854797363, d_time=0.25(0.26), f_time=1.45(1.78), b_time=1.69(2.04), lr=0.00276039153403944
2026-03-09 12:23:26,478   INFO  epoch: 1/6, acc_iter=38550, cur_iter=1753/36796, batch_size=4, time_cost(epoch): 59:35/19:50:41, time_cost(all): 22:04:06/103:11:41, loss=1.8990334272384644, d_time=0.25(0.26), f_time=2.52(1.78), b_time=2.77(2.04), lr=0.0027650980662445664
/bin/sh: line 1: gpustat: command not found
2026-03-09 12:23:26,723   INFO  
2026-03-09 12:23:52,487   INFO  Save latest model to /storage/project/r-gchou3-0/spanse30/MSF/output/cfgs/waymo_models/msf_8frames/default/ckpt/latest_model
2026-03-09 12:25:08,427   INFO  epoch: 1/6, acc_iter=38600, cur_iter=1803/36796, batch_size=4, time_cost(epoch): 1:01:17/19:48:59, time_cost(all): 22:05:48/103:10:01, loss=1.4481596946716309, d_time=0.24(0.26), f_time=1.84(1.78), b_time=2.08(2.04), lr=0.002769806290814705
2026-03-09 12:26:49,380   INFO  epoch: 1/6, acc_iter=38650, cur_iter=1853/36796, batch_size=4, time_cost(epoch): 1:02:58/19:46:59, time_cost(all): 22:07:29/103:06:43, loss=1.5808218717575073, d_time=0.25(0.26), f_time=2.33(1.78), b_time=2.58(2.04), lr=0.002774516192853601
2026-03-09 12:28:26,970   INFO  epoch: 1/6, acc_iter=38700, cur_iter=1903/36796, batch_size=4, time_cost(epoch): 1:04:36/19:43:58, time_cost(all): 22:09:07/102:58:08, loss=1.5731563568115234, d_time=0.25(0.26), f_time=1.89(1.78), b_time=2.14(2.04), lr=0.002779227757459695
/bin/sh: line 1: gpustat: command not found
2026-03-09 12:28:27,224   INFO  
2026-03-09 12:28:51,759   INFO  Save latest model to /storage/project/r-gchou3-0/spanse30/MSF/output/cfgs/waymo_models/msf_8frames/default/ckpt/latest_model
2026-03-09 12:30:06,669   INFO  epoch: 1/6, acc_iter=38750, cur_iter=1953/36796, batch_size=4, time_cost(epoch): 1:06:16/19:41:39, time_cost(all): 22:10:46/102:53:11, loss=1.0064953565597534, d_time=0.25(0.26), f_time=1.59(1.78), b_time=1.84(2.03), lr=0.0027839409697261665
2026-03-09 12:31:48,738   INFO  epoch: 1/6, acc_iter=38800, cur_iter=2003/36796, batch_size=4, time_cost(epoch): 1:07:58/19:40:03, time_cost(all): 22:12:29/102:51:59, loss=1.6034929752349854, d_time=0.25(0.26), f_time=2.39(1.78), b_time=2.64(2.03), lr=0.0027886558147409823
2026-03-09 12:33:30,789   INFO  epoch: 1/6, acc_iter=38850, cur_iter=2053/36796, batch_size=4, time_cost(epoch): 1:09:40/19:38:26, time_cost(all): 22:14:11/102:50:44, loss=1.173366665840149, d_time=0.25(0.26), f_time=0.92(1.78), b_time=1.17(2.04), lr=0.002793372277586943
/bin/sh: line 1: gpustat: command not found
2026-03-09 12:33:31,108   INFO  
2026-03-09 12:33:51,980   INFO  Save latest model to /storage/project/r-gchou3-0/spanse30/MSF/output/cfgs/waymo_models/msf_8frames/default/ckpt/latest_model
2026-03-09 12:35:14,315   INFO  epoch: 1/6, acc_iter=38900, cur_iter=2103/36796, batch_size=4, time_cost(epoch): 1:11:23/19:37:13, time_cost(all): 22:15:54/102:51:35, loss=1.4727401733398438, d_time=0.25(0.26), f_time=1.83(1.78), b_time=2.08(2.04), lr=0.0027980903433417314
2026-03-09 12:36:58,740   INFO  epoch: 1/6, acc_iter=38950, cur_iter=2153/36796, batch_size=4, time_cost(epoch): 1:13:08/19:36:14, time_cost(all): 22:17:39/102:53:35, loss=1.585391640663147, d_time=0.25(0.26), f_time=2.17(1.78), b_time=2.42(2.04), lr=0.0028028099970779565
2026-03-09 12:38:38,030   INFO  epoch: 1/6, acc_iter=39000, cur_iter=2203/36796, batch_size=4, time_cost(epoch): 1:14:47/19:33:52, time_cost(all): 22:19:18/102:48:21, loss=1.064385175704956, d_time=0.25(0.26), f_time=1.00(1.78), b_time=1.25(2.04), lr=0.002807531223863206
/bin/sh: line 1: gpustat: command not found
2026-03-09 12:38:38,282   INFO  
2026-03-09 12:38:50,986   INFO  Save latest model to /storage/project/r-gchou3-0/spanse30/MSF/output/cfgs/waymo_models/msf_8frames/default/ckpt/latest_model
2026-03-09 12:40:16,684   INFO  epoch: 1/6, acc_iter=39050, cur_iter=2253/36796, batch_size=4, time_cost(epoch): 1:16:26/19:31:22, time_cost(all): 22:20:56/102:42:26, loss=1.2914048433303833, d_time=0.25(0.26), f_time=1.52(1.78), b_time=1.77(2.03), lr=0.0028122540087600896
2026-03-09 12:41:57,462   INFO  epoch: 1/6, acc_iter=39100, cur_iter=2303/36796, batch_size=4, time_cost(epoch): 1:18:06/19:29:26, time_cost(all): 22:22:37/102:39:29, loss=1.1809507608413696, d_time=0.25(0.26), f_time=1.02(1.78), b_time=1.27(2.03), lr=0.002816978336826286
2026-03-09 12:43:37,809   INFO  epoch: 1/6, acc_iter=39150, cur_iter=2353/36796, batch_size=4, time_cost(epoch): 1:19:47/19:27:24, time_cost(all): 22:24:18/102:36:02, loss=1.1692464351654053, d_time=0.25(0.26), f_time=1.45(1.78), b_time=1.69(2.03), lr=0.0028217041931145946
/bin/sh: line 1: gpustat: command not found
2026-03-09 12:43:38,111   INFO  
2026-03-09 12:43:51,125   INFO  Save latest model to /storage/project/r-gchou3-0/spanse30/MSF/output/cfgs/waymo_models/msf_8frames/default/ckpt/latest_model
2026-03-09 12:45:20,380   INFO  epoch: 1/6, acc_iter=39200, cur_iter=2403/36796, batch_size=4, time_cost(epoch): 1:21:29/19:25:55, time_cost(all): 22:26:00/102:35:27, loss=1.4160248041152954, d_time=0.25(0.26), f_time=1.72(1.78), b_time=1.97(2.03), lr=0.0028264315626729763
2026-03-09 12:47:01,711   INFO  epoch: 1/6, acc_iter=39250, cur_iter=2453/36796, batch_size=4, time_cost(epoch): 1:23:11/19:24:08, time_cost(all): 22:27:42/102:33:18, loss=1.5700113773345947, d_time=0.25(0.26), f_time=2.15(1.78), b_time=2.40(2.03), lr=0.002831160430544606
2026-03-09 12:48:38,808   INFO  epoch: 1/6, acc_iter=39300, cur_iter=2503/36796, batch_size=4, time_cost(epoch): 1:24:48/19:21:23, time_cost(all): 22:29:19/102:26:04, loss=1.6460601091384888, d_time=0.25(0.26), f_time=1.48(1.78), b_time=1.73(2.03), lr=0.002835890781767919
/bin/sh: line 1: gpustat: command not found
2026-03-09 12:48:39,064   INFO  
2026-03-09 12:48:52,693   INFO  Save latest model to /storage/project/r-gchou3-0/spanse30/MSF/output/cfgs/waymo_models/msf_8frames/default/ckpt/latest_model
2026-03-09 12:50:21,569   INFO  epoch: 1/6, acc_iter=39350, cur_iter=2553/36796, batch_size=4, time_cost(epoch): 1:26:30/19:19:57, time_cost(all): 22:31:01/102:25:45, loss=1.276331901550293, d_time=0.25(0.26), f_time=2.06(1.78), b_time=2.31(2.03), lr=0.0028406226013766543
2026-03-09 12:52:04,265   INFO  epoch: 1/6, acc_iter=39400, cur_iter=2603/36796, batch_size=4, time_cost(epoch): 1:28:13/19:18:30, time_cost(all): 22:32:44/102:25:18, loss=1.152814269065857, d_time=0.25(0.26), f_time=1.87(1.78), b_time=2.12(2.03), lr=0.0028453558743999074
2026-03-09 12:53:43,341   INFO  epoch: 1/6, acc_iter=39450, cur_iter=2653/36796, batch_size=4, time_cost(epoch): 1:29:52/19:16:15, time_cost(all): 22:34:23/102:20:40, loss=1.372928500175476, d_time=0.25(0.26), f_time=1.95(1.78), b_time=2.20(2.03), lr=0.0028500905858621765
/bin/sh: line 1: gpustat: command not found
2026-03-09 12:53:43,596   INFO  
2026-03-09 12:53:52,073   INFO  Save latest model to /storage/project/r-gchou3-0/spanse30/MSF/output/cfgs/waymo_models/msf_8frames/default/ckpt/latest_model
2026-03-09 12:55:25,277   INFO  epoch: 1/6, acc_iter=39500, cur_iter=2703/36796, batch_size=4, time_cost(epoch): 1:31:34/19:14:38, time_cost(all): 22:36:05/102:19:22, loss=1.1803430318832397, d_time=0.25(0.26), f_time=1.47(1.78), b_time=1.72(2.03), lr=0.0028548267207834056
2026-03-09 12:57:09,327   INFO  epoch: 1/6, acc_iter=39550, cur_iter=2753/36796, batch_size=4, time_cost(epoch): 1:33:18/19:13:27, time_cost(all): 22:37:49/102:20:21, loss=1.3383498191833496, d_time=0.25(0.26), f_time=1.59(1.78), b_time=1.84(2.03), lr=0.0028595642641790382
2026-03-09 12:58:49,864   INFO  epoch: 1/6, acc_iter=39600, cur_iter=2803/36796, batch_size=4, time_cost(epoch): 1:34:59/19:11:31, time_cost(all): 22:39:30/102:17:28, loss=1.0474483966827393, d_time=0.25(0.26), f_time=1.41(1.78), b_time=1.66(2.03), lr=0.0028643032010600604
/bin/sh: line 1: gpustat: command not found
2026-03-09 12:58:50,116   INFO  
2026-03-09 12:58:53,068   INFO  Save latest model to /storage/project/r-gchou3-0/spanse30/MSF/output/cfgs/waymo_models/msf_8frames/default/ckpt/latest_model
2026-03-09 13:00:32,735   INFO  epoch: 1/6, acc_iter=39650, cur_iter=2853/36796, batch_size=4, time_cost(epoch): 1:36:42/19:10:05, time_cost(all): 22:41:13/102:17:05, loss=1.8032156229019165, d_time=0.22(0.26), f_time=1.65(1.78), b_time=1.87(2.03), lr=0.002869043516433047
2026-03-09 13:02:13,813   INFO  epoch: 1/6, acc_iter=39700, cur_iter=2903/36796, batch_size=4, time_cost(epoch): 1:38:23/19:08:16, time_cost(all): 22:42:54/102:14:48, loss=1.057523488998413, d_time=0.25(0.26), f_time=1.99(1.78), b_time=2.23(2.03), lr=0.002873785195300214
2026-03-09 13:03:51,200   INFO  Save latest model to /storage/project/r-gchou3-0/spanse30/MSF/output/cfgs/waymo_models/msf_8frames/default/ckpt/latest_model
2026-03-09 13:03:53,015   INFO  epoch: 1/6, acc_iter=39750, cur_iter=2953/36796, batch_size=4, time_cost(epoch): 1:40:02/19:06:07, time_cost(all): 22:44:33/102:10:37, loss=1.3285892009735107, d_time=0.36(0.26), f_time=1.57(1.78), b_time=1.93(2.03), lr=0.002878528222659465
/bin/sh: line 1: gpustat: command not found
2026-03-09 13:03:53,286   INFO  
2026-03-09 13:05:33,689   INFO  epoch: 1/6, acc_iter=39800, cur_iter=3003/36796, batch_size=4, time_cost(epoch): 1:41:43/19:04:15, time_cost(all): 22:46:13/102:08:00, loss=1.4514219760894775, d_time=0.25(0.26), f_time=1.79(1.78), b_time=2.04(2.03), lr=0.0028832725835044345
2026-03-09 13:07:12,970   INFO  epoch: 1/6, acc_iter=39850, cur_iter=3053/36796, batch_size=4, time_cost(epoch): 1:43:22/19:02:08, time_cost(all): 22:47:53/102:04:02, loss=1.4335711002349854, d_time=0.25(0.26), f_time=1.93(1.78), b_time=2.18(2.03), lr=0.0028880182628245373
2026-03-09 13:08:52,332   INFO  epoch: 1/6, acc_iter=39900, cur_iter=3103/36796, batch_size=4, time_cost(epoch): 1:45:01/19:00:03, time_cost(all): 22:49:32/102:00:13, loss=1.2212789058685303, d_time=0.25(0.26), f_time=1.53(1.77), b_time=1.78(2.03), lr=0.0028927652456050197
/bin/sh: line 1: gpustat: command not found
2026-03-09 13:08:52,590   INFO  
2026-03-09 13:08:52,711   INFO  Save latest model to /storage/project/r-gchou3-0/spanse30/MSF/output/cfgs/waymo_models/msf_8frames/default/ckpt/latest_model
2026-03-09 13:10:31,444   INFO  epoch: 1/6, acc_iter=39950, cur_iter=3153/36796, batch_size=4, time_cost(epoch): 1:46:40/18:57:55, time_cost(all): 22:51:11/101:56:14, loss=1.9756290912628174, d_time=0.25(0.26), f_time=0.43(1.77), b_time=0.68(2.03), lr=0.0028975135168270018
2026-03-09 13:12:17,018   INFO  epoch: 1/6, acc_iter=40000, cur_iter=3203/36796, batch_size=4, time_cost(epoch): 1:48:26/18:56:57, time_cost(all): 22:52:57/101:58:24, loss=1.2603330612182617, d_time=0.25(0.26), f_time=1.77(1.78), b_time=2.02(2.03), lr=0.0029022630614675277
2026-03-09 13:13:50,792   INFO  Save latest model to /storage/project/r-gchou3-0/spanse30/MSF/output/cfgs/waymo_models/msf_8frames/default/ckpt/latest_model
2026-03-09 13:14:01,182   INFO  epoch: 1/6, acc_iter=40050, cur_iter=3253/36796, batch_size=4, time_cost(epoch): 1:50:10/18:55:43, time_cost(all): 22:54:41/101:59:09, loss=1.1244089603424072, d_time=0.25(0.26), f_time=1.08(1.78), b_time=1.33(2.03), lr=0.0029070138644996133
/bin/sh: line 1: gpustat: command not found
2026-03-09 13:14:01,454   INFO  
2026-03-09 13:15:42,410   INFO  epoch: 1/6, acc_iter=40100, cur_iter=3303/36796, batch_size=4, time_cost(epoch): 1:51:51/18:53:57, time_cost(all): 22:56:22/101:57:08, loss=2.143524646759033, d_time=0.25(0.26), f_time=2.78(1.78), b_time=3.03(2.03), lr=0.0029117659108922915
2026-03-09 13:17:24,152   INFO  epoch: 1/6, acc_iter=40150, cur_iter=3353/36796, batch_size=4, time_cost(epoch): 1:53:33/18:52:18, time_cost(all): 22:58:04/101:55:36, loss=1.3771154880523682, d_time=0.25(0.26), f_time=1.82(1.78), b_time=2.07(2.03), lr=0.002916519185610664
2026-03-09 13:18:53,047   INFO  Save latest model to /storage/project/r-gchou3-0/spanse30/MSF/output/cfgs/waymo_models/msf_8frames/default/ckpt/latest_model
2026-03-09 13:19:10,645   INFO  epoch: 1/6, acc_iter=40200, cur_iter=3403/36796, batch_size=4, time_cost(epoch): 1:55:20/18:51:24, time_cost(all): 22:59:50/101:58:15, loss=1.4262211322784424, d_time=0.25(0.26), f_time=2.37(1.78), b_time=2.62(2.03), lr=0.002921273673615943
/bin/sh: line 1: gpustat: command not found
2026-03-09 13:19:10,894   INFO  
2026-03-09 13:20:54,687   INFO  epoch: 1/6, acc_iter=40250, cur_iter=3453/36796, batch_size=4, time_cost(epoch): 1:57:04/18:50:06, time_cost(all): 23:01:34/101:58:39, loss=1.6010253429412842, d_time=0.25(0.26), f_time=1.78(1.78), b_time=2.03(2.03), lr=0.002926029359865504
2026-03-09 13:22:38,765   INFO  epoch: 1/6, acc_iter=40300, cur_iter=3503/36796, batch_size=4, time_cost(epoch): 1:58:48/18:48:47, time_cost(all): 23:03:19/101:59:01, loss=1.080539345741272, d_time=0.25(0.25), f_time=1.32(1.78), b_time=1.57(2.03), lr=0.0029307862293129305
2026-03-09 13:23:51,048   INFO  Save latest model to /storage/project/r-gchou3-0/spanse30/MSF/output/cfgs/waymo_models/msf_8frames/default/ckpt/latest_model
2026-03-09 13:24:18,735   INFO  epoch: 1/6, acc_iter=40350, cur_iter=3553/36796, batch_size=4, time_cost(epoch): 2:00:28/18:46:49, time_cost(all): 23:04:59/101:55:50, loss=1.261584997177124, d_time=0.25(0.25), f_time=2.02(1.78), b_time=2.27(2.03), lr=0.0029355442669080642
/bin/sh: line 1: gpustat: command not found
2026-03-09 13:24:18,981   INFO  
2026-03-09 13:26:01,605   INFO  epoch: 1/6, acc_iter=40400, cur_iter=3603/36796, batch_size=4, time_cost(epoch): 2:02:10/18:45:18, time_cost(all): 23:06:41/101:55:08, loss=1.9741711616516113, d_time=0.25(0.25), f_time=2.36(1.78), b_time=2.61(2.03), lr=0.0029403034575970497
2026-03-09 13:27:42,384   INFO  epoch: 1/6, acc_iter=40450, cur_iter=3653/36796, batch_size=4, time_cost(epoch): 2:03:51/18:43:28, time_cost(all): 23:08:22/101:52:40, loss=1.3697052001953125, d_time=0.24(0.25), f_time=1.98(1.78), b_time=2.22(2.03), lr=0.0029450637863223826
2026-03-09 13:28:51,913   INFO  Save latest model to /storage/project/r-gchou3-0/spanse30/MSF/output/cfgs/waymo_models/msf_8frames/default/ckpt/latest_model
2026-03-09 13:29:24,441   INFO  epoch: 1/6, acc_iter=40500, cur_iter=3703/36796, batch_size=4, time_cost(epoch): 2:05:33/18:41:49, time_cost(all): 23:10:04/101:51:16, loss=1.6158695220947266, d_time=0.25(0.25), f_time=1.89(1.78), b_time=2.14(2.03), lr=0.0029498252380229582
/bin/sh: line 1: gpustat: command not found
2026-03-09 13:29:24,689   INFO  
2026-03-09 13:31:06,632   INFO  epoch: 1/6, acc_iter=40550, cur_iter=3753/36796, batch_size=4, time_cost(epoch): 2:07:15/18:40:12, time_cost(all): 23:11:46/101:49:58, loss=1.323599934577942, d_time=0.25(0.25), f_time=1.65(1.78), b_time=1.90(2.03), lr=0.002954587797634121
2026-03-09 13:32:51,543   INFO  epoch: 1/6, acc_iter=40600, cur_iter=3803/36796, batch_size=4, time_cost(epoch): 2:09:00/18:38:58, time_cost(all): 23:13:31/101:50:48, loss=1.4413132667541504, d_time=0.25(0.25), f_time=1.87(1.78), b_time=2.12(2.03), lr=0.002959351450087708
2026-03-09 13:33:51,794   INFO  Save latest model to /storage/project/r-gchou3-0/spanse30/MSF/output/cfgs/waymo_models/msf_8frames/default/ckpt/latest_model
2026-03-09 13:34:35,127   INFO  epoch: 1/6, acc_iter=40650, cur_iter=3853/36796, batch_size=4, time_cost(epoch): 2:10:44/18:37:32, time_cost(all): 23:15:15/101:50:33, loss=1.2869528532028198, d_time=0.25(0.25), f_time=1.76(1.78), b_time=2.01(2.04), lr=0.0029641161803120974
/bin/sh: line 1: gpustat: command not found
2026-03-09 13:34:35,379   INFO  
2026-03-09 13:36:15,178   INFO  epoch: 1/6, acc_iter=40700, cur_iter=3903/36796, batch_size=4, time_cost(epoch): 2:12:24/18:35:36, time_cost(all): 23:16:55/101:47:32, loss=0.9003602862358093, d_time=0.25(0.25), f_time=1.29(1.78), b_time=1.54(2.03), lr=0.0029688819732322613
2026-03-09 13:37:57,230   INFO  epoch: 1/6, acc_iter=40750, cur_iter=3953/36796, batch_size=4, time_cost(epoch): 2:14:06/18:33:57, time_cost(all): 23:18:37/101:46:04, loss=1.752817153930664, d_time=0.28(0.25), f_time=2.12(1.78), b_time=2.39(2.03), lr=0.0029736488137698065
2026-03-09 13:38:52,240   INFO  Save latest model to /storage/project/r-gchou3-0/spanse30/MSF/output/cfgs/waymo_models/msf_8frames/default/ckpt/latest_model
2026-03-09 13:39:39,745   INFO  epoch: 1/6, acc_iter=40800, cur_iter=4003/36796, batch_size=4, time_cost(epoch): 2:15:49/18:32:21, time_cost(all): 23:20:20/101:44:56, loss=1.4383325576782227, d_time=0.25(0.25), f_time=2.31(1.78), b_time=2.56(2.04), lr=0.0029784166868430254
/bin/sh: line 1: gpustat: command not found
2026-03-09 13:39:39,989   INFO  
2026-03-09 13:41:23,820   INFO  epoch: 1/6, acc_iter=40850, cur_iter=4053/36796, batch_size=4, time_cost(epoch): 2:17:33/18:30:58, time_cost(all): 23:22:04/101:44:57, loss=1.141364336013794, d_time=0.25(0.25), f_time=1.40(1.78), b_time=1.65(2.04), lr=0.0029831855773669457
2026-03-09 13:43:07,581   INFO  epoch: 1/6, acc_iter=40900, cur_iter=4103/36796, batch_size=4, time_cost(epoch): 2:19:16/18:29:32, time_cost(all): 23:23:47/101:44:42, loss=1.7344391345977783, d_time=0.25(0.25), f_time=2.13(1.78), b_time=2.38(2.04), lr=0.002987955470253375
2026-03-09 13:43:51,003   INFO  Save latest model to /storage/project/r-gchou3-0/spanse30/MSF/output/cfgs/waymo_models/msf_8frames/default/ckpt/latest_model
2026-03-09 13:44:48,689   INFO  epoch: 1/6, acc_iter=40950, cur_iter=4153/36796, batch_size=4, time_cost(epoch): 2:20:58/18:27:45, time_cost(all): 23:25:28/101:42:29, loss=1.1565325260162354, d_time=0.25(0.25), f_time=1.71(1.78), b_time=1.96(2.04), lr=0.002992726350410947
/bin/sh: line 1: gpustat: command not found
2026-03-09 13:44:48,939   INFO  
2026-03-09 13:46:30,745   INFO  epoch: 1/6, acc_iter=41000, cur_iter=4203/36796, batch_size=4, time_cost(epoch): 2:22:40/18:26:05, time_cost(all): 23:27:11/101:40:58, loss=1.4414305686950684, d_time=0.25(0.25), f_time=1.33(1.78), b_time=1.58(2.04), lr=0.0029974982027451765
2026-03-09 13:48:14,797   INFO  epoch: 1/6, acc_iter=41050, cur_iter=4253/36796, batch_size=4, time_cost(epoch): 2:24:24/18:24:40, time_cost(all): 23:28:55/101:40:51, loss=1.3813965320587158, d_time=0.25(0.25), f_time=1.98(1.78), b_time=2.22(2.04), lr=0.003002271012158499
2026-03-09 13:48:51,613   INFO  Save latest model to /storage/project/r-gchou3-0/spanse30/MSF/output/cfgs/waymo_models/msf_8frames/default/ckpt/latest_model
2026-03-09 13:49:54,130   INFO  epoch: 1/6, acc_iter=41100, cur_iter=4303/36796, batch_size=4, time_cost(epoch): 2:26:03/18:22:39, time_cost(all): 23:30:34/101:37:25, loss=1.3117668628692627, d_time=0.25(0.25), f_time=1.26(1.78), b_time=1.51(2.04), lr=0.003007044763550322
/bin/sh: line 1: gpustat: command not found
2026-03-09 13:49:54,430   INFO  
2026-03-09 13:51:36,188   INFO  epoch: 1/6, acc_iter=41150, cur_iter=4353/36796, batch_size=4, time_cost(epoch): 2:27:45/18:20:59, time_cost(all): 23:32:16/101:35:53, loss=1.2114691734313965, d_time=0.25(0.25), f_time=1.24(1.78), b_time=1.49(2.04), lr=0.003011819441817075
2026-03-09 13:53:18,289   INFO  epoch: 1/6, acc_iter=41200, cur_iter=4403/36796, batch_size=4, time_cost(epoch): 2:29:27/18:19:20, time_cost(all): 23:33:58/101:34:23, loss=1.5213490724563599, d_time=0.25(0.25), f_time=2.15(1.78), b_time=2.40(2.04), lr=0.003016595031852252
2026-03-09 13:53:52,460   INFO  Save latest model to /storage/project/r-gchou3-0/spanse30/MSF/output/cfgs/waymo_models/msf_8frames/default/ckpt/latest_model
2026-03-09 13:55:01,085   INFO  epoch: 1/6, acc_iter=41250, cur_iter=4453/36796, batch_size=4, time_cost(epoch): 2:31:10/18:17:45, time_cost(all): 23:35:41/101:33:21, loss=1.0849663019180298, d_time=0.24(0.25), f_time=1.06(1.78), b_time=1.31(2.04), lr=0.003021371518546465
/bin/sh: line 1: gpustat: command not found
2026-03-09 13:55:01,333   INFO  
2026-03-09 13:56:43,435   INFO  epoch: 1/6, acc_iter=41300, cur_iter=4503/36796, batch_size=4, time_cost(epoch): 2:32:52/18:16:07, time_cost(all): 23:37:23/101:32:00, loss=1.3392839431762695, d_time=0.25(0.25), f_time=2.04(1.78), b_time=2.29(2.04), lr=0.003026148886787488
2026-03-09 13:58:26,785   INFO  epoch: 1/6, acc_iter=41350, cur_iter=4553/36796, batch_size=4, time_cost(epoch): 2:34:36/18:14:36, time_cost(all): 23:39:07/101:31:18, loss=1.5694935321807861, d_time=0.25(0.25), f_time=1.73(1.78), b_time=1.98(2.04), lr=0.003030927121460306
2026-03-09 13:58:52,459   INFO  Save latest model to /storage/project/r-gchou3-0/spanse30/MSF/output/cfgs/waymo_models/msf_8frames/default/ckpt/latest_model
2026-03-09 14:00:09,074   INFO  epoch: 1/6, acc_iter=41400, cur_iter=4603/36796, batch_size=4, time_cost(epoch): 2:36:18/18:12:57, time_cost(all): 23:40:49/101:29:54, loss=1.354673981666565, d_time=0.25(0.25), f_time=2.29(1.78), b_time=2.54(2.04), lr=0.003035706207447161
/bin/sh: line 1: gpustat: command not found
2026-03-09 14:00:09,322   INFO  
2026-03-09 14:01:51,531   INFO  epoch: 1/6, acc_iter=41450, cur_iter=4653/36796, batch_size=4, time_cost(epoch): 2:38:00/18:11:20, time_cost(all): 23:42:31/101:28:35, loss=1.439944863319397, d_time=0.25(0.25), f_time=2.11(1.78), b_time=2.36(2.04), lr=0.0030404861296276045
2026-03-09 14:03:31,607   INFO  epoch: 1/6, acc_iter=41500, cur_iter=4703/36796, batch_size=4, time_cost(epoch): 2:39:40/18:09:26, time_cost(all): 23:44:11/101:25:46, loss=1.4577949047088623, d_time=0.25(0.25), f_time=2.73(1.78), b_time=2.98(2.04), lr=0.00304526687287854
2026-03-09 14:03:51,913   INFO  Save latest model to /storage/project/r-gchou3-0/spanse30/MSF/output/cfgs/waymo_models/msf_8frames/default/ckpt/latest_model
2026-03-09 14:05:11,083   INFO  epoch: 1/6, acc_iter=41550, cur_iter=4753/36796, batch_size=4, time_cost(epoch): 2:41:20/18:07:28, time_cost(all): 23:45:51/101:22:35, loss=1.3379703760147095, d_time=0.25(0.25), f_time=1.25(1.78), b_time=1.50(2.04), lr=0.003050048422074275
/bin/sh: line 1: gpustat: command not found
2026-03-09 14:05:11,339   INFO  
2026-03-09 14:06:51,595   INFO  epoch: 1/6, acc_iter=41600, cur_iter=4803/36796, batch_size=4, time_cost(epoch): 2:43:00/18:05:37, time_cost(all): 23:47:31/101:20:04, loss=1.2631886005401611, d_time=0.25(0.25), f_time=1.28(1.78), b_time=1.53(2.04), lr=0.0030548307620865667
2026-03-09 14:08:31,438   INFO  epoch: 1/6, acc_iter=41650, cur_iter=4853/36796, batch_size=4, time_cost(epoch): 2:44:40/18:03:43, time_cost(all): 23:49:11/101:17:10, loss=1.2847832441329956, d_time=0.25(0.25), f_time=1.82(1.78), b_time=2.07(2.04), lr=0.003059613877784668
2026-03-09 14:08:51,275   INFO  Save latest model to /storage/project/r-gchou3-0/spanse30/MSF/output/cfgs/waymo_models/msf_8frames/default/ckpt/latest_model
2026-03-09 14:10:12,934   INFO  epoch: 1/6, acc_iter=41700, cur_iter=4903/36796, batch_size=4, time_cost(epoch): 2:46:22/18:01:59, time_cost(all): 23:50:53/101:15:18, loss=1.4377187490463257, d_time=0.25(0.25), f_time=1.80(1.78), b_time=2.04(2.04), lr=0.003064397754035381
/bin/sh: line 1: gpustat: command not found
2026-03-09 14:10:13,191   INFO  
2026-03-09 14:11:51,983   INFO  epoch: 1/6, acc_iter=41750, cur_iter=4953/36796, batch_size=4, time_cost(epoch): 2:48:01/18:00:00, time_cost(all): 23:52:32/101:11:58, loss=1.2596697807312012, d_time=0.25(0.25), f_time=1.85(1.78), b_time=2.10(2.03), lr=0.0030691823757030986
2026-03-09 14:13:35,838   INFO  epoch: 1/6, acc_iter=41800, cur_iter=5003/36796, batch_size=4, time_cost(epoch): 2:49:45/17:58:31, time_cost(all): 23:54:16/101:11:31, loss=1.7569570541381836, d_time=0.25(0.25), f_time=2.15(1.78), b_time=2.40(2.04), lr=0.0030739677276498583
2026-03-09 14:13:51,549   INFO  Save latest model to /storage/project/r-gchou3-0/spanse30/MSF/output/cfgs/waymo_models/msf_8frames/default/ckpt/latest_model
2026-03-09 14:15:17,741   INFO  epoch: 1/6, acc_iter=41850, cur_iter=5053/36796, batch_size=4, time_cost(epoch): 2:51:27/17:56:50, time_cost(all): 23:55:58/101:09:54, loss=1.2771494388580322, d_time=0.25(0.25), f_time=2.18(1.78), b_time=2.43(2.04), lr=0.0030787537947353843
/bin/sh: line 1: gpustat: command not found
2026-03-09 14:15:17,988   INFO  
2026-03-09 14:17:01,195   INFO  epoch: 1/6, acc_iter=41900, cur_iter=5103/36796, batch_size=4, time_cost(epoch): 2:53:10/17:55:19, time_cost(all): 23:57:41/101:09:11, loss=1.2870838642120361, d_time=0.25(0.25), f_time=1.23(1.78), b_time=1.48(2.04), lr=0.0030835405618171393
2026-03-09 14:18:47,779   INFO  epoch: 1/6, acc_iter=41950, cur_iter=5153/36796, batch_size=4, time_cost(epoch): 2:54:57/17:54:07, time_cost(all): 23:59:28/101:10:16, loss=1.4254670143127441, d_time=0.25(0.25), f_time=1.80(1.78), b_time=2.05(2.04), lr=0.0030883280137503724
2026-03-09 14:18:52,260   INFO  Save latest model to /storage/project/r-gchou3-0/spanse30/MSF/output/cfgs/waymo_models/msf_8frames/default/ckpt/latest_model
2026-03-09 14:20:35,278   INFO  epoch: 1/6, acc_iter=42000, cur_iter=5203/36796, batch_size=4, time_cost(epoch): 2:56:44/17:52:59, time_cost(all): 24:01:15/101:11:49, loss=1.509004831314087, d_time=0.24(0.25), f_time=2.27(1.78), b_time=2.51(2.04), lr=0.003093116135388163
/bin/sh: line 1: gpustat: command not found
2026-03-09 14:20:35,528   INFO  
2026-03-09 14:22:14,339   INFO  epoch: 1/6, acc_iter=42050, cur_iter=5253/36796, batch_size=4, time_cost(epoch): 2:58:23/17:51:00, time_cost(all): 24:02:54/101:08:31, loss=1.857235312461853, d_time=0.25(0.25), f_time=2.19(1.78), b_time=2.44(2.04), lr=0.003097904911581475
2026-03-09 14:23:52,007   INFO  Save latest model to /storage/project/r-gchou3-0/spanse30/MSF/output/cfgs/waymo_models/msf_8frames/default/ckpt/latest_model
2026-03-09 14:23:54,029   INFO  epoch: 1/6, acc_iter=42100, cur_iter=5303/36796, batch_size=4, time_cost(epoch): 3:00:03/17:49:06, time_cost(all): 24:04:34/101:05:36, loss=1.1947333812713623, d_time=0.41(0.25), f_time=1.77(1.78), b_time=2.18(2.04), lr=0.0031026943271792004
2026-03-09 14:25:37,381   INFO  epoch: 1/6, acc_iter=42150, cur_iter=5353/36796, batch_size=4, time_cost(epoch): 3:01:46/17:47:33, time_cost(all): 24:06:17/101:04:44, loss=1.1962456703186035, d_time=0.25(0.25), f_time=1.15(1.78), b_time=1.40(2.04), lr=0.0031074843670282058
/bin/sh: line 1: gpustat: command not found
2026-03-09 14:25:37,658   INFO  
2026-03-09 14:27:22,946   INFO  epoch: 1/6, acc_iter=42200, cur_iter=5403/36796, batch_size=4, time_cost(epoch): 3:03:32/17:46:12, time_cost(all): 24:08:03/101:05:05, loss=1.3270583152770996, d_time=0.25(0.25), f_time=1.89(1.78), b_time=2.14(2.04), lr=0.003112275015973385
2026-03-09 14:28:52,861   INFO  Save latest model to /storage/project/r-gchou3-0/spanse30/MSF/output/cfgs/waymo_models/msf_8frames/default/ckpt/latest_model
2026-03-09 14:29:07,415   INFO  epoch: 1/6, acc_iter=42250, cur_iter=5453/36796, batch_size=4, time_cost(epoch): 3:05:16/17:44:45, time_cost(all): 24:09:47/101:04:47, loss=1.3429646492004395, d_time=0.25(0.25), f_time=1.82(1.78), b_time=2.07(2.04), lr=0.0031170662588577043
2026-03-09 14:30:48,336   INFO  epoch: 1/6, acc_iter=42300, cur_iter=5503/36796, batch_size=4, time_cost(epoch): 3:06:57/17:42:58, time_cost(all): 24:11:28/101:02:33, loss=1.4359861612319946, d_time=0.25(0.25), f_time=1.45(1.78), b_time=1.70(2.04), lr=0.0031218580805222516
/bin/sh: line 1: gpustat: command not found
2026-03-09 14:30:48,631   INFO  
2026-03-09 14:32:33,315   INFO  epoch: 1/6, acc_iter=42350, cur_iter=5553/36796, batch_size=4, time_cost(epoch): 3:08:42/17:41:33, time_cost(all): 24:13:13/101:02:30, loss=1.5274314880371094, d_time=0.25(0.25), f_time=2.62(1.78), b_time=2.87(2.04), lr=0.003126650465806282
2026-03-09 14:33:50,753   INFO  Save latest model to /storage/project/r-gchou3-0/spanse30/MSF/output/cfgs/waymo_models/msf_8frames/default/ckpt/latest_model
2026-03-09 14:34:15,998   INFO  epoch: 1/6, acc_iter=42400, cur_iter=5603/36796, batch_size=4, time_cost(epoch): 3:10:25/17:39:55, time_cost(all): 24:14:56/101:01:12, loss=1.486220121383667, d_time=0.25(0.25), f_time=1.73(1.78), b_time=1.98(2.04), lr=0.003131443399547268
2026-03-09 14:36:00,327   INFO  epoch: 1/6, acc_iter=42450, cur_iter=5653/36796, batch_size=4, time_cost(epoch): 3:12:09/17:38:27, time_cost(all): 24:16:40/101:00:46, loss=1.220690369606018, d_time=0.25(0.25), f_time=1.65(1.79), b_time=1.90(2.04), lr=0.0031362368665809486
/bin/sh: line 1: gpustat: command not found
2026-03-09 14:36:00,587   INFO  
2026-03-09 14:37:43,117   INFO  epoch: 1/6, acc_iter=42500, cur_iter=5703/36796, batch_size=4, time_cost(epoch): 3:13:52/17:36:49, time_cost(all): 24:18:23/100:59:29, loss=1.3226065635681152, d_time=0.25(0.25), f_time=1.69(1.79), b_time=1.94(2.04), lr=0.0031410308517413727
2026-03-09 14:38:52,097   INFO  Save latest model to /storage/project/r-gchou3-0/spanse30/MSF/output/cfgs/waymo_models/msf_8frames/default/ckpt/latest_model
2026-03-09 14:39:23,574   INFO  epoch: 1/6, acc_iter=42550, cur_iter=5753/36796, batch_size=4, time_cost(epoch): 3:15:32/17:34:59, time_cost(all): 24:20:03/100:57:01, loss=1.7852933406829834, d_time=0.25(0.25), f_time=2.25(1.79), b_time=2.50(2.04), lr=0.0031458253398609515
2026-03-09 14:41:04,622   INFO  epoch: 1/6, acc_iter=42600, cur_iter=5803/36796, batch_size=4, time_cost(epoch): 3:17:13/17:33:12, time_cost(all): 24:21:44/100:54:51, loss=1.1334826946258545, d_time=0.25(0.25), f_time=1.66(1.78), b_time=1.91(2.04), lr=0.003150620315770504
/bin/sh: line 1: gpustat: command not found
2026-03-09 14:41:04,876   INFO  
2026-03-09 14:42:46,539   INFO  epoch: 1/6, acc_iter=42650, cur_iter=5853/36796, batch_size=4, time_cost(epoch): 3:18:55/17:31:30, time_cost(all): 24:23:26/100:53:08, loss=1.233823299407959, d_time=0.25(0.25), f_time=1.65(1.78), b_time=1.90(2.04), lr=0.003155415764299308
2026-03-09 14:43:52,283   INFO  Save latest model to /storage/project/r-gchou3-0/spanse30/MSF/output/cfgs/waymo_models/msf_8frames/default/ckpt/latest_model
2026-03-09 14:44:32,406   INFO  epoch: 1/6, acc_iter=42700, cur_iter=5903/36796, batch_size=4, time_cost(epoch): 3:20:41/17:30:09, time_cost(all): 24:25:12/100:53:24, loss=1.3506956100463867, d_time=0.25(0.25), f_time=1.41(1.79), b_time=1.66(2.04), lr=0.0031602116702751423
2026-03-09 14:46:12,556   INFO  epoch: 1/6, acc_iter=42750, cur_iter=5953/36796, batch_size=4, time_cost(epoch): 3:22:21/17:28:17, time_cost(all): 24:26:52/100:50:48, loss=1.0880215167999268, d_time=0.25(0.25), f_time=1.93(1.79), b_time=2.18(2.04), lr=0.0031650080185243418
/bin/sh: line 1: gpustat: command not found
2026-03-09 14:46:12,808   INFO  
2026-03-09 14:47:56,100   INFO  epoch: 1/6, acc_iter=42800, cur_iter=6003/36796, batch_size=4, time_cost(epoch): 3:24:05/17:26:43, time_cost(all): 24:28:36/100:49:53, loss=1.3743014335632324, d_time=0.25(0.25), f_time=2.13(1.79), b_time=2.38(2.04), lr=0.003169804793871841
2026-03-09 14:48:51,151   INFO  Save latest model to /storage/project/r-gchou3-0/spanse30/MSF/output/cfgs/waymo_models/msf_8frames/default/ckpt/latest_model
2026-03-09 14:49:38,593   INFO  epoch: 1/6, acc_iter=42850, cur_iter=6053/36796, batch_size=4, time_cost(epoch): 3:25:47/17:25:04, time_cost(all): 24:30:18/100:48:26, loss=1.5111713409423828, d_time=0.25(0.25), f_time=1.96(1.79), b_time=2.21(2.04), lr=0.0031746019811412225
2026-03-09 14:51:25,413   INFO  epoch: 1/6, acc_iter=42900, cur_iter=6103/36796, batch_size=4, time_cost(epoch): 3:27:34/17:23:46, time_cost(all): 24:32:05/100:49:05, loss=1.3895679712295532, d_time=0.25(0.25), f_time=1.92(1.79), b_time=2.17(2.04), lr=0.0031793995651547657
/bin/sh: line 1: gpustat: command not found
2026-03-09 14:51:25,664   INFO  
2026-03-09 14:53:09,855   INFO  epoch: 1/6, acc_iter=42950, cur_iter=6153/36796, batch_size=4, time_cost(epoch): 3:29:19/17:22:16, time_cost(all): 24:33:50/100:48:33, loss=1.2951072454452515, d_time=0.25(0.25), f_time=1.76(1.79), b_time=2.01(2.04), lr=0.0031841975307334964
2026-03-09 14:53:51,044   INFO  Save latest model to /storage/project/r-gchou3-0/spanse30/MSF/output/cfgs/waymo_models/msf_8frames/default/ckpt/latest_model
2026-03-09 14:54:50,301   INFO  epoch: 1/6, acc_iter=43000, cur_iter=6203/36796, batch_size=4, time_cost(epoch): 3:30:59/17:20:26, time_cost(all): 24:35:30/100:46:05, loss=1.5470194816589355, d_time=0.24(0.25), f_time=2.00(1.79), b_time=2.24(2.04), lr=0.0031889958626972314
2026-03-09 14:56:32,243   INFO  epoch: 1/6, acc_iter=43050, cur_iter=6253/36796, batch_size=4, time_cost(epoch): 3:32:41/17:18:44, time_cost(all): 24:37:12/100:44:20, loss=1.0824856758117676, d_time=0.25(0.25), f_time=1.48(1.79), b_time=1.73(2.04), lr=0.003193794545864628
/bin/sh: line 1: gpustat: command not found
2026-03-09 14:56:32,600   INFO  
2026-03-09 14:58:16,864   INFO  epoch: 1/6, acc_iter=43100, cur_iter=6303/36796, batch_size=4, time_cost(epoch): 3:34:26/17:17:15, time_cost(all): 24:38:57/100:43:52, loss=1.0988436937332153, d_time=0.25(0.25), f_time=0.76(1.79), b_time=1.01(2.04), lr=0.003198593565053235
2026-03-09 14:58:52,705   INFO  Save latest model to /storage/project/r-gchou3-0/spanse30/MSF/output/cfgs/waymo_models/msf_8frames/default/ckpt/latest_model
2026-03-09 15:00:01,183   INFO  epoch: 1/6, acc_iter=43150, cur_iter=6353/36796, batch_size=4, time_cost(epoch): 3:36:10/17:15:43, time_cost(all): 24:40:41/100:43:13, loss=1.4435155391693115, d_time=0.25(0.25), f_time=1.31(1.79), b_time=1.56(2.04), lr=0.003203392905079534
2026-03-09 15:01:43,394   INFO  epoch: 1/6, acc_iter=43200, cur_iter=6403/36796, batch_size=4, time_cost(epoch): 3:37:52/17:14:02, time_cost(all): 24:42:23/100:41:35, loss=1.5583350658416748, d_time=0.25(0.25), f_time=1.81(1.79), b_time=2.06(2.04), lr=0.003208192550758995
/bin/sh: line 1: gpustat: command not found
2026-03-09 15:01:43,646   INFO  
2026-03-09 15:03:22,742   INFO  epoch: 1/6, acc_iter=43250, cur_iter=6453/36796, batch_size=4, time_cost(epoch): 3:39:32/17:12:07, time_cost(all): 24:44:03/100:38:38, loss=1.2813349962234497, d_time=0.25(0.25), f_time=1.46(1.79), b_time=1.71(2.04), lr=0.0032129924869061196
2026-03-09 15:03:52,125   INFO  Save latest model to /storage/project/r-gchou3-0/spanse30/MSF/output/cfgs/waymo_models/msf_8frames/default/ckpt/latest_model
2026-03-09 15:05:04,020   INFO  epoch: 1/6, acc_iter=43300, cur_iter=6503/36796, batch_size=4, time_cost(epoch): 3:41:13/17:10:22, time_cost(all): 24:45:44/100:36:35, loss=1.456291913986206, d_time=0.25(0.25), f_time=1.66(1.79), b_time=1.91(2.04), lr=0.0032177926983344898
2026-03-09 15:06:48,062   INFO  epoch: 1/6, acc_iter=43350, cur_iter=6553/36796, batch_size=4, time_cost(epoch): 3:42:57/17:08:49, time_cost(all): 24:47:28/100:35:47, loss=1.4250891208648682, d_time=0.25(0.25), f_time=1.78(1.79), b_time=2.02(2.04), lr=0.003222593169856818
/bin/sh: line 1: gpustat: command not found
2026-03-09 15:06:48,315   INFO  
2026-03-09 15:08:31,217   INFO  epoch: 1/6, acc_iter=43400, cur_iter=6603/36796, batch_size=4, time_cost(epoch): 3:44:40/17:07:12, time_cost(all): 24:49:11/100:34:35, loss=1.2262465953826904, d_time=0.25(0.25), f_time=1.44(1.79), b_time=1.69(2.04), lr=0.003227393886284993
2026-03-09 15:08:52,436   INFO  Save latest model to /storage/project/r-gchou3-0/spanse30/MSF/output/cfgs/waymo_models/msf_8frames/default/ckpt/latest_model
2026-03-09 15:10:13,974   INFO  epoch: 1/6, acc_iter=43450, cur_iter=6653/36796, batch_size=4, time_cost(epoch): 3:46:23/17:05:33, time_cost(all): 24:50:54/100:33:11, loss=1.3609673976898193, d_time=0.25(0.25), f_time=1.51(1.79), b_time=1.76(2.04), lr=0.0032321948324301295
2026-03-09 15:11:58,373   INFO  epoch: 1/6, acc_iter=43500, cur_iter=6703/36796, batch_size=4, time_cost(epoch): 3:48:07/17:04:01, time_cost(all): 24:52:38/100:32:31, loss=1.4948623180389404, d_time=0.25(0.25), f_time=1.86(1.79), b_time=2.11(2.04), lr=0.0032369959931026126
/bin/sh: line 1: gpustat: command not found
2026-03-09 15:11:58,627   INFO  
2026-03-09 15:13:35,854   INFO  epoch: 1/6, acc_iter=43550, cur_iter=6753/36796, batch_size=4, time_cost(epoch): 3:49:45/17:01:59, time_cost(all): 24:54:16/100:28:48, loss=1.5084404945373535, d_time=0.24(0.25), f_time=1.84(1.79), b_time=2.08(2.04), lr=0.0032417973531121535
2026-03-09 15:13:51,719   INFO  Save latest model to /storage/project/r-gchou3-0/spanse30/MSF/output/cfgs/waymo_models/msf_8frames/default/ckpt/latest_model
2026-03-09 15:15:12,792   INFO  epoch: 1/6, acc_iter=43600, cur_iter=6803/36796, batch_size=4, time_cost(epoch): 3:51:22/16:59:54, time_cost(all): 24:55:53/100:24:52, loss=1.443076252937317, d_time=0.25(0.25), f_time=2.28(1.79), b_time=2.53(2.04), lr=0.0032465988972678267
2026-03-09 15:16:55,683   INFO  epoch: 1/6, acc_iter=43650, cur_iter=6853/36796, batch_size=4, time_cost(epoch): 3:53:05/16:58:16, time_cost(all): 24:57:35/100:23:33, loss=1.3175244331359863, d_time=0.25(0.25), f_time=1.52(1.79), b_time=1.77(2.04), lr=0.0032514006103781298
/bin/sh: line 1: gpustat: command not found
2026-03-09 15:16:55,953   INFO  
2026-03-09 15:18:39,100   INFO  epoch: 1/6, acc_iter=43700, cur_iter=6903/36796, batch_size=4, time_cost(epoch): 3:54:48/16:56:40, time_cost(all): 24:59:19/100:22:27, loss=1.2725971937179565, d_time=0.25(0.25), f_time=1.93(1.79), b_time=2.18(2.04), lr=0.0032562024772510223
2026-03-09 15:18:51,752   INFO  Save latest model to /storage/project/r-gchou3-0/spanse30/MSF/output/cfgs/waymo_models/msf_8frames/default/ckpt/latest_model
2026-03-09 15:20:22,166   INFO  epoch: 1/6, acc_iter=43750, cur_iter=6953/36796, batch_size=4, time_cost(epoch): 3:56:31/16:55:02, time_cost(all): 25:01:02/100:21:11, loss=1.4217253923416138, d_time=0.25(0.25), f_time=2.47(1.79), b_time=2.72(2.04), lr=0.0032610044826939786
2026-03-09 15:22:03,749   INFO  epoch: 1/6, acc_iter=43800, cur_iter=7003/36796, batch_size=4, time_cost(epoch): 3:58:13/16:53:18, time_cost(all): 25:02:44/100:19:18, loss=1.4834399223327637, d_time=0.24(0.25), f_time=2.28(1.79), b_time=2.52(2.04), lr=0.0032658066115140347
/bin/sh: line 1: gpustat: command not found
2026-03-09 15:22:03,998   INFO  
2026-03-09 15:23:44,617   INFO  epoch: 1/6, acc_iter=43850, cur_iter=7053/36796, batch_size=4, time_cost(epoch): 3:59:53/16:51:31, time_cost(all): 25:04:24/100:17:06, loss=1.3004381656646729, d_time=0.25(0.25), f_time=1.96(1.79), b_time=2.21(2.04), lr=0.003270608848517836
2026-03-09 15:23:50,879   INFO  Save latest model to /storage/project/r-gchou3-0/spanse30/MSF/output/cfgs/waymo_models/msf_8frames/default/ckpt/latest_model
2026-03-09 15:25:26,185   INFO  epoch: 1/6, acc_iter=43900, cur_iter=7103/36796, batch_size=4, time_cost(epoch): 4:01:35/16:49:47, time_cost(all): 25:06:06/100:15:13, loss=1.16237473487854, d_time=0.25(0.25), f_time=1.32(1.79), b_time=1.57(2.04), lr=0.003275411178511684
2026-03-09 15:27:12,162   INFO  epoch: 1/6, acc_iter=43950, cur_iter=7153/36796, batch_size=4, time_cost(epoch): 4:03:21/16:48:22, time_cost(all): 25:07:52/100:15:09, loss=1.1524302959442139, d_time=0.25(0.25), f_time=1.45(1.79), b_time=1.70(2.04), lr=0.003280213586301589
/bin/sh: line 1: gpustat: command not found
2026-03-09 15:27:12,418   INFO  
2026-03-09 15:28:51,604   INFO  Save latest model to /storage/project/r-gchou3-0/spanse30/MSF/output/cfgs/waymo_models/msf_8frames/default/ckpt/latest_model
2026-03-09 15:28:56,136   INFO  epoch: 1/6, acc_iter=44000, cur_iter=7203/36796, batch_size=4, time_cost(epoch): 4:05:05/16:46:48, time_cost(all): 25:09:36/100:14:14, loss=1.7360010147094727, d_time=0.25(0.25), f_time=2.62(1.79), b_time=2.86(2.04), lr=0.0032850160566933136
2026-03-09 15:30:37,818   INFO  epoch: 1/6, acc_iter=44050, cur_iter=7253/36796, batch_size=4, time_cost(epoch): 4:06:47/16:45:04, time_cost(all): 25:11:18/100:12:22, loss=1.1108448505401611, d_time=0.25(0.25), f_time=1.71(1.79), b_time=1.96(2.04), lr=0.003289818574492422
2026-03-09 15:32:21,694   INFO  epoch: 1/6, acc_iter=44100, cur_iter=7303/36796, batch_size=4, time_cost(epoch): 4:08:31/16:43:29, time_cost(all): 25:13:01/100:11:24, loss=1.2998933792114258, d_time=0.25(0.25), f_time=1.81(1.79), b_time=2.06(2.04), lr=0.0032946211245043298
/bin/sh: line 1: gpustat: command not found
2026-03-09 15:32:21,949   INFO  
2026-03-09 15:33:51,216   INFO  Save latest model to /storage/project/r-gchou3-0/spanse30/MSF/output/cfgs/waymo_models/msf_8frames/default/ckpt/latest_model
2026-03-09 15:34:04,115   INFO  epoch: 1/6, acc_iter=44150, cur_iter=7353/36796, batch_size=4, time_cost(epoch): 4:10:13/16:41:49, time_cost(all): 25:14:44/100:09:50, loss=1.4687540531158447, d_time=0.25(0.25), f_time=2.75(1.79), b_time=3.00(2.04), lr=0.0032994236915343486
2026-03-09 15:35:43,382   INFO  epoch: 1/6, acc_iter=44200, cur_iter=7403/36796, batch_size=4, time_cost(epoch): 4:11:52/16:39:55, time_cost(all): 25:16:23/100:07:01, loss=1.408373475074768, d_time=0.25(0.25), f_time=1.75(1.79), b_time=2.00(2.04), lr=0.0033042262603877365
2026-03-09 15:37:25,081   INFO  epoch: 1/6, acc_iter=44250, cur_iter=7453/36796, batch_size=4, time_cost(epoch): 4:13:34/16:38:12, time_cost(all): 25:18:05/100:05:11, loss=1.182236671447754, d_time=0.25(0.25), f_time=1.57(1.79), b_time=1.82(2.04), lr=0.003309028815869749
/bin/sh: line 1: gpustat: command not found
2026-03-09 15:37:25,331   INFO  
2026-03-09 15:38:51,253   INFO  Save latest model to /storage/project/r-gchou3-0/spanse30/MSF/output/cfgs/waymo_models/msf_8frames/default/ckpt/latest_model
2026-03-09 15:39:13,468   INFO  epoch: 1/6, acc_iter=44300, cur_iter=7503/36796, batch_size=4, time_cost(epoch): 4:15:22/16:36:54, time_cost(all): 25:19:53/100:05:58, loss=1.4757627248764038, d_time=0.28(0.25), f_time=1.79(1.79), b_time=2.07(2.04), lr=0.0033138313427856798
2026-03-09 15:40:57,320   INFO  epoch: 1/6, acc_iter=44350, cur_iter=7553/36796, batch_size=4, time_cost(epoch): 4:17:06/16:35:19, time_cost(all): 25:21:37/100:04:56, loss=1.296187400817871, d_time=0.25(0.25), f_time=2.15(1.79), b_time=2.40(2.04), lr=0.0033186338259409156
2026-03-09 15:42:38,140   INFO  epoch: 1/6, acc_iter=44400, cur_iter=7603/36796, batch_size=4, time_cost(epoch): 4:18:47/16:33:32, time_cost(all): 25:23:18/100:02:44, loss=1.4132000207901, d_time=0.25(0.25), f_time=1.78(1.79), b_time=2.03(2.04), lr=0.00332343625014098
/bin/sh: line 1: gpustat: command not found
2026-03-09 15:42:38,387   INFO  
2026-03-09 15:43:51,608   INFO  Save latest model to /storage/project/r-gchou3-0/spanse30/MSF/output/cfgs/waymo_models/msf_8frames/default/ckpt/latest_model
2026-03-09 15:44:19,893   INFO  epoch: 1/6, acc_iter=44450, cur_iter=7653/36796, batch_size=4, time_cost(epoch): 4:20:29/16:31:49, time_cost(all): 25:25:00/100:00:54, loss=1.1274586915969849, d_time=0.25(0.25), f_time=1.53(1.79), b_time=1.78(2.04), lr=0.0033282386001915855
2026-03-09 15:46:00,959   INFO  epoch: 1/6, acc_iter=44500, cur_iter=7703/36796, batch_size=4, time_cost(epoch): 4:22:10/16:30:03, time_cost(all): 25:26:41/99:58:49, loss=1.5792346000671387, d_time=0.24(0.25), f_time=2.03(1.79), b_time=2.27(2.04), lr=0.003333040860898674
2026-03-09 15:47:41,689   INFO  epoch: 1/6, acc_iter=44550, cur_iter=7753/36796, batch_size=4, time_cost(epoch): 4:23:51/16:28:15, time_cost(all): 25:28:21/99:56:36, loss=1.469424843788147, d_time=0.25(0.25), f_time=2.28(1.79), b_time=2.53(2.04), lr=0.0033378430170684765
/bin/sh: line 1: gpustat: command not found
2026-03-09 15:47:41,933   INFO  
2026-03-09 15:48:51,993   INFO  Save latest model to /storage/project/r-gchou3-0/spanse30/MSF/output/cfgs/waymo_models/msf_8frames/default/ckpt/latest_model
2026-03-09 15:49:27,028   INFO  epoch: 1/6, acc_iter=44600, cur_iter=7803/36796, batch_size=4, time_cost(epoch): 4:25:36/16:26:46, time_cost(all): 25:30:07/99:56:07, loss=1.5642132759094238, d_time=0.29(0.25), f_time=1.39(1.79), b_time=1.67(2.04), lr=0.0033426450535075504
2026-03-09 15:51:05,703   INFO  epoch: 1/6, acc_iter=44650, cur_iter=7853/36796, batch_size=4, time_cost(epoch): 4:27:15/16:24:51, time_cost(all): 25:31:46/99:53:08, loss=1.4771254062652588, d_time=0.24(0.25), f_time=1.93(1.79), b_time=2.17(2.04), lr=0.003347446955022835
2026-03-09 15:52:47,366   INFO  epoch: 1/6, acc_iter=44700, cur_iter=7903/36796, batch_size=4, time_cost(epoch): 4:28:56/16:23:07, time_cost(all): 25:33:27/99:51:17, loss=1.4417575597763062, d_time=0.28(0.25), f_time=1.59(1.79), b_time=1.87(2.04), lr=0.0033522487064216924
/bin/sh: line 1: gpustat: command not found
2026-03-09 15:52:47,616   INFO  
2026-03-09 15:53:52,163   INFO  Save latest model to /storage/project/r-gchou3-0/spanse30/MSF/output/cfgs/waymo_models/msf_8frames/default/ckpt/latest_model
2026-03-09 15:54:31,682   INFO  epoch: 1/6, acc_iter=44750, cur_iter=7953/36796, batch_size=4, time_cost(epoch): 4:30:41/16:21:33, time_cost(all): 25:35:11/99:50:24, loss=1.3882803916931152, d_time=0.25(0.25), f_time=1.82(1.79), b_time=2.07(2.04), lr=0.0033570502925119633
2026-03-09 15:56:14,927   INFO  epoch: 1/6, acc_iter=44800, cur_iter=8003/36796, batch_size=4, time_cost(epoch): 4:32:24/16:19:55, time_cost(all): 25:36:55/99:49:07, loss=1.6357698440551758, d_time=0.22(0.25), f_time=2.23(1.79), b_time=2.44(2.04), lr=0.00336185169810201
2026-03-09 15:57:55,497   INFO  epoch: 1/6, acc_iter=44850, cur_iter=8053/36796, batch_size=4, time_cost(epoch): 4:34:04/16:18:08, time_cost(all): 25:38:35/99:46:52, loss=0.9862033128738403, d_time=0.25(0.25), f_time=1.58(1.79), b_time=1.83(2.04), lr=0.003366652908000766
/bin/sh: line 1: gpustat: command not found
2026-03-09 15:57:55,753   INFO  
2026-03-09 15:58:51,907   INFO  Save latest model to /storage/project/r-gchou3-0/spanse30/MSF/output/cfgs/waymo_models/msf_8frames/default/ckpt/latest_model
2026-03-09 15:59:37,191   INFO  epoch: 1/6, acc_iter=44900, cur_iter=8103/36796, batch_size=4, time_cost(epoch): 4:35:46/16:16:24, time_cost(all): 25:40:17/99:45:01, loss=1.5661518573760986, d_time=0.24(0.25), f_time=1.84(1.79), b_time=2.08(2.04), lr=0.0033714539070177846
2026-03-09 16:01:17,205   INFO  epoch: 1/6, acc_iter=44950, cur_iter=8153/36796, batch_size=4, time_cost(epoch): 4:37:26/16:14:35, time_cost(all): 25:41:57/99:42:34, loss=1.561619758605957, d_time=0.25(0.25), f_time=1.62(1.79), b_time=1.87(2.04), lr=0.003376254679963285
2026-03-09 16:02:58,125   INFO  epoch: 1/6, acc_iter=45000, cur_iter=8203/36796, batch_size=4, time_cost(epoch): 4:39:07/16:12:49, time_cost(all): 25:43:38/99:40:27, loss=1.3165454864501953, d_time=0.25(0.25), f_time=1.49(1.79), b_time=1.74(2.04), lr=0.003381055211648202
/bin/sh: line 1: gpustat: command not found
2026-03-09 16:02:58,374   INFO  
2026-03-09 16:03:52,241   INFO  Save latest model to /storage/project/r-gchou3-0/spanse30/MSF/output/cfgs/waymo_models/msf_8frames/default/ckpt/latest_model
2026-03-09 16:04:37,954   INFO  epoch: 1/6, acc_iter=45050, cur_iter=8253/36796, batch_size=4, time_cost(epoch): 4:40:47/16:10:59, time_cost(all): 25:45:18/99:37:57, loss=1.610563039779663, d_time=0.25(0.25), f_time=2.28(1.79), b_time=2.53(2.04), lr=0.003385855486884235
2026-03-09 16:06:20,427   INFO  epoch: 1/6, acc_iter=45100, cur_iter=8303/36796, batch_size=4, time_cost(epoch): 4:42:29/16:09:18, time_cost(all): 25:47:00/99:36:24, loss=1.3313686847686768, d_time=0.25(0.25), f_time=1.69(1.79), b_time=1.93(2.04), lr=0.003390655490483894
2026-03-09 16:08:03,328   INFO  epoch: 1/6, acc_iter=45150, cur_iter=8353/36796, batch_size=4, time_cost(epoch): 4:44:12/16:07:39, time_cost(all): 25:48:43/99:35:00, loss=1.2008569240570068, d_time=0.25(0.25), f_time=1.76(1.79), b_time=2.01(2.04), lr=0.003395455207260547
/bin/sh: line 1: gpustat: command not found
2026-03-09 16:08:03,681   INFO  
2026-03-09 16:08:52,871   INFO  Save latest model to /storage/project/r-gchou3-0/spanse30/MSF/output/cfgs/waymo_models/msf_8frames/default/ckpt/latest_model
2026-03-09 16:09:46,486   INFO  epoch: 1/6, acc_iter=45200, cur_iter=8403/36796, batch_size=4, time_cost(epoch): 4:45:55/16:06:01, time_cost(all): 25:50:26/99:33:41, loss=1.2399837970733643, d_time=0.25(0.25), f_time=1.48(1.79), b_time=1.72(2.04), lr=0.0034002546220284714
2026-03-09 16:11:28,833   INFO  epoch: 1/6, acc_iter=45250, cur_iter=8453/36796, batch_size=4, time_cost(epoch): 4:47:38/16:04:20, time_cost(all): 25:52:09/99:32:04, loss=1.2226876020431519, d_time=0.26(0.25), f_time=1.31(1.79), b_time=1.57(2.04), lr=0.0034050537196028997
2026-03-09 16:13:09,454   INFO  epoch: 1/6, acc_iter=45300, cur_iter=8503/36796, batch_size=4, time_cost(epoch): 4:49:18/16:02:33, time_cost(all): 25:53:49/99:29:52, loss=1.7091683149337769, d_time=0.25(0.25), f_time=2.03(1.79), b_time=2.28(2.04), lr=0.003409852484800068
/bin/sh: line 1: gpustat: command not found
2026-03-09 16:13:09,704   INFO  
2026-03-09 16:13:51,924   INFO  Save latest model to /storage/project/r-gchou3-0/spanse30/MSF/output/cfgs/waymo_models/msf_8frames/default/ckpt/latest_model
2026-03-09 16:14:53,248   INFO  epoch: 1/6, acc_iter=45350, cur_iter=8553/36796, batch_size=4, time_cost(epoch): 4:51:02/16:00:56, time_cost(all): 25:55:33/99:28:46, loss=1.8629093170166016, d_time=0.25(0.25), f_time=1.73(1.79), b_time=1.98(2.04), lr=0.003414650902437262
2026-03-09 16:16:33,815   INFO  epoch: 1/6, acc_iter=45400, cur_iter=8603/36796, batch_size=4, time_cost(epoch): 4:52:43/15:59:09, time_cost(all): 25:57:14/99:26:33, loss=1.47282874584198, d_time=0.25(0.25), f_time=1.63(1.79), b_time=1.88(2.04), lr=0.003419448957332871
2026-03-09 16:18:12,579   INFO  epoch: 1/6, acc_iter=45450, cur_iter=8653/36796, batch_size=4, time_cost(epoch): 4:54:21/15:57:17, time_cost(all): 25:58:52/99:23:44, loss=1.6032469272613525, d_time=0.25(0.25), f_time=1.89(1.79), b_time=2.14(2.04), lr=0.0034242466343064283
/bin/sh: line 1: gpustat: command not found
2026-03-09 16:18:12,841   INFO  
2026-03-09 16:18:51,637   INFO  Save latest model to /storage/project/r-gchou3-0/spanse30/MSF/output/cfgs/waymo_models/msf_8frames/default/ckpt/latest_model
2026-03-09 16:19:55,149   INFO  epoch: 1/6, acc_iter=45500, cur_iter=8703/36796, batch_size=4, time_cost(epoch): 4:56:04/15:55:36, time_cost(all): 26:00:35/99:22:13, loss=1.7795288562774658, d_time=0.25(0.25), f_time=1.80(1.79), b_time=2.05(2.04), lr=0.0034290439181786647
2026-03-09 16:21:34,847   INFO  epoch: 1/6, acc_iter=45550, cur_iter=8753/36796, batch_size=4, time_cost(epoch): 4:57:44/15:53:47, time_cost(all): 26:02:15/99:19:44, loss=1.6582449674606323, d_time=0.25(0.25), f_time=1.95(1.79), b_time=2.20(2.04), lr=0.0034338407937715555
2026-03-09 16:23:17,262   INFO  epoch: 1/6, acc_iter=45600, cur_iter=8803/36796, batch_size=4, time_cost(epoch): 4:59:26/15:52:06, time_cost(all): 26:03:57/99:18:09, loss=1.4026436805725098, d_time=0.24(0.25), f_time=2.75(1.79), b_time=2.99(2.04), lr=0.0034386372459083644
/bin/sh: line 1: gpustat: command not found
2026-03-09 16:23:17,512   INFO  
2026-03-09 16:23:51,349   INFO  Save latest model to /storage/project/r-gchou3-0/spanse30/MSF/output/cfgs/waymo_models/msf_8frames/default/ckpt/latest_model
2026-03-09 16:24:59,134   INFO  epoch: 1/6, acc_iter=45650, cur_iter=8853/36796, batch_size=4, time_cost(epoch): 5:01:08/15:50:23, time_cost(all): 26:05:39/99:16:24, loss=1.4145598411560059, d_time=0.25(0.25), f_time=1.58(1.79), b_time=1.83(2.04), lr=0.0034434332594136985
2026-03-09 16:26:42,747   INFO  epoch: 1/6, acc_iter=45700, cur_iter=8903/36796, batch_size=4, time_cost(epoch): 5:02:52/15:48:46, time_cost(all): 26:07:23/99:15:13, loss=1.5041879415512085, d_time=0.25(0.25), f_time=1.23(1.79), b_time=1.48(2.04), lr=0.0034482288191135507
2026-03-09 16:28:25,792   INFO  epoch: 1/6, acc_iter=45750, cur_iter=8953/36796, batch_size=4, time_cost(epoch): 5:04:35/15:47:07, time_cost(all): 26:09:06/99:13:50, loss=1.50497305393219, d_time=0.25(0.25), f_time=2.06(1.79), b_time=2.31(2.04), lr=0.0034530239098353507
/bin/sh: line 1: gpustat: command not found
2026-03-09 16:28:26,047   INFO  
2026-03-09 16:28:51,885   INFO  Save latest model to /storage/project/r-gchou3-0/spanse30/MSF/output/cfgs/waymo_models/msf_8frames/default/ckpt/latest_model
2026-03-09 16:30:07,541   INFO  epoch: 1/6, acc_iter=45800, cur_iter=9003/36796, batch_size=4, time_cost(epoch): 5:06:16/15:45:24, time_cost(all): 26:10:47/99:12:02, loss=1.7279000282287598, d_time=0.25(0.25), f_time=2.29(1.79), b_time=2.54(2.04), lr=0.003457818516408011
2026-03-09 16:31:46,665   INFO  epoch: 1/6, acc_iter=45850, cur_iter=9053/36796, batch_size=4, time_cost(epoch): 5:07:56/15:43:33, time_cost(all): 26:12:26/99:09:24, loss=1.3374238014221191, d_time=0.25(0.25), f_time=1.76(1.79), b_time=2.01(2.04), lr=0.0034626126236619774
2026-03-09 16:33:29,097   INFO  epoch: 1/6, acc_iter=45900, cur_iter=9103/36796, batch_size=4, time_cost(epoch): 5:09:38/15:41:52, time_cost(all): 26:14:09/99:07:50, loss=1.2776319980621338, d_time=0.25(0.25), f_time=1.48(1.79), b_time=1.73(2.04), lr=0.003467406216429273
/bin/sh: line 1: gpustat: command not found
2026-03-09 16:33:29,366   INFO  
2026-03-09 16:33:51,751   INFO  Save latest model to /storage/project/r-gchou3-0/spanse30/MSF/output/cfgs/waymo_models/msf_8frames/default/ckpt/latest_model
2026-03-09 16:35:09,171   INFO  epoch: 1/6, acc_iter=45950, cur_iter=9153/36796, batch_size=4, time_cost(epoch): 5:11:18/15:40:04, time_cost(all): 26:15:49/99:05:30, loss=1.4332489967346191, d_time=0.25(0.25), f_time=1.71(1.79), b_time=1.96(2.04), lr=0.003472199279543551
2026-03-09 16:36:50,764   INFO  epoch: 1/6, acc_iter=46000, cur_iter=9203/36796, batch_size=4, time_cost(epoch): 5:13:00/15:38:21, time_cost(all): 26:17:31/99:03:40, loss=1.4621031284332275, d_time=0.25(0.25), f_time=2.17(1.79), b_time=2.42(2.04), lr=0.0034769917978401403
2026-03-09 16:38:32,076   INFO  epoch: 1/6, acc_iter=46050, cur_iter=9253/36796, batch_size=4, time_cost(epoch): 5:14:41/15:36:37, time_cost(all): 26:19:12/99:01:44, loss=1.3457510471343994, d_time=0.25(0.25), f_time=1.72(1.79), b_time=1.97(2.04), lr=0.0034817837561560917
/bin/sh: line 1: gpustat: command not found
2026-03-09 16:38:32,331   INFO  
2026-03-09 16:38:51,319   INFO  Save latest model to /storage/project/r-gchou3-0/spanse30/MSF/output/cfgs/waymo_models/msf_8frames/default/ckpt/latest_model
2026-03-09 16:40:17,587   INFO  epoch: 1/6, acc_iter=46100, cur_iter=9303/36796, batch_size=4, time_cost(epoch): 5:16:26/15:35:05, time_cost(all): 26:20:57/99:01:08, loss=1.3071300983428955, d_time=0.25(0.25), f_time=1.63(1.79), b_time=1.88(2.04), lr=0.0034865751393302283
2026-03-09 16:42:01,605   INFO  epoch: 1/6, acc_iter=46150, cur_iter=9353/36796, batch_size=4, time_cost(epoch): 5:18:10/15:33:29, time_cost(all): 26:22:41/99:00:03, loss=1.60200035572052, d_time=0.25(0.25), f_time=1.78(1.79), b_time=2.03(2.04), lr=0.0034913659322031946
2026-03-09 16:43:42,486   INFO  epoch: 1/6, acc_iter=46200, cur_iter=9403/36796, batch_size=4, time_cost(epoch): 5:19:51/15:31:44, time_cost(all): 26:24:22/98:57:59, loss=1.3489820957183838, d_time=0.25(0.25), f_time=1.96(1.79), b_time=2.21(2.04), lr=0.0034961561196175006
/bin/sh: line 1: gpustat: command not found
2026-03-09 16:43:42,740   INFO  
2026-03-09 16:43:52,294   INFO  Save latest model to /storage/project/r-gchou3-0/spanse30/MSF/output/cfgs/waymo_models/msf_8frames/default/ckpt/latest_model
2026-03-09 16:45:27,952   INFO  epoch: 1/6, acc_iter=46250, cur_iter=9453/36796, batch_size=4, time_cost(epoch): 5:21:37/15:30:11, time_cost(all): 26:26:08/98:57:20, loss=1.474550485610962, d_time=0.25(0.25), f_time=2.35(1.79), b_time=2.60(2.04), lr=0.003500945686417573
2026-03-09 16:47:09,687   INFO  epoch: 1/6, acc_iter=46300, cur_iter=9503/36796, batch_size=4, time_cost(epoch): 5:23:19/15:28:28, time_cost(all): 26:27:49/98:55:32, loss=1.570574164390564, d_time=0.25(0.25), f_time=1.66(1.79), b_time=1.90(2.04), lr=0.003505734617449802
2026-03-09 16:48:51,902   INFO  Save latest model to /storage/project/r-gchou3-0/spanse30/MSF/output/cfgs/waymo_models/msf_8frames/default/ckpt/latest_model
2026-03-09 16:48:53,555   INFO  epoch: 1/6, acc_iter=46350, cur_iter=9553/36796, batch_size=4, time_cost(epoch): 5:25:02/15:26:52, time_cost(all): 26:29:33/98:54:23, loss=1.2835485935211182, d_time=0.34(0.25), f_time=1.40(1.79), b_time=1.74(2.04), lr=0.0035105228975625897
/bin/sh: line 1: gpustat: command not found
2026-03-09 16:48:53,843   INFO  
2026-03-09 16:50:38,315   INFO  epoch: 1/6, acc_iter=46400, cur_iter=9603/36796, batch_size=4, time_cost(epoch): 5:26:47/15:25:17, time_cost(all): 26:31:18/98:53:30, loss=1.5046086311340332, d_time=0.25(0.25), f_time=1.76(1.79), b_time=2.01(2.04), lr=0.003515310511606396
2026-03-09 16:52:18,813   INFO  epoch: 1/6, acc_iter=46450, cur_iter=9653/36796, batch_size=4, time_cost(epoch): 5:28:28/15:23:31, time_cost(all): 26:32:59/98:51:20, loss=1.0637733936309814, d_time=0.25(0.25), f_time=1.28(1.79), b_time=1.53(2.04), lr=0.0035200974444337895
2026-03-09 16:53:50,959   INFO  Save latest model to /storage/project/r-gchou3-0/spanse30/MSF/output/cfgs/waymo_models/msf_8frames/default/ckpt/latest_model
2026-03-09 16:54:03,087   INFO  epoch: 1/6, acc_iter=46500, cur_iter=9703/36796, batch_size=4, time_cost(epoch): 5:30:12/15:21:55, time_cost(all): 26:34:43/98:50:17, loss=1.336434245109558, d_time=0.25(0.25), f_time=1.94(1.79), b_time=2.19(2.04), lr=0.0035248836808994947
/bin/sh: line 1: gpustat: command not found
2026-03-09 16:54:03,336   INFO  
2026-03-09 16:55:45,223   INFO  epoch: 1/6, acc_iter=46550, cur_iter=9753/36796, batch_size=4, time_cost(epoch): 5:31:54/15:20:13, time_cost(all): 26:36:25/98:48:36, loss=1.4036478996276855, d_time=0.25(0.25), f_time=1.20(1.79), b_time=1.45(2.04), lr=0.0035296692058604372
2026-03-09 16:57:25,388   INFO  epoch: 1/6, acc_iter=46600, cur_iter=9803/36796, batch_size=4, time_cost(epoch): 5:33:34/15:18:25, time_cost(all): 26:38:05/98:46:20, loss=1.3154242038726807, d_time=0.25(0.25), f_time=2.04(1.79), b_time=2.29(2.04), lr=0.003534454004175796
2026-03-09 16:58:51,937   INFO  Save latest model to /storage/project/r-gchou3-0/spanse30/MSF/output/cfgs/waymo_models/msf_8frames/default/ckpt/latest_model
2026-03-09 16:59:07,292   INFO  epoch: 1/6, acc_iter=46650, cur_iter=9853/36796, batch_size=4, time_cost(epoch): 5:35:16/15:16:43, time_cost(all): 26:39:47/98:44:35, loss=1.4291012287139893, d_time=0.25(0.25), f_time=1.80(1.79), b_time=2.05(2.04), lr=0.0035392380607070467
/bin/sh: line 1: gpustat: command not found
2026-03-09 16:59:07,544   INFO  
2026-03-09 17:00:48,290   INFO  epoch: 1/6, acc_iter=46700, cur_iter=9903/36796, batch_size=4, time_cost(epoch): 5:36:57/15:14:58, time_cost(all): 26:41:28/98:42:34, loss=1.290841817855835, d_time=0.25(0.25), f_time=1.79(1.79), b_time=2.04(2.04), lr=0.0035440213603180138
2026-03-09 17:02:30,881   INFO  epoch: 1/6, acc_iter=46750, cur_iter=9953/36796, batch_size=4, time_cost(epoch): 5:38:40/15:13:17, time_cost(all): 26:43:11/98:41:01, loss=1.3210402727127075, d_time=0.25(0.25), f_time=2.14(1.79), b_time=2.39(2.04), lr=0.0035488038878749165
2026-03-09 17:03:53,050   INFO  Save latest model to /storage/project/r-gchou3-0/spanse30/MSF/output/cfgs/waymo_models/msf_8frames/default/ckpt/latest_model
2026-03-09 17:04:13,657   INFO  epoch: 1/6, acc_iter=46800, cur_iter=10003/36796, batch_size=4, time_cost(epoch): 5:40:23/15:11:37, time_cost(all): 26:44:53/98:39:31, loss=1.4912354946136475, d_time=0.25(0.25), f_time=2.21(1.79), b_time=2.46(2.04), lr=0.003553585628246416
/bin/sh: line 1: gpustat: command not found
2026-03-09 17:04:13,904   INFO  
2026-03-09 17:05:55,235   INFO  epoch: 1/6, acc_iter=46850, cur_iter=10053/36796, batch_size=4, time_cost(epoch): 5:42:04/15:09:54, time_cost(all): 26:46:35/98:37:40, loss=1.2366533279418945, d_time=0.25(0.25), f_time=1.53(1.79), b_time=1.78(2.04), lr=0.003558366566303663
2026-03-09 17:07:36,942   INFO  epoch: 1/6, acc_iter=46900, cur_iter=10103/36796, batch_size=4, time_cost(epoch): 5:43:46/15:08:11, time_cost(all): 26:48:17/98:35:52, loss=1.3527946472167969, d_time=0.25(0.25), f_time=1.62(1.79), b_time=1.87(2.04), lr=0.003563146686920351
2026-03-09 17:08:51,565   INFO  Save latest model to /storage/project/r-gchou3-0/spanse30/MSF/output/cfgs/waymo_models/msf_8frames/default/ckpt/latest_model
2026-03-09 17:09:19,192   INFO  epoch: 1/6, acc_iter=46950, cur_iter=10153/36796, batch_size=4, time_cost(epoch): 5:45:28/15:06:29, time_cost(all): 26:49:59/98:34:13, loss=1.4300646781921387, d_time=0.25(0.25), f_time=1.88(1.79), b_time=2.13(2.04), lr=0.003567925974972753
/bin/sh: line 1: gpustat: command not found
2026-03-09 17:09:19,442   INFO  
2026-03-09 17:11:03,880   INFO  epoch: 1/6, acc_iter=47000, cur_iter=10203/36796, batch_size=4, time_cost(epoch): 5:47:13/15:04:54, time_cost(all): 26:51:44/98:33:15, loss=1.133376121520996, d_time=0.25(0.25), f_time=1.47(1.79), b_time=1.72(2.04), lr=0.003572704415339781
2026-03-09 17:12:42,765   INFO  epoch: 1/6, acc_iter=47050, cur_iter=10253/36796, batch_size=4, time_cost(epoch): 5:48:52/15:03:03, time_cost(all): 26:53:23/98:30:39, loss=1.1348880529403687, d_time=0.25(0.25), f_time=1.44(1.79), b_time=1.69(2.04), lr=0.0035774819929030284
2026-03-09 17:13:52,327   INFO  Save latest model to /storage/project/r-gchou3-0/spanse30/MSF/output/cfgs/waymo_models/msf_8frames/default/ckpt/latest_model
2026-03-09 17:14:27,922   INFO  epoch: 1/6, acc_iter=47100, cur_iter=10303/36796, batch_size=4, time_cost(epoch): 5:50:37/15:01:29, time_cost(all): 26:55:08/98:29:49, loss=1.5500435829162598, d_time=0.25(0.25), f_time=2.27(1.79), b_time=2.52(2.04), lr=0.003582258692546817
/bin/sh: line 1: gpustat: command not found
2026-03-09 17:14:28,171   INFO  
2026-03-09 17:16:09,883   INFO  epoch: 1/6, acc_iter=47150, cur_iter=10353/36796, batch_size=4, time_cost(epoch): 5:52:19/14:59:47, time_cost(all): 26:56:50/98:28:05, loss=1.1926414966583252, d_time=0.25(0.25), f_time=1.04(1.79), b_time=1.29(2.04), lr=0.003587034499158247
2026-03-09 17:17:52,270   INFO  epoch: 1/6, acc_iter=47200, cur_iter=10403/36796, batch_size=4, time_cost(epoch): 5:54:01/14:58:06, time_cost(all): 26:58:32/98:26:28, loss=1.2842881679534912, d_time=0.25(0.25), f_time=2.40(1.79), b_time=2.65(2.04), lr=0.0035918093976272446
2026-03-09 17:18:51,589   INFO  Save latest model to /storage/project/r-gchou3-0/spanse30/MSF/output/cfgs/waymo_models/msf_8frames/default/ckpt/latest_model
2026-03-09 17:19:33,986   INFO  epoch: 1/6, acc_iter=47250, cur_iter=10453/36796, batch_size=4, time_cost(epoch): 5:55:43/14:56:23, time_cost(all): 27:00:14/98:24:40, loss=1.476739525794983, d_time=0.25(0.25), f_time=1.85(1.79), b_time=2.10(2.04), lr=0.003596583372846608
/bin/sh: line 1: gpustat: command not found
2026-03-09 17:19:34,240   INFO  
2026-03-09 17:21:16,304   INFO  epoch: 1/6, acc_iter=47300, cur_iter=10503/36796, batch_size=4, time_cost(epoch): 5:57:25/14:54:41, time_cost(all): 27:01:56/98:23:02, loss=1.1923606395721436, d_time=0.25(0.25), f_time=1.61(1.79), b_time=1.86(2.04), lr=0.0036013564097120573
2026-03-09 17:22:57,531   INFO  epoch: 1/6, acc_iter=47350, cur_iter=10553/36796, batch_size=4, time_cost(epoch): 5:59:06/14:52:57, time_cost(all): 27:03:37/98:21:06, loss=1.5908007621765137, d_time=0.25(0.25), f_time=2.40(1.79), b_time=2.65(2.04), lr=0.0036061284931222814
2026-03-09 17:23:51,002   INFO  Save latest model to /storage/project/r-gchou3-0/spanse30/MSF/output/cfgs/waymo_models/msf_8frames/default/ckpt/latest_model
2026-03-09 17:24:38,686   INFO  epoch: 1/6, acc_iter=47400, cur_iter=10603/36796, batch_size=4, time_cost(epoch): 6:00:48/14:51:12, time_cost(all): 27:05:18/98:19:08, loss=1.414130687713623, d_time=0.25(0.25), f_time=1.76(1.79), b_time=2.01(2.04), lr=0.0036108996079789856
/bin/sh: line 1: gpustat: command not found
2026-03-09 17:24:38,938   INFO  
2026-03-09 17:26:20,708   INFO  epoch: 1/6, acc_iter=47450, cur_iter=10653/36796, batch_size=4, time_cost(epoch): 6:02:30/14:49:30, time_cost(all): 27:07:01/98:17:25, loss=1.4708497524261475, d_time=0.25(0.25), f_time=1.95(1.79), b_time=2.20(2.04), lr=0.0036156697391869397
2026-03-09 17:28:02,286   INFO  epoch: 1/6, acc_iter=47500, cur_iter=10703/36796, batch_size=4, time_cost(epoch): 6:04:11/14:47:47, time_cost(all): 27:08:42/98:15:35, loss=1.0754964351654053, d_time=0.25(0.25), f_time=1.63(1.79), b_time=1.88(2.04), lr=0.0036204388716540256
2026-03-09 17:28:52,408   INFO  Save latest model to /storage/project/r-gchou3-0/spanse30/MSF/output/cfgs/waymo_models/msf_8frames/default/ckpt/latest_model
2026-03-09 17:29:43,271   INFO  epoch: 1/6, acc_iter=47550, cur_iter=10753/36796, batch_size=4, time_cost(epoch): 6:05:52/14:46:02, time_cost(all): 27:10:23/98:13:36, loss=1.3661811351776123, d_time=0.25(0.25), f_time=2.01(1.79), b_time=2.26(2.04), lr=0.003625206990291285
/bin/sh: line 1: gpustat: command not found
2026-03-09 17:29:43,528   INFO  
2026-03-09 17:31:24,582   INFO  epoch: 1/6, acc_iter=47600, cur_iter=10803/36796, batch_size=4, time_cost(epoch): 6:07:33/14:44:18, time_cost(all): 27:12:04/98:11:42, loss=1.5793485641479492, d_time=0.25(0.25), f_time=1.72(1.79), b_time=1.97(2.04), lr=0.0036299740800129683
2026-03-09 17:33:07,493   INFO  epoch: 1/6, acc_iter=47650, cur_iter=10853/36796, batch_size=4, time_cost(epoch): 6:09:16/14:42:38, time_cost(all): 27:13:47/98:10:13, loss=1.0172297954559326, d_time=0.25(0.25), f_time=1.03(1.79), b_time=1.28(2.04), lr=0.0036347401257365783
2026-03-09 17:33:52,281   INFO  Save latest model to /storage/project/r-gchou3-0/spanse30/MSF/output/cfgs/waymo_models/msf_8frames/default/ckpt/latest_model
2026-03-09 17:34:49,026   INFO  epoch: 1/6, acc_iter=47700, cur_iter=10903/36796, batch_size=4, time_cost(epoch): 6:10:58/14:40:55, time_cost(all): 27:15:29/98:08:22, loss=1.3914928436279297, d_time=0.25(0.25), f_time=1.69(1.79), b_time=1.94(2.04), lr=0.003639505112382924
/bin/sh: line 1: gpustat: command not found
2026-03-09 17:34:49,273   INFO  
2026-03-09 17:36:33,050   INFO  epoch: 1/6, acc_iter=47750, cur_iter=10953/36796, batch_size=4, time_cost(epoch): 6:12:42/14:39:18, time_cost(all): 27:17:13/98:07:11, loss=0.904872715473175, d_time=0.25(0.25), f_time=1.06(1.79), b_time=1.31(2.04), lr=0.0036442690248761644
2026-03-09 17:38:15,435   INFO  epoch: 1/6, acc_iter=47800, cur_iter=11003/36796, batch_size=4, time_cost(epoch): 6:14:24/14:37:36, time_cost(all): 27:18:55/98:05:34, loss=1.3016242980957031, d_time=0.25(0.25), f_time=1.89(1.79), b_time=2.14(2.04), lr=0.003649031848143856
2026-03-09 17:38:50,874   INFO  Save latest model to /storage/project/r-gchou3-0/spanse30/MSF/output/cfgs/waymo_models/msf_8frames/default/ckpt/latest_model
2026-03-09 17:39:58,688   INFO  epoch: 1/6, acc_iter=47850, cur_iter=11053/36796, batch_size=4, time_cost(epoch): 6:16:08/14:35:57, time_cost(all): 27:20:38/98:04:10, loss=1.568596363067627, d_time=0.25(0.25), f_time=1.54(1.79), b_time=1.79(2.04), lr=0.0036537935671170025
/bin/sh: line 1: gpustat: command not found
2026-03-09 17:39:58,961   INFO  
2026-03-09 17:41:43,169   INFO  epoch: 1/6, acc_iter=47900, cur_iter=11103/36796, batch_size=4, time_cost(epoch): 6:17:52/14:34:20, time_cost(all): 27:22:23/98:03:06, loss=1.233849287033081, d_time=0.25(0.25), f_time=1.12(1.79), b_time=1.37(2.04), lr=0.0036585541667301016
2026-03-09 17:43:24,398   INFO  epoch: 1/6, acc_iter=47950, cur_iter=11153/36796, batch_size=4, time_cost(epoch): 6:19:33/14:32:36, time_cost(all): 27:24:04/98:01:10, loss=1.9153211116790771, d_time=0.25(0.25), f_time=1.82(1.79), b_time=2.07(2.04), lr=0.0036633136319211904
2026-03-09 17:43:52,337   INFO  Save latest model to /storage/project/r-gchou3-0/spanse30/MSF/output/cfgs/waymo_models/msf_8frames/default/ckpt/latest_model
2026-03-09 17:45:08,979   INFO  epoch: 1/6, acc_iter=48000, cur_iter=11203/36796, batch_size=4, time_cost(epoch): 6:21:18/14:31:00, time_cost(all): 27:25:49/98:00:07, loss=1.3756816387176514, d_time=0.25(0.25), f_time=1.86(1.79), b_time=2.11(2.04), lr=0.0036680719476318985
/bin/sh: line 1: gpustat: command not found
2026-03-09 17:45:09,232   INFO  
2026-03-09 17:46:49,080   INFO  epoch: 1/6, acc_iter=48050, cur_iter=11253/36796, batch_size=4, time_cost(epoch): 6:22:58/14:29:13, time_cost(all): 27:27:29/97:57:54, loss=1.6974937915802002, d_time=0.25(0.25), f_time=2.38(1.79), b_time=2.63(2.04), lr=0.0036728290988074907
2026-03-09 17:48:30,097   INFO  epoch: 1/6, acc_iter=48100, cur_iter=11303/36796, batch_size=4, time_cost(epoch): 6:24:39/14:27:29, time_cost(all): 27:29:10/97:55:55, loss=1.4752099514007568, d_time=0.25(0.25), f_time=2.08(1.79), b_time=2.33(2.04), lr=0.0036775850703969146
2026-03-09 17:48:52,151   INFO  Save latest model to /storage/project/r-gchou3-0/spanse30/MSF/output/cfgs/waymo_models/msf_8frames/default/ckpt/latest_model
2026-03-09 17:50:10,103   INFO  epoch: 1/6, acc_iter=48150, cur_iter=11353/36796, batch_size=4, time_cost(epoch): 6:26:19/14:25:42, time_cost(all): 27:30:50/97:53:42, loss=0.9995062947273254, d_time=0.25(0.25), f_time=1.50(1.79), b_time=1.75(2.04), lr=0.0036823398473528517
/bin/sh: line 1: gpustat: command not found
2026-03-09 17:50:10,367   INFO  
2026-03-09 17:51:55,047   INFO  epoch: 1/6, acc_iter=48200, cur_iter=11403/36796, batch_size=4, time_cost(epoch): 6:28:04/14:24:06, time_cost(all): 27:32:35/97:52:43, loss=1.2257083654403687, d_time=0.25(0.25), f_time=1.73(1.79), b_time=1.98(2.04), lr=0.003687093414631764
2026-03-09 17:53:36,071   INFO  epoch: 1/6, acc_iter=48250, cur_iter=11453/36796, batch_size=4, time_cost(epoch): 6:29:45/14:22:22, time_cost(all): 27:34:16/97:50:45, loss=1.6435894966125488, d_time=0.25(0.25), f_time=2.36(1.79), b_time=2.61(2.04), lr=0.003691845757193939
2026-03-09 17:53:51,227   INFO  Save latest model to /storage/project/r-gchou3-0/spanse30/MSF/output/cfgs/waymo_models/msf_8frames/default/ckpt/latest_model
2026-03-09 17:55:20,040   INFO  epoch: 1/6, acc_iter=48300, cur_iter=11503/36796, batch_size=4, time_cost(epoch): 6:31:29/14:20:44, time_cost(all): 27:36:00/97:49:31, loss=1.4828686714172363, d_time=0.25(0.25), f_time=1.17(1.79), b_time=1.42(2.04), lr=0.0036965968600035396
/bin/sh: line 1: gpustat: command not found
2026-03-09 17:55:20,293   INFO  
2026-03-09 17:56:59,575   INFO  epoch: 1/6, acc_iter=48350, cur_iter=11553/36796, batch_size=4, time_cost(epoch): 6:33:08/14:18:56, time_cost(all): 27:37:39/97:47:11, loss=1.183032512664795, d_time=0.25(0.25), f_time=1.64(1.79), b_time=1.89(2.04), lr=0.003701346708028652
2026-03-09 17:58:41,778   INFO  epoch: 1/6, acc_iter=48400, cur_iter=11603/36796, batch_size=4, time_cost(epoch): 6:34:51/14:17:14, time_cost(all): 27:39:22/97:45:31, loss=1.3990671634674072, d_time=0.25(0.25), f_time=1.64(1.79), b_time=1.89(2.04), lr=0.0037060952862413305
2026-03-09 17:58:52,596   INFO  Save latest model to /storage/project/r-gchou3-0/spanse30/MSF/output/cfgs/waymo_models/msf_8frames/default/ckpt/latest_model
2026-03-09 18:00:26,756   INFO  epoch: 1/6, acc_iter=48450, cur_iter=11653/36796, batch_size=4, time_cost(epoch): 6:36:36/14:15:39, time_cost(all): 27:41:07/97:44:31, loss=1.2136361598968506, d_time=0.24(0.25), f_time=1.05(1.79), b_time=1.29(2.04), lr=0.003710842579617649
/bin/sh: line 1: gpustat: command not found
2026-03-09 18:00:27,034   INFO  
2026-03-09 18:02:06,536   INFO  epoch: 1/6, acc_iter=48500, cur_iter=11703/36796, batch_size=4, time_cost(epoch): 6:38:15/14:13:52, time_cost(all): 27:42:46/97:42:15, loss=1.119225025177002, d_time=0.24(0.25), f_time=1.71(1.79), b_time=1.95(2.04), lr=0.0037155885731377453
2026-03-09 18:03:47,519   INFO  epoch: 1/6, acc_iter=48550, cur_iter=11753/36796, batch_size=4, time_cost(epoch): 6:39:56/14:12:07, time_cost(all): 27:44:27/97:40:17, loss=1.5870656967163086, d_time=0.25(0.25), f_time=2.19(1.79), b_time=2.44(2.04), lr=0.0037203332517858696
2026-03-09 18:03:51,294   INFO  Save latest model to /storage/project/r-gchou3-0/spanse30/MSF/output/cfgs/waymo_models/msf_8frames/default/ckpt/latest_model
2026-03-09 18:05:28,614   INFO  epoch: 1/6, acc_iter=48600, cur_iter=11803/36796, batch_size=4, time_cost(epoch): 6:41:37/14:10:23, time_cost(all): 27:46:08/97:38:20, loss=1.2480840682983398, d_time=0.25(0.25), f_time=1.32(1.79), b_time=1.57(2.04), lr=0.0037250766005504335
/bin/sh: line 1: gpustat: command not found
2026-03-09 18:05:28,953   INFO  
2026-03-09 18:07:11,563   INFO  epoch: 1/6, acc_iter=48650, cur_iter=11853/36796, batch_size=4, time_cost(epoch): 6:43:20/14:08:43, time_cost(all): 27:47:51/97:36:51, loss=1.5479869842529297, d_time=0.25(0.25), f_time=2.07(1.79), b_time=2.32(2.04), lr=0.003729818604424054
2026-03-09 18:08:51,382   INFO  Save latest model to /storage/project/r-gchou3-0/spanse30/MSF/output/cfgs/waymo_models/msf_8frames/default/ckpt/latest_model
2026-03-09 18:08:55,333   INFO  epoch: 1/6, acc_iter=48700, cur_iter=11903/36796, batch_size=4, time_cost(epoch): 6:45:04/14:07:04, time_cost(all): 27:49:35/97:35:33, loss=1.1129071712493896, d_time=0.25(0.25), f_time=2.04(1.79), b_time=2.29(2.04), lr=0.0037345592484036056
2026-03-09 18:10:40,005   INFO  epoch: 1/6, acc_iter=48750, cur_iter=11953/36796, batch_size=4, time_cost(epoch): 6:46:49/14:05:27, time_cost(all): 27:51:20/97:34:29, loss=1.5635628700256348, d_time=0.25(0.25), f_time=2.43(1.79), b_time=2.68(2.04), lr=0.0037392985174902636
/bin/sh: line 1: gpustat: command not found
2026-03-09 18:10:40,254   INFO  
2026-03-09 18:12:23,184   INFO  epoch: 1/6, acc_iter=48800, cur_iter=12003/36796, batch_size=4, time_cost(epoch): 6:48:32/14:03:48, time_cost(all): 27:53:03/97:33:02, loss=1.517549991607666, d_time=0.25(0.25), f_time=1.96(1.79), b_time=2.21(2.04), lr=0.0037440363966895545
2026-03-09 18:13:51,120   INFO  Save latest model to /storage/project/r-gchou3-0/spanse30/MSF/output/cfgs/waymo_models/msf_8frames/default/ckpt/latest_model
2026-03-09 18:14:04,433   INFO  epoch: 1/6, acc_iter=48850, cur_iter=12053/36796, batch_size=4, time_cost(epoch): 6:50:13/14:02:04, time_cost(all): 27:54:44/97:31:08, loss=1.4278043508529663, d_time=0.25(0.25), f_time=2.47(1.79), b_time=2.72(2.04), lr=0.003748772871011401
2026-03-09 18:15:46,631   INFO  epoch: 1/6, acc_iter=48900, cur_iter=12103/36796, batch_size=4, time_cost(epoch): 6:51:55/14:00:22, time_cost(all): 27:56:26/97:29:27, loss=1.3867665529251099, d_time=0.25(0.25), f_time=2.43(1.79), b_time=2.68(2.04), lr=0.0037535079254701724
/bin/sh: line 1: gpustat: command not found
2026-03-09 18:15:46,880   INFO  
2026-03-09 18:17:28,916   INFO  epoch: 1/6, acc_iter=48950, cur_iter=12153/36796, batch_size=4, time_cost(epoch): 6:53:38/13:58:40, time_cost(all): 27:58:09/97:27:48, loss=1.6594189405441284, d_time=0.25(0.25), f_time=2.37(1.79), b_time=2.62(2.04), lr=0.003758241545084728
2026-03-09 18:18:50,902   INFO  Save latest model to /storage/project/r-gchou3-0/spanse30/MSF/output/cfgs/waymo_models/msf_8frames/default/ckpt/latest_model
2026-03-09 18:19:10,625   INFO  epoch: 1/6, acc_iter=49000, cur_iter=12203/36796, batch_size=4, time_cost(epoch): 6:55:19/13:56:57, time_cost(all): 27:59:50/97:26:00, loss=1.6212737560272217, d_time=0.25(0.25), f_time=1.95(1.79), b_time=2.20(2.04), lr=0.0037629737148784687
2026-03-09 18:20:49,901   INFO  epoch: 1/6, acc_iter=49050, cur_iter=12253/36796, batch_size=4, time_cost(epoch): 6:56:59/13:55:09, time_cost(all): 28:01:30/97:23:38, loss=1.2600581645965576, d_time=0.25(0.25), f_time=1.78(1.79), b_time=2.03(2.04), lr=0.003767704419879381
/bin/sh: line 1: gpustat: command not found
2026-03-09 18:20:50,161   INFO  
2026-03-09 18:22:33,310   INFO  epoch: 1/6, acc_iter=49100, cur_iter=12303/36796, batch_size=4, time_cost(epoch): 6:58:42/13:53:30, time_cost(all): 28:03:13/97:22:15, loss=1.333388328552246, d_time=0.25(0.25), f_time=2.04(1.79), b_time=2.29(2.04), lr=0.003772433645120087
2026-03-09 18:23:53,074   INFO  Save latest model to /storage/project/r-gchou3-0/spanse30/MSF/output/cfgs/waymo_models/msf_8frames/default/ckpt/latest_model
2026-03-09 18:24:11,653   INFO  epoch: 1/6, acc_iter=49150, cur_iter=12353/36796, batch_size=4, time_cost(epoch): 7:00:21/13:51:41, time_cost(all): 28:04:51/97:19:41, loss=1.439906120300293, d_time=0.25(0.25), f_time=1.82(1.79), b_time=2.07(2.04), lr=0.0037771613756378904
2026-03-09 18:25:53,111   INFO  epoch: 1/6, acc_iter=49200, cur_iter=12403/36796, batch_size=4, time_cost(epoch): 7:02:02/13:49:57, time_cost(all): 28:06:33/97:17:50, loss=1.334582805633545, d_time=0.25(0.25), f_time=2.35(1.79), b_time=2.60(2.04), lr=0.0037818875964748234
/bin/sh: line 1: gpustat: command not found
2026-03-09 18:25:53,357   INFO  
2026-03-09 18:27:34,675   INFO  epoch: 1/6, acc_iter=49250, cur_iter=12453/36796, batch_size=4, time_cost(epoch): 7:03:44/13:48:14, time_cost(all): 28:08:14/97:16:01, loss=1.3390655517578125, d_time=0.25(0.25), f_time=1.72(1.79), b_time=1.97(2.04), lr=0.0037866122926776945
2026-03-09 18:28:52,063   INFO  Save latest model to /storage/project/r-gchou3-0/spanse30/MSF/output/cfgs/waymo_models/msf_8frames/default/ckpt/latest_model
2026-03-09 18:29:17,584   INFO  epoch: 1/6, acc_iter=49300, cur_iter=12503/36796, batch_size=4, time_cost(epoch): 7:05:26/13:46:34, time_cost(all): 28:09:57/97:14:30, loss=1.5044034719467163, d_time=0.24(0.25), f_time=1.64(1.79), b_time=1.88(2.04), lr=0.003791335449298138
2026-03-09 18:31:03,962   INFO  epoch: 1/6, acc_iter=49350, cur_iter=12553/36796, batch_size=4, time_cost(epoch): 7:07:13/13:45:00, time_cost(all): 28:11:44/97:13:47, loss=1.2632999420166016, d_time=0.25(0.25), f_time=1.43(1.79), b_time=1.68(2.04), lr=0.0037960570513926573
/bin/sh: line 1: gpustat: command not found
2026-03-09 18:31:04,212   INFO  
2026-03-09 18:32:45,583   INFO  epoch: 1/6, acc_iter=49400, cur_iter=12603/36796, batch_size=4, time_cost(epoch): 7:08:54/13:43:17, time_cost(all): 28:13:25/97:11:58, loss=1.4537211656570435, d_time=0.25(0.25), f_time=2.26(1.79), b_time=2.51(2.04), lr=0.003800777084022673
2026-03-09 18:33:52,300   INFO  Save latest model to /storage/project/r-gchou3-0/spanse30/MSF/output/cfgs/waymo_models/msf_8frames/default/ckpt/latest_model
2026-03-09 18:34:28,160   INFO  epoch: 1/6, acc_iter=49450, cur_iter=12653/36796, batch_size=4, time_cost(epoch): 7:10:37/13:41:36, time_cost(all): 28:15:08/97:10:23, loss=1.7719266414642334, d_time=0.24(0.25), f_time=2.01(1.79), b_time=2.26(2.04), lr=0.0038054955322545736
2026-03-09 18:36:10,271   INFO  epoch: 1/6, acc_iter=49500, cur_iter=12703/36796, batch_size=4, time_cost(epoch): 7:12:19/13:39:54, time_cost(all): 28:16:50/97:08:41, loss=1.4185681343078613, d_time=0.25(0.25), f_time=1.98(1.79), b_time=2.23(2.04), lr=0.0038102123811597603
/bin/sh: line 1: gpustat: command not found
2026-03-09 18:36:10,525   INFO  
2026-03-09 18:37:55,915   INFO  epoch: 1/6, acc_iter=49550, cur_iter=12753/36796, batch_size=4, time_cost(epoch): 7:14:05/13:38:18, time_cost(all): 28:18:36/97:07:47, loss=1.470399260520935, d_time=0.25(0.25), f_time=1.95(1.79), b_time=2.20(2.04), lr=0.003814927615814693
2026-03-09 18:38:51,740   INFO  Save latest model to /storage/project/r-gchou3-0/spanse30/MSF/output/cfgs/waymo_models/msf_8frames/default/ckpt/latest_model
2026-03-09 18:39:40,364   INFO  epoch: 1/6, acc_iter=49600, cur_iter=12803/36796, batch_size=4, time_cost(epoch): 7:15:49/13:36:41, time_cost(all): 28:20:20/97:06:36, loss=1.214245319366455, d_time=0.25(0.25), f_time=1.30(1.79), b_time=1.55(2.04), lr=0.003819641221300941
2026-03-09 18:41:21,516   INFO  epoch: 1/6, acc_iter=49650, cur_iter=12853/36796, batch_size=4, time_cost(epoch): 7:17:30/13:34:57, time_cost(all): 28:22:01/97:04:41, loss=0.9315847158432007, d_time=0.25(0.25), f_time=0.95(1.79), b_time=1.20(2.04), lr=0.003824353182705225
/bin/sh: line 1: gpustat: command not found
2026-03-09 18:41:21,826   INFO  
2026-03-09 18:42:58,457   INFO  epoch: 1/6, acc_iter=49700, cur_iter=12903/36796, batch_size=4, time_cost(epoch): 7:19:07/13:33:05, time_cost(all): 28:23:38/97:01:50, loss=1.2236907482147217, d_time=0.24(0.25), f_time=1.67(1.79), b_time=1.91(2.04), lr=0.00382906348511947
2026-03-09 18:43:51,989   INFO  Save latest model to /storage/project/r-gchou3-0/spanse30/MSF/output/cfgs/waymo_models/msf_8frames/default/ckpt/latest_model
2026-03-09 18:44:41,517   INFO  epoch: 1/6, acc_iter=49750, cur_iter=12953/36796, batch_size=4, time_cost(epoch): 7:20:50/13:31:25, time_cost(all): 28:25:21/97:00:21, loss=1.5728733539581299, d_time=0.25(0.25), f_time=2.04(1.79), b_time=2.29(2.04), lr=0.0038337721136408485
2026-03-09 18:46:26,625   INFO  epoch: 1/6, acc_iter=49800, cur_iter=13003/36796, batch_size=4, time_cost(epoch): 7:22:35/13:29:48, time_cost(all): 28:27:06/96:59:18, loss=1.0952461957931519, d_time=0.25(0.25), f_time=1.93(1.79), b_time=2.18(2.04), lr=0.00383847905337183
/bin/sh: line 1: gpustat: command not found
2026-03-09 18:46:26,875   INFO  
2026-03-09 18:48:08,221   INFO  epoch: 1/6, acc_iter=49850, cur_iter=13053/36796, batch_size=4, time_cost(epoch): 7:24:17/13:28:05, time_cost(all): 28:28:48/96:57:30, loss=1.2822601795196533, d_time=0.25(0.25), f_time=1.38(1.79), b_time=1.63(2.04), lr=0.003843184289420227
2026-03-09 18:48:51,567   INFO  Save latest model to /storage/project/r-gchou3-0/spanse30/MSF/output/cfgs/waymo_models/msf_8frames/default/ckpt/latest_model
2026-03-09 18:49:51,628   INFO  epoch: 1/6, acc_iter=49900, cur_iter=13103/36796, batch_size=4, time_cost(epoch): 7:26:00/13:26:25, time_cost(all): 28:30:31/96:56:04, loss=1.2662363052368164, d_time=0.25(0.25), f_time=2.16(1.79), b_time=2.41(2.04), lr=0.0038478878068992405
2026-03-09 18:51:34,693   INFO  epoch: 1/6, acc_iter=49950, cur_iter=13153/36796, batch_size=4, time_cost(epoch): 7:27:44/13:24:45, time_cost(all): 28:32:14/96:54:35, loss=1.3240692615509033, d_time=0.25(0.25), f_time=1.85(1.79), b_time=2.10(2.04), lr=0.0038525895909275114
/bin/sh: line 1: gpustat: command not found
2026-03-09 18:51:34,948   INFO  
2026-03-09 18:53:19,296   INFO  epoch: 1/6, acc_iter=50000, cur_iter=13203/36796, batch_size=4, time_cost(epoch): 7:29:28/13:23:07, time_cost(all): 28:33:59/96:53:25, loss=1.467816710472107, d_time=0.25(0.25), f_time=2.01(1.79), b_time=2.26(2.04), lr=0.0038572896266291633
2026-03-09 18:53:52,078   INFO  Save latest model to /storage/project/r-gchou3-0/spanse30/MSF/output/cfgs/waymo_models/msf_8frames/default/ckpt/latest_model
2026-03-09 18:55:00,776   INFO  epoch: 1/6, acc_iter=50050, cur_iter=13253/36796, batch_size=4, time_cost(epoch): 7:31:10/13:21:24, time_cost(all): 28:35:41/96:51:34, loss=1.59159517288208, d_time=0.25(0.25), f_time=1.57(1.79), b_time=1.82(2.04), lr=0.003861987899133852
2026-03-09 18:56:41,208   INFO  epoch: 1/6, acc_iter=50100, cur_iter=13303/36796, batch_size=4, time_cost(epoch): 7:32:50/13:19:39, time_cost(all): 28:37:21/96:49:31, loss=1.5400173664093018, d_time=0.25(0.25), f_time=2.12(1.79), b_time=2.37(2.04), lr=0.0038666843935768113
/bin/sh: line 1: gpustat: command not found
2026-03-09 18:56:41,461   INFO  
2026-03-09 18:58:24,016   INFO  epoch: 1/6, acc_iter=50150, cur_iter=13353/36796, batch_size=4, time_cost(epoch): 7:34:33/13:17:58, time_cost(all): 28:39:04/96:47:57, loss=1.418583869934082, d_time=0.25(0.25), f_time=1.73(1.79), b_time=1.97(2.04), lr=0.003871379095098901
2026-03-09 18:58:51,438   INFO  Save latest model to /storage/project/r-gchou3-0/spanse30/MSF/output/cfgs/waymo_models/msf_8frames/default/ckpt/latest_model
2026-03-09 19:00:08,632   INFO  epoch: 1/6, acc_iter=50200, cur_iter=13403/36796, batch_size=4, time_cost(epoch): 7:36:17/13:16:20, time_cost(all): 28:40:48/96:46:47, loss=1.7524900436401367, d_time=0.25(0.25), f_time=2.71(1.79), b_time=2.96(2.04), lr=0.003876071988846654
2026-03-09 19:01:50,136   INFO  epoch: 1/6, acc_iter=50250, cur_iter=13453/36796, batch_size=4, time_cost(epoch): 7:37:59/13:14:37, time_cost(all): 28:42:30/96:44:57, loss=1.6442757844924927, d_time=0.25(0.25), f_time=2.45(1.79), b_time=2.70(2.04), lr=0.003880763059972321
/bin/sh: line 1: gpustat: command not found
2026-03-09 19:01:50,397   INFO  
2026-03-09 19:03:33,466   INFO  epoch: 1/6, acc_iter=50300, cur_iter=13503/36796, batch_size=4, time_cost(epoch): 7:39:42/13:12:57, time_cost(all): 28:44:13/96:43:30, loss=1.6945346593856812, d_time=0.25(0.25), f_time=1.53(1.79), b_time=1.78(2.04), lr=0.0038854522936339216
2026-03-09 19:03:51,265   INFO  Save latest model to /storage/project/r-gchou3-0/spanse30/MSF/output/cfgs/waymo_models/msf_8frames/default/ckpt/latest_model
2026-03-09 19:05:19,630   INFO  epoch: 1/6, acc_iter=50350, cur_iter=13553/36796, batch_size=4, time_cost(epoch): 7:41:28/13:11:22, time_cost(all): 28:45:59/96:42:39, loss=1.4766459465026855, d_time=0.25(0.25), f_time=1.21(1.79), b_time=1.46(2.04), lr=0.0038901396749952866
2026-03-09 19:07:06,846   INFO  epoch: 1/6, acc_iter=50400, cur_iter=13603/36796, batch_size=4, time_cost(epoch): 7:43:16/13:09:48, time_cost(all): 28:47:47/96:42:00, loss=1.320255994796753, d_time=0.25(0.25), f_time=1.89(1.79), b_time=2.14(2.04), lr=0.00389482518922611
/bin/sh: line 1: gpustat: command not found
2026-03-09 19:07:07,096   INFO  
2026-03-09 19:08:45,809   INFO  epoch: 1/6, acc_iter=50450, cur_iter=13653/36796, batch_size=4, time_cost(epoch): 7:44:55/13:08:01, time_cost(all): 28:49:26/96:39:38, loss=1.4574260711669922, d_time=0.25(0.25), f_time=2.29(1.79), b_time=2.54(2.04), lr=0.00389950882150199
2026-03-09 19:08:52,537   INFO  Save latest model to /storage/project/r-gchou3-0/spanse30/MSF/output/cfgs/waymo_models/msf_8frames/default/ckpt/latest_model
2026-03-09 19:10:27,894   INFO  epoch: 1/6, acc_iter=50500, cur_iter=13703/36796, batch_size=4, time_cost(epoch): 7:46:37/13:06:18, time_cost(all): 28:51:08/96:37:55, loss=1.0454479455947876, d_time=0.25(0.25), f_time=1.43(1.79), b_time=1.68(2.04), lr=0.003904190557004482
2026-03-09 19:12:10,126   INFO  epoch: 1/6, acc_iter=50550, cur_iter=13753/36796, batch_size=4, time_cost(epoch): 7:48:19/13:04:36, time_cost(all): 28:52:50/96:36:14, loss=1.4528416395187378, d_time=0.25(0.25), f_time=1.73(1.79), b_time=1.98(2.04), lr=0.00390887038092114
/bin/sh: line 1: gpustat: command not found
2026-03-09 19:12:10,376   INFO  
2026-03-09 19:13:50,607   INFO  epoch: 1/6, acc_iter=50600, cur_iter=13803/36796, batch_size=4, time_cost(epoch): 7:49:59/13:02:52, time_cost(all): 28:54:30/96:34:11, loss=1.6336156129837036, d_time=0.25(0.25), f_time=2.63(1.79), b_time=2.88(2.04), lr=0.003913548278445568
2026-03-09 19:13:51,989   INFO  Save latest model to /storage/project/r-gchou3-0/spanse30/MSF/output/cfgs/waymo_models/msf_8frames/default/ckpt/latest_model
2026-03-09 19:15:33,523   INFO  epoch: 1/6, acc_iter=50650, cur_iter=13853/36796, batch_size=4, time_cost(epoch): 7:51:42/13:01:11, time_cost(all): 28:56:13/96:32:39, loss=1.4259142875671387, d_time=0.24(0.25), f_time=1.51(1.79), b_time=1.75(2.04), lr=0.0039182242347774645
2026-03-09 19:17:16,552   INFO  epoch: 1/6, acc_iter=50700, cur_iter=13903/36796, batch_size=4, time_cost(epoch): 7:53:25/12:59:30, time_cost(all): 28:57:56/96:31:07, loss=1.312716007232666, d_time=0.25(0.25), f_time=1.85(1.79), b_time=2.10(2.04), lr=0.003922898235122667
/bin/sh: line 1: gpustat: command not found
2026-03-09 19:17:16,804   INFO  
2026-03-09 19:18:52,547   INFO  Save latest model to /storage/project/r-gchou3-0/spanse30/MSF/output/cfgs/waymo_models/msf_8frames/default/ckpt/latest_model
2026-03-09 19:19:02,455   INFO  epoch: 1/6, acc_iter=50750, cur_iter=13953/36796, batch_size=4, time_cost(epoch): 7:55:11/12:57:54, time_cost(all): 28:59:42/96:30:11, loss=1.5489699840545654, d_time=0.25(0.25), f_time=2.05(1.79), b_time=2.29(2.04), lr=0.003927570264693207
2026-03-09 19:20:42,348   INFO  epoch: 1/6, acc_iter=50800, cur_iter=14003/36796, batch_size=4, time_cost(epoch): 7:56:51/12:56:08, time_cost(all): 29:01:22/96:28:01, loss=1.2890453338623047, d_time=0.25(0.25), f_time=1.55(1.79), b_time=1.80(2.04), lr=0.003932240308707346
2026-03-09 19:22:23,031   INFO  epoch: 1/6, acc_iter=50850, cur_iter=14053/36796, batch_size=4, time_cost(epoch): 7:58:32/12:54:24, time_cost(all): 29:03:03/96:26:01, loss=1.3258116245269775, d_time=0.25(0.25), f_time=1.65(1.79), b_time=1.90(2.04), lr=0.003936908352389631
/bin/sh: line 1: gpustat: command not found
2026-03-09 19:22:23,287   INFO  
2026-03-09 19:23:51,834   INFO  Save latest model to /storage/project/r-gchou3-0/spanse30/MSF/output/cfgs/waymo_models/msf_8frames/default/ckpt/latest_model
2026-03-09 19:24:05,499   INFO  epoch: 1/6, acc_iter=50900, cur_iter=14103/36796, batch_size=4, time_cost(epoch): 8:00:14/12:52:42, time_cost(all): 29:04:45/96:24:23, loss=1.578291654586792, d_time=0.25(0.25), f_time=1.67(1.79), b_time=1.92(2.04), lr=0.003941574380970935
2026-03-09 19:25:46,473   INFO  epoch: 1/6, acc_iter=50950, cur_iter=14153/36796, batch_size=4, time_cost(epoch): 8:01:55/12:50:58, time_cost(all): 29:06:26/96:22:27, loss=1.4030823707580566, d_time=0.25(0.25), f_time=2.52(1.79), b_time=2.77(2.04), lr=0.00394623837968851
2026-03-09 19:27:27,435   INFO  epoch: 1/6, acc_iter=51000, cur_iter=14203/36796, batch_size=4, time_cost(epoch): 8:03:36/12:49:14, time_cost(all): 29:08:07/96:20:30, loss=1.3805484771728516, d_time=0.27(0.25), f_time=2.28(1.79), b_time=2.55(2.04), lr=0.003950900333786027
/bin/sh: line 1: gpustat: command not found
2026-03-09 19:27:27,681   INFO  
2026-03-09 19:28:52,162   INFO  Save latest model to /storage/project/r-gchou3-0/spanse30/MSF/output/cfgs/waymo_models/msf_8frames/default/ckpt/latest_model
2026-03-09 19:29:10,369   INFO  epoch: 1/6, acc_iter=51050, cur_iter=14253/36796, batch_size=4, time_cost(epoch): 8:05:19/12:47:33, time_cost(all): 29:09:50/96:18:58, loss=1.2153092622756958, d_time=0.25(0.25), f_time=1.85(1.79), b_time=2.10(2.04), lr=0.003955560228513627
2026-03-09 19:30:50,374   INFO  epoch: 1/6, acc_iter=51100, cur_iter=14303/36796, batch_size=4, time_cost(epoch): 8:06:59/12:45:47, time_cost(all): 29:11:30/96:16:50, loss=1.1584575176239014, d_time=0.25(0.25), f_time=1.18(1.79), b_time=1.43(2.04), lr=0.003960218049127966
2026-03-09 19:32:32,547   INFO  epoch: 1/6, acc_iter=51150, cur_iter=14353/36796, batch_size=4, time_cost(epoch): 8:08:41/12:44:05, time_cost(all): 29:13:12/96:15:08, loss=1.4422423839569092, d_time=0.25(0.25), f_time=1.38(1.79), b_time=1.63(2.04), lr=0.003964873780892265
/bin/sh: line 1: gpustat: command not found
2026-03-09 19:32:32,796   INFO  
2026-03-09 19:33:51,156   INFO  Save latest model to /storage/project/r-gchou3-0/spanse30/MSF/output/cfgs/waymo_models/msf_8frames/default/ckpt/latest_model
2026-03-09 19:34:14,955   INFO  epoch: 1/6, acc_iter=51200, cur_iter=14403/36796, batch_size=4, time_cost(epoch): 8:10:24/12:42:24, time_cost(all): 29:14:55/96:13:29, loss=1.3702263832092285, d_time=0.25(0.25), f_time=1.44(1.79), b_time=1.69(2.04), lr=0.0039695274090763505
2026-03-09 19:35:50,047   INFO  epoch: 1/6, acc_iter=51250, cur_iter=14453/36796, batch_size=4, time_cost(epoch): 8:11:59/12:40:31, time_cost(all): 29:16:30/96:10:25, loss=1.5235874652862549, d_time=0.24(0.25), f_time=1.75(1.79), b_time=1.99(2.04), lr=0.003974178918956707
2026-03-09 19:37:30,712   INFO  epoch: 1/6, acc_iter=51300, cur_iter=14503/36796, batch_size=4, time_cost(epoch): 8:13:40/12:38:46, time_cost(all): 29:18:11/96:08:25, loss=1.2647373676300049, d_time=0.25(0.25), f_time=2.06(1.79), b_time=2.31(2.04), lr=0.003978828295816519
/bin/sh: line 1: gpustat: command not found
2026-03-09 19:37:30,955   INFO  
2026-03-09 19:38:52,355   INFO  Save latest model to /storage/project/r-gchou3-0/spanse30/MSF/output/cfgs/waymo_models/msf_8frames/default/ckpt/latest_model
2026-03-09 19:39:15,750   INFO  epoch: 1/6, acc_iter=51350, cur_iter=14553/36796, batch_size=4, time_cost(epoch): 8:15:25/12:37:09, time_cost(all): 29:19:56/96:07:17, loss=1.623892068862915, d_time=0.25(0.25), f_time=1.98(1.79), b_time=2.23(2.04), lr=0.003983475524945721
2026-03-09 19:40:53,696   INFO  epoch: 1/6, acc_iter=51400, cur_iter=14603/36796, batch_size=4, time_cost(epoch): 8:17:03/12:35:20, time_cost(all): 29:21:33/96:04:47, loss=1.2840571403503418, d_time=0.25(0.25), f_time=1.27(1.79), b_time=1.52(2.04), lr=0.003988120591641042
2026-03-09 19:42:36,053   INFO  epoch: 1/6, acc_iter=51450, cur_iter=14653/36796, batch_size=4, time_cost(epoch): 8:18:45/12:33:38, time_cost(all): 29:23:16/96:03:08, loss=1.3015694618225098, d_time=0.25(0.25), f_time=2.21(1.79), b_time=2.46(2.04), lr=0.003992763481206053
/bin/sh: line 1: gpustat: command not found
2026-03-09 19:42:36,296   INFO  
2026-03-09 19:43:51,513   INFO  Save latest model to /storage/project/r-gchou3-0/spanse30/MSF/output/cfgs/waymo_models/msf_8frames/default/ckpt/latest_model
2026-03-09 19:44:16,188   INFO  epoch: 1/6, acc_iter=51500, cur_iter=14703/36796, batch_size=4, time_cost(epoch): 8:20:25/12:31:53, time_cost(all): 29:24:56/96:01:03, loss=1.4192030429840088, d_time=0.25(0.25), f_time=1.86(1.79), b_time=2.11(2.04), lr=0.003997404178951214
2026-03-09 19:45:58,100   INFO  epoch: 1/6, acc_iter=51550, cur_iter=14753/36796, batch_size=4, time_cost(epoch): 8:22:07/12:30:11, time_cost(all): 29:26:38/95:59:19, loss=1.6676603555679321, d_time=0.24(0.25), f_time=1.20(1.79), b_time=1.44(2.04), lr=0.004002042670193916
2026-03-09 19:47:37,704   INFO  epoch: 1/6, acc_iter=51600, cur_iter=14803/36796, batch_size=4, time_cost(epoch): 8:23:47/12:28:25, time_cost(all): 29:28:18/95:57:08, loss=1.291534662246704, d_time=0.25(0.25), f_time=1.60(1.79), b_time=1.85(2.04), lr=0.0040066789402585365
/bin/sh: line 1: gpustat: command not found
2026-03-09 19:47:37,953   INFO  
2026-03-09 19:48:50,936   INFO  Save latest model to /storage/project/r-gchou3-0/spanse30/MSF/output/cfgs/waymo_models/msf_8frames/default/ckpt/latest_model
2026-03-09 19:49:23,444   INFO  epoch: 1/6, acc_iter=51650, cur_iter=14853/36796, batch_size=4, time_cost(epoch): 8:25:32/12:26:48, time_cost(all): 29:30:03/95:56:08, loss=1.3279427289962769, d_time=0.25(0.25), f_time=2.06(1.79), b_time=2.31(2.04), lr=0.0040113129744764765
2026-03-09 19:51:03,952   INFO  epoch: 1/6, acc_iter=51700, cur_iter=14903/36796, batch_size=4, time_cost(epoch): 8:27:13/12:25:04, time_cost(all): 29:31:44/95:54:07, loss=1.5889029502868652, d_time=0.25(0.25), f_time=2.33(1.79), b_time=2.58(2.04), lr=0.004015944758186214
2026-03-09 19:52:46,463   INFO  epoch: 1/6, acc_iter=51750, cur_iter=14953/36796, batch_size=4, time_cost(epoch): 8:28:55/12:23:23, time_cost(all): 29:33:26/95:52:30, loss=1.4417445659637451, d_time=0.25(0.25), f_time=2.24(1.79), b_time=2.49(2.04), lr=0.0040205742767333436
/bin/sh: line 1: gpustat: command not found
2026-03-09 19:52:46,706   INFO  
2026-03-09 19:53:52,466   INFO  Save latest model to /storage/project/r-gchou3-0/spanse30/MSF/output/cfgs/waymo_models/msf_8frames/default/ckpt/latest_model
2026-03-09 19:54:28,847   INFO  epoch: 1/6, acc_iter=51800, cur_iter=15003/36796, batch_size=4, time_cost(epoch): 8:30:38/12:21:41, time_cost(all): 29:35:09/95:50:51, loss=1.4983209371566772, d_time=0.25(0.25), f_time=1.47(1.79), b_time=1.72(2.04), lr=0.0040252015154706305
2026-03-09 19:56:10,641   INFO  epoch: 1/6, acc_iter=51850, cur_iter=15053/36796, batch_size=4, time_cost(epoch): 8:32:20/12:19:58, time_cost(all): 29:36:50/95:49:05, loss=1.4447101354599, d_time=0.25(0.25), f_time=2.03(1.79), b_time=2.28(2.04), lr=0.004029826459758048
2026-03-09 19:57:52,894   INFO  epoch: 1/6, acc_iter=51900, cur_iter=15103/36796, batch_size=4, time_cost(epoch): 8:34:02/12:18:16, time_cost(all): 29:38:33/95:47:25, loss=1.4143394231796265, d_time=0.24(0.25), f_time=2.24(1.79), b_time=2.48(2.04), lr=0.004034449094962835
/bin/sh: line 1: gpustat: command not found
2026-03-09 19:57:53,158   INFO  
2026-03-09 19:58:51,433   INFO  Save latest model to /storage/project/r-gchou3-0/spanse30/MSF/output/cfgs/waymo_models/msf_8frames/default/ckpt/latest_model
2026-03-09 19:59:37,184   INFO  epoch: 1/6, acc_iter=51950, cur_iter=15153/36796, batch_size=4, time_cost(epoch): 8:35:46/12:16:37, time_cost(all): 29:40:17/95:46:07, loss=1.8618942499160767, d_time=0.25(0.25), f_time=2.25(1.79), b_time=2.50(2.04), lr=0.004039069406459532
2026-03-09 20:01:20,960   INFO  epoch: 1/6, acc_iter=52000, cur_iter=15203/36796, batch_size=4, time_cost(epoch): 8:37:30/12:14:58, time_cost(all): 29:42:01/95:44:44, loss=1.3874235153198242, d_time=0.25(0.25), f_time=1.54(1.79), b_time=1.79(2.04), lr=0.004043687379630031
2026-03-09 20:03:00,900   INFO  epoch: 1/6, acc_iter=52050, cur_iter=15253/36796, batch_size=4, time_cost(epoch): 8:39:10/12:13:13, time_cost(all): 29:43:41/95:42:38, loss=1.164394497871399, d_time=0.25(0.25), f_time=1.48(1.79), b_time=1.73(2.04), lr=0.004048302999863626
/bin/sh: line 1: gpustat: command not found
2026-03-09 20:03:01,150   INFO  
2026-03-09 20:03:52,419   INFO  Save latest model to /storage/project/r-gchou3-0/spanse30/MSF/output/cfgs/waymo_models/msf_8frames/default/ckpt/latest_model
2026-03-09 20:04:44,133   INFO  epoch: 1/6, acc_iter=52100, cur_iter=15303/36796, batch_size=4, time_cost(epoch): 8:40:53/12:11:32, time_cost(all): 29:45:24/95:41:08, loss=1.6795742511749268, d_time=0.25(0.25), f_time=1.36(1.79), b_time=1.61(2.04), lr=0.004052916252557052
2026-03-09 20:06:30,025   INFO  epoch: 1/6, acc_iter=52150, cur_iter=15353/36796, batch_size=4, time_cost(epoch): 8:42:39/12:09:55, time_cost(all): 29:47:10/95:40:07, loss=1.4323004484176636, d_time=0.25(0.25), f_time=2.23(1.79), b_time=2.48(2.04), lr=0.004057527123114534
2026-03-09 20:08:13,094   INFO  epoch: 1/6, acc_iter=52200, cur_iter=15403/36796, batch_size=4, time_cost(epoch): 8:44:22/12:08:14, time_cost(all): 29:48:53/95:38:36, loss=1.2724682092666626, d_time=0.25(0.25), f_time=1.35(1.79), b_time=1.59(2.04), lr=0.004062135596947836
/bin/sh: line 1: gpustat: command not found
2026-03-09 20:08:13,339   INFO  
2026-03-09 20:08:51,476   INFO  Save latest model to /storage/project/r-gchou3-0/spanse30/MSF/output/cfgs/waymo_models/msf_8frames/default/ckpt/latest_model
2026-03-09 20:09:54,514   INFO  epoch: 1/6, acc_iter=52250, cur_iter=15453/36796, batch_size=4, time_cost(epoch): 8:46:03/12:06:31, time_cost(all): 29:50:34/95:36:46, loss=1.6820104122161865, d_time=0.25(0.25), f_time=2.44(1.79), b_time=2.69(2.04), lr=0.004066741659476306
2026-03-09 20:11:35,764   INFO  epoch: 1/6, acc_iter=52300, cur_iter=15503/36796, batch_size=4, time_cost(epoch): 8:47:45/12:04:48, time_cost(all): 29:52:16/95:34:54, loss=1.3447837829589844, d_time=0.27(0.25), f_time=1.62(1.79), b_time=1.89(2.04), lr=0.004071345296126918
2026-03-09 20:13:17,421   INFO  epoch: 1/6, acc_iter=52350, cur_iter=15553/36796, batch_size=4, time_cost(epoch): 8:49:26/12:03:05, time_cost(all): 29:53:57/95:33:07, loss=1.0887212753295898, d_time=0.25(0.25), f_time=1.51(1.79), b_time=1.76(2.04), lr=0.004075946492334322
/bin/sh: line 1: gpustat: command not found
2026-03-09 20:13:17,675   INFO  
2026-03-09 20:13:50,879   INFO  Save latest model to /storage/project/r-gchou3-0/spanse30/MSF/output/cfgs/waymo_models/msf_8frames/default/ckpt/latest_model
2026-03-09 20:14:58,054   INFO  epoch: 1/6, acc_iter=52400, cur_iter=15603/36796, batch_size=4, time_cost(epoch): 8:51:07/12:01:21, time_cost(all): 29:55:38/95:31:09, loss=1.502927303314209, d_time=0.24(0.25), f_time=1.88(1.79), b_time=2.13(2.04), lr=0.004080545233540891
2026-03-09 20:16:36,223   INFO  epoch: 1/6, acc_iter=52450, cur_iter=15653/36796, batch_size=4, time_cost(epoch): 8:52:45/11:59:34, time_cost(all): 29:57:16/95:28:44, loss=1.2307934761047363, d_time=0.25(0.25), f_time=1.49(1.79), b_time=1.75(2.04), lr=0.0040851415051967625
2026-03-09 20:18:16,349   INFO  epoch: 1/6, acc_iter=52500, cur_iter=15703/36796, batch_size=4, time_cost(epoch): 8:54:25/11:57:49, time_cost(all): 29:58:56/95:26:41, loss=1.408556580543518, d_time=0.25(0.25), f_time=1.85(1.79), b_time=2.10(2.04), lr=0.004089735292759892
/bin/sh: line 1: gpustat: command not found
2026-03-09 20:18:16,594   INFO  
2026-03-09 20:18:51,394   INFO  Save latest model to /storage/project/r-gchou3-0/spanse30/MSF/output/cfgs/waymo_models/msf_8frames/default/ckpt/latest_model
2026-03-09 20:19:59,970   INFO  epoch: 1/6, acc_iter=52550, cur_iter=15753/36796, batch_size=4, time_cost(epoch): 8:56:09/11:56:09, time_cost(all): 30:00:40/95:25:15, loss=1.2840238809585571, d_time=0.25(0.25), f_time=1.77(1.79), b_time=2.02(2.04), lr=0.0040943265816960886
2026-03-09 20:21:41,191   INFO  epoch: 1/6, acc_iter=52600, cur_iter=15803/36796, batch_size=4, time_cost(epoch): 8:57:50/11:54:26, time_cost(all): 30:02:21/95:23:24, loss=1.3054934740066528, d_time=0.25(0.25), f_time=1.40(1.79), b_time=1.65(2.04), lr=0.0040989153574790705
2026-03-09 20:23:28,254   INFO  epoch: 1/6, acc_iter=52650, cur_iter=15853/36796, batch_size=4, time_cost(epoch): 8:59:37/11:52:50, time_cost(all): 30:04:08/95:22:35, loss=1.3652281761169434, d_time=0.25(0.25), f_time=1.97(1.79), b_time=2.22(2.04), lr=0.0041035016055905055
/bin/sh: line 1: gpustat: command not found
2026-03-09 20:23:28,504   INFO  
2026-03-09 20:23:52,292   INFO  Save latest model to /storage/project/r-gchou3-0/spanse30/MSF/output/cfgs/waymo_models/msf_8frames/default/ckpt/latest_model
2026-03-09 20:25:09,268   INFO  epoch: 1/6, acc_iter=52700, cur_iter=15903/36796, batch_size=4, time_cost(epoch): 9:01:18/11:51:07, time_cost(all): 30:05:49/95:20:41, loss=1.5467863082885742, d_time=0.25(0.25), f_time=1.72(1.79), b_time=1.97(2.04), lr=0.004108085311520061
2026-03-09 20:26:51,193   INFO  epoch: 1/6, acc_iter=52750, cur_iter=15953/36796, batch_size=4, time_cost(epoch): 9:03:00/11:49:24, time_cost(all): 30:07:31/95:18:57, loss=1.2291879653930664, d_time=0.25(0.25), f_time=2.10(1.79), b_time=2.35(2.04), lr=0.004112666460765443
2026-03-09 20:28:36,150   INFO  epoch: 1/6, acc_iter=52800, cur_iter=16003/36796, batch_size=4, time_cost(epoch): 9:04:45/11:47:46, time_cost(all): 30:09:16/95:17:45, loss=1.4179482460021973, d_time=0.25(0.25), f_time=2.22(1.79), b_time=2.47(2.04), lr=0.004117245038832453
/bin/sh: line 1: gpustat: command not found
2026-03-09 20:28:36,394   INFO  
2026-03-09 20:28:51,951   INFO  Save latest model to /storage/project/r-gchou3-0/spanse30/MSF/output/cfgs/waymo_models/msf_8frames/default/ckpt/latest_model
2026-03-09 20:30:18,223   INFO  epoch: 1/6, acc_iter=52850, cur_iter=16053/36796, batch_size=4, time_cost(epoch): 9:06:27/11:46:04, time_cost(all): 30:10:58/95:16:02, loss=1.506913661956787, d_time=0.25(0.25), f_time=1.91(1.79), b_time=2.16(2.04), lr=0.004121821031235021
2026-03-09 20:31:58,325   INFO  epoch: 1/6, acc_iter=52900, cur_iter=16103/36796, batch_size=4, time_cost(epoch): 9:08:07/11:44:19, time_cost(all): 30:12:38/95:13:59, loss=0.9945017695426941, d_time=0.25(0.25), f_time=1.09(1.79), b_time=1.34(2.04), lr=0.004126394423495263
2026-03-09 20:33:39,417   INFO  epoch: 1/6, acc_iter=52950, cur_iter=16153/36796, batch_size=4, time_cost(epoch): 9:09:48/11:42:35, time_cost(all): 30:14:19/95:12:06, loss=1.4537113904953003, d_time=0.25(0.25), f_time=1.41(1.79), b_time=1.66(2.04), lr=0.004130965201143518
/bin/sh: line 1: gpustat: command not found
2026-03-09 20:33:39,706   INFO  
2026-03-09 20:33:51,459   INFO  Save latest model to /storage/project/r-gchou3-0/spanse30/MSF/output/cfgs/waymo_models/msf_8frames/default/ckpt/latest_model
2026-03-09 20:35:21,882   INFO  epoch: 1/6, acc_iter=53000, cur_iter=16203/36796, batch_size=4, time_cost(epoch): 9:11:31/11:40:54, time_cost(all): 30:16:02/95:10:28, loss=1.2462902069091797, d_time=0.25(0.25), f_time=1.54(1.79), b_time=1.79(2.04), lr=0.004135533349718399
2026-03-09 20:37:02,204   INFO  epoch: 1/6, acc_iter=53050, cur_iter=16253/36796, batch_size=4, time_cost(epoch): 9:13:11/11:39:09, time_cost(all): 30:17:42/95:08:27, loss=1.3354463577270508, d_time=0.25(0.25), f_time=1.95(1.79), b_time=2.20(2.04), lr=0.004140098854766835
2026-03-09 20:38:46,494   INFO  epoch: 1/6, acc_iter=53100, cur_iter=16303/36796, batch_size=4, time_cost(epoch): 9:14:55/11:37:30, time_cost(all): 30:19:26/95:07:08, loss=1.6841163635253906, d_time=0.25(0.25), f_time=2.22(1.79), b_time=2.47(2.04), lr=0.00414466170184412
/bin/sh: line 1: gpustat: command not found
2026-03-09 20:38:46,738   INFO  
2026-03-09 20:38:51,582   INFO  Save latest model to /storage/project/r-gchou3-0/spanse30/MSF/output/cfgs/waymo_models/msf_8frames/default/ckpt/latest_model
2026-03-09 20:40:29,783   INFO  epoch: 1/6, acc_iter=53150, cur_iter=16353/36796, batch_size=4, time_cost(epoch): 9:16:39/11:35:49, time_cost(all): 30:21:10/95:05:38, loss=1.840955376625061, d_time=0.25(0.25), f_time=2.48(1.79), b_time=2.73(2.04), lr=0.00414922187651396
2026-03-09 20:42:11,798   INFO  epoch: 1/6, acc_iter=53200, cur_iter=16403/36796, batch_size=4, time_cost(epoch): 9:18:21/11:34:07, time_cost(all): 30:22:52/95:03:55, loss=1.2063212394714355, d_time=0.25(0.25), f_time=1.58(1.79), b_time=1.83(2.04), lr=0.004153779364348514
2026-03-09 20:43:51,279   INFO  epoch: 1/6, acc_iter=53250, cur_iter=16453/36796, batch_size=4, time_cost(epoch): 9:20:00/11:32:22, time_cost(all): 30:24:31/95:01:46, loss=1.4147049188613892, d_time=0.25(0.25), f_time=1.92(1.79), b_time=2.17(2.04), lr=0.00415833415092844
/bin/sh: line 1: gpustat: command not found
2026-03-09 20:43:51,527   INFO  
2026-03-09 20:43:51,766   INFO  Save latest model to /storage/project/r-gchou3-0/spanse30/MSF/output/cfgs/waymo_models/msf_8frames/default/ckpt/latest_model
2026-03-09 20:45:36,098   INFO  epoch: 1/6, acc_iter=53300, cur_iter=16503/36796, batch_size=4, time_cost(epoch): 9:21:45/11:30:43, time_cost(all): 30:26:16/95:00:31, loss=1.6747339963912964, d_time=0.25(0.25), f_time=2.38(1.79), b_time=2.63(2.04), lr=0.004162886221842945
2026-03-09 20:47:19,522   INFO  epoch: 1/6, acc_iter=53350, cur_iter=16553/36796, batch_size=4, time_cost(epoch): 9:23:28/11:29:03, time_cost(all): 30:27:59/94:59:02, loss=1.4506075382232666, d_time=0.25(0.25), f_time=1.87(1.79), b_time=2.12(2.04), lr=0.004167435562689828
2026-03-09 20:48:52,523   INFO  Save latest model to /storage/project/r-gchou3-0/spanse30/MSF/output/cfgs/waymo_models/msf_8frames/default/ckpt/latest_model
2026-03-09 20:49:01,839   INFO  epoch: 1/6, acc_iter=53400, cur_iter=16603/36796, batch_size=4, time_cost(epoch): 9:25:11/11:27:21, time_cost(all): 30:29:42/94:57:22, loss=1.6665012836456299, d_time=0.25(0.25), f_time=1.43(1.79), b_time=1.68(2.04), lr=0.004171982159075524
/bin/sh: line 1: gpustat: command not found
2026-03-09 20:49:02,135   INFO  
2026-03-09 20:50:47,000   INFO  epoch: 1/6, acc_iter=53450, cur_iter=16653/36796, batch_size=4, time_cost(epoch): 9:26:56/11:25:42, time_cost(all): 30:31:27/94:56:11, loss=1.498288869857788, d_time=0.25(0.25), f_time=2.00(1.79), b_time=2.25(2.04), lr=0.004176525996615153
2026-03-09 20:52:30,006   INFO  epoch: 1/6, acc_iter=53500, cur_iter=16703/36796, batch_size=4, time_cost(epoch): 9:28:39/11:24:01, time_cost(all): 30:33:10/94:54:37, loss=1.5077019929885864, d_time=0.25(0.25), f_time=2.09(1.79), b_time=2.34(2.04), lr=0.004181067060932561
2026-03-09 20:53:50,852   INFO  Save latest model to /storage/project/r-gchou3-0/spanse30/MSF/output/cfgs/waymo_models/msf_8frames/default/ckpt/latest_model
2026-03-09 20:54:15,338   INFO  epoch: 1/6, acc_iter=53550, cur_iter=16753/36796, batch_size=4, time_cost(epoch): 9:30:24/11:22:23, time_cost(all): 30:34:55/94:53:27, loss=1.1696224212646484, d_time=0.24(0.25), f_time=1.30(1.79), b_time=1.54(2.04), lr=0.004185605337660371
/bin/sh: line 1: gpustat: command not found
2026-03-09 20:54:15,655   INFO  
2026-03-09 20:55:57,141   INFO  epoch: 1/6, acc_iter=53600, cur_iter=16803/36796, batch_size=4, time_cost(epoch): 9:32:06/11:20:40, time_cost(all): 30:36:37/94:51:42, loss=1.0632152557373047, d_time=0.25(0.25), f_time=1.12(1.79), b_time=1.37(2.04), lr=0.004190140812440025
2026-03-09 20:57:36,086   INFO  epoch: 1/6, acc_iter=53650, cur_iter=16853/36796, batch_size=4, time_cost(epoch): 9:33:45/11:18:54, time_cost(all): 30:38:16/94:49:28, loss=1.6548315286636353, d_time=0.25(0.25), f_time=1.73(1.79), b_time=1.98(2.04), lr=0.004194673470921828
2026-03-09 20:58:52,027   INFO  Save latest model to /storage/project/r-gchou3-0/spanse30/MSF/output/cfgs/waymo_models/msf_8frames/default/ckpt/latest_model
2026-03-09 20:59:16,003   INFO  epoch: 1/6, acc_iter=53700, cur_iter=16903/36796, batch_size=4, time_cost(epoch): 9:35:25/11:17:10, time_cost(all): 30:39:56/94:47:24, loss=1.2939534187316895, d_time=0.24(0.25), f_time=2.26(1.79), b_time=2.50(2.04), lr=0.004199203298764997
/bin/sh: line 1: gpustat: command not found
2026-03-09 20:59:16,251   INFO  
2026-03-09 21:00:55,353   INFO  epoch: 1/6, acc_iter=53750, cur_iter=16953/36796, batch_size=4, time_cost(epoch): 9:37:04/11:15:24, time_cost(all): 30:41:35/94:45:14, loss=1.1024409532546997, d_time=0.25(0.25), f_time=1.12(1.79), b_time=1.37(2.04), lr=0.004203730281637707
2026-03-09 21:02:36,114   INFO  epoch: 1/6, acc_iter=53800, cur_iter=17003/36796, batch_size=4, time_cost(epoch): 9:38:45/11:13:41, time_cost(all): 30:43:16/94:43:19, loss=1.2960820198059082, d_time=0.25(0.25), f_time=1.78(1.79), b_time=2.03(2.04), lr=0.004208254405217129
2026-03-09 21:03:51,589   INFO  Save latest model to /storage/project/r-gchou3-0/spanse30/MSF/output/cfgs/waymo_models/msf_8frames/default/ckpt/latest_model
2026-03-09 21:04:19,501   INFO  epoch: 1/6, acc_iter=53850, cur_iter=17053/36796, batch_size=4, time_cost(epoch): 9:40:28/11:12:00, time_cost(all): 30:44:59/94:41:49, loss=1.2988908290863037, d_time=0.25(0.25), f_time=1.54(1.79), b_time=1.79(2.04), lr=0.0042127756551894845
/bin/sh: line 1: gpustat: command not found
2026-03-09 21:04:19,749   INFO  
2026-03-09 21:05:58,836   INFO  epoch: 1/6, acc_iter=53900, cur_iter=17103/36796, batch_size=4, time_cost(epoch): 9:42:08/11:10:15, time_cost(all): 30:46:39/94:39:40, loss=1.3927240371704102, d_time=0.25(0.25), f_time=1.55(1.79), b_time=1.80(2.04), lr=0.004217294017250087
2026-03-09 21:07:42,679   INFO  epoch: 1/6, acc_iter=53950, cur_iter=17153/36796, batch_size=4, time_cost(epoch): 9:43:52/11:08:35, time_cost(all): 30:48:22/94:38:15, loss=1.1985177993774414, d_time=0.25(0.25), f_time=2.06(1.79), b_time=2.31(2.04), lr=0.004221809477103382
2026-03-09 21:08:51,859   INFO  Save latest model to /storage/project/r-gchou3-0/spanse30/MSF/output/cfgs/waymo_models/msf_8frames/default/ckpt/latest_model
2026-03-09 21:09:28,021   INFO  epoch: 1/6, acc_iter=54000, cur_iter=17203/36796, batch_size=4, time_cost(epoch): 9:45:37/11:06:56, time_cost(all): 30:50:08/94:37:04, loss=1.2849572896957397, d_time=0.25(0.25), f_time=1.51(1.79), b_time=1.76(2.04), lr=0.004226322020463003
/bin/sh: line 1: gpustat: command not found
2026-03-09 21:09:28,271   INFO  
2026-03-09 21:11:08,061   INFO  epoch: 1/6, acc_iter=54050, cur_iter=17253/36796, batch_size=4, time_cost(epoch): 9:47:17/11:05:12, time_cost(all): 30:51:48/94:35:02, loss=1.3592948913574219, d_time=0.25(0.25), f_time=2.19(1.79), b_time=2.44(2.04), lr=0.004230831633051808
2026-03-09 21:12:50,131   INFO  epoch: 1/6, acc_iter=54100, cur_iter=17303/36796, batch_size=4, time_cost(epoch): 9:48:59/11:03:30, time_cost(all): 30:53:30/94:33:19, loss=1.0306479930877686, d_time=0.25(0.25), f_time=1.54(1.79), b_time=1.79(2.04), lr=0.00423533830060193
2026-03-09 21:13:51,155   INFO  Save latest model to /storage/project/r-gchou3-0/spanse30/MSF/output/cfgs/waymo_models/msf_8frames/default/ckpt/latest_model
2026-03-09 21:14:30,413   INFO  epoch: 1/6, acc_iter=54150, cur_iter=17353/36796, batch_size=4, time_cost(epoch): 9:50:39/11:01:45, time_cost(all): 30:55:10/94:31:20, loss=1.2355725765228271, d_time=0.25(0.25), f_time=2.29(1.79), b_time=2.54(2.04), lr=0.004239842008854815
/bin/sh: line 1: gpustat: command not found
2026-03-09 21:14:30,654   INFO  
2026-03-09 21:16:12,727   INFO  epoch: 1/6, acc_iter=54200, cur_iter=17403/36796, batch_size=4, time_cost(epoch): 9:52:22/11:00:03, time_cost(all): 30:56:53/94:29:40, loss=1.327441692352295, d_time=0.25(0.25), f_time=2.20(1.79), b_time=2.45(2.04), lr=0.004244342743561278
2026-03-09 21:17:55,890   INFO  epoch: 1/6, acc_iter=54250, cur_iter=17453/36796, batch_size=4, time_cost(epoch): 9:54:05/10:58:23, time_cost(all): 30:58:36/94:28:08, loss=1.6307733058929443, d_time=0.25(0.25), f_time=2.26(1.79), b_time=2.51(2.04), lr=0.0042488404904815385
2026-03-09 21:18:51,533   INFO  Save latest model to /storage/project/r-gchou3-0/spanse30/MSF/output/cfgs/waymo_models/msf_8frames/default/ckpt/latest_model
2026-03-09 21:19:38,488   INFO  epoch: 1/6, acc_iter=54300, cur_iter=17503/36796, batch_size=4, time_cost(epoch): 9:55:47/10:56:41, time_cost(all): 31:00:18/94:26:30, loss=1.3091576099395752, d_time=0.25(0.25), f_time=2.10(1.79), b_time=2.35(2.04), lr=0.004253335235385267
/bin/sh: line 1: gpustat: command not found
2026-03-09 21:19:38,738   INFO  
2026-03-09 21:21:19,211   INFO  epoch: 1/6, acc_iter=54350, cur_iter=17553/36796, batch_size=4, time_cost(epoch): 9:57:28/10:54:57, time_cost(all): 31:01:59/94:24:35, loss=1.3392858505249023, d_time=0.25(0.25), f_time=2.16(1.79), b_time=2.41(2.04), lr=0.004257826964051636
2026-03-09 21:23:01,258   INFO  epoch: 1/6, acc_iter=54400, cur_iter=17603/36796, batch_size=4, time_cost(epoch): 9:59:10/10:53:15, time_cost(all): 31:03:41/94:22:52, loss=1.449493408203125, d_time=0.25(0.25), f_time=1.32(1.79), b_time=1.57(2.04), lr=0.004262315662269358
2026-03-09 21:23:51,594   INFO  Save latest model to /storage/project/r-gchou3-0/spanse30/MSF/output/cfgs/waymo_models/msf_8frames/default/ckpt/latest_model
2026-03-09 21:24:42,646   INFO  epoch: 1/6, acc_iter=54450, cur_iter=17653/36796, batch_size=4, time_cost(epoch): 10:00:52/10:51:32, time_cost(all): 31:05:22/94:21:03, loss=1.7055578231811523, d_time=0.24(0.25), f_time=1.92(1.79), b_time=2.16(2.04), lr=0.004266801315836737
/bin/sh: line 1: gpustat: command not found
2026-03-09 21:24:42,912   INFO  
2026-03-09 21:26:22,250   INFO  epoch: 1/6, acc_iter=54500, cur_iter=17703/36796, batch_size=4, time_cost(epoch): 10:02:31/10:49:47, time_cost(all): 31:07:02/94:18:58, loss=1.0591590404510498, d_time=0.25(0.25), f_time=1.50(1.79), b_time=1.75(2.04), lr=0.004271283910561706
2026-03-09 21:28:04,255   INFO  epoch: 1/6, acc_iter=54550, cur_iter=17753/36796, batch_size=4, time_cost(epoch): 10:04:13/10:48:05, time_cost(all): 31:08:44/94:17:15, loss=1.3880085945129395, d_time=0.25(0.25), f_time=2.05(1.79), b_time=2.30(2.04), lr=0.004275763432261879
2026-03-09 21:28:53,056   INFO  Save latest model to /storage/project/r-gchou3-0/spanse30/MSF/output/cfgs/waymo_models/msf_8frames/default/ckpt/latest_model
2026-03-09 21:29:46,886   INFO  epoch: 1/6, acc_iter=54600, cur_iter=17803/36796, batch_size=4, time_cost(epoch): 10:05:56/10:46:24, time_cost(all): 31:10:27/94:15:37, loss=1.6517138481140137, d_time=0.25(0.25), f_time=1.81(1.79), b_time=2.06(2.04), lr=0.00428023986676459
/bin/sh: line 1: gpustat: command not found
2026-03-09 21:29:47,133   INFO  
2026-03-09 21:31:30,162   INFO  epoch: 1/6, acc_iter=54650, cur_iter=17853/36796, batch_size=4, time_cost(epoch): 10:07:39/10:44:43, time_cost(all): 31:12:10/94:14:06, loss=1.382953405380249, d_time=0.25(0.25), f_time=2.42(1.79), b_time=2.67(2.04), lr=0.004284713199906941
2026-03-09 21:33:11,279   INFO  epoch: 1/6, acc_iter=54700, cur_iter=17903/36796, batch_size=4, time_cost(epoch): 10:09:20/10:43:00, time_cost(all): 31:13:51/94:12:15, loss=1.5780733823776245, d_time=0.24(0.25), f_time=1.89(1.79), b_time=2.13(2.04), lr=0.00428918341753585
2026-03-09 21:33:50,833   INFO  Save latest model to /storage/project/r-gchou3-0/spanse30/MSF/output/cfgs/waymo_models/msf_8frames/default/ckpt/latest_model
2026-03-09 21:34:54,065   INFO  epoch: 1/6, acc_iter=54750, cur_iter=17953/36796, batch_size=4, time_cost(epoch): 10:11:03/10:41:18, time_cost(all): 31:15:34/94:10:39, loss=1.407820224761963, d_time=0.25(0.25), f_time=2.13(1.79), b_time=2.38(2.04), lr=0.0042936505055080855
/bin/sh: line 1: gpustat: command not found
2026-03-09 21:34:54,346   INFO  
2026-03-09 21:36:34,392   INFO  epoch: 1/6, acc_iter=54800, cur_iter=18003/36796, batch_size=4, time_cost(epoch): 10:12:43/10:39:34, time_cost(all): 31:17:14/94:08:41, loss=1.587141752243042, d_time=0.25(0.25), f_time=1.81(1.79), b_time=2.06(2.04), lr=0.004298114449690325
2026-03-09 21:38:18,546   INFO  epoch: 1/6, acc_iter=54850, cur_iter=18053/36796, batch_size=4, time_cost(epoch): 10:14:27/10:37:54, time_cost(all): 31:18:58/94:07:17, loss=1.602217435836792, d_time=0.25(0.25), f_time=2.08(1.79), b_time=2.33(2.04), lr=0.0043025752359591865
2026-03-09 21:38:52,441   INFO  Save latest model to /storage/project/r-gchou3-0/spanse30/MSF/output/cfgs/waymo_models/msf_8frames/default/ckpt/latest_model
2026-03-09 21:40:01,959   INFO  epoch: 1/6, acc_iter=54900, cur_iter=18103/36796, batch_size=4, time_cost(epoch): 10:16:11/10:36:14, time_cost(all): 31:20:42/94:05:47, loss=1.5900734663009644, d_time=0.25(0.25), f_time=1.64(1.79), b_time=1.89(2.04), lr=0.004307032850201283
/bin/sh: line 1: gpustat: command not found
2026-03-09 21:40:02,210   INFO  
2026-03-09 21:41:47,558   INFO  epoch: 1/6, acc_iter=54950, cur_iter=18153/36796, batch_size=4, time_cost(epoch): 10:17:56/10:34:35, time_cost(all): 31:22:27/94:04:37, loss=1.2947629690170288, d_time=0.25(0.25), f_time=1.83(1.79), b_time=2.08(2.04), lr=0.004311487278313262
2026-03-09 21:43:24,271   INFO  epoch: 1/6, acc_iter=55000, cur_iter=18203/36796, batch_size=4, time_cost(epoch): 10:19:33/10:32:47, time_cost(all): 31:24:04/94:02:06, loss=1.6791067123413086, d_time=0.25(0.25), f_time=1.53(1.79), b_time=1.78(2.04), lr=0.004315938506201854
2026-03-09 21:43:51,788   INFO  Save latest model to /storage/project/r-gchou3-0/spanse30/MSF/output/cfgs/waymo_models/msf_8frames/default/ckpt/latest_model
2026-03-09 21:45:05,205   INFO  epoch: 1/6, acc_iter=55050, cur_iter=18253/36796, batch_size=4, time_cost(epoch): 10:21:14/10:31:04, time_cost(all): 31:25:45/94:00:13, loss=1.3821109533309937, d_time=0.25(0.25), f_time=1.66(1.79), b_time=1.91(2.04), lr=0.004320386519783909
/bin/sh: line 1: gpustat: command not found
2026-03-09 21:45:05,460   INFO  
2026-03-09 21:46:43,350   INFO  epoch: 1/6, acc_iter=55100, cur_iter=18303/36796, batch_size=4, time_cost(epoch): 10:22:52/10:29:18, time_cost(all): 31:27:23/93:57:55, loss=1.1667238473892212, d_time=0.24(0.25), f_time=0.94(1.79), b_time=1.18(2.04), lr=0.004324831304986451
2026-03-09 21:48:27,351   INFO  epoch: 1/6, acc_iter=55150, cur_iter=18353/36796, batch_size=4, time_cost(epoch): 10:24:36/10:27:38, time_cost(all): 31:29:07/93:56:30, loss=1.3601068258285522, d_time=0.25(0.25), f_time=1.88(1.79), b_time=2.13(2.04), lr=0.004329272847746719
2026-03-09 21:48:51,159   INFO  Save latest model to /storage/project/r-gchou3-0/spanse30/MSF/output/cfgs/waymo_models/msf_8frames/default/ckpt/latest_model
2026-03-09 21:50:09,974   INFO  epoch: 1/6, acc_iter=55200, cur_iter=18403/36796, batch_size=4, time_cost(epoch): 10:26:19/10:25:56, time_cost(all): 31:30:50/93:54:53, loss=1.3971374034881592, d_time=0.25(0.25), f_time=1.69(1.79), b_time=1.94(2.04), lr=0.004333711134012207
/bin/sh: line 1: gpustat: command not found
2026-03-09 21:50:10,229   INFO  
2026-03-09 21:51:49,148   INFO  epoch: 1/6, acc_iter=55250, cur_iter=18453/36796, batch_size=4, time_cost(epoch): 10:27:58/10:24:11, time_cost(all): 31:32:29/93:52:45, loss=1.2660140991210938, d_time=0.25(0.25), f_time=2.36(1.79), b_time=2.61(2.04), lr=0.004338146149740716
2026-03-09 21:53:26,208   INFO  epoch: 1/6, acc_iter=55300, cur_iter=18503/36796, batch_size=4, time_cost(epoch): 10:29:35/10:22:24, time_cost(all): 31:34:06/93:50:18, loss=1.1724987030029297, d_time=0.25(0.25), f_time=1.16(1.79), b_time=1.41(2.04), lr=0.004342577880900389
2026-03-09 21:53:52,363   INFO  Save latest model to /storage/project/r-gchou3-0/spanse30/MSF/output/cfgs/waymo_models/msf_8frames/default/ckpt/latest_model
2026-03-09 21:55:05,309   INFO  epoch: 1/6, acc_iter=55350, cur_iter=18553/36796, batch_size=4, time_cost(epoch): 10:31:14/10:20:39, time_cost(all): 31:35:45/93:48:09, loss=1.6686197519302368, d_time=0.25(0.25), f_time=1.87(1.79), b_time=2.12(2.04), lr=0.00434700631346977
/bin/sh: line 1: gpustat: command not found
2026-03-09 21:55:05,566   INFO  
2026-03-09 21:56:45,950   INFO  epoch: 1/6, acc_iter=55400, cur_iter=18603/36796, batch_size=4, time_cost(epoch): 10:32:55/10:18:56, time_cost(all): 31:37:26/93:46:14, loss=1.3834115266799927, d_time=0.25(0.25), f_time=1.48(1.79), b_time=1.73(2.04), lr=0.004351431433437831
2026-03-09 21:58:29,980   INFO  epoch: 1/6, acc_iter=55450, cur_iter=18653/36796, batch_size=4, time_cost(epoch): 10:34:39/10:17:16, time_cost(all): 31:39:10/93:44:50, loss=1.4005882740020752, d_time=0.25(0.25), f_time=2.06(1.79), b_time=2.31(2.04), lr=0.0043558532268040285
2026-03-09 21:58:51,420   INFO  Save latest model to /storage/project/r-gchou3-0/spanse30/MSF/output/cfgs/waymo_models/msf_8frames/default/ckpt/latest_model
2026-03-09 22:00:11,111   INFO  epoch: 1/6, acc_iter=55500, cur_iter=18703/36796, batch_size=4, time_cost(epoch): 10:36:20/10:15:33, time_cost(all): 31:40:51/93:42:59, loss=1.0353636741638184, d_time=0.25(0.25), f_time=1.04(1.79), b_time=1.29(2.04), lr=0.004360271679578342
/bin/sh: line 1: gpustat: command not found
2026-03-09 22:00:11,429   INFO  
2026-03-09 22:01:50,187   INFO  epoch: 1/6, acc_iter=55550, cur_iter=18753/36796, batch_size=4, time_cost(epoch): 10:37:59/10:13:48, time_cost(all): 31:42:30/93:40:51, loss=1.4128379821777344, d_time=0.25(0.25), f_time=2.26(1.79), b_time=2.51(2.04), lr=0.004364686777781323
2026-03-09 22:03:30,081   INFO  epoch: 1/6, acc_iter=55600, cur_iter=18803/36796, batch_size=4, time_cost(epoch): 10:39:39/10:12:04, time_cost(all): 31:44:10/93:38:50, loss=1.3447415828704834, d_time=0.26(0.25), f_time=1.85(1.79), b_time=2.10(2.04), lr=0.004369098507444134
2026-03-09 22:03:51,910   INFO  Save latest model to /storage/project/r-gchou3-0/spanse30/MSF/output/cfgs/waymo_models/msf_8frames/default/ckpt/latest_model
2026-03-09 22:05:14,710   INFO  epoch: 1/6, acc_iter=55650, cur_iter=18853/36796, batch_size=4, time_cost(epoch): 10:41:24/10:10:24, time_cost(all): 31:45:55/93:37:30, loss=1.6155965328216553, d_time=0.25(0.25), f_time=2.12(1.79), b_time=2.37(2.04), lr=0.004373506854608597
/bin/sh: line 1: gpustat: command not found
2026-03-09 22:05:14,967   INFO  
2026-03-09 22:06:59,028   INFO  epoch: 1/6, acc_iter=55700, cur_iter=18903/36796, batch_size=4, time_cost(epoch): 10:43:08/10:08:44, time_cost(all): 31:47:39/93:36:08, loss=1.3602218627929688, d_time=0.25(0.25), f_time=1.96(1.79), b_time=2.21(2.04), lr=0.004377911805327233
2026-03-09 22:08:45,841   INFO  epoch: 1/6, acc_iter=55750, cur_iter=18953/36796, batch_size=4, time_cost(epoch): 10:44:55/10:07:07, time_cost(all): 31:49:26/93:35:07, loss=1.4901822805404663, d_time=0.25(0.25), f_time=2.40(1.79), b_time=2.65(2.04), lr=0.004382313345663312
2026-03-09 22:08:52,357   INFO  Save latest model to /storage/project/r-gchou3-0/spanse30/MSF/output/cfgs/waymo_models/msf_8frames/default/ckpt/latest_model
2026-03-09 22:10:28,536   INFO  epoch: 1/6, acc_iter=55800, cur_iter=19003/36796, batch_size=4, time_cost(epoch): 10:46:37/10:05:25, time_cost(all): 31:51:08/93:33:31, loss=1.4735496044158936, d_time=0.25(0.25), f_time=2.55(1.79), b_time=2.80(2.04), lr=0.004386711461690893
/bin/sh: line 1: gpustat: command not found
2026-03-09 22:10:28,789   INFO  
2026-03-09 22:12:09,163   INFO  epoch: 1/6, acc_iter=55850, cur_iter=19053/36796, batch_size=4, time_cost(epoch): 10:48:18/10:03:42, time_cost(all): 31:52:49/93:31:36, loss=1.231435775756836, d_time=0.25(0.25), f_time=1.62(1.79), b_time=1.87(2.04), lr=0.0043911061394948684
2026-03-09 22:13:50,996   INFO  epoch: 1/6, acc_iter=55900, cur_iter=19103/36796, batch_size=4, time_cost(epoch): 10:50:00/10:01:59, time_cost(all): 31:54:31/93:29:52, loss=1.4827995300292969, d_time=0.25(0.25), f_time=2.03(1.79), b_time=2.28(2.04), lr=0.00439549736517101
2026-03-09 22:13:51,096   INFO  Save latest model to /storage/project/r-gchou3-0/spanse30/MSF/output/cfgs/waymo_models/msf_8frames/default/ckpt/latest_model
2026-03-09 22:15:35,838   INFO  epoch: 1/6, acc_iter=55950, cur_iter=19153/36796, batch_size=4, time_cost(epoch): 10:51:45/10:00:20, time_cost(all): 31:56:16/93:28:34, loss=1.4156434535980225, d_time=0.25(0.25), f_time=1.97(1.79), b_time=2.22(2.04), lr=0.00439988512482601
/bin/sh: line 1: gpustat: command not found
2026-03-09 22:15:36,108   INFO  
2026-03-09 22:17:16,451   INFO  epoch: 1/6, acc_iter=56000, cur_iter=19203/36796, batch_size=4, time_cost(epoch): 10:53:25/9:58:36, time_cost(all): 31:57:56/93:26:39, loss=1.2996500730514526, d_time=0.25(0.25), f_time=1.79(1.79), b_time=2.04(2.04), lr=0.004404269404577528
2026-03-09 22:18:52,318   INFO  Save latest model to /storage/project/r-gchou3-0/spanse30/MSF/output/cfgs/waymo_models/msf_8frames/default/ckpt/latest_model
2026-03-09 22:18:56,854   INFO  epoch: 1/6, acc_iter=56050, cur_iter=19253/36796, batch_size=4, time_cost(epoch): 10:55:06/9:56:53, time_cost(all): 31:59:37/93:24:43, loss=1.7395027875900269, d_time=0.25(0.25), f_time=2.57(1.79), b_time=2.82(2.04), lr=0.004408650190554234
2026-03-09 22:20:35,025   INFO  epoch: 1/6, acc_iter=56100, cur_iter=19303/36796, batch_size=4, time_cost(epoch): 10:56:44/9:55:07, time_cost(all): 32:01:15/93:22:27, loss=1.3825198411941528, d_time=0.24(0.25), f_time=1.73(1.79), b_time=1.97(2.04), lr=0.00441302746889585
/bin/sh: line 1: gpustat: command not found
2026-03-09 22:20:35,285   INFO  
2026-03-09 22:22:18,014   INFO  epoch: 1/6, acc_iter=56150, cur_iter=19353/36796, batch_size=4, time_cost(epoch): 10:58:27/9:53:26, time_cost(all): 32:02:58/93:20:53, loss=1.282984733581543, d_time=0.25(0.25), f_time=1.56(1.79), b_time=1.81(2.04), lr=0.004417401225753198
2026-03-09 22:23:51,564   INFO  Save latest model to /storage/project/r-gchou3-0/spanse30/MSF/output/cfgs/waymo_models/msf_8frames/default/ckpt/latest_model
2026-03-09 22:23:59,325   INFO  epoch: 1/6, acc_iter=56200, cur_iter=19403/36796, batch_size=4, time_cost(epoch): 11:00:08/9:51:43, time_cost(all): 32:04:39/93:19:05, loss=1.451888084411621, d_time=0.25(0.25), f_time=1.55(1.79), b_time=1.80(2.04), lr=0.004421771447288239
2026-03-09 22:25:41,595   INFO  epoch: 1/6, acc_iter=56250, cur_iter=19453/36796, batch_size=4, time_cost(epoch): 11:01:50/9:50:01, time_cost(all): 32:06:21/93:17:24, loss=1.6275603771209717, d_time=0.24(0.25), f_time=2.61(1.79), b_time=2.85(2.04), lr=0.004426138119674121
/bin/sh: line 1: gpustat: command not found
2026-03-09 22:25:41,866   INFO  
2026-03-09 22:27:21,219   INFO  epoch: 1/6, acc_iter=56300, cur_iter=19503/36796, batch_size=4, time_cost(epoch): 11:03:30/9:48:17, time_cost(all): 32:08:01/93:15:22, loss=1.2457921504974365, d_time=0.25(0.25), f_time=1.54(1.79), b_time=1.79(2.04), lr=0.004430501229095223
2026-03-09 22:28:52,230   INFO  Save latest model to /storage/project/r-gchou3-0/spanse30/MSF/output/cfgs/waymo_models/msf_8frames/default/ckpt/latest_model
2026-03-09 22:29:00,079   INFO  epoch: 1/6, acc_iter=56350, cur_iter=19553/36796, batch_size=4, time_cost(epoch): 11:05:09/9:46:32, time_cost(all): 32:09:40/93:13:13, loss=1.796698808670044, d_time=0.24(0.25), f_time=1.77(1.79), b_time=2.01(2.04), lr=0.004434860761747191
2026-03-09 22:30:42,551   INFO  epoch: 1/6, acc_iter=56400, cur_iter=19603/36796, batch_size=4, time_cost(epoch): 11:06:51/9:44:51, time_cost(all): 32:11:22/93:11:34, loss=1.4610614776611328, d_time=0.25(0.25), f_time=2.21(1.79), b_time=2.46(2.04), lr=0.004439216703836994
/bin/sh: line 1: gpustat: command not found
2026-03-09 22:30:42,800   INFO  
2026-03-09 22:32:26,038   INFO  epoch: 1/6, acc_iter=56450, cur_iter=19653/36796, batch_size=4, time_cost(epoch): 11:08:35/9:43:10, time_cost(all): 32:13:06/93:10:04, loss=1.3883213996887207, d_time=0.25(0.25), f_time=1.61(1.79), b_time=1.86(2.04), lr=0.0044435690415829555
2026-03-09 22:33:50,968   INFO  Save latest model to /storage/project/r-gchou3-0/spanse30/MSF/output/cfgs/waymo_models/msf_8frames/default/ckpt/latest_model
2026-03-09 22:34:09,048   INFO  epoch: 1/6, acc_iter=56500, cur_iter=19703/36796, batch_size=4, time_cost(epoch): 11:10:18/9:41:29, time_cost(all): 32:14:49/93:08:30, loss=1.7172858715057373, d_time=0.24(0.25), f_time=2.37(1.79), b_time=2.61(2.04), lr=0.004447917761214809
2026-03-09 22:35:54,778   INFO  epoch: 1/6, acc_iter=56550, cur_iter=19753/36796, batch_size=4, time_cost(epoch): 11:12:04/9:39:50, time_cost(all): 32:16:35/93:07:19, loss=1.4381399154663086, d_time=0.25(0.25), f_time=2.85(1.79), b_time=3.10(2.04), lr=0.004452262848973728
/bin/sh: line 1: gpustat: command not found
2026-03-09 22:35:55,028   INFO  
2026-03-09 22:37:39,251   INFO  epoch: 1/6, acc_iter=56600, cur_iter=19803/36796, batch_size=4, time_cost(epoch): 11:13:48/9:38:10, time_cost(all): 32:18:19/93:05:56, loss=2.007266044616699, d_time=0.25(0.25), f_time=2.02(1.79), b_time=2.27(2.04), lr=0.004456604291112384
2026-03-09 22:38:51,161   INFO  Save latest model to /storage/project/r-gchou3-0/spanse30/MSF/output/cfgs/waymo_models/msf_8frames/default/ckpt/latest_model
2026-03-09 22:39:24,307   INFO  epoch: 1/6, acc_iter=56650, cur_iter=19853/36796, batch_size=4, time_cost(epoch): 11:15:33/9:36:30, time_cost(all): 32:20:04/93:04:39, loss=1.4730782508850098, d_time=0.25(0.25), f_time=2.12(1.79), b_time=2.37(2.04), lr=0.004460942073894976
2026-03-09 22:41:07,582   INFO  epoch: 1/6, acc_iter=56700, cur_iter=19903/36796, batch_size=4, time_cost(epoch): 11:17:16/9:34:49, time_cost(all): 32:21:47/93:03:07, loss=1.440591812133789, d_time=0.25(0.25), f_time=1.69(1.79), b_time=1.94(2.04), lr=0.004465276183597286
/bin/sh: line 1: gpustat: command not found
2026-03-09 22:41:07,841   INFO  
2026-03-09 22:42:51,137   INFO  epoch: 1/6, acc_iter=56750, cur_iter=19953/36796, batch_size=4, time_cost(epoch): 11:19:00/9:33:08, time_cost(all): 32:23:31/93:01:37, loss=1.5515462160110474, d_time=0.25(0.25), f_time=2.43(1.79), b_time=2.68(2.04), lr=0.004469606606506713
2026-03-09 22:43:51,468   INFO  Save latest model to /storage/project/r-gchou3-0/spanse30/MSF/output/cfgs/waymo_models/msf_8frames/default/ckpt/latest_model
2026-03-09 22:44:34,017   INFO  epoch: 1/6, acc_iter=56800, cur_iter=20003/36796, batch_size=4, time_cost(epoch): 11:20:43/9:31:27, time_cost(all): 32:25:14/93:00:01, loss=1.274294376373291, d_time=0.25(0.25), f_time=1.75(1.79), b_time=2.01(2.04), lr=0.004473933328922325
2026-03-09 22:46:15,038   INFO  epoch: 1/6, acc_iter=56850, cur_iter=20053/36796, batch_size=4, time_cost(epoch): 11:22:24/9:29:44, time_cost(all): 32:26:55/92:58:10, loss=1.4638309478759766, d_time=0.25(0.25), f_time=2.33(1.79), b_time=2.58(2.04), lr=0.004478256337154896
/bin/sh: line 1: gpustat: command not found
2026-03-09 22:46:15,293   INFO  
2026-03-09 22:48:00,951   INFO  epoch: 1/6, acc_iter=56900, cur_iter=20103/36796, batch_size=4, time_cost(epoch): 11:24:10/9:28:05, time_cost(all): 32:28:41/92:57:00, loss=1.270026683807373, d_time=0.25(0.25), f_time=1.75(1.79), b_time=2.00(2.04), lr=0.004482575617526949
2026-03-09 22:48:52,341   INFO  Save latest model to /storage/project/r-gchou3-0/spanse30/MSF/output/cfgs/waymo_models/msf_8frames/default/ckpt/latest_model
2026-03-09 22:49:42,792   INFO  epoch: 1/6, acc_iter=56950, cur_iter=20153/36796, batch_size=4, time_cost(epoch): 11:25:52/9:26:23, time_cost(all): 32:30:23/92:55:15, loss=1.4819316864013672, d_time=0.25(0.25), f_time=1.57(1.79), b_time=1.82(2.04), lr=0.004486891156372804
2026-03-09 22:51:23,727   INFO  epoch: 1/6, acc_iter=57000, cur_iter=20203/36796, batch_size=4, time_cost(epoch): 11:27:33/9:24:40, time_cost(all): 32:32:04/92:53:24, loss=1.1641340255737305, d_time=0.25(0.25), f_time=1.93(1.79), b_time=2.18(2.04), lr=0.004491202940038618
/bin/sh: line 1: gpustat: command not found
2026-03-09 22:51:23,982   INFO  
2026-03-09 22:53:06,352   INFO  epoch: 1/6, acc_iter=57050, cur_iter=20253/36796, batch_size=4, time_cost(epoch): 11:29:15/9:22:58, time_cost(all): 32:33:46/92:51:46, loss=1.2619249820709229, d_time=0.25(0.25), f_time=2.16(1.79), b_time=2.41(2.04), lr=0.004495510954882431
2026-03-09 22:53:51,073   INFO  Save latest model to /storage/project/r-gchou3-0/spanse30/MSF/output/cfgs/waymo_models/msf_8frames/default/ckpt/latest_model
2026-03-09 22:54:50,142   INFO  epoch: 1/6, acc_iter=57100, cur_iter=20303/36796, batch_size=4, time_cost(epoch): 11:30:59/9:21:17, time_cost(all): 32:35:30/92:50:18, loss=1.2755879163742065, d_time=0.25(0.25), f_time=1.83(1.79), b_time=2.08(2.04), lr=0.004499815187274202
2026-03-09 22:56:32,495   INFO  epoch: 1/6, acc_iter=57150, cur_iter=20353/36796, batch_size=4, time_cost(epoch): 11:32:41/9:19:35, time_cost(all): 32:37:12/92:48:38, loss=1.432202696800232, d_time=0.25(0.25), f_time=1.91(1.79), b_time=2.16(2.04), lr=0.004504115623595864
/bin/sh: line 1: gpustat: command not found
2026-03-09 22:56:32,747   INFO  
2026-03-09 22:58:15,158   INFO  epoch: 1/6, acc_iter=57200, cur_iter=20403/36796, batch_size=4, time_cost(epoch): 11:34:24/9:17:54, time_cost(all): 32:38:55/92:47:00, loss=1.8330758810043335, d_time=0.25(0.25), f_time=2.16(1.79), b_time=2.41(2.04), lr=0.004508412250241352
2026-03-09 22:58:51,120   INFO  Save latest model to /storage/project/r-gchou3-0/spanse30/MSF/output/cfgs/waymo_models/msf_8frames/default/ckpt/latest_model
2026-03-09 22:59:58,701   INFO  epoch: 1/6, acc_iter=57250, cur_iter=20453/36796, batch_size=4, time_cost(epoch): 11:36:08/9:16:13, time_cost(all): 32:40:38/92:45:30, loss=1.0830072164535522, d_time=0.25(0.25), f_time=1.55(1.79), b_time=1.80(2.04), lr=0.004512705053616665
2026-03-09 23:01:39,953   INFO  epoch: 1/6, acc_iter=57300, cur_iter=20503/36796, batch_size=4, time_cost(epoch): 11:37:49/9:14:30, time_cost(all): 32:42:20/92:43:41, loss=1.1644327640533447, d_time=0.25(0.25), f_time=2.29(1.79), b_time=2.54(2.04), lr=0.004516994020139888
/bin/sh: line 1: gpustat: command not found
2026-03-09 23:01:40,204   INFO  
2026-03-09 23:03:15,548   INFO  epoch: 1/6, acc_iter=57350, cur_iter=20553/36796, batch_size=4, time_cost(epoch): 11:39:24/9:12:43, time_cost(all): 32:43:55/92:41:07, loss=1.4105803966522217, d_time=0.25(0.25), f_time=1.95(1.79), b_time=2.20(2.04), lr=0.00452127913624125
2026-03-09 23:03:50,866   INFO  Save latest model to /storage/project/r-gchou3-0/spanse30/MSF/output/cfgs/waymo_models/msf_8frames/default/ckpt/latest_model
2026-03-09 23:04:57,949   INFO  epoch: 1/6, acc_iter=57400, cur_iter=20603/36796, batch_size=4, time_cost(epoch): 11:41:07/9:11:01, time_cost(all): 32:45:38/92:39:27, loss=1.2138748168945312, d_time=0.25(0.25), f_time=1.66(1.79), b_time=1.92(2.04), lr=0.004525560388363163
2026-03-09 23:06:38,513   INFO  epoch: 1/6, acc_iter=57450, cur_iter=20653/36796, batch_size=4, time_cost(epoch): 11:42:47/9:09:18, time_cost(all): 32:47:18/92:37:33, loss=1.2940932512283325, d_time=0.25(0.25), f_time=1.96(1.79), b_time=2.21(2.04), lr=0.0045298377629602645
/bin/sh: line 1: gpustat: command not found
2026-03-09 23:06:38,771   INFO  
2026-03-09 23:08:21,516   INFO  epoch: 1/6, acc_iter=57500, cur_iter=20703/36796, batch_size=4, time_cost(epoch): 11:44:30/9:07:36, time_cost(all): 32:49:01/92:35:58, loss=1.5411550998687744, d_time=0.25(0.25), f_time=2.01(1.79), b_time=2.26(2.04), lr=0.004534111246499457
2026-03-09 23:08:51,170   INFO  Save latest model to /storage/project/r-gchou3-0/spanse30/MSF/output/cfgs/waymo_models/msf_8frames/default/ckpt/latest_model
2026-03-09 23:10:00,289   INFO  epoch: 1/6, acc_iter=57550, cur_iter=20753/36796, batch_size=4, time_cost(epoch): 11:46:09/9:05:52, time_cost(all): 32:50:40/92:33:50, loss=1.1708108186721802, d_time=0.25(0.25), f_time=1.60(1.79), b_time=1.85(2.04), lr=0.0045383808254599554
2026-03-09 23:11:40,625   INFO  epoch: 1/6, acc_iter=57600, cur_iter=20803/36796, batch_size=4, time_cost(epoch): 11:47:49/9:04:08, time_cost(all): 32:52:20/92:31:55, loss=1.6227291822433472, d_time=0.25(0.25), f_time=1.94(1.79), b_time=2.19(2.04), lr=0.0045426464863333295
/bin/sh: line 1: gpustat: command not found
2026-03-09 23:11:40,882   INFO  
2026-03-09 23:13:25,943   INFO  epoch: 1/6, acc_iter=57650, cur_iter=20853/36796, batch_size=4, time_cost(epoch): 11:49:35/9:02:29, time_cost(all): 32:54:06/92:30:38, loss=1.4253944158554077, d_time=0.25(0.25), f_time=2.00(1.79), b_time=2.25(2.04), lr=0.004546908215623543
2026-03-09 23:13:51,784   INFO  Save latest model to /storage/project/r-gchou3-0/spanse30/MSF/output/cfgs/waymo_models/msf_8frames/default/ckpt/latest_model
2026-03-09 23:15:10,617   INFO  epoch: 1/6, acc_iter=57700, cur_iter=20903/36796, batch_size=4, time_cost(epoch): 11:51:19/9:00:48, time_cost(all): 32:55:50/92:29:16, loss=1.249222993850708, d_time=0.25(0.25), f_time=1.77(1.79), b_time=2.02(2.04), lr=0.0045511659998470014
2026-03-09 23:16:52,859   INFO  epoch: 1/6, acc_iter=57750, cur_iter=20953/36796, batch_size=4, time_cost(epoch): 11:53:02/8:59:06, time_cost(all): 32:57:33/92:27:35, loss=1.8650336265563965, d_time=0.25(0.25), f_time=2.22(1.79), b_time=2.47(2.04), lr=0.00455541982553259
/bin/sh: line 1: gpustat: command not found
2026-03-09 23:16:53,134   INFO  
2026-03-09 23:18:35,757   INFO  epoch: 1/6, acc_iter=57800, cur_iter=21003/36796, batch_size=4, time_cost(epoch): 11:54:45/8:57:25, time_cost(all): 32:59:16/92:25:59, loss=1.265350103378296, d_time=0.25(0.25), f_time=1.94(1.79), b_time=2.19(2.04), lr=0.0045596696792217185
2026-03-09 23:18:52,331   INFO  Save latest model to /storage/project/r-gchou3-0/spanse30/MSF/output/cfgs/waymo_models/msf_8frames/default/ckpt/latest_model
2026-03-09 23:20:16,996   INFO  epoch: 1/6, acc_iter=57850, cur_iter=21053/36796, batch_size=4, time_cost(epoch): 11:56:26/8:55:42, time_cost(all): 33:00:57/92:24:11, loss=1.2972429990768433, d_time=0.25(0.25), f_time=1.61(1.79), b_time=1.86(2.04), lr=0.004563915547468364
2026-03-09 23:21:55,997   INFO  epoch: 1/6, acc_iter=57900, cur_iter=21103/36796, batch_size=4, time_cost(epoch): 11:58:05/8:53:58, time_cost(all): 33:02:36/92:22:05, loss=1.4452829360961914, d_time=0.25(0.25), f_time=2.40(1.79), b_time=2.65(2.04), lr=0.004568157416839113
/bin/sh: line 1: gpustat: command not found
2026-03-09 23:21:56,255   INFO  
2026-03-09 23:23:40,451   INFO  epoch: 1/6, acc_iter=57950, cur_iter=21153/36796, batch_size=4, time_cost(epoch): 11:59:49/8:52:18, time_cost(all): 33:04:20/92:20:41, loss=1.6948076486587524, d_time=0.25(0.25), f_time=2.50(1.79), b_time=2.75(2.04), lr=0.0045723952739132045
2026-03-09 23:23:53,157   INFO  Save latest model to /storage/project/r-gchou3-0/spanse30/MSF/output/cfgs/waymo_models/msf_8frames/default/ckpt/latest_model
2026-03-09 23:25:17,411   INFO  epoch: 1/6, acc_iter=58000, cur_iter=21203/36796, batch_size=4, time_cost(epoch): 12:01:26/8:50:32, time_cost(all): 33:05:57/92:18:20, loss=1.1896803379058838, d_time=0.25(0.25), f_time=1.49(1.79), b_time=1.74(2.04), lr=0.00457662910528257
2026-03-09 23:27:03,506   INFO  epoch: 1/6, acc_iter=58050, cur_iter=21253/36796, batch_size=4, time_cost(epoch): 12:03:12/8:48:53, time_cost(all): 33:07:43/92:17:08, loss=1.4883910417556763, d_time=0.25(0.25), f_time=2.24(1.79), b_time=2.49(2.04), lr=0.004580858897551882
/bin/sh: line 1: gpustat: command not found
2026-03-09 23:27:03,779   INFO  
2026-03-09 23:28:43,693   INFO  epoch: 1/6, acc_iter=58100, cur_iter=21303/36796, batch_size=4, time_cost(epoch): 12:04:53/8:47:09, time_cost(all): 33:09:23/92:15:12, loss=1.0427026748657227, d_time=0.25(0.25), f_time=1.37(1.79), b_time=1.62(2.04), lr=0.004585084637338585
2026-03-09 23:28:52,328   INFO  Save latest model to /storage/project/r-gchou3-0/spanse30/MSF/output/cfgs/waymo_models/msf_8frames/default/ckpt/latest_model
2026-03-09 23:30:24,655   INFO  epoch: 1/6, acc_iter=58150, cur_iter=21353/36796, batch_size=4, time_cost(epoch): 12:06:34/8:45:26, time_cost(all): 33:11:04/92:13:21, loss=1.2071635723114014, d_time=0.25(0.25), f_time=1.81(1.79), b_time=2.06(2.04), lr=0.004589306311272954
2026-03-09 23:32:03,601   INFO  epoch: 1/6, acc_iter=58200, cur_iter=21403/36796, batch_size=4, time_cost(epoch): 12:08:12/8:43:42, time_cost(all): 33:12:43/92:11:15, loss=1.530277132987976, d_time=0.25(0.25), f_time=1.96(1.79), b_time=2.21(2.04), lr=0.0045935239059981215
/bin/sh: line 1: gpustat: command not found
2026-03-09 23:32:03,860   INFO  
2026-03-09 23:33:44,435   INFO  epoch: 1/6, acc_iter=58250, cur_iter=21453/36796, batch_size=4, time_cost(epoch): 12:09:53/8:41:59, time_cost(all): 33:14:24/92:09:24, loss=1.4385218620300293, d_time=0.25(0.25), f_time=2.57(1.79), b_time=2.82(2.04), lr=0.004597737408170127
2026-03-09 23:33:51,878   INFO  Save latest model to /storage/project/r-gchou3-0/spanse30/MSF/output/cfgs/waymo_models/msf_8frames/default/ckpt/latest_model
2026-03-09 23:35:22,204   INFO  epoch: 1/6, acc_iter=58300, cur_iter=21503/36796, batch_size=4, time_cost(epoch): 12:11:31/8:40:14, time_cost(all): 33:16:02/92:07:09, loss=1.5414233207702637, d_time=0.25(0.25), f_time=2.47(1.79), b_time=2.72(2.04), lr=0.004601946804457961
2026-03-09 23:37:01,587   INFO  epoch: 1/6, acc_iter=58350, cur_iter=21553/36796, batch_size=4, time_cost(epoch): 12:13:10/8:38:30, time_cost(all): 33:17:41/92:05:07, loss=1.1989860534667969, d_time=0.25(0.25), f_time=1.40(1.79), b_time=1.65(2.04), lr=0.004606152081543602
/bin/sh: line 1: gpustat: command not found
2026-03-09 23:37:01,846   INFO  
2026-03-09 23:38:43,899   INFO  epoch: 1/6, acc_iter=58400, cur_iter=21603/36796, batch_size=4, time_cost(epoch): 12:14:53/8:36:48, time_cost(all): 33:19:24/92:03:27, loss=1.5024998188018799, d_time=0.25(0.25), f_time=2.05(1.79), b_time=2.30(2.04), lr=0.004610353226122062
2026-03-09 23:38:52,204   INFO  Save latest model to /storage/project/r-gchou3-0/spanse30/MSF/output/cfgs/waymo_models/msf_8frames/default/ckpt/latest_model
2026-03-09 23:40:24,859   INFO  epoch: 1/6, acc_iter=58450, cur_iter=21653/36796, batch_size=4, time_cost(epoch): 12:16:34/8:35:05, time_cost(all): 33:21:05/92:01:37, loss=2.011510133743286, d_time=0.25(0.25), f_time=1.85(1.79), b_time=2.10(2.04), lr=0.004614550224901428
2026-03-09 23:42:02,944   INFO  epoch: 1/6, acc_iter=58500, cur_iter=21703/36796, batch_size=4, time_cost(epoch): 12:18:12/8:33:20, time_cost(all): 33:22:43/91:59:25, loss=1.4478514194488525, d_time=0.25(0.25), f_time=1.77(1.79), b_time=2.02(2.04), lr=0.0046187430646029036
/bin/sh: line 1: gpustat: command not found
2026-03-09 23:42:03,204   INFO  
2026-03-09 23:43:44,483   INFO  epoch: 1/6, acc_iter=58550, cur_iter=21753/36796, batch_size=4, time_cost(epoch): 12:19:53/8:31:38, time_cost(all): 33:24:24/91:57:40, loss=1.4846457242965698, d_time=0.24(0.25), f_time=2.55(1.79), b_time=2.79(2.04), lr=0.004622931731960851
2026-03-09 23:43:50,942   INFO  Save latest model to /storage/project/r-gchou3-0/spanse30/MSF/output/cfgs/waymo_models/msf_8frames/default/ckpt/latest_model
2026-03-09 23:45:26,659   INFO  epoch: 1/6, acc_iter=58600, cur_iter=21803/36796, batch_size=4, time_cost(epoch): 12:21:36/8:29:56, time_cost(all): 33:26:06/91:55:59, loss=1.3359777927398682, d_time=0.24(0.25), f_time=1.47(1.79), b_time=1.71(2.04), lr=0.004627116213722833
2026-03-09 23:47:11,162   INFO  epoch: 1/6, acc_iter=58650, cur_iter=21853/36796, batch_size=4, time_cost(epoch): 12:23:20/8:28:16, time_cost(all): 33:27:51/91:54:35, loss=1.2422335147857666, d_time=0.25(0.25), f_time=2.10(1.79), b_time=2.35(2.04), lr=0.004631296496649657
/bin/sh: line 1: gpustat: command not found
2026-03-09 23:47:11,421   INFO  
2026-03-09 23:48:53,056   INFO  epoch: 1/6, acc_iter=58700, cur_iter=21903/36796, batch_size=4, time_cost(epoch): 12:25:02/8:26:34, time_cost(all): 33:29:33/91:52:52, loss=1.4592947959899902, d_time=0.25(0.25), f_time=2.41(1.79), b_time=2.66(2.04), lr=0.004635472567515412
2026-03-09 23:48:53,202   INFO  Save latest model to /storage/project/r-gchou3-0/spanse30/MSF/output/cfgs/waymo_models/msf_8frames/default/ckpt/latest_model
2026-03-09 23:50:33,543   INFO  epoch: 1/6, acc_iter=58750, cur_iter=21953/36796, batch_size=4, time_cost(epoch): 12:26:42/8:24:51, time_cost(all): 33:31:13/91:50:58, loss=1.5551165342330933, d_time=0.28(0.25), f_time=1.91(1.79), b_time=2.19(2.04), lr=0.004639644413107516
2026-03-09 23:52:16,062   INFO  epoch: 1/6, acc_iter=58800, cur_iter=22003/36796, batch_size=4, time_cost(epoch): 12:28:25/8:23:09, time_cost(all): 33:32:56/91:49:20, loss=1.5352932214736938, d_time=0.24(0.25), f_time=2.48(1.79), b_time=2.72(2.04), lr=0.004643812020226752
/bin/sh: line 1: gpustat: command not found
2026-03-09 23:52:16,311   INFO  
2026-03-09 23:53:51,024   INFO  Save latest model to /storage/project/r-gchou3-0/spanse30/MSF/output/cfgs/waymo_models/msf_8frames/default/ckpt/latest_model
2026-03-09 23:53:56,574   INFO  epoch: 1/6, acc_iter=58850, cur_iter=22053/36796, batch_size=4, time_cost(epoch): 12:30:05/8:21:26, time_cost(all): 33:34:36/91:47:26, loss=1.4672482013702393, d_time=0.24(0.25), f_time=1.65(1.79), b_time=1.89(2.04), lr=0.004647975375687318
2026-03-09 23:55:36,715   INFO  epoch: 1/6, acc_iter=58900, cur_iter=22103/36796, batch_size=4, time_cost(epoch): 12:31:46/8:19:42, time_cost(all): 33:36:17/91:45:30, loss=1.4609458446502686, d_time=0.25(0.25), f_time=1.89(1.79), b_time=2.14(2.04), lr=0.004652134466316861
2026-03-09 23:57:19,698   INFO  epoch: 1/6, acc_iter=58950, cur_iter=22153/36796, batch_size=4, time_cost(epoch): 12:33:29/8:18:01, time_cost(all): 33:37:59/91:43:55, loss=1.875360131263733, d_time=0.25(0.25), f_time=2.05(1.79), b_time=2.30(2.04), lr=0.0046562892789565186
/bin/sh: line 1: gpustat: command not found
2026-03-09 23:57:19,952   INFO  
2026-03-09 23:58:51,780   INFO  Save latest model to /storage/project/r-gchou3-0/spanse30/MSF/output/cfgs/waymo_models/msf_8frames/default/ckpt/latest_model
2026-03-09 23:59:02,581   INFO  epoch: 1/6, acc_iter=59000, cur_iter=22203/36796, batch_size=4, time_cost(epoch): 12:35:11/8:16:20, time_cost(all): 33:39:42/91:42:20, loss=1.2857637405395508, d_time=0.25(0.25), f_time=1.65(1.79), b_time=1.90(2.04), lr=0.004660439800460967
2026-03-10 00:00:40,230   INFO  epoch: 1/6, acc_iter=59050, cur_iter=22253/36796, batch_size=4, time_cost(epoch): 12:36:49/8:14:35, time_cost(all): 33:41:20/91:40:06, loss=1.2625499963760376, d_time=0.25(0.25), f_time=1.52(1.79), b_time=1.77(2.04), lr=0.004664586017698462
2026-03-10 00:02:24,535   INFO  epoch: 1/6, acc_iter=59100, cur_iter=22303/36796, batch_size=4, time_cost(epoch): 12:38:33/8:12:54, time_cost(all): 33:43:04/91:38:40, loss=0.9938715100288391, d_time=0.25(0.25), f_time=1.56(1.79), b_time=1.81(2.04), lr=0.00466872791755087
/bin/sh: line 1: gpustat: command not found
2026-03-10 00:02:24,791   INFO  
2026-03-10 00:03:51,966   INFO  Save latest model to /storage/project/r-gchou3-0/spanse30/MSF/output/cfgs/waymo_models/msf_8frames/default/ckpt/latest_model
2026-03-10 00:04:07,081   INFO  epoch: 1/6, acc_iter=59150, cur_iter=22353/36796, batch_size=4, time_cost(epoch): 12:40:16/8:11:12, time_cost(all): 33:44:47/91:37:02, loss=1.4261482954025269, d_time=0.25(0.25), f_time=1.69(1.79), b_time=1.94(2.04), lr=0.004672865486913721
2026-03-10 00:05:49,670   INFO  epoch: 1/6, acc_iter=59200, cur_iter=22403/36796, batch_size=4, time_cost(epoch): 12:41:59/8:09:31, time_cost(all): 33:46:29/91:35:24, loss=1.570499062538147, d_time=0.25(0.25), f_time=1.96(1.79), b_time=2.21(2.04), lr=0.0046769987126962466
2026-03-10 00:07:28,808   INFO  epoch: 1/6, acc_iter=59250, cur_iter=22453/36796, batch_size=4, time_cost(epoch): 12:43:38/8:07:47, time_cost(all): 33:48:09/91:33:21, loss=1.4408628940582275, d_time=0.25(0.25), f_time=1.62(1.79), b_time=1.86(2.04), lr=0.004681127581821421
/bin/sh: line 1: gpustat: command not found
2026-03-10 00:07:29,062   INFO  
2026-03-10 00:08:52,317   INFO  Save latest model to /storage/project/r-gchou3-0/spanse30/MSF/output/cfgs/waymo_models/msf_8frames/default/ckpt/latest_model
2026-03-10 00:09:11,645   INFO  epoch: 1/6, acc_iter=59300, cur_iter=22503/36796, batch_size=4, time_cost(epoch): 12:45:21/8:06:05, time_cost(all): 33:49:51/91:31:45, loss=1.550614595413208, d_time=0.24(0.25), f_time=2.52(1.79), b_time=2.76(2.04), lr=0.0046852520812260025
2026-03-10 00:10:53,208   INFO  epoch: 1/6, acc_iter=59350, cur_iter=22553/36796, batch_size=4, time_cost(epoch): 12:47:02/8:04:23, time_cost(all): 33:51:33/91:29:59, loss=1.3430187702178955, d_time=0.24(0.25), f_time=2.37(1.79), b_time=2.61(2.04), lr=0.0046893721978605715
2026-03-10 00:12:33,662   INFO  epoch: 1/6, acc_iter=59400, cur_iter=22603/36796, batch_size=4, time_cost(epoch): 12:48:43/8:02:40, time_cost(all): 33:53:13/91:28:06, loss=1.4363460540771484, d_time=0.21(0.25), f_time=0.84(1.79), b_time=1.05(2.04), lr=0.00469348791868958
/bin/sh: line 1: gpustat: command not found
2026-03-10 00:12:33,952   INFO  
2026-03-10 00:13:50,871   INFO  Save latest model to /storage/project/r-gchou3-0/spanse30/MSF/output/cfgs/waymo_models/msf_8frames/default/ckpt/latest_model
2026-03-10 00:14:17,112   INFO  epoch: 1/6, acc_iter=59450, cur_iter=22653/36796, batch_size=4, time_cost(epoch): 12:50:26/8:00:59, time_cost(all): 33:54:57/91:26:34, loss=1.2694075107574463, d_time=0.25(0.25), f_time=2.00(1.79), b_time=2.25(2.04), lr=0.004697599230691383
2026-03-10 00:16:00,764   INFO  epoch: 1/6, acc_iter=59500, cur_iter=22703/36796, batch_size=4, time_cost(epoch): 12:52:10/7:59:18, time_cost(all): 33:56:41/91:25:04, loss=1.2799882888793945, d_time=0.25(0.25), f_time=1.73(1.79), b_time=1.98(2.04), lr=0.004701706120858288
2026-03-10 00:17:45,876   INFO  epoch: 1/6, acc_iter=59550, cur_iter=22753/36796, batch_size=4, time_cost(epoch): 12:53:55/7:57:38, time_cost(all): 33:58:26/91:23:44, loss=1.427773356437683, d_time=0.25(0.25), f_time=1.77(1.79), b_time=2.02(2.04), lr=0.00470580857619659
/bin/sh: line 1: gpustat: command not found
2026-03-10 00:17:46,154   INFO  
2026-03-10 00:18:51,677   INFO  Save latest model to /storage/project/r-gchou3-0/spanse30/MSF/output/cfgs/waymo_models/msf_8frames/default/ckpt/latest_model
2026-03-10 00:19:27,541   INFO  epoch: 1/6, acc_iter=59600, cur_iter=22803/36796, batch_size=4, time_cost(epoch): 12:55:36/7:55:55, time_cost(all): 34:00:07/91:21:59, loss=1.4008526802062988, d_time=0.25(0.25), f_time=2.02(1.79), b_time=2.27(2.04), lr=0.004709906583726619
2026-03-10 00:21:07,577   INFO  epoch: 1/6, acc_iter=59650, cur_iter=22853/36796, batch_size=4, time_cost(epoch): 12:57:16/7:54:12, time_cost(all): 34:01:47/91:20:03, loss=1.1455628871917725, d_time=0.25(0.25), f_time=1.70(1.79), b_time=1.95(2.04), lr=0.0047140001304827725
2026-03-10 00:22:51,244   INFO  epoch: 1/6, acc_iter=59700, cur_iter=22903/36796, batch_size=4, time_cost(epoch): 12:59:00/7:52:31, time_cost(all): 34:03:31/91:18:32, loss=1.6263184547424316, d_time=0.24(0.25), f_time=1.93(1.79), b_time=2.18(2.04), lr=0.004718089203513565
/bin/sh: line 1: gpustat: command not found
2026-03-10 00:22:51,504   INFO  
2026-03-10 00:23:52,066   INFO  Save latest model to /storage/project/r-gchou3-0/spanse30/MSF/output/cfgs/waymo_models/msf_8frames/default/ckpt/latest_model
2026-03-10 00:24:31,064   INFO  epoch: 1/6, acc_iter=59750, cur_iter=22953/36796, batch_size=4, time_cost(epoch): 13:00:40/7:50:48, time_cost(all): 34:05:11/91:16:35, loss=0.9841632843017578, d_time=0.25(0.25), f_time=1.20(1.79), b_time=1.45(2.04), lr=0.004722173789881665
2026-03-10 00:26:17,525   INFO  epoch: 1/6, acc_iter=59800, cur_iter=23003/36796, batch_size=4, time_cost(epoch): 13:02:26/7:49:08, time_cost(all): 34:06:57/91:15:24, loss=1.5694286823272705, d_time=0.25(0.25), f_time=1.87(1.79), b_time=2.12(2.04), lr=0.004726253876663932
2026-03-10 00:28:03,048   INFO  epoch: 1/6, acc_iter=59850, cur_iter=23053/36796, batch_size=4, time_cost(epoch): 13:04:12/7:47:28, time_cost(all): 34:08:43/91:14:06, loss=1.3798346519470215, d_time=0.24(0.25), f_time=1.87(1.79), b_time=2.11(2.04), lr=0.004730329450951468
/bin/sh: line 1: gpustat: command not found
2026-03-10 00:28:03,321   INFO  
2026-03-10 00:28:51,828   INFO  Save latest model to /storage/project/r-gchou3-0/spanse30/MSF/output/cfgs/waymo_models/msf_8frames/default/ckpt/latest_model
2026-03-10 00:29:48,237   INFO  epoch: 1/6, acc_iter=59900, cur_iter=23103/36796, batch_size=4, time_cost(epoch): 13:05:57/7:45:48, time_cost(all): 34:10:28/91:12:46, loss=1.2549833059310913, d_time=0.25(0.25), f_time=2.06(1.79), b_time=2.31(2.04), lr=0.0047344004998496475
2026-03-10 00:31:27,672   INFO  epoch: 1/6, acc_iter=59950, cur_iter=23153/36796, batch_size=4, time_cost(epoch): 13:07:37/7:44:05, time_cost(all): 34:12:07/91:10:45, loss=1.2721582651138306, d_time=0.25(0.25), f_time=1.38(1.79), b_time=1.63(2.04), lr=0.004738467010478167
2026-03-10 00:33:09,033   INFO  epoch: 1/6, acc_iter=60000, cur_iter=23203/36796, batch_size=4, time_cost(epoch): 13:09:18/7:42:22, time_cost(all): 34:13:49/91:08:59, loss=1.6305134296417236, d_time=0.26(0.25), f_time=1.92(1.79), b_time=2.18(2.04), lr=0.004742528969971073
/bin/sh: line 1: gpustat: command not found
2026-03-10 00:33:09,294   INFO  
2026-03-10 00:33:51,202   INFO  Save latest model to /storage/project/r-gchou3-0/spanse30/MSF/output/cfgs/waymo_models/msf_8frames/default/ckpt/latest_model
2026-03-10 00:34:56,672   INFO  epoch: 1/6, acc_iter=60050, cur_iter=23253/36796, batch_size=4, time_cost(epoch): 13:11:06/7:40:43, time_cost(all): 34:15:36/91:07:55, loss=1.6402549743652344, d_time=0.25(0.25), f_time=2.11(1.79), b_time=2.36(2.04), lr=0.004746586365476824
2026-03-10 00:36:36,951   INFO  epoch: 1/6, acc_iter=60100, cur_iter=23303/36796, batch_size=4, time_cost(epoch): 13:12:46/7:39:00, time_cost(all): 34:17:17/91:06:01, loss=1.1776931285858154, d_time=0.25(0.25), f_time=1.68(1.79), b_time=1.93(2.04), lr=0.004750639184158306
2026-03-10 00:38:16,332   INFO  epoch: 1/6, acc_iter=60150, cur_iter=23353/36796, batch_size=4, time_cost(epoch): 13:14:25/7:37:17, time_cost(all): 34:18:56/91:04:00, loss=1.479736328125, d_time=0.25(0.25), f_time=1.41(1.79), b_time=1.66(2.04), lr=0.0047546874131928945
/bin/sh: line 1: gpustat: command not found
2026-03-10 00:38:16,611   INFO  
2026-03-10 00:38:51,901   INFO  Save latest model to /storage/project/r-gchou3-0/spanse30/MSF/output/cfgs/waymo_models/msf_8frames/default/ckpt/latest_model
2026-03-10 00:40:02,023   INFO  epoch: 1/6, acc_iter=60200, cur_iter=23403/36796, batch_size=4, time_cost(epoch): 13:16:11/7:35:37, time_cost(all): 34:20:42/91:02:43, loss=1.5184921026229858, d_time=0.25(0.25), f_time=2.57(1.79), b_time=2.82(2.04), lr=0.004758731039772481
2026-03-10 00:41:46,083   INFO  epoch: 1/6, acc_iter=60250, cur_iter=23453/36796, batch_size=4, time_cost(epoch): 13:17:55/7:33:56, time_cost(all): 34:22:26/91:01:15, loss=1.631860375404358, d_time=0.25(0.25), f_time=2.79(1.79), b_time=3.04(2.04), lr=0.00476277005110352
2026-03-10 00:43:27,331   INFO  epoch: 1/6, acc_iter=60300, cur_iter=23503/36796, batch_size=4, time_cost(epoch): 13:19:36/7:32:13, time_cost(all): 34:24:07/90:59:27, loss=1.6530115604400635, d_time=0.25(0.25), f_time=1.65(1.79), b_time=1.90(2.04), lr=0.004766804434407069
/bin/sh: line 1: gpustat: command not found
2026-03-10 00:43:27,591   INFO  
2026-03-10 00:43:51,784   INFO  Save latest model to /storage/project/r-gchou3-0/spanse30/MSF/output/cfgs/waymo_models/msf_8frames/default/ckpt/latest_model
2026-03-10 00:45:08,931   INFO  epoch: 1/6, acc_iter=60350, cur_iter=23553/36796, batch_size=4, time_cost(epoch): 13:21:18/7:30:31, time_cost(all): 34:25:49/90:57:42, loss=1.2835613489151, d_time=0.25(0.25), f_time=1.80(1.79), b_time=2.05(2.04), lr=0.004770834176918826
2026-03-10 00:46:53,737   INFO  epoch: 1/6, acc_iter=60400, cur_iter=23603/36796, batch_size=4, time_cost(epoch): 13:23:03/7:28:51, time_cost(all): 34:27:34/90:56:19, loss=1.3198882341384888, d_time=0.25(0.25), f_time=1.12(1.79), b_time=1.37(2.04), lr=0.004774859265889175
2026-03-10 00:48:37,412   INFO  epoch: 1/6, acc_iter=60450, cur_iter=23653/36796, batch_size=4, time_cost(epoch): 13:24:46/7:27:09, time_cost(all): 34:29:17/90:54:48, loss=1.3101985454559326, d_time=0.25(0.25), f_time=1.90(1.79), b_time=2.15(2.04), lr=0.004778879688583218
/bin/sh: line 1: gpustat: command not found
2026-03-10 00:48:37,671   INFO  
2026-03-10 00:48:52,162   INFO  Save latest model to /storage/project/r-gchou3-0/spanse30/MSF/output/cfgs/waymo_models/msf_8frames/default/ckpt/latest_model
2026-03-10 00:50:23,207   INFO  epoch: 1/6, acc_iter=60500, cur_iter=23703/36796, batch_size=4, time_cost(epoch): 13:26:32/7:25:29, time_cost(all): 34:31:03/90:53:31, loss=1.7304670810699463, d_time=0.25(0.25), f_time=2.54(1.79), b_time=2.79(2.04), lr=0.004782895432280829
2026-03-10 00:52:03,472   INFO  epoch: 1/6, acc_iter=60550, cur_iter=23753/36796, batch_size=4, time_cost(epoch): 13:28:12/7:23:46, time_cost(all): 34:32:43/90:51:36, loss=1.1264640092849731, d_time=0.25(0.25), f_time=1.68(1.79), b_time=1.93(2.04), lr=0.0047869064842766765
2026-03-10 00:53:47,204   INFO  epoch: 1/6, acc_iter=60600, cur_iter=23803/36796, batch_size=4, time_cost(epoch): 13:29:56/7:22:05, time_cost(all): 34:34:27/90:50:06, loss=1.7297251224517822, d_time=0.25(0.25), f_time=2.29(1.79), b_time=2.54(2.04), lr=0.0047909128318802795
/bin/sh: line 1: gpustat: command not found
2026-03-10 00:53:47,456   INFO  
2026-03-10 00:53:51,180   INFO  Save latest model to /storage/project/r-gchou3-0/spanse30/MSF/output/cfgs/waymo_models/msf_8frames/default/ckpt/latest_model
2026-03-10 00:55:28,657   INFO  epoch: 1/6, acc_iter=60650, cur_iter=23853/36796, batch_size=4, time_cost(epoch): 13:31:38/7:20:23, time_cost(all): 34:36:08/90:48:19, loss=0.9391052722930908, d_time=0.24(0.25), f_time=1.20(1.79), b_time=1.44(2.04), lr=0.004794914462416039
2026-03-10 00:57:07,679   INFO  epoch: 1/6, acc_iter=60700, cur_iter=23903/36796, batch_size=4, time_cost(epoch): 13:33:17/7:18:39, time_cost(all): 34:37:47/90:46:17, loss=1.5853734016418457, d_time=0.24(0.25), f_time=2.28(1.79), b_time=2.52(2.04), lr=0.004798911363223277
2026-03-10 00:58:46,252   INFO  epoch: 1/6, acc_iter=60750, cur_iter=23953/36796, batch_size=4, time_cost(epoch): 13:34:55/7:16:55, time_cost(all): 34:39:26/90:44:11, loss=1.4047598838806152, d_time=0.25(0.25), f_time=1.84(1.79), b_time=2.09(2.04), lr=0.004802903521656287
/bin/sh: line 1: gpustat: command not found
2026-03-10 00:58:46,502   INFO  
2026-03-10 00:58:51,093   INFO  Save latest model to /storage/project/r-gchou3-0/spanse30/MSF/output/cfgs/waymo_models/msf_8frames/default/ckpt/latest_model
2026-03-10 01:00:30,567   INFO  epoch: 1/6, acc_iter=60800, cur_iter=24003/36796, batch_size=4, time_cost(epoch): 13:36:39/7:15:14, time_cost(all): 34:41:10/90:42:44, loss=1.2430305480957031, d_time=0.25(0.25), f_time=1.63(1.79), b_time=1.88(2.04), lr=0.004806890925084359
2026-03-10 01:02:12,968   INFO  epoch: 1/6, acc_iter=60850, cur_iter=24053/36796, batch_size=4, time_cost(epoch): 13:38:22/7:13:32, time_cost(all): 34:42:53/90:41:04, loss=1.429089903831482, d_time=0.25(0.25), f_time=2.10(1.79), b_time=2.35(2.04), lr=0.004810873560891834
2026-03-10 01:03:51,460   INFO  Save latest model to /storage/project/r-gchou3-0/spanse30/MSF/output/cfgs/waymo_models/msf_8frames/default/ckpt/latest_model
2026-03-10 01:03:55,620   INFO  epoch: 1/6, acc_iter=60900, cur_iter=24103/36796, batch_size=4, time_cost(epoch): 13:40:04/7:11:51, time_cost(all): 34:44:35/90:39:26, loss=1.1101088523864746, d_time=0.24(0.25), f_time=1.45(1.79), b_time=1.69(2.04), lr=0.004814851416478132
/bin/sh: line 1: gpustat: command not found
2026-03-10 01:03:55,873   INFO  
2026-03-10 01:05:40,062   INFO  epoch: 1/6, acc_iter=60950, cur_iter=24153/36796, batch_size=4, time_cost(epoch): 13:41:49/7:10:10, time_cost(all): 34:46:20/90:38:00, loss=1.5856187343597412, d_time=0.25(0.25), f_time=2.27(1.79), b_time=2.52(2.04), lr=0.0048188244792577994
2026-03-10 01:07:24,331   INFO  epoch: 1/6, acc_iter=61000, cur_iter=24203/36796, batch_size=4, time_cost(epoch): 13:43:33/7:08:29, time_cost(all): 34:48:04/90:36:32, loss=1.11037015914917, d_time=0.25(0.25), f_time=1.34(1.79), b_time=1.59(2.04), lr=0.004822792736660547
2026-03-10 01:08:52,342   INFO  Save latest model to /storage/project/r-gchou3-0/spanse30/MSF/output/cfgs/waymo_models/msf_8frames/default/ckpt/latest_model
2026-03-10 01:09:07,374   INFO  epoch: 1/6, acc_iter=61050, cur_iter=24253/36796, batch_size=4, time_cost(epoch): 13:45:16/7:06:47, time_cost(all): 34:49:47/90:34:57, loss=1.2600727081298828, d_time=0.27(0.25), f_time=1.98(1.79), b_time=2.25(2.04), lr=0.004826756176131288
/bin/sh: line 1: gpustat: command not found
2026-03-10 01:09:07,629   INFO  
2026-03-10 01:10:48,201   INFO  epoch: 1/6, acc_iter=61100, cur_iter=24303/36796, batch_size=4, time_cost(epoch): 13:46:57/7:05:04, time_cost(all): 34:51:28/90:33:06, loss=1.257137656211853, d_time=0.24(0.25), f_time=2.65(1.79), b_time=2.90(2.04), lr=0.0048307147851301795
2026-03-10 01:12:28,431   INFO  epoch: 1/6, acc_iter=61150, cur_iter=24353/36796, batch_size=4, time_cost(epoch): 13:48:37/7:03:21, time_cost(all): 34:53:08/90:31:12, loss=1.1996979713439941, d_time=0.25(0.25), f_time=2.00(1.79), b_time=2.25(2.04), lr=0.004834668551132661
2026-03-10 01:13:51,996   INFO  Save latest model to /storage/project/r-gchou3-0/spanse30/MSF/output/cfgs/waymo_models/msf_8frames/default/ckpt/latest_model
2026-03-10 01:14:06,263   INFO  epoch: 1/6, acc_iter=61200, cur_iter=24403/36796, batch_size=4, time_cost(epoch): 13:50:15/7:01:37, time_cost(all): 34:54:46/90:29:02, loss=1.5767379999160767, d_time=0.25(0.25), f_time=1.58(1.79), b_time=1.83(2.04), lr=0.004838617461629497
/bin/sh: line 1: gpustat: command not found
2026-03-10 01:14:06,529   INFO  
2026-03-10 01:15:50,792   INFO  epoch: 1/6, acc_iter=61250, cur_iter=24453/36796, batch_size=4, time_cost(epoch): 13:52:00/6:59:56, time_cost(all): 34:56:31/90:27:36, loss=1.453960657119751, d_time=0.25(0.25), f_time=1.00(1.79), b_time=1.25(2.04), lr=0.0048425615041268084
2026-03-10 01:17:33,453   INFO  epoch: 1/6, acc_iter=61300, cur_iter=24503/36796, batch_size=4, time_cost(epoch): 13:53:42/6:58:15, time_cost(all): 34:58:13/90:25:58, loss=1.5053657293319702, d_time=0.25(0.25), f_time=1.99(1.79), b_time=2.24(2.04), lr=0.004846500666146126
2026-03-10 01:18:51,615   INFO  Save latest model to /storage/project/r-gchou3-0/spanse30/MSF/output/cfgs/waymo_models/msf_8frames/default/ckpt/latest_model
2026-03-10 01:19:16,802   INFO  epoch: 1/6, acc_iter=61350, cur_iter=24553/36796, batch_size=4, time_cost(epoch): 13:55:26/6:56:33, time_cost(all): 34:59:57/90:24:24, loss=1.7513000965118408, d_time=0.25(0.25), f_time=1.27(1.79), b_time=1.52(2.04), lr=0.004850434935224415
/bin/sh: line 1: gpustat: command not found
2026-03-10 01:19:17,135   INFO  
2026-03-10 01:20:59,774   INFO  epoch: 1/6, acc_iter=61400, cur_iter=24603/36796, batch_size=4, time_cost(epoch): 13:57:09/6:54:52, time_cost(all): 35:01:40/90:22:48, loss=1.5374870300292969, d_time=0.25(0.25), f_time=2.45(1.79), b_time=2.70(2.04), lr=0.004854364298914126
2026-03-10 01:22:42,352   INFO  epoch: 1/6, acc_iter=61450, cur_iter=24653/36796, batch_size=4, time_cost(epoch): 13:58:51/6:53:10, time_cost(all): 35:03:22/90:21:09, loss=1.3337130546569824, d_time=0.25(0.25), f_time=2.17(1.79), b_time=2.42(2.04), lr=0.004858288744783226
2026-03-10 01:23:51,123   INFO  Save latest model to /storage/project/r-gchou3-0/spanse30/MSF/output/cfgs/waymo_models/msf_8frames/default/ckpt/latest_model
2026-03-10 01:24:28,245   INFO  epoch: 1/6, acc_iter=61500, cur_iter=24703/36796, batch_size=4, time_cost(epoch): 14:00:37/6:51:30, time_cost(all): 35:05:08/90:19:52, loss=1.4252960681915283, d_time=0.27(0.25), f_time=1.63(1.79), b_time=1.90(2.04), lr=0.004862208260415245
/bin/sh: line 1: gpustat: command not found
2026-03-10 01:24:28,504   INFO  
2026-03-10 01:26:15,513   INFO  epoch: 1/6, acc_iter=61550, cur_iter=24753/36796, batch_size=4, time_cost(epoch): 14:02:24/6:49:50, time_cost(all): 35:06:55/90:18:43, loss=1.3599400520324707, d_time=0.25(0.25), f_time=1.95(1.79), b_time=2.20(2.04), lr=0.004866122833409307
2026-03-10 01:27:57,244   INFO  epoch: 1/6, acc_iter=61600, cur_iter=24803/36796, batch_size=4, time_cost(epoch): 14:04:06/6:48:08, time_cost(all): 35:08:37/90:16:59, loss=1.4856094121932983, d_time=0.27(0.25), f_time=1.52(1.79), b_time=1.79(2.04), lr=0.004870032451380179
2026-03-10 01:28:52,483   INFO  Save latest model to /storage/project/r-gchou3-0/spanse30/MSF/output/cfgs/waymo_models/msf_8frames/default/ckpt/latest_model
2026-03-10 01:29:38,368   INFO  epoch: 1/6, acc_iter=61650, cur_iter=24853/36796, batch_size=4, time_cost(epoch): 14:05:47/6:46:25, time_cost(all): 35:10:18/90:15:10, loss=1.428123950958252, d_time=0.25(0.25), f_time=2.08(1.79), b_time=2.33(2.04), lr=0.0048739371019582995
/bin/sh: line 1: gpustat: command not found
2026-03-10 01:29:38,641   INFO  
2026-03-10 01:31:19,402   INFO  epoch: 1/6, acc_iter=61700, cur_iter=24903/36796, batch_size=4, time_cost(epoch): 14:07:28/6:44:43, time_cost(all): 35:11:59/90:13:21, loss=1.4313108921051025, d_time=0.25(0.25), f_time=1.68(1.79), b_time=1.93(2.04), lr=0.00487783677278983
2026-03-10 01:32:58,018   INFO  epoch: 1/6, acc_iter=61750, cur_iter=24953/36796, batch_size=4, time_cost(epoch): 14:09:07/6:42:59, time_cost(all): 35:13:38/90:11:17, loss=0.9549627304077148, d_time=0.25(0.25), f_time=1.67(1.79), b_time=1.92(2.04), lr=0.004881731451536683
2026-03-10 01:33:52,938   INFO  Save latest model to /storage/project/r-gchou3-0/spanse30/MSF/output/cfgs/waymo_models/msf_8frames/default/ckpt/latest_model
2026-03-10 01:34:43,523   INFO  epoch: 1/6, acc_iter=61800, cur_iter=25003/36796, batch_size=4, time_cost(epoch): 14:10:52/6:41:18, time_cost(all): 35:15:23/90:09:57, loss=1.0030231475830078, d_time=0.25(0.25), f_time=1.62(1.79), b_time=1.87(2.04), lr=0.004885621125876564
/bin/sh: line 1: gpustat: command not found
2026-03-10 01:34:43,776   INFO  
2026-03-10 01:36:27,995   INFO  epoch: 1/6, acc_iter=61850, cur_iter=25053/36796, batch_size=4, time_cost(epoch): 14:12:37/6:39:37, time_cost(all): 35:17:08/90:08:30, loss=1.305619478225708, d_time=0.25(0.25), f_time=2.31(1.79), b_time=2.56(2.04), lr=0.004889505783503016
2026-03-10 01:38:11,880   INFO  epoch: 1/6, acc_iter=61900, cur_iter=25103/36796, batch_size=4, time_cost(epoch): 14:14:21/6:37:56, time_cost(all): 35:18:52/90:06:59, loss=0.931682288646698, d_time=0.25(0.25), f_time=1.12(1.79), b_time=1.37(2.04), lr=0.00489338541212545
2026-03-10 01:38:50,792   INFO  Save latest model to /storage/project/r-gchou3-0/spanse30/MSF/output/cfgs/waymo_models/msf_8frames/default/ckpt/latest_model
2026-03-10 01:39:55,311   INFO  epoch: 1/6, acc_iter=61950, cur_iter=25153/36796, batch_size=4, time_cost(epoch): 14:16:04/6:36:15, time_cost(all): 35:20:35/90:05:26, loss=1.5680419206619263, d_time=0.25(0.25), f_time=1.71(1.79), b_time=1.96(2.04), lr=0.004897259999469193
/bin/sh: line 1: gpustat: command not found
2026-03-10 01:39:55,567   INFO  
2026-03-10 01:41:39,146   INFO  epoch: 1/6, acc_iter=62000, cur_iter=25203/36796, batch_size=4, time_cost(epoch): 14:17:48/6:34:33, time_cost(all): 35:22:19/90:03:54, loss=1.250351905822754, d_time=0.25(0.25), f_time=1.84(1.79), b_time=2.09(2.04), lr=0.004901129533275518
2026-03-10 01:43:21,142   INFO  epoch: 1/6, acc_iter=62050, cur_iter=25253/36796, batch_size=4, time_cost(epoch): 14:19:30/6:32:51, time_cost(all): 35:24:01/90:02:12, loss=1.4476752281188965, d_time=0.25(0.25), f_time=2.33(1.79), b_time=2.58(2.04), lr=0.004904994001301689
2026-03-10 01:43:51,954   INFO  Save latest model to /storage/project/r-gchou3-0/spanse30/MSF/output/cfgs/waymo_models/msf_8frames/default/ckpt/latest_model
2026-03-10 01:45:02,738   INFO  epoch: 1/6, acc_iter=62100, cur_iter=25303/36796, batch_size=4, time_cost(epoch): 14:21:12/6:31:09, time_cost(all): 35:25:43/90:00:26, loss=1.2415704727172852, d_time=0.25(0.25), f_time=1.74(1.79), b_time=1.99(2.04), lr=0.004908853391320994
/bin/sh: line 1: gpustat: command not found
2026-03-10 01:45:02,999   INFO  
2026-03-10 01:46:47,322   INFO  epoch: 1/6, acc_iter=62150, cur_iter=25353/36796, batch_size=4, time_cost(epoch): 14:22:56/6:29:28, time_cost(all): 35:27:27/89:59:00, loss=1.2045449018478394, d_time=0.25(0.25), f_time=2.02(1.79), b_time=2.27(2.04), lr=0.004912707691122794
2026-03-10 01:48:29,481   INFO  epoch: 1/6, acc_iter=62200, cur_iter=25403/36796, batch_size=4, time_cost(epoch): 14:24:38/6:27:46, time_cost(all): 35:29:09/89:57:18, loss=1.7974722385406494, d_time=0.25(0.25), f_time=2.59(1.79), b_time=2.84(2.04), lr=0.004916556888512548
2026-03-10 01:48:53,536   INFO  Save latest model to /storage/project/r-gchou3-0/spanse30/MSF/output/cfgs/waymo_models/msf_8frames/default/ckpt/latest_model
2026-03-10 01:50:13,021   INFO  epoch: 1/6, acc_iter=62250, cur_iter=25453/36796, batch_size=4, time_cost(epoch): 14:26:22/6:26:04, time_cost(all): 35:30:53/89:55:45, loss=1.324296474456787, d_time=0.25(0.25), f_time=2.06(1.79), b_time=2.31(2.04), lr=0.004920400971311861
/bin/sh: line 1: gpustat: command not found
2026-03-10 01:50:13,271   INFO  
2026-03-10 01:51:57,273   INFO  epoch: 1/6, acc_iter=62300, cur_iter=25503/36796, batch_size=4, time_cost(epoch): 14:28:06/6:24:23, time_cost(all): 35:32:37/89:54:16, loss=1.6732940673828125, d_time=0.25(0.25), f_time=2.06(1.79), b_time=2.31(2.04), lr=0.00492423992735852
2026-03-10 01:53:39,851   INFO  epoch: 1/6, acc_iter=62350, cur_iter=25553/36796, batch_size=4, time_cost(epoch): 14:29:49/6:22:41, time_cost(all): 35:34:20/89:52:37, loss=1.4188313484191895, d_time=0.28(0.25), f_time=1.81(1.79), b_time=2.09(2.04), lr=0.004928073744506534
2026-03-10 01:53:51,198   INFO  Save latest model to /storage/project/r-gchou3-0/spanse30/MSF/output/cfgs/waymo_models/msf_8frames/default/ckpt/latest_model
2026-03-10 01:55:21,777   INFO  epoch: 1/6, acc_iter=62400, cur_iter=25603/36796, batch_size=4, time_cost(epoch): 14:31:31/6:20:59, time_cost(all): 35:36:02/89:50:53, loss=1.090113639831543, d_time=0.25(0.25), f_time=1.45(1.79), b_time=1.70(2.04), lr=0.004931902410626169
/bin/sh: line 1: gpustat: command not found
2026-03-10 01:55:22,034   INFO  
2026-03-10 01:57:04,861   INFO  epoch: 1/6, acc_iter=62450, cur_iter=25653/36796, batch_size=4, time_cost(epoch): 14:33:14/6:19:17, time_cost(all): 35:37:45/89:49:17, loss=1.3847867250442505, d_time=0.25(0.25), f_time=2.12(1.79), b_time=2.37(2.04), lr=0.004935725913603986
2026-03-10 01:58:47,240   INFO  epoch: 1/6, acc_iter=62500, cur_iter=25703/36796, batch_size=4, time_cost(epoch): 14:34:56/6:17:35, time_cost(all): 35:39:27/89:47:37, loss=1.2640750408172607, d_time=0.25(0.25), f_time=1.85(1.79), b_time=2.10(2.04), lr=0.004939544241342888
2026-03-10 01:58:51,415   INFO  Save latest model to /storage/project/r-gchou3-0/spanse30/MSF/output/cfgs/waymo_models/msf_8frames/default/ckpt/latest_model
2026-03-10 02:00:28,311   INFO  epoch: 1/6, acc_iter=62550, cur_iter=25753/36796, batch_size=4, time_cost(epoch): 14:36:37/6:15:53, time_cost(all): 35:41:08/89:45:48, loss=1.391624927520752, d_time=0.25(0.25), f_time=1.70(1.79), b_time=1.95(2.04), lr=0.004943357381762145
/bin/sh: line 1: gpustat: command not found
2026-03-10 02:00:28,564   INFO  
2026-03-10 02:02:13,702   INFO  epoch: 1/6, acc_iter=62600, cur_iter=25803/36796, batch_size=4, time_cost(epoch): 14:38:23/6:14:12, time_cost(all): 35:42:54/89:44:26, loss=1.3383526802062988, d_time=0.25(0.25), f_time=1.53(1.79), b_time=1.78(2.04), lr=0.004947165322797443
2026-03-10 02:03:51,521   INFO  Save latest model to /storage/project/r-gchou3-0/spanse30/MSF/output/cfgs/waymo_models/msf_8frames/default/ckpt/latest_model
2026-03-10 02:03:53,773   INFO  epoch: 1/6, acc_iter=62650, cur_iter=25853/36796, batch_size=4, time_cost(epoch): 14:40:03/6:12:29, time_cost(all): 35:44:34/89:42:32, loss=2.253133535385132, d_time=0.31(0.25), f_time=2.00(1.79), b_time=2.31(2.04), lr=0.004950968052400919
2026-03-10 02:05:38,009   INFO  epoch: 1/6, acc_iter=62700, cur_iter=25903/36796, batch_size=4, time_cost(epoch): 14:41:47/6:10:48, time_cost(all): 35:46:18/89:41:02, loss=1.0356457233428955, d_time=0.25(0.25), f_time=1.29(1.79), b_time=1.55(2.04), lr=0.004954765558541192
/bin/sh: line 1: gpustat: command not found
2026-03-10 02:05:38,368   INFO  
2026-03-10 02:07:18,852   INFO  epoch: 1/6, acc_iter=62750, cur_iter=25953/36796, batch_size=4, time_cost(epoch): 14:43:28/6:09:05, time_cost(all): 35:47:59/89:39:12, loss=1.2050666809082031, d_time=0.24(0.25), f_time=1.91(1.79), b_time=2.15(2.04), lr=0.004958557829203417
2026-03-10 02:08:51,990   INFO  Save latest model to /storage/project/r-gchou3-0/spanse30/MSF/output/cfgs/waymo_models/msf_8frames/default/ckpt/latest_model
2026-03-10 02:08:57,724   INFO  epoch: 1/6, acc_iter=62800, cur_iter=26003/36796, batch_size=4, time_cost(epoch): 14:45:07/6:07:22, time_cost(all): 35:49:38/89:37:11, loss=1.8722895383834839, d_time=0.25(0.25), f_time=1.91(1.79), b_time=2.16(2.04), lr=0.004962344852389304
2026-03-10 02:10:38,410   INFO  epoch: 1/6, acc_iter=62850, cur_iter=26053/36796, batch_size=4, time_cost(epoch): 14:46:47/6:05:39, time_cost(all): 35:51:18/89:35:20, loss=1.24062180519104, d_time=0.25(0.25), f_time=2.23(1.79), b_time=2.47(2.04), lr=0.004966126616117172
/bin/sh: line 1: gpustat: command not found
2026-03-10 02:10:38,658   INFO  
2026-03-10 02:12:20,809   INFO  epoch: 1/6, acc_iter=62900, cur_iter=26103/36796, batch_size=4, time_cost(epoch): 14:48:30/6:03:57, time_cost(all): 35:53:01/89:33:39, loss=1.5203588008880615, d_time=0.25(0.25), f_time=2.62(1.79), b_time=2.87(2.04), lr=0.004969903108421979
2026-03-10 02:13:51,975   INFO  Save latest model to /storage/project/r-gchou3-0/spanse30/MSF/output/cfgs/waymo_models/msf_8frames/default/ckpt/latest_model
2026-03-10 02:13:59,101   INFO  epoch: 1/6, acc_iter=62950, cur_iter=26153/36796, batch_size=4, time_cost(epoch): 14:50:08/6:02:13, time_cost(all): 35:54:39/89:31:34, loss=1.1264972686767578, d_time=0.25(0.25), f_time=1.53(1.79), b_time=1.78(2.04), lr=0.004973674317355359
2026-03-10 02:15:39,672   INFO  epoch: 1/6, acc_iter=63000, cur_iter=26203/36796, batch_size=4, time_cost(epoch): 14:51:49/6:00:31, time_cost(all): 35:56:19/89:29:43, loss=1.4629769325256348, d_time=0.25(0.25), f_time=2.02(1.79), b_time=2.27(2.04), lr=0.0049774402309856625
/bin/sh: line 1: gpustat: command not found
2026-03-10 02:15:39,920   INFO  
2026-03-10 02:17:23,882   INFO  epoch: 1/6, acc_iter=63050, cur_iter=26253/36796, batch_size=4, time_cost(epoch): 14:53:33/5:58:49, time_cost(all): 35:58:04/89:28:14, loss=1.3770339488983154, d_time=0.25(0.25), f_time=2.28(1.79), b_time=2.53(2.04), lr=0.004981200837397996
srun: Job step aborted: Waiting up to 32 seconds for job step to finish.
[2026-03-10T02:18:39.007] error: *** JOB 4696094 ON atl1-1-03-007-29-0 CANCELLED AT 2026-03-10T02:18:39 DUE TO TIME LIMIT ***
[2026-03-10T02:18:39.007] error: *** STEP 4696094.0 ON atl1-1-03-007-29-0 CANCELLED AT 2026-03-10T02:18:39 DUE TO TIME LIMIT ***
